date,strategy_return,max_drawdown,xirr,benchmark_return,benchmark_xirr,benchmark_drawdown,excess_return
2023-01-03,0.0,0.0,,0.0,,0.0,0.0
2023-01-04,0.0,0.0,,0.0,,0.0,0.0
2023-01-05,-0.0007574068342529605,-0.0007574068342529605,,-0.0010000000000000009,,-0.0010000000000000009,0.00024259316574704037
2023-01-06,0.004228996486392855,-0.0007574068342529605,3.6661251056097526,-0.0020393258426966154,-0.5253197958736727,-0.0020393258426966154,0.006268322329089471
2023-01-09,0.005202958803929514,-0.0007574068342529605,0.6056668513339889,-0.002524344569288295,-0.20597288548171788,-0.002524344569288295,0.007727303373217809
2023-01-10,0.0034298816986633174,-0.0017638996082700996,0.28396500996550267,-0.00903745318352056,-0.48455945889141805,-0.00903745318352056,0.012467334882183878
2023-01-11,0.006920194698241566,-0.0017638996082700996,0.5212442257533189,-0.005434456928838927,-0.28215219482329734,-0.00903745318352056,0.012354651627080493
2023-01-12,0.006816063212808476,-0.0017638996082700996,0.42504478487131714,-0.006820224719101042,-0.3001185183733286,-0.00903745318352056,0.013636287931909519
2023-01-13,0.010372526135260518,-0.0017638996082700996,0.6012890565045904,0.0019794007490636645,0.0944160101632141,-0.00903745318352056,0.008393125386196854
2023-01-17,0.021489087268254936,-0.0017638996082700996,0.9092347428346473,0.0030880149812735347,0.09832072096770329,-0.00903745318352056,0.0184010722869814
2023-01-18,0.020807942409199365,-0.0017638996082700996,0.7828759842926751,0.006621722846442024,0.20358518823070476,-0.00903745318352056,0.01418621956275734
2023-01-19,0.024834714615634246,-0.0017638996082700996,0.8956603042815726,0.009670411985018834,0.2851946671143019,-0.00903745318352056,0.015164302630615412
2023-01-20,0.03542360696058888,-0.0017638996082700996,1.3327749938742386,0.017915730337078717,0.5404741933060127,-0.00903745318352056,0.017507876623510166
2023-01-30,0.04062810082993429,-0.0017638996082700996,0.7886073849080876,0.01715355805243446,0.2818677759667659,-0.00903745318352056,0.02347454277749983
2023-01-31,0.036845898234172614,-0.0036345382108605817,0.661894260684942,0.01895505617977533,0.30161953026411387,-0.00903745318352056,0.017890842054397282
2023-02-01,0.04685291111178569,-0.0036345382108605817,0.857054851564639,0.02373595505617998,0.37317560639038266,-0.00903745318352056,0.02311695605560571
2023-02-02,0.05811768512408699,-0.0036345382108605817,1.088420098727483,0.024359550561797727,0.36853141950608614,-0.00903745318352056,0.033758134562289266
2023-02-03,0.04978134970848003,-0.007878457692188891,0.8431238867415047,0.01680711610486907,0.23340648415637555,-0.00903745318352056,0.03297423360361096
2023-02-06,0.021147346701884118,-0.03493972262439533,0.6040002985006688,0.006864232209737642,0.16827133231781818,-0.017079274891775048,0.014283114492146476
2023-02-07,0.02672553410028433,-0.03493972262439533,0.7503485893667944,0.010783061928819837,0.25758816444468635,-0.017079274891775048,0.015942472171464495
2023-02-08,0.017575027831657986,-0.03831582995201003,0.4203287615283459,0.0049391930494870895,0.10485666117204176,-0.018958536093757094,0.012635834782170896
2023-02-09,0.026328781358185838,-0.03831582995201003,0.6400533992959272,0.012983106683392087,0.2797746019262174,-0.018958536093757094,0.01334567467479375
2023-02-10,0.022436659248910473,-0.03831582995201003,0.494972878280775,0.015801914025187935,0.329374940735003,-0.018958536093757094,0.006634745223722538
2023-02-13,0.027723864864817926,-0.03831582995201003,0.5390160605083376,0.019170732555626735,0.34983146629290385,-0.018958536093757094,0.008553132309191191
2023-02-14,0.03028333686348028,-0.03831582995201003,0.5694958846499572,0.024395838847736107,0.43997259808153955,-0.018958536093757094,0.005887498015744175
2023-02-15,0.031330913868970134,-0.03831582995201003,0.5645551699500039,0.021645782904520683,0.3651951169355516,-0.018958536093757094,0.009685130964449451
2023-02-16,0.021293342767362722,-0.03831582995201003,0.34261200428822836,0.01690193640247406,0.26434253868575686,-0.018958536093757094,0.004391406364888661
2023-02-17,0.013211475787010318,-0.042439711544761165,0.19365863512653117,0.013808123466356736,0.20315119805311585,-0.018958536093757094,-0.0005966476793464182
2023-02-21,0.019530579147354343,-0.042439711544761165,0.2550260506040688,0.045571269610494625,0.6847555148298083,-0.018958536093757094,-0.02604069046314028
2023-02-22,0.01986678106985562,-0.042439711544761165,0.25086439959692225,0.045777523806235676,0.6615092106442833,-0.018958536093757094,-0.025910742736380055
2023-02-23,0.02281952037724455,-0.042439711544761165,0.2826171729191766,0.04591502660339675,0.6387628687994753,-0.018958536093757094,-0.023095506226152196
2023-02-24,0.01723520916060295,-0.042439711544761165,0.20093792417724501,0.043577479051663426,0.5773848230265913,-0.018958536093757094,-0.026342269891060477
2023-02-27,0.016997214203553268,-0.042439711544761165,0.18057897083239596,0.0391086381439385,0.45805111506920254,-0.018958536093757094,-0.022111423940385233
2023-02-28,0.01877981388409844,-0.042439711544761165,0.19532533693509127,0.044539998631788924,0.5173423058354384,-0.018958536093757094,-0.025760184747690484
2023-03-01,0.02177276911642756,-0.042439711544761165,0.22289386386686644,0.05175889548272927,0.600476876913913,-0.018958536093757094,-0.029986126366301713
2023-03-02,0.021600620393231962,-0.042439711544761165,0.21491579697740126,0.057671515760642444,0.6642300111317652,-0.018958536093757094,-0.03607089536741048
2023-03-03,0.034799368772425066,-0.042439711544761165,0.3549189463084243,0.06660919757609252,0.7705308822812279,-0.018958536093757094,-0.03180982880366745
2023-03-06,0.024112161799432208,-0.042439711544761165,0.3418435914426496,0.04301861027249587,0.6763181015799624,-0.022117367220540658,-0.018906448473063664
2023-03-07,0.016656410771634267,-0.042439711544761165,0.21861384270209577,0.039584748731995134,0.5862233704619395,-0.025336785868255596,-0.022928337960360867
2023-03-08,0.018131780619988325,-0.042439711544761165,0.23144089973933502,0.039450087495112696,0.5612720415686833,-0.025463037579930743,-0.02131830687512437
2023-03-09,0.014972804028361653,-0.042439711544761165,0.1818243526111016,0.03709351584967102,0.5022113169063334,-0.027672442534244907,-0.02212071182130937
2023-03-10,0.00643355336793161,-0.0488453529156299,0.07261586610800808,0.02005886938404955,0.24149316258926093,-0.043643284061144656,-0.013625316016117939
2023-03-13,0.012401169277741708,-0.0488453529156299,0.13141489234498732,0.03318833998008186,0.38484709445385357,-0.043643284061144656,-0.020787170702340152
2023-03-14,0.021342479381120327,-0.0488453529156299,0.22818027814248243,0.02733057617569834,0.2996611844660195,-0.043643284061144656,-0.005988096794578013
2023-03-15,0.025653110578685467,-0.0488453529156299,0.2711791970044668,0.044095900167554936,0.5027715287992459,-0.043643284061144656,-0.018442789588869468
2023-03-16,0.030567923764447613,-0.0488453529156299,0.3202157822666308,0.034804274822670456,0.3708017243801466,-0.043643284061144656,-0.0042363510582228425
2023-03-17,0.03880848615033039,-0.0488453529156299,0.4079948748939326,0.04692378614208481,0.5091109338871335,-0.043643284061144656,-0.008115299991754421
2023-03-20,0.047722556476831546,-0.0488453529156299,0.47666478789296524,0.04389390831223117,0.43244473938917405,-0.043643284061144656,0.003828648164600379
2023-03-21,0.0478477327863438,-0.0488453529156299,0.4653408333048784,0.04005606306108356,0.3791010313205541,-0.043643284061144656,0.007791669725260242
2023-03-22,0.04589357301274544,-0.0488453529156299,0.431813373396746,0.04625047995767306,0.43570108251823186,-0.043643284061144656,-0.0003569069449276263
2023-03-23,0.05838447002993785,-0.0488453529156299,0.5581706007566513,0.04699111676052614,0.4325422788626252,-0.043643284061144656,0.01139335326941171
2023-03-24,0.05453891025209279,-0.0488453529156299,0.5017319582766911,0.03985407120575979,0.34958287649906117,-0.043643284061144656,0.014684839046332998
2023-03-27,0.04813681883035237,-0.0488453529156299,0.4036125554340058,0.03190905822969925,0.2547494254392708,-0.043643284061144656,0.01622776060065312
2023-03-28,0.04197872778927669,-0.0488453529156299,0.337806418573628,0.0345349523489058,0.27186490125397716,-0.043643284061144656,0.007443775440370892
2023-03-29,0.05279390974685483,-0.0488453529156299,0.42877579546529077,0.030158462150228216,0.22944164091329836,-0.043643284061144656,0.022635447596626612
2023-03-30,0.058664789088984426,-0.0488453529156299,0.4737776481021809,0.034871605441111564,0.26331871754695413,-0.043643284061144656,0.023793183647872862
2023-03-31,0.06690684867013963,-0.0488453529156299,0.5406994026722448,0.03716084646811213,0.2766102895444325,-0.043643284061144656,0.0297460022020275
2023-04-03,0.07846837161734133,-0.0488453529156299,0.6122692972599675,0.04577916562858464,0.3281829399125885,-0.043643284061144656,0.03268920598875669
2023-04-04,0.08351375951653006,-0.0488453529156299,0.6460412830674777,0.051434937577644835,0.36677496805067383,-0.043643284061144656,0.03207882193888523
2023-04-06,0.06777793461993431,-0.0488453529156299,0.6815561510356901,0.03221594955969542,0.28860420033245093,-0.043643284061144656,0.03556198506023889
2023-04-10,0.06269250759048628,-0.0488453529156299,0.559579570100542,0.03354827088858836,0.27468055573234157,-0.043643284061144656,0.02914423670189792
2023-04-11,0.06193172306700334,-0.0488453529156299,0.5383954652161437,0.04453992185195377,0.3681915161194906,-0.043643284061144656,0.017391801215049574
2023-04-12,0.06755189432641595,-0.0488453529156299,0.5827471391367917,0.05966176893488706,0.5033273977220203,-0.043643284061144656,0.00789012539152889
2023-04-13,0.06687627251735706,-0.0488453529156299,0.5625168549429292,0.06132717059600323,0.507983727314573,-0.043643284061144656,0.005549101921353827
2023-04-14,0.07641675527455183,-0.0488453529156299,0.6446544768098911,0.05806298334021576,0.4660874322886607,-0.043643284061144656,0.01835377193433607
2023-04-17,0.08060912323353642,-0.0488453529156299,0.6425564650974646,0.0705201877653634,0.5479243207661342,-0.043643284061144656,0.010088935468173021
2023-04-18,0.0790372190003259,-0.0488453529156299,0.6140830630413826,0.07191912516070098,0.5489745277102468,-0.043643284061144656,0.007118093839624917
2023-04-19,0.08090343319802362,-0.0488453529156299,0.618194040993957,0.07271851795803652,0.5446797273279301,-0.043643284061144656,0.0081849152399871
2023-04-20,0.08965652724795015,-0.0488453529156299,0.6850719044832438,0.08024613346628073,0.5995601358379559,-0.043643284061144656,0.009410393781669413
2023-04-21,0.07204926542838885,-0.0488453529156299,0.5173923240682685,0.06738923264246544,0.4786663999454266,-0.043643284061144656,0.004660032785923418
2023-04-24,0.06580531356971187,-0.0488453529156299,0.4398121430715598,0.0686549379049135,0.4617653212473139,-0.043643284061144656,-0.0028496243352016393
2023-04-25,0.06316292602133067,-0.0488453529156299,0.412089812267358,0.07604932128026864,0.5102638234284691,-0.043643284061144656,-0.012886395258937977
2023-04-26,0.06154717529490461,-0.0488453529156299,0.39304648304600326,0.07684871407760419,0.5070611223307983,-0.043643284061144656,-0.015301538782699575
2023-04-27,0.06934536801829383,-0.0488453529156299,0.4423098702771921,0.07977982100116843,0.5201042245082037,-0.043643284061144656,-0.010434452982874598
2023-04-28,0.08004693945703889,-0.0488453529156299,0.5128364573047222,0.09570106088143748,0.6331168811704161,-0.043643284061144656,-0.015654121424398593
2023-05-04,0.08143538342067247,-0.0488453529156299,0.4724636869947515,0.12114839826328971,0.756101855764622,-0.043643284061144656,-0.039713014842617245
2023-05-05,0.06887537337112293,-0.0488453529156299,0.4957071380772909,0.09789116138005749,0.7522337236653525,-0.043643284061144656,-0.029015788008934562
2023-05-08,0.08016744138304777,-0.0488453529156299,0.557933740317321,0.12544919373608443,0.9610532411069472,-0.043643284061144656,-0.045281752353036664
2023-05-09,0.069099427512187,-0.0488453529156299,0.46099059656624447,0.114178414545558,0.8370275629434295,-0.043643284061144656,-0.04507898703337099
2023-05-10,0.060583681133519196,-0.0488453529156299,0.38991969011496275,0.09026872689860332,0.6177279771587568,-0.043643284061144656,-0.029685045765084128
2023-05-11,0.06048028674749073,-0.0488453529156299,0.3823718455999361,0.08714157429082725,0.5815919654968299,-0.043643284061144656,-0.02666128754333652
2023-05-12,0.05401003478312827,-0.0488453529156299,0.33126677247831615,0.07671773226490686,0.4924300324655709,-0.043643284061144656,-0.022707697481778588
2023-05-15,0.05909250944530009,-0.0488453529156299,0.3482404991782747,0.07326483459382072,0.44355127291709506,-0.04636758321273527,-0.014172325148520626
2023-05-16,0.056606617287060956,-0.0488453529156299,0.3267048577350575,0.06310158861854842,0.3686496732561252,-0.055397973950796035,-0.006494971331487465
2023-05-17,0.059023933764043024,-0.0488453529156299,0.33679112169324216,0.060039585023434316,0.3432282791582924,-0.05811866859623744,-0.0010156512593912925
2023-05-18,0.06913206148335971,-0.0488453529156299,0.3954918605986054,0.07020283099870661,0.40239492486427714,-0.05811866859623744,-0.0010707695153469032
2023-05-19,0.06664264554398547,-0.0488453529156299,0.3736308826020653,0.056847283402996274,0.31319889931021183,-0.060955137481910324,0.009795362140989194
2023-05-22,0.06498606428586973,-0.0488453529156299,0.34709624510784975,0.055544303149756225,0.2919465253309038,-0.06211287988422582,0.009441761136113502
2023-05-23,0.05183495918768388,-0.0488453529156299,0.2668649461267949,0.041016073326129776,0.20736029295356234,-0.07502170767004347,0.010818885861554106
2023-05-24,0.04595924085700043,-0.0488453529156299,0.2310246433039236,0.027660525730419216,0.13488063076417156,-0.08688856729377734,0.01829871512658121
2023-05-25,0.0535611752545917,-0.0488453529156299,0.2688389965762941,0.022383455704797273,0.10676789961424996,-0.09157742402315486,0.031177719549794425
2023-05-26,0.06908809760288093,-0.0488453529156299,0.3505788442868878,0.03599959935115571,0.1732526644814241,-0.09157742402315486,0.03308849825172522
2023-05-30,0.07489361281341189,-0.0488453529156299,0.36281311022065676,0.04499016309851189,0.20837504512806082,-0.09157742402315486,0.0299034497149
2023-05-31,0.07626669955449383,-0.0488453529156299,0.3652675929576583,0.03801921874367764,0.17205461912498593,-0.09157742402315486,0.03824748081081619
2023-06-01,0.07859836482849514,-0.0488453529156299,0.372717301368672,0.042449351604693764,0.19096137036486097,-0.09157742402315486,0.036149013223801374
2023-06-02,0.08171213540728606,-0.0488453529156299,0.38411038424978644,0.043491735807285714,0.19352835838548876,-0.09157742402315486,0.03822039960000034
2023-06-05,0.06930214078685615,-0.0488453529156299,0.376815124848695,0.04492585405932692,0.23466837106961846,-0.09157742402315486,0.02437628672752923
2023-06-06,0.062207117376937626,-0.0488453529156299,0.3294271745699769,0.03795107085546978,0.1932017533908855,-0.09157742402315486,0.024256046521467844
2023-06-07,0.06065311135342144,-0.0488453529156299,0.31577300117155727,0.046927875164137545,0.23901344616028516,-0.09157742402315486,0.013725236189283896
2023-06-08,0.06378818517304641,-0.0488453529156299,0.32898718278716943,0.05403182101991799,0.2744303593997897,-0.09157742402315486,0.009756364153128416
2023-06-09,0.06979177559793981,-0.0488453529156299,0.3581762885032115,0.05474221560549597,0.27448411709197107,-0.09157742402315486,0.01504955999244384
2023-06-12,0.06970731898274729,-0.0488453529156299,0.34303516946201335,0.04718620046798416,0.2245914704101163,-0.09157742402315486,0.022521118514763128
2023-06-13,0.07854875531013938,-0.0488453529156299,0.386242646893431,0.04628206190452122,0.21713278048724052,-0.09157742402315486,0.03226669340561816
2023-06-14,0.07573397288565986,-0.0488453529156299,0.3659039742919593,0.04014683593816559,0.18428675979590264,-0.09157742402315486,0.03558713694749427
2023-06-15,0.07622962859622762,-0.0488453529156299,0.36366474084535755,0.0416322064352832,0.18910844489560416,-0.09157742402315486,0.03459742216094441
2023-06-16,0.07782763165448259,-0.0488453529156299,0.36723170729868115,0.03937186002662574,0.176057178494286,-0.09157742402315486,0.03845577162785685
2023-06-20,0.07236796729657846,-0.0488453529156299,0.32208431494105855,0.016058001354473994,0.06631015835843876,-0.09719780598755527,0.05630996594210447
2023-06-21,0.057635397937300104,-0.0488453529156299,0.24856830818696385,0.008179079587153915,0.033046180648825516,-0.10419849674389665,0.04945631835014619
2023-06-26,0.04658038175379797,-0.0488453529156299,0.18697218157761938,-0.008676646488833928,-0.03251895047572132,-0.11917538434557766,0.0552570282426319
2023-06-27,0.05586876284282183,-0.0488453529156299,0.22427848041458515,0.009793612736195056,0.03717238399734777,-0.11917538434557766,0.04607515010662677
2023-06-28,0.0563814005732175,-0.0488453529156299,0.22396955949822356,0.014185142901586456,0.053569341094933505,-0.11917538434557766,0.04219625767163104
2023-06-29,0.05334679020374389,-0.0488453529156299,0.20885100116251124,0.011795633841005904,0.04396123988434282,-0.11917538434557766,0.041551156362737984
2023-06-30,0.061166735325095534,-0.0488453529156299,0.23903184506584954,0.015928838702550685,0.05905016786848759,-0.11917538434557766,0.04523789662254485
2023-07-03,0.0681674822668017,-0.0488453529156299,0.2599534885120793,0.028974266546801797,0.10576579527052285,-0.11917538434557766,0.039193215719999897
2023-07-05,0.05565962108437672,-0.0488453529156299,0.2416151199091563,0.019876306732690807,0.08244520101253669,-0.11917538434557766,0.03578331435168591
2023-07-06,0.05222161367580824,-0.0488453529156299,0.22304071852672555,0.017881092450934277,0.07314628581423664,-0.11917538434557766,0.034340521224873966
2023-07-07,0.048585362485779715,-0.0488453529156299,0.2041684087549386,0.020133753736788274,0.08167410845864079,-0.11917538434557766,0.02845160874899144
2023-07-10,0.049269683777935835,-0.0488453529156299,0.2002161446810156,0.023480564790057334,0.09253230294097427,-0.11917538434557766,0.0257891189878785
2023-07-11,0.05435332899884471,-0.0488453529156299,0.21970970100710244,0.02560450257386271,0.10006883475278613,-0.11917538434557766,0.028748826424982
2023-07-12,0.05218986114510149,-0.0488453529156299,0.20810520083674938,0.022257691520593648,0.0857246679096688,-0.11917538434557766,0.029932169624507843
2023-07-13,0.06544450144649594,-0.0488453529156299,0.2619948036978564,0.036546000248011135,0.14158356795713087,-0.11917538434557766,0.028898501198484805
2023-07-14,0.06382221415386047,-0.0488453529156299,0.25222886465255956,0.038863023284889664,0.14935332247183697,-0.11917538434557766,0.024959190868970804
2023-07-17,0.062397404743341545,-0.0488453529156299,0.2383524074291843,0.03204067767630292,0.1184413161800795,-0.11917538434557766,0.030356727067038625
2023-07-18,0.06349285351927225,-0.0488453529156299,0.24026156774224852,0.03036727214966839,0.1109191437013638,-0.11917538434557766,0.03312558136960386
2023-07-19,0.06596157043469963,-0.0488453529156299,0.24763548712662434,0.037897597019523666,0.13814099441584185,-0.11917538434557766,0.02806397341517597
2023-07-20,0.05546174227616585,-0.0488453529156299,0.20383696849173757,0.03236248643142492,0.11610963827313928,-0.11917538434557766,0.02309925584474093
2023-07-21,0.05181507579356337,-0.0488453529156299,0.18780355692365788,0.03171886892118092,0.11260663792420873,-0.11917538434557766,0.02009620687238245
2023-07-24,0.05072116700345086,-0.0488453529156299,0.17824829188985575,0.03242684818244945,0.11190367839106155,-0.11917538434557766,0.01829431882100141
2023-07-25,0.06230043024820353,-0.0488453529156299,0.21927795804962097,0.050383776718257556,0.1752904562911315,-0.11917538434557766,0.011916653529945975
2023-07-26,0.060921228239587455,-0.0488453529156299,0.21205747442618353,0.04845292418752556,0.16664579219248113,-0.11917538434557766,0.012468304052061896
2023-07-27,0.059546320780714534,-0.0488453529156299,0.20501059301713276,0.05031941496723347,0.17173082622890726,-0.11917538434557766,0.009226905813481068
2023-07-28,0.07279852169697754,-0.0488453529156299,0.25133934487061294,0.06557314996001695,0.22487562311805742,-0.11917538434557766,0.007225371736960584
2023-07-31,0.07728306851815447,-0.0488453529156299,0.26034419683279075,0.07419762459728685,0.24926137047604385,-0.11917538434557766,0.0030854439208676254
2023-08-01,0.07659613539132382,-0.0488453529156299,0.2554600257789603,0.07651464763416538,0.25516988257016804,-0.11917538434557766,8.148775715843826e-05
2023-08-02,0.06566101767161103,-0.0488453529156299,0.21489244928922643,0.06306304167006505,0.2059189954573635,-0.11917538434557766,0.0025979760015459874
2023-08-03,0.06780916167360762,-0.0488453529156299,0.22031965724483582,0.06454336194362642,0.20911514375599613,-0.11917538434557766,0.0032657997299812003
2023-08-04,0.06810488823615435,-0.0488453529156299,0.21934138693321467,0.0663454909723098,0.21335301327307896,-0.11917538434557766,0.0017593972638445532
2023-08-07,0.057990663161264555,-0.0488453529156299,0.2075096525888389,0.0522956513861359,0.18612355194464505,-0.11917538434557766,0.0056950117751286555
2023-08-08,0.05485796835789469,-0.0488453529156299,0.19379820837641046,0.05178445602476289,0.18241379281594475,-0.11917538434557766,0.0030735123331318004
2023-08-09,0.04844999024040142,-0.0488453529156299,0.1684926719434749,0.04533061458742971,0.15718749744544475,-0.11917538434557766,0.003119375652971712
2023-08-10,0.04902484595547896,-0.0488453529156299,0.1689517120430777,0.046991999511891924,0.1616437417369898,-0.11917538434557766,0.002032846443587033
2023-08-11,0.03678235592951329,-0.0488453529156299,0.12416694835166164,0.0317839375110478,0.10680313547790797,-0.11917538434557766,0.004998418418465489
2023-08-14,0.03695070086527741,-0.0488453529156299,0.12135178866746822,0.03223123345224921,0.10541126933577541,-0.11917538434557766,0.0047194674130282
2023-08-15,0.033597458448047846,-0.051446549805456376,0.10902484180479263,0.037407086486149765,0.12179199723899178,-0.11917538434557766,-0.00380962803810192
2023-08-16,0.02693261575714101,-0.05756301175860013,0.08612048965883069,0.0340204172170544,0.1094549598954304,-0.11917538434557766,-0.00708780145991339
2023-08-17,0.025525074464430864,-0.05885474108569832,0.08080733234984563,0.033125825334651804,0.10555540036223825,-0.11917538434557766,-0.00760075087022094
2023-08-18,0.023091159975574982,-0.06108839401026071,0.0723187136031647,0.029100161863840235,0.09160448074170659,-0.11917538434557766,-0.006009001888265253
2023-08-21,0.021726719253932547,-0.06234056906498964,0.0662512751975796,0.02296581752736504,0.07010105907231118,-0.11917538434557766,-0.001239098273432493
2023-08-22,0.028109273726197204,-0.06234056906498964,0.08543995104575133,0.03504280793979997,0.10711321273372616,-0.11917538434557766,-0.0069335342136027656
2023-08-23,0.026301650006387955,-0.06234056906498964,0.07916467318372009,0.0339565177968828,0.10283227185766942,-0.11917538434557766,-0.007654867790494846
2023-08-24,0.021233042032351435,-0.06279362671135455,0.06312715316133254,0.028333368821780613,0.08471266980576629,-0.11917538434557766,-0.007100326789429179
2023-08-25,0.019594247310863455,-0.06429758202250836,0.05770651467022352,0.02846116766212381,0.08440547749452079,-0.11917538434557766,-0.008866920351260354
2023-08-28,0.028132578866590485,-0.06429758202250836,0.08140721703843945,0.04136885053678996,0.12090782279571119,-0.11917538434557766,-0.013236271670199473
2023-08-29,0.04080418259167251,-0.06429758202250836,0.11824785347089511,0.04053815807455896,0.11745376543689429,-0.11917538434557766,0.00026602451711355
2023-08-30,0.04585739882213091,-0.06429758202250836,0.13231924436449025,0.03248683113293538,0.09282395442014736,-0.11917538434557766,0.013370567689195534
2023-08-31,0.04700976185171468,-0.06429758202250836,0.13467640897155478,0.025393995493886434,0.071615903348444,-0.11917538434557766,0.021615766357828248
2023-09-01,0.0474649963795466,-0.06429758202250836,0.13494899566342206,0.0326146299732788,0.09174541098907792,-0.11917538434557766,0.014850366406267801
2023-09-05,0.0448429215753714,-0.06429758202250836,0.13931241864047156,0.03649080202335542,0.11263996460981605,-0.11917538434557766,0.00835211955201598
2023-09-06,0.04576006191115334,-0.06429758202250836,0.1410456729162016,0.0346460595869571,0.1058909012544101,-0.11917538434557766,0.011114002324196237
2023-09-07,0.033212985865134215,-0.06429758202250836,0.10055112642480056,0.03146546917937343,0.09513480196584047,-0.11917538434557766,0.001747516685760786
2023-09-08,0.03493128015029545,-0.06429758202250836,0.10500990137791834,0.02554957102126809,0.07626901157875918,-0.11917538434557766,0.00938170912902736
2023-09-11,0.041042610654676404,-0.06429758202250836,0.1209086294742141,0.03369188246468191,0.09872973068606727,-0.11917538434557766,0.007350728189994493
2023-09-12,0.03543607448883512,-0.06429758202250836,0.10313409799211008,0.03178352822013175,0.09226255287780834,-0.11917538434557766,0.0036525462687033716
2023-09-13,0.034496559370713165,-0.06429758202250836,0.09953124132356028,0.03439161235435062,0.0992210897030691,-0.11917538434557766,0.00010494701636254433
2023-09-14,0.038341806706453596,-0.06429758202250836,0.11004396187880866,0.042025029332551034,0.12092439293687576,-0.11917538434557766,-0.0036832226260974377
2023-09-15,0.03342339500081293,-0.06429758202250836,0.09484842445766802,0.04196141752439919,0.11978005211958297,-0.11917538434557766,-0.008538022523586264
2023-09-18,0.030202968645951955,-0.06429758202250836,0.08355604915647873,0.041007240402124445,0.11426720443205578,-0.11917538434557766,-0.01080427175617249
2023-09-19,0.030952429075614463,-0.06429758202250836,0.08502144086504133,0.04724119760098833,0.13116375043023312,-0.11917538434557766,-0.016288768525373865
2023-09-20,0.02662464908371054,-0.06429758202250836,0.07237619944787735,0.05029456439226854,0.13884583679662113,-0.11917538434557766,-0.023669915308558
2023-09-21,0.01870657385649266,-0.06511221804053205,0.050212598931097537,0.04253392379776444,0.11594833600309169,-0.11917538434557766,-0.02382734994127178
2023-09-22,0.02733693920189717,-0.06511221804053205,0.0732461352350207,0.049785669927055354,0.1353179182285492,-0.11917538434557766,-0.022448730725158184
2023-09-25,0.02698380021760549,-0.06511221804053205,0.07071280574835266,0.04762286844989827,0.1263998437759608,-0.11917538434557766,-0.02063906823229278
2023-09-26,0.021210818003167153,-0.06511221804053205,0.05498833330963937,0.04552367878089303,0.11978996570070656,-0.11917538434557766,-0.024312860777725875
2023-09-27,0.01654961010939604,-0.0670917076256991,0.04247806186289642,0.042851982838522984,0.11176108815080274,-0.11917538434557766,-0.026302372729126944
2023-09-28,0.01604352925739705,-0.06755614833645882,0.04087735710496454,0.04234308837330958,0.10960615504779209,-0.11917538434557766,-0.02629955911591253
2023-10-09,0.014758345517767557,-0.06873558764370122,0.0387931467525907,0.03468824315046115,0.09226564288246225,-0.11917538434557766,-0.019929897632693594
2023-10-10,0.017308924025046135,-0.06873558764370122,0.04523900189900608,0.024675948783865698,0.0647742780510428,-0.11917538434557766,-0.0073670247588195625
2023-10-11,0.022227290839823333,-0.06873558764370122,0.0578444419970516,0.02226792861974758,0.05795156984889998,-0.11917538434557766,-4.063777992424633e-05
2023-10-12,0.027932599374421274,-0.06873558764370122,0.07241110273296167,0.034371398392024854,0.08943153296103051,-0.11917538434557766,-0.00643879901760358
2023-10-13,0.02366770182486211,-0.06873558764370122,0.06077118183714214,0.03266043669646712,0.08429067624829178,-0.11917538434557766,-0.008992734871605013
2023-10-16,0.02447590449141379,-0.06873558764370122,0.06156567715786436,0.037476477024703136,0.0949410478869512,-0.11917538434557766,-0.013000572533289345
2023-10-17,0.028113514579731103,-0.06873558764370122,0.0703671576383835,0.04222914840125158,0.10650765313586621,-0.11917538434557766,-0.014115633821520479
2023-10-18,0.02167130953551033,-0.06873558764370122,0.053683029959846085,0.0372584878308988,0.09307102767755991,-0.11917538434557766,-0.01558717829538847
2023-10-19,0.015289874522389724,-0.06873558764370122,0.03748964019590618,0.01899238750703036,0.046660627819769485,-0.11917538434557766,-0.003702512984640638
2023-10-20,0.009419156400971573,-0.07363547029780756,0.022868467231176408,0.01292481038297022,0.03143853835597246,-0.11917538434557766,-0.0035056539819986465
2023-10-23,-0.0001591325895172746,-0.0824256612900828,-0.000376888832885252,-0.0008883537058306246,-0.002103171229793663,-0.11917538434557766,0.00072922111631335
2023-10-24,0.00600485527786887,-0.0824256612900828,0.01417513956432068,0.006470048964100306,0.015276933242531557,-0.11917538434557766,-0.0004651936862314354
2023-10-25,0.001519800159819562,-0.0824256612900828,0.003556424221408745,0.016152191092404955,0.03807871014006932,-0.11917538434557766,-0.014632390932585393
2023-10-26,0.0006883696017347951,-0.0824256612900828,0.0015998876341364752,0.02067039734771048,0.048524987390721266,-0.11917538434557766,-0.019982027745975683
2023-10-27,0.006526890808082442,-0.0824256612900828,0.015117552010817997,0.02331668477017268,0.05445581855712015,-0.11917538434557766,-0.016789793962090238
2023-10-30,0.009435482107723159,-0.0824256612900828,0.021475273753118723,0.006986505920351993,0.015882649238303688,-0.11917538434557766,0.0024489761873711657
2023-10-31,0.010479946422452757,-0.0824256612900828,0.023715960708631655,0.008212695135501713,0.018565178362006978,-0.11917538434557766,0.002267251286951044
2023-11-01,0.01343324487306008,-0.0824256612900828,0.03025314897082292,0.008406604127664696,0.018887938621649072,-0.11917538434557766,0.005026640745395383
2023-11-02,0.015954833484119302,-0.0824256612900828,0.03575241644688217,0.011117527880847966,0.0248568997449661,-0.11917538434557766,0.004837305603271336
2023-11-03,0.022560592821627035,-0.0824256612900828,0.05039655134838756,0.006212137330732892,0.013773225963852437,-0.11917538434557766,0.016348455490894143
2023-11-06,0.024017689203991832,-0.0824256612900828,0.05804281615997486,0.004324250412855779,0.01035035224004649,-0.11917538434557766,0.019693438791136053
2023-11-07,0.025809947227257712,-0.0824256612900828,0.06201411232014529,0.004582025391299593,0.010897176387748723,-0.11917538434557766,0.02122792183595812
2023-11-08,0.027633949351520304,-0.0824256612900828,0.06601604913028397,0.00496900453584348,0.011743090537213006,-0.11917538434557766,0.022664944815676824
2023-11-09,0.02352815459243285,-0.0824256612900828,0.05573191404358534,0.0075347205989302335,0.01771347149490043,-0.11917538434557766,0.015993433993502615
2023-11-10,0.026971655031452046,-0.0824256612900828,0.06357512289376505,0.0008249709143230977,0.0019209002710120172,-0.11917538434557766,0.02614668411712895
2023-11-13,0.028039157842529416,-0.0824256612900828,0.06485619222536092,0.005298348488646409,0.012130008599781458,-0.11917538434557766,0.022740809353883007
2023-11-14,0.036982999145564355,-0.0824256612900828,0.08533647803023348,0.0051666109075250155,0.011753857480169123,-0.11917538434557766,0.03181638823803934
2023-11-15,0.03855313409700045,-0.0824256612900828,0.0884546613333341,0.012336808772301255,0.027980996188885308,-0.11917538434557766,0.026216325324699197
2023-11-16,0.03446858181937307,-0.0824256612900828,0.07844543063974992,0.012336808772301255,0.02780752425175786,-0.11917538434557766,0.022131773047071812
2023-11-17,0.03466452599438785,-0.0824256612900828,0.07840385136550987,0.010034567871456623,0.022456311569312812,-0.11917538434557766,0.024629958122931228
2023-11-20,0.037209079724839,-0.0824256612900828,0.08269339391705899,0.011810491801571565,0.025971194479441236,-0.11917538434557766,0.025398587923267435
2023-11-21,0.03325598770061511,-0.0824256612900828,0.0733369792572973,0.014770153900511396,0.03232404873638692,-0.11917538434557766,0.018485833800103713
2023-11-22,0.028765132546688443,-0.0824256612900828,0.06293387004805993,0.01325770513263902,0.028822374279692996,-0.11917538434557766,0.015507427414049424
2023-11-24,0.026805116576689825,-0.0824256612900828,0.05789924735646295,0.01654671118438178,0.035594512672325496,-0.11917538434557766,0.010258405392308045
2023-11-27,0.028657192141243293,-0.0824256612900828,0.060853957870139516,0.012007464819498104,0.025333763354305615,-0.11917538434557766,0.01664972732174519
2023-11-28,0.030098052498398697,-0.0824256612900828,0.06357529988664563,0.011284174830842097,0.023663730838915178,-0.11917538434557766,0.0188138776675566
2023-11-29,0.025167273847091387,-0.0824256612900828,0.05275294067758309,0.0024697906170725314,0.005132202878959071,-0.11917538434557766,0.022697483230018856
2023-11-30,0.026510430942000784,-0.0824256612900828,0.055276081220711364,0.0060875072678630016,0.012595478218464472,-0.11917538434557766,0.020422923674137783
2023-12-01,0.028788189878803605,-0.0824256612900828,0.059731566480932814,0.010823726650673215,0.02230821137689673,-0.11917538434557766,0.01796446322813039
2023-12-04,0.026607821430850054,-0.0824256612900828,0.05423059009854966,0.0124020442091064,0.0251482012755857,-0.11917538434557766,0.014205777221743654
2023-12-05,0.014489667692322739,-0.0824256612900828,0.03191341585463886,-0.0024622110843866007,-0.005386987699258931,-0.11917538434557766,0.01695187877670934
2023-12-06,0.012651865453548572,-0.0824256612900828,0.027678167969575174,-0.0037778621532390533,-0.008212000923234047,-0.11917538434557766,0.016429727606787625
2023-12-07,0.01611151211919526,-0.0824256612900828,0.03508225871779372,-0.002001701538380085,-0.004328386052402831,-0.11917538434557766,0.018113213657575344
2023-12-08,0.021177739038533705,-0.0824256612900828,0.0459264299953505,-0.0052252683604262495,-0.011218460733869739,-0.11917538434557766,0.026403007398959955
2023-12-11,0.027945690586511862,-0.0824256612900828,0.05968163777737255,0.006041696281691378,0.012800116214313753,-0.11917538434557766,0.021903994304820484
2023-12-12,0.030478855475372102,-0.0824256612900828,0.0647681785110767,0.011641923099083629,0.024572337579392423,-0.11917538434557766,0.018836932376288473
2023-12-13,0.02645589037880325,-0.0824256612900828,0.05581151517063399,0.003974787549064773,0.008318067597524782,-0.11917538434557766,0.022481102829738475
2023-12-14,0.026658501317736283,-0.0824256612900828,0.05591709211261232,0.0026414002115902058,0.005493502595176825,-0.11917538434557766,0.024017101106146077
2023-12-15,0.023030036495765183,-0.0824256612900828,0.04796756412342495,-0.003358526087962166,-0.006930549358488892,-0.11917538434557766,0.02638856258372735
2023-12-18,0.022161700157305564,-0.0824256612900828,0.04536322543148244,-0.004092047483114314,-0.008301437356613952,-0.11917538434557766,0.026253747640419878
2023-12-19,0.024787546904372793,-0.0824256612900828,0.05049723917970735,-0.004625402418104163,-0.009329945125298089,-0.11917538434557766,0.029412949322476956
2023-12-20,0.018534870565166672,-0.0824256612900828,0.03747074343886487,-0.006492144690568247,-0.013015280551852351,-0.11917538434557766,0.02502701525573492
2023-12-21,0.023793019311232566,-0.0824256612900828,0.0479163434737101,-0.00882573089068972,-0.01758337643372467,-0.1193078509221993,0.032618750201922286
2023-12-22,0.022847966456408075,-0.0824256612900828,0.04574476445521359,-0.008492542415862392,-0.0168298539418408,-0.1193078509221993,0.03134050887227047
2023-12-26,0.017516539989258284,-0.0824256612900828,0.03425550621416035,-0.00889224189802229,-0.017246250821269654,-0.11936694822104028,0.026408781887280575
2023-12-27,0.02261610600070263,-0.0824256612900828,0.04405975572341104,-0.0022918162179826895,-0.004430645159471978,-0.11936694822104028,0.02490792221868532
2023-12-28,0.027525496381524128,-0.0824256612900828,0.053415939740438956,-0.005892278748246049,-0.011318640550771145,-0.11936694822104028,0.03341777512977018
2023-12-29,0.02821966457813474,-0.0824256612900828,0.0544819510760084,-0.0003585629381860356,-0.0006863348151970864,-0.11936694822104028,0.028578227516320776
2023-12-31,0.028145978786094927,-0.0824256612900828,0.0537643029718932,-0.0004922183910159861,-0.0009323530909285324,-0.11936694822104028,0.028638197177110913
2024-01-02,0.022017580162827066,-0.0824256612900828,0.04154564723240863,0.009508503359124454,0.01787765060961932,-0.11936694822104028,0.012509076803702612
2024-01-03,0.020090351483198488,-0.0824256612900828,0.037692155267669177,0.02150898939639423,0.04036985831314505,-0.11936694822104028,-0.0014186379131957416
2024-01-04,0.01853679197085789,-0.0824256612900828,0.03458337606825773,0.029309146961078447,0.054844944365256366,-0.11936694822104028,-0.010772354990220556
2024-01-05,0.015575320326027375,-0.0824256612900828,0.03130426647319598,0.030055014175858874,0.06066725081495103,-0.11936694822104028,-0.014479693849831499
2024-01-08,0.01041057766875686,-0.0824256612900828,0.020551331222944086,0.021143391921464527,0.04186889657300917,-0.11936694822104028,-0.010732814252707668
2024-01-09,0.011591074767541398,-0.0824256612900828,0.022765992330098236,0.026929248769414826,0.05312396172112663,-0.11936694822104028,-0.015338174001873428
2024-01-10,0.009664295176174509,-0.0824256612900828,0.018869280754155743,0.020146331518923866,0.03945240160860569,-0.11936694822104028,-0.010482036342749357
2024-01-11,0.012228201582552112,-0.0824256612900828,0.023764994284387147,0.014122266957565799,0.027460654662524148,-0.11936694822104028,-0.001894065375013687
2024-01-12,0.010304506356818788,-0.0824256612900828,0.01990922583617044,0.017871037152923153,0.034601101419771615,-0.11936694822104028,-0.007566530796104365
2024-01-16,0.01721894882676822,-0.0824256612900828,0.03263639477589675,0.029651893430091336,0.056385491043842405,-0.11936694822104028,-0.012432944603323115
2024-01-17,0.004684261333386841,-0.0824256612900828,0.008803210217326302,0.017134299238244832,0.03230654002309567,-0.11936694822104028,-0.012450037904857991
2024-01-18,0.01033645042018172,-0.0824256612900828,0.01935437277060666,0.010641401458455046,0.01992695786739647,-0.11936694822104028,-0.0003049510382733267
2024-01-19,0.014369466110467632,-0.0824256612900828,0.026795921022769623,0.0050185620907683415,0.009335997563626516,-0.11936694822104028,0.009350904019699291
2024-01-22,0.0007736214088831517,-0.0824256612900828,0.0014159458481605206,-0.021756743117130828,-0.03959337730233847,-0.13079749638857066,0.02253036452601398
2024-01-23,0.00589323107860551,-0.0824256612900828,0.01074606389221025,-0.013054895294703495,-0.023692766628901185,-0.13079749638857066,0.018948126373309004
2024-01-24,0.01316367136247698,-0.0824256612900828,0.0239261101632452,0.009102213156434225,0.016527759555586333,-0.13079749638857066,0.004061458206042756
2024-01-25,0.02531560706179592,-0.0824256612900828,0.04591676589591154,0.03728338616892968,0.06781380960071057,-0.13079749638857066,-0.011967779107133758
2024-01-26,0.023617704633811964,-0.0824256612900828,0.04260664886991673,0.05053708642475585,0.09173703227455939,-0.13079749638857066,-0.026919381790943886
2024-01-29,0.022336663719339844,-0.0824256612900828,0.03969076227005441,0.052679060293332025,0.09424045296925516,-0.13079749638857066,-0.03034239657399218
2024-01-30,0.008164221429607599,-0.0824256612900828,0.01439053438570313,0.04076425166804021,0.07237578958721529,-0.13079749638857066,-0.03260003023843261
2024-01-31,-0.001374420158045453,-0.08354095545676625,-0.0024057558604000063,0.0398935614052387,0.07046905358039367,-0.13079749638857066,-0.04126798156328415
2024-02-01,0.00037048586750909607,-0.08354095545676625,0.0006456484372561516,0.028982763540173373,0.050826718154784956,-0.13079749638857066,-0.028612277672664277
2024-02-02,0.0009747491263536467,-0.08354095545676625,0.001690854342556457,0.02918369206235849,0.05093411399503626,-0.13079749638857066,-0.028208942936004844
2024-02-05,0.00033538890461803916,-0.08354095545676625,0.0006176463632260263,0.025971034028722473,0.048104528519971705,-0.13079749638857066,-0.025635645124104434
2024-02-06,0.019781376144635487,-0.08354095545676625,0.03640379869259822,0.042108723846153495,0.07787073944393255,-0.13079749638857066,-0.022327347701518008
2024-02-07,0.031565369344143335,-0.08354095545676625,0.05794445292735696,0.05555700888586701,0.10250614547494334,-0.13079749638857066,-0.023991639541723675
2024-02-08,0.03556323924847282,-0.08354095545676625,0.06500858703477543,0.053404854488129816,0.09798784897316615,-0.13079749638857066,-0.017841615239656994
2024-02-20,0.043926471635012065,-0.08354095545676625,0.07581086703040187,0.08668978559992624,0.15074349613873,-0.13079749638857066,-0.042763313964914174
2024-02-21,0.047477919712370475,-0.08354095545676625,0.08160049608569166,0.09112777641483238,0.1578071468570644,-0.13079749638857066,-0.04364985670246191
2024-02-22,0.06159304346450489,-0.08354095545676625,0.10561461674650577,0.10565182336563295,0.18250661608352442,-0.13079749638857066,-0.04405877990112805
2024-02-23,0.06207899421251217,-0.08354095545676625,0.10594900844250148,0.10504647082481022,0.18056026323856855,-0.13079749638857066,-0.04296747661229805
2024-02-26,0.056387714635754316,-0.08354095545676625,0.09478973191858334,0.08151212964920229,0.1375822227401499,-0.13079749638857066,-0.025124415013447976
2024-02-27,0.06937381885225147,-0.08354095545676625,0.11631748585268846,0.08722766655546965,0.1466649468081306,-0.13079749638857066,-0.017853847703218184
2024-02-28,0.054488781833860855,-0.08354095545676625,0.09071854498251754,0.07828421334037805,0.13082559811876676,-0.13079749638857066,-0.023795431506517195
2024-02-29,0.07354311137329406,-0.08354095545676625,0.12223878462534761,0.08810164428628253,0.14676345390202167,-0.13079749638857066,-0.014558532912988476
2024-03-01,0.0810287839243855,-0.08354095545676625,0.134207687177586,0.08816911587156162,0.14619082596099084,-0.13079749638857066,-0.007140331947176115
2024-03-04,0.0825670375364902,-0.08354095545676625,0.134899916600366,0.0936153970122755,0.1531932536456202,-0.13079749638857066,-0.011048359475785308
2024-03-05,0.07773449730690651,-0.08354095545676625,0.13546690729535124,0.09433660356775131,0.16481064003107015,-0.13079749638857066,-0.016602106260844796
2024-03-06,0.07673342565194252,-0.08354095545676625,0.13305254629739072,0.09400258529683225,0.16341549016324533,-0.13079749638857066,-0.01726915964488973
2024-03-07,0.07867348424821663,-0.08354095545676625,0.13579601444036396,0.09817186026197855,0.1699348612801077,-0.13079749638857066,-0.01949837601376192
2024-03-08,0.07918490749718554,-0.08354095545676625,0.13603069106447618,0.10455894134491395,0.18027530507584438,-0.13079749638857066,-0.025374033847728406
2024-03-11,0.0807661037977887,-0.08354095545676625,0.13680026234315795,0.09756649131318373,0.16563987604472463,-0.13079749638857066,-0.016800387515395032
2024-03-12,0.07792114184566601,-0.08354095545676625,0.13130562398229315,0.07262165590244529,0.12228570495367982,-0.13079749638857066,0.005299485943220716
2024-03-13,0.07289437849524316,-0.08354095545676625,0.12217337332659028,0.06966374551081889,0.11670702777164303,-0.13079749638857066,0.0032306329844242754
2024-03-14,0.06955410659089245,-0.08354095545676625,0.11597788226649274,0.07295818087708605,0.12170996410621501,-0.13079749638857066,-0.0034040742861936035
2024-03-15,0.06962270924448921,-0.08354095545676625,0.11555407803034083,0.07578198261960045,0.12587972571303757,-0.13079749638857066,-0.0061592733751112405
2024-03-18,0.07670088038728218,-0.08354095545676625,0.1256647227701674,0.07537840332040391,0.12347735317373074,-0.13079749638857066,0.0013224770668782693
2024-03-19,0.07160313366025362,-0.08354095545676625,0.11670157478829218,0.07094091105703404,0.11561266117736459,-0.13079749638857066,0.0006622226032195755
2024-03-20,0.07780866684340837,-0.08354095545676625,0.12633540077054045,0.07705977484174587,0.12510797688864725,-0.13079749638857066,0.0007488920016625045
2024-03-21,0.08243017048428203,-0.08354095545676625,0.13330586728079077,0.08142958610462925,0.131671935248579,-0.13079749638857066,0.0010005843796527802
2024-03-22,0.07716234079951767,-0.08354095545676625,0.1241445513068449,0.07759746279005397,0.12485105462099771,-0.13079749638857066,-0.0004351219905363024
2024-03-25,0.07238482215091313,-0.08354095545676625,0.11483871374030813,0.07947999728506372,0.12619662562483788,-0.13079749638857066,-0.007095175134150589
2024-03-26,0.06979448641023889,-0.08354095545676625,0.11020666006594904,0.08035421020801259,0.127030214367894,-0.13079749638857066,-0.010559723797773701
2024-03-27,0.0651044731346051,-0.08354095545676625,0.10229496274511682,0.07860578436211485,0.12369272190890017,-0.13079749638857066,-0.013501311227509749
2024-03-28,0.06629444302195764,-0.08354095545676625,0.10372215637689325,0.0759837722691985,0.11900679099752405,-0.13079749638857066,-0.009689329247240863
2024-03-31,0.07254146034552966,-0.08354095545676625,0.11209604639472176,0.0908428852556078,0.1406378172033024,-0.13079749638857066,-0.018301424910078135
2024-04-01,0.080704208219891,-0.08354095545676625,0.1242731472812468,0.09346489734852392,0.14410483225770093,-0.13079749638857066,-0.01276068912863293
2024-04-02,0.07750269408162036,-0.08354095545676625,0.11879104921817116,0.09965081545779175,0.1530670374773134,-0.13079749638857066,-0.022148121376171392
2024-04-03,0.07703769032509955,-0.08354095545676625,0.11756648107354815,0.10839169133541948,0.16590797560890244,-0.13079749638857066,-0.03135400101031993
2024-04-08,0.07279228575809449,-0.08354095545676625,0.11601117724476984,0.10577772305313626,0.16909159764869952,-0.13079749638857066,-0.032985437295041775
2024-04-09,0.0750191735219441,-0.08354095545676625,0.11905350247421746,0.09963199513663423,0.15846518268353948,-0.13079749638857066,-0.02461282161469014
2024-04-10,0.06921596029355981,-0.08354095545676625,0.10930009224584823,0.10218555442595267,0.16183642401519535,-0.13079749638857066,-0.032969594132392865
2024-04-11,0.07420770314391478,-0.08354095545676625,0.11671912079591984,0.11139418362120601,0.17577174538667198,-0.13079749638857066,-0.03718648047729123
2024-04-12,0.0734722636309666,-0.08354095545676625,0.11504791093291479,0.11025158881606112,0.17317870835845858,-0.13079749638857066,-0.036779325185094525
2024-04-15,0.07718903897489637,-0.08354095545676625,0.11933396121044101,0.13048330021048726,0.20257232908343056,-0.13079749638857066,-0.05329426123559089
2024-04-16,0.07222753829684958,-0.08354095545676625,0.11113681952646602,0.12954244966521533,0.20021239069335584,-0.13079749638857066,-0.05731491136836575
2024-04-17,0.08220336794467231,-0.08354095545676625,0.12604247090647105,0.14715273101622994,0.22671769627761668,-0.13079749638857066,-0.06494936307155763
2024-04-18,0.080508219582756,-0.08354095545676625,0.12289768821045621,0.14937067253989555,0.22915938872331484,-0.13079749638857066,-0.06886245295713955
2024-04-19,0.06971071532935569,-0.08354095545676625,0.10587408209593736,0.15111787745719085,0.23085251040795357,-0.13079749638857066,-0.08140716212783516
2024-04-22,0.06464042558489025,-0.08354095545676625,0.09690109641218705,0.13048330021048726,0.19648709617074345,-0.13079749638857066,-0.06584287462559701
2024-04-23,0.06011404217973082,-0.08354095545676625,0.08971061714815956,0.11522545655638727,0.17260057184870362,-0.13079749638857066,-0.055111414376656453
2024-04-24,0.06553385272138756,-0.08354095545676625,0.09742936926077463,0.11307476311934583,0.16863846922663567,-0.13079749638857066,-0.04754091039795827
2024-04-25,0.06681906036520058,-0.08354095545676625,0.09893706919292201,0.12073730898970814,0.1793919928067485,-0.13079749638857066,-0.05391824862450756
2024-04-26,0.07453349845475477,-0.08354095545676625,0.10995931395901379,0.10877275357779448,0.16081836351674453,-0.13079749638857066,-0.034239255123039714
2024-04-29,0.08359362099450873,-0.08354095545676625,0.12187832310719986,0.10554671342223232,0.15408187861856476,-0.13079749638857066,-0.021953092427723586
2024-04-30,0.07627908639392755,-0.08354095545676625,0.11071214937307207,0.11004984455618794,0.16003358983047766,-0.13079749638857066,-0.033770758162260384
2024-05-06,0.08358810877502765,-0.08354095545676625,0.1259014406111976,0.11016026382531785,0.1661452406870181,-0.13079749638857066,-0.026572155050290203
2024-05-07,0.08151930235559979,-0.08354095545676625,0.12225551619892637,0.11116209289039936,0.16695178427627352,-0.13079749638857066,-0.029642790534799568
2024-05-08,0.07944543206515853,-0.08354095545676625,0.11863379806699824,0.11530306886540087,0.17247058724797548,-0.13079749638857066,-0.03585763680024234
2024-05-09,0.08733891312741182,-0.08354095545676625,0.1299251865849847,0.12238393976826156,0.1823458668152824,-0.13079749638857066,-0.03504502664084974
2024-05-10,0.09011211643170847,-0.08354095545676625,0.13350887333347475,0.12791039769305823,0.1898208374749034,-0.13079749638857066,-0.037798281261349764
2024-05-13,0.08985446791514451,-0.08354095545676625,0.13148046713772185,0.134986937031091,0.19786901336344806,-0.13079749638857066,-0.04513246911594648
2024-05-14,0.08842216299963068,-0.08354095545676625,0.1288463748076816,0.13080821456259373,0.19091687778423663,-0.13079749638857066,-0.042386051562963045
2024-05-15,0.09048035362033846,-0.08354095545676625,0.1313172909479085,0.1292581331493572,0.18786317166634112,-0.13079749638857066,-0.03877777952901873
2024-05-16,0.09388163358103063,-0.08354095545676625,0.1357158985383289,0.13040414144369405,0.1887546985875135,-0.13079749638857066,-0.03652250786266342
2024-05-17,0.10087886505691346,-0.08354095545676625,0.14527464945500906,0.13828944581450164,0.19939627246888786,-0.13079749638857066,-0.037410580757588185
2024-05-20,0.10858066502724983,-0.08354095545676625,0.15451576165863867,0.14887083989288263,0.21209456654416445,-0.13079749638857066,-0.0402901748656328
2024-05-21,0.10738401917291229,-0.08354095545676625,0.1521938683927127,0.1516343782527687,0.21516840367149187,-0.13079749638857066,-0.044250359079856416
2024-05-22,0.10890268748428067,-0.08354095545676625,0.15373544205013304,0.14914063450213266,0.21075888089615327,-0.13079749638857066,-0.040237947017851994
2024-05-23,0.09724117652211839,-0.08354095545676625,0.13668336835181938,0.13849179177143922,0.19487143971069595,-0.13079749638857066,-0.04125061524932083
2024-05-24,0.09143455991062299,-0.08354095545676625,0.12799369075831044,0.1375481294340395,0.1927638532676136,-0.13079749638857066,-0.0461135695234165
2024-05-28,0.1017538431844065,-0.08354095545676625,0.14025417220022843,0.15170182690508116,0.20929658647465765,-0.13079749638857066,-0.04994798372067466
2024-05-29,0.09926490614402672,-0.08354095545676625,0.13628514662052157,0.15237569463323064,0.20939862438471007,-0.13079749638857066,-0.05311078848920392
2024-05-30,0.09571127274994984,-0.08354095545676625,0.1308892772440305,0.1447595660766976,0.19812741988287974,-0.13079749638857066,-0.04904829332674776
2024-05-31,0.09663461793605044,-0.08354095545676625,0.1316452754572257,0.14449039026242305,0.19698506797431775,-0.13079749638857066,-0.047855772326372614
2024-06-03,0.0960009076871704,-0.08354095545676625,0.12928678326855825,0.1354590775972786,0.18251357486695985,-0.13079749638857066,-0.0394581699101082
2024-06-04,0.09973394443897732,-0.08354095545676625,0.1338106522793527,0.1380202700002271,0.18525471859872442,-0.13079749638857066,-0.03828632556124978
2024-06-05,0.09373234012856768,-0.08354095545676625,0.1326514043134312,0.11635622717735239,0.16470859524770484,-0.13079749638857066,-0.022623887048784708
2024-06-06,0.09463648713089157,-0.08354095545676625,0.1334003884495624,0.11950498620063588,0.16849428736031116,-0.13079749638857066,-0.02486849906974431
2024-06-07,0.09716868691736003,-0.08354095545676625,0.1364309497004631,0.12975321283422891,0.18222770390663431,-0.13079749638857066,-0.03258452591686889
2024-06-11,0.09629101877428736,-0.08354095545676625,0.133089561895518,0.11028810114556764,0.1524440509949443,-0.13079749638857066,-0.013997082371280278
2024-06-12,0.10177461983419622,-0.08354095545676625,0.14012472084913635,0.1220479781071353,0.16804493546356736,-0.13079749638857066,-0.02027335827293908
2024-06-13,0.10233602783247076,-0.08354095545676625,0.1403517261055374,0.11089632823033879,0.1520938575062726,-0.13079749638857066,-0.008560300397868037
2024-06-14,0.1031981666149584,-0.08354095545676625,0.14098760634669477,0.11163985355439143,0.15252083617408904,-0.13079749638857066,-0.008441686939433035
2024-06-17,0.10533715956728029,-0.08354095545676625,0.14225996189636267,0.10042055455795373,0.1356218548259695,-0.13079749638857066,0.004916605009326558
2024-06-18,0.10673637839837347,-0.08354095545676625,0.14359984350078003,0.10447581178442467,0.1405598360626889,-0.13079749638857066,0.0022605666139488
2024-06-20,0.10911850540394896,-0.08354095545676625,0.145692105191705,0.10467814415135046,0.13976737512104745,-0.13079749638857066,0.0044403612525985015
2024-06-21,0.1097624704970217,-0.08354095545676625,0.1459985805066252,0.10420521530586124,0.13861240607624506,-0.13079749638857066,0.0055572551911604595
2024-06-24,0.09494391857059448,-0.08354095545676625,0.12489397991976034,0.09231065509700853,0.12143324496024191,-0.13079749638857066,0.002633263473585945
2024-06-25,0.09080107273338056,-0.08354095545676625,0.11900760109584688,0.09629764821184206,0.12620396271938178,-0.13079749638857066,-0.005496575478461496
2024-06-26,0.09650662836182833,-0.08354095545676625,0.1260108691913204,0.10183995608641805,0.13296590599863214,-0.13079749638857066,-0.00533332772458972
2024-06-27,0.09253569271479511,-0.08354095545676625,0.12038804106540675,0.10143406136857291,0.13194900986483632,-0.13079749638857066,-0.0088983686537778
2024-06-28,0.09507786799907114,-0.08354095545676625,0.12323826294686227,0.11136925707582801,0.14432019561245332,-0.13079749638857066,-0.016291389076756868
2024-06-30,0.0950194404324165,-0.08354095545676625,0.12226702083559322,0.11136925707582801,0.14326576757371834,-0.13079749638857066,-0.016349816643411508
2024-07-01,0.10172217509305148,-0.08354095545676625,0.13040207871615198,0.13130668261798162,0.1682357927443468,-0.13079749638857066,-0.029584507524930137
2024-07-02,0.10389633857002001,-0.08354095545676625,0.13270194097484084,0.13387550418834393,0.1708924868213737,-0.13079749638857066,-0.029979165618323922
2024-07-03,0.10639166662310195,-0.08354095545676625,0.13539213985034795,0.12407560672037077,0.15783920105218993,-0.13079749638857066,-0.017683940097268813
2024-07-05,0.09776389219089565,-0.08354095545676625,0.1303921694230238,0.1071837310496071,0.14292416763836488,-0.13079749638857066,-0.009419838858711449
2024-07-08,0.09682511582784392,-0.08354095545676625,0.12770177237173316,0.10167195813134122,0.1340771388870615,-0.13079749638857066,-0.004846842303497301
2024-07-09,0.10764288368240593,-0.08354095545676625,0.1414010873370952,0.11370415046018434,0.14933817383284945,-0.13079749638857066,-0.006061266777778407
2024-07-10,0.10868623500430163,-0.08354095545676625,0.14223859107004108,0.09530934999730545,0.12477942242916112,-0.13079749638857066,0.013376885006996186
2024-07-11,0.10477486268956482,-0.08354095545676625,0.13662927503220051,0.09700001033978545,0.12651941910504416,-0.13079749638857066,0.007774852349779371
2024-07-12,0.10974708817992362,-0.08354095545676625,0.1425656907734971,0.0968648309129807,0.12588024422442146,-0.13079749638857066,0.01288225726694292
2024-07-15,0.1143327348189902,-0.08354095545676625,0.1468780713531262,0.10653535913823631,0.13689674002431496,-0.13079749638857066,0.007797375680753893
2024-07-16,0.12248493003255567,-0.08354095545676625,0.1567351330926539,0.10322132233087156,0.13217235518477105,-0.13079749638857066,0.019263607701684116
2024-07-17,0.1152501395795491,-0.08354095545676625,0.14698007703113428,0.09700001033978545,0.12378469526501634,-0.13079749638857066,0.018250129239763657
2024-07-18,0.11688479829549792,-0.08354095545676625,0.14851814110087913,0.10146337811079675,0.1289949462398039,-0.13079749638857066,0.015421420184701162
2024-07-19,0.11372567980255477,-0.08354095545676625,0.14400120401981026,0.09321253970279697,0.11811648271529031,-0.13079749638857066,0.0205131400997578
2024-07-22,0.11438828916940147,-0.08354095545676625,0.14329100305277243,0.08367719090434611,0.10494745593841909,-0.13079749638857066,0.03071109826505536
2024-07-23,0.10072589033606372,-0.08354095545676625,0.12579906587442413,0.07846941877848712,0.09809018611084933,-0.13079749638857066,0.022256471557576596
2024-07-24,0.09110820173917822,-0.08354095545676625,0.11343173452340101,0.07982243638976261,0.09942675960466656,-0.13079749638857066,0.01128576534941561
2024-07-25,0.08059133421710851,-0.08354095545676625,0.10003098029462618,0.07353261717785209,0.0912965228862463,-0.13079749638857066,0.007058717039256424
2024-07-26,0.08202403097132205,-0.08354095545676625,0.10144890064247268,0.06676997580793276,0.08263611535636094,-0.13079749638857066,0.01525405516338929
2024-07-29,0.08190748884286947,-0.08354095545676625,0.10025848553496883,0.07150370243255333,0.08756521246315657,-0.13079749638857066,0.01040378641031614
2024-07-30,0.07813564805217577,-0.08354095545676625,0.09532995341467598,0.06372690952579174,0.0778023441302144,-0.13079749638857066,0.014408738526384024
2024-07-31,0.10097954222418881,-0.08354095545676625,0.12264625033685245,0.07333015387345232,0.08918144417556635,-0.13079749638857066,0.027649388350736492
2024-08-01,0.09661348889287424,-0.08354095545676625,0.11696606289274045,0.07380297603146135,0.0894490523569014,-0.13079749638857066,0.02281051286141289
2024-08-02,0.0853504006174548,-0.08354095545676625,0.10303507868204397,0.07278882449461932,0.08792508582380576,-0.13079749638857066,0.012561576122835483
2024-08-05,0.0584697419390674,-0.08354095545676625,0.07363979097579149,0.0581133329033261,0.07319232952394729,-0.13079749638857066,0.0003564090357413008
2024-08-06,0.05993490979475635,-0.08354095545676625,0.07521475910149795,0.053932616772415454,0.06770466538995833,-0.13079749638857066,0.006002293022340899
2024-08-07,0.056096691863792625,-0.08354095545676625,0.07016743453889271,0.05838289913671235,0.07301773311385963,-0.13079749638857066,-0.002286207272919727
2024-08-08,0.0662596609280588,-0.08354095545676625,0.08254377899702897,0.0593940774510886,0.07401985788794126,-0.13079749638857066,0.006865583476970194
2024-08-09,0.0692783585999237,-0.08354095545676625,0.0859897062809544,0.0597990366795238,0.0742645105638874,-0.13079749638857066,0.009479321920399908
2024-08-12,0.07138382577392877,-0.08354095545676625,0.08767781579842927,0.06296796461770193,0.07738029995241263,-0.13079749638857066,0.008415861156226834
2024-08-13,0.08218016376853154,-0.08354095545676625,0.10052573375374046,0.06663211378101508,0.08158457373427101,-0.13079749638857066,0.015548049987516466
2024-08-14,0.07788585466445497,-0.08354095545676625,0.09497167926477393,0.06513913156533757,0.07949164157032211,-0.13079749638857066,0.012746723099117396
2024-08-15,0.09027216412048511,-0.08354095545676625,0.10961393625588256,0.07511491183569552,0.0912963119631856,-0.13079749638857066,0.01515725228478959
2024-08-16,0.09251388593955157,-0.08354095545676625,0.1119367924622544,0.07871136450148386,0.09532052887554612,-0.13079749638857066,0.013802521438067705
2024-08-19,0.10329861603290347,-0.08354095545676625,0.12363040312051499,0.09316548154051829,0.11157784901148092,-0.13079749638857066,0.010133134492385176
2024-08-20,0.09710980344821407,-0.08354095545676625,0.11587924931287864,0.08319031114851638,0.09936222107390952,-0.13079749638857066,0.013919492299697689
2024-08-21,0.09586904699758159,-0.08354095545676625,0.11402386917530773,0.07572540007012907,0.09018893082723067,-0.13079749638857066,0.02014364692745252
2024-08-22,0.08965422686855762,-0.08354095545676625,0.10632050443387409,0.07857536162807888,0.09325311191770021,-0.13079749638857066,0.011078865240478741
2024-08-23,0.09257011251033931,-0.08354095545676625,0.10939039102751756,0.07681098354394678,0.09086728845367167,-0.13079749638857066,0.015759128966392533
2024-08-26,0.08885943353925141,-0.08354095545676625,0.103992836133151,0.07715068578828199,0.09036606007305333,-0.13079749638857066,0.011708747750969417
2024-08-27,0.08930357441119052,-0.08354095545676625,0.10416546556466878,0.0827829124066568,0.09660542179065557,-0.13079749638857066,0.006520662004533717
2024-08-28,0.08235893630449231,-0.08354095545676625,0.09579895516079286,0.07647189117796782,0.0889897090531229,-0.13079749638857066,0.005887045126524493
2024-08-29,0.07593038894188764,-0.08354095545676625,0.08807516624776986,0.055435357041790256,0.06440003266337392,-0.13079749638857066,0.020495031900097382
2024-08-30,0.07972168841714034,-0.08354095545676625,0.0921462837231152,0.049599431052485654,0.05745933015668061,-0.13079749638857066,0.03012225736465468
2024-09-03,0.05962878395086735,-0.08354095545676625,0.06814406249509497,0.04288101108193687,0.04906896827449251,-0.13079749638857066,0.016747772868930477
2024-09-04,0.05596641499613586,-0.08354095545676625,0.06377349208792622,0.039623650782127706,0.04520943206610038,-0.13079749638857066,0.016342764214008154
2024-09-05,0.052376292777631894,-0.08354095545676625,0.0624727860667142,0.03536236008350624,0.04223940761644904,-0.13079749638857066,0.017013932694125655
2024-09-06,0.04153325572852795,-0.08354095545676625,0.04942091950668453,0.028994823884313847,0.03453797139721341,-0.13079749638857066,0.012538431844214104
2024-09-09,0.035875175155188455,-0.08354095545676625,0.04229027674653263,0.012424861867542214,0.014676565961156345,-0.13079749638857066,0.02345031328764624
2024-09-10,0.04296190924701815,-0.08354095545676625,0.0504480042996,0.013788594641821694,0.01623274840067012,-0.13079749638857066,0.029173314605196454
2024-09-11,0.04199161803743734,-0.08354095545676625,0.04915257075217568,-0.00953245341690856,-0.011209086256031201,-0.14049944718911317,0.0515240714543459
2024-09-12,0.044172243764623254,-0.08354095545676625,0.051527557353081836,-0.00496394862307159,-0.005815976818606705,-0.14049944718911317,0.049136192387694844
2024-09-13,0.04429366293408199,-0.08354095545676625,0.0515017016542294,-0.007827787449058876,-0.009144439174330993,-0.14049944718911317,0.052121450383140866
2024-09-18,0.04229500667806474,-0.08354095545676625,0.048404917315540266,0.005128282715871846,0.005889575236239515,-0.14049944718911317,0.037166723962192894
2024-09-19,0.0513666803768007,-0.08354095545676625,0.05855082720608798,0.006560202128865544,0.007509373992361058,-0.14049944718911317,0.044806478247935155
2024-09-20,0.050725279059274486,-0.08354095545676625,0.05764019520535774,0.005605589186869819,0.006397119850102418,-0.14049944718911317,0.04511968987240467
2024-09-23,0.05483466490899236,-0.08354095545676625,0.06169912243376788,0.016788806745237084,0.01896039388914778,-0.14049944718911317,0.038045858163755275
2024-09-24,0.08015099047554286,-0.08354095545676625,0.08968166298631895,0.05886239806886073,0.06599795006053784,-0.14049944718911317,0.021288592406682127
2024-09-25,0.08730244351170335,-0.08354095545676625,0.0973092280966605,0.0742737960367692,0.08289248638673334,-0.14049944718911317,0.013028647474934152
2024-09-26,0.11167117503184931,-0.08354095545676625,0.12378598361580359,0.1048232366084556,0.11627281106290448,-0.14049944718911317,0.006847938423393707
2024-09-27,0.12491021141310199,-0.08354095545676625,0.13784774653907794,0.10707339568601726,0.11837033753855403,-0.14049944718911317,0.01783681572708473
2024-09-30,0.19187179929635767,-0.08354095545676625,0.20837969863525518,0.16735403716482256,0.18219109854357965,-0.14049944718911317,0.024517762131535115
2024-10-08,0.24178083267233408,-0.08354095545676625,0.2666258075321715,0.17239417504499044,0.19152355713454067,-0.14049944718911317,0.06938665762734364
2024-10-09,0.21094109677366735,-0.08354095545676625,0.23262961116422487,0.09100218731415999,0.10168351858805287,-0.14049944718911317,0.11993890945950736
2024-10-10,0.2129460232916427,-0.08354095545676625,0.23403744614369307,0.13400031357959152,0.1485462781741281,-0.14049944718911317,0.07894570971205117
2024-10-11,0.18971357381714293,-0.08354095545676625,0.2083625980815222,0.11267052488805351,0.12480348478807084,-0.14049944718911317,0.07704304892908942
2024-10-14,0.2153486987758002,-0.08354095545676625,0.23361816752729328,0.14571470946066234,0.159303133029343,-0.14049944718911317,0.06963398931513787
2024-10-15,0.19515546637167747,-0.08354095545676625,0.211514653674893,0.12242133725146309,0.1337721941550972,-0.14049944718911317,0.07273412912021437
2024-10-16,0.19888906502335035,-0.08354095545676625,0.21479498961721968,0.1405421661795332,0.15278125621214145,-0.14049944718911317,0.05834689884381716
2024-10-17,0.19676220181905668,-0.08354095545676625,0.21188278472058172,0.12657702478237498,0.13739260796724004,-0.14049944718911317,0.0701851770366817
2024-10-18,0.23889849971159904,-0.08354095545676625,0.2552499688711394,0.1328444109669784,0.1436470902747334,-0.14049944718911317,0.10605408874462063
2024-10-21,0.24402911513425662,-0.08354095545676625,0.2581457046435961,0.12555472806797696,0.13463283937799905,-0.14049944718911317,0.11847438706627966
2024-10-22,0.24075497478101648,-0.08354095545676625,0.25398380472946064,0.13066439798524,0.13960117515372775,-0.14049944718911317,0.1100905767957765
2024-10-23,0.23471206954278157,-0.08354095545676625,0.24701066833581334,0.12902908597314866,0.13746124274760022,-0.14049944718911317,0.1056829835696329
2024-10-24,0.2339761985384119,-0.08354095545676625,0.24549659994148637,0.12364736784684993,0.1314123275871293,-0.14049944718911317,0.11032883069156196
2024-10-25,0.23599032271538456,-0.08354095545676625,0.24679075103032413,0.12003698583716038,0.12724477707110002,-0.14049944718911317,0.11595333687822418
2024-10-28,0.235634464796461,-0.08354095545676625,0.24417234055230708,0.12385170627941444,0.13005028657627957,-0.14049944718911317,0.11178275851704655
2024-10-29,0.23299521658136202,-0.08354095545676625,0.2407766452252502,0.10879655839138747,0.11410971721972765,-0.14049944718911317,0.12419865818997455
2024-10-30,0.22480022372626496,-0.08354095545676625,0.23182599088545894,0.10102988429921012,0.10575011453022018,-0.14049944718911317,0.12377033942705484
2024-10-31,0.22078726918310987,-0.08354095545676625,0.22710736187299357,0.09919083840612997,0.10354184476031614,-0.14049944718911317,0.1215964307769799
2024-11-01,0.2123220430739543,-0.08354095545676625,0.21796158402686364,0.10961391212164528,0.11393763046914365,-0.14049944718911317,0.10270813095230902
2024-11-04,0.219416971465191,-0.08354095545676625,0.22304031448468006,0.1195599946439847,0.12303165000347895,-0.14049944718911317,0.09985697682120631
2024-11-05,0.23081062664717966,-0.08354095545676625,0.24391385125750356,0.12643872629235942,0.13541221743292747,-0.14049944718911317,0.10437190035482025
2024-11-06,0.23800627554787224,-0.08354095545676625,0.250515176675909,0.12332076492497479,0.13172540235745728,-0.14049944718911317,0.11468551062289745
2024-11-07,0.2574540718176044,-0.08354095545676625,0.26949278092976836,0.14064036668716806,0.14943020607346624,-0.14049944718911317,0.11681370513043632
2024-11-08,0.25130060898303985,-0.08354095545676625,0.2624433889866733,0.12529775933365417,0.13299396105417238,-0.14049944718911317,0.12600284964938568
2024-11-11,0.2663045780545541,-0.08354095545676625,0.2750442400797719,0.11752450842468809,0.12375109163517958,-0.14049944718911317,0.148780069629866
2024-11-12,0.25148592960123084,-0.08354095545676625,0.2594341883254852,0.10825121977454577,0.1137885504610726,-0.14049944718911317,0.14323470982668507
2024-11-13,0.2566934527702829,-0.08354095545676625,0.2638272717337664,0.11418340591777798,0.11957171926839039,-0.14049944718911317,0.1425100468525049
2024-11-14,0.23842979717677326,-0.08354095545676625,0.24488692704710327,0.10681914685484228,0.11163997170053905,-0.14049944718911317,0.13161065032193098
2024-11-15,0.21697325631817987,-0.08354095545676625,0.22279755345479216,0.10450052396300835,0.10892876607488736,-0.14049944718911317,0.11247273235517152
2024-11-18,0.22177145397084708,-0.08354095545676625,0.2255480119058589,0.12168419608225611,0.12543034490014077,-0.14049944718911317,0.10008725788859096
2024-11-19,0.23646742425385558,-0.08354095545676625,0.23931672261807296,0.12413874861703555,0.1275429908381261,-0.14049944718911317,0.11232867563682003
2024-11-20,0.2372360603310546,-0.08354095545676625,0.23935736839864943,0.12618430930578461,0.1292297714820977,-0.14049944718911317,0.11105175102526998
2024-11-21,0.24283798496463316,-0.08354095545676625,0.24410345242307208,0.1234566945679203,0.12611575689667837,-0.14049944718911317,0.11938129039671286
2024-11-22,0.222417726884639,-0.08354095545676625,0.22352016741523767,0.09720483118014256,0.09937404507626527,-0.14049944718911317,0.12521289570449645
2024-11-25,0.21732149966992664,-0.08354095545676625,0.21663238064813012,0.09897793112440367,0.10029166961511742,-0.14049944718911317,0.11834356854552297
2024-11-26,0.21609586951135484,-0.08354095545676625,0.21481877914104305,0.10177351068374074,0.10278869277462392,-0.14049944718911317,0.1143223588276141
2024-11-27,0.2318193800534709,-0.08354095545676625,0.22929192578728486,0.11438790184079295,0.11499291583188255,-0.14049944718911317,0.11743147821267796
2024-11-29,0.24128013915583324,-0.08354095545676625,0.23696400653141697,0.113365422225717,0.11333377040879224,-0.14049944718911317,0.12791471693011625
2024-12-02,0.24546190399952716,-0.08354095545676625,0.2388552735462109,0.11459239776380836,0.11357171233128208,-0.14049944718911317,0.1308695062357188
2024-12-03,0.24932376838613957,-0.08354095545676625,0.2417894521758584,0.12754841740401557,0.12582153249603145,-0.14049944718911317,0.121775350982124
2024-12-04,0.2515231011388164,-0.08354095545676625,0.24315064115769436,0.1302074658618102,0.1280345506308298,-0.14049944718911317,0.12131563527700617
2024-12-05,0.24045265002807747,-0.08354095545676625,0.24188256333786065,0.12408685298716593,0.1269775003705137,-0.14049944718911317,0.11636579704091154
2024-12-06,0.25058285275393666,-0.08354095545676625,0.2509658200360437,0.13712653989085277,0.13963858238984994,-0.14049944718911317,0.11345631286308389
2024-12-09,0.2464635448032355,-0.08354095545676625,0.2448178309574034,0.1406083787120027,0.14187060681431668,-0.14049944718911317,0.1058551660912328
2024-12-10,0.2514560553047642,-0.08354095545676625,0.2488686730836063,0.14176899165238588,0.1426049051141671,-0.14049944718911317,0.10968706365237835
2024-12-11,0.2555133956289446,-0.08354095545676625,0.25200010917301013,0.14204193621185723,0.1424634583038582,-0.14049944718911317,0.11347145941708736
2024-12-12,0.259799459724533,-0.08354095545676625,0.2553244920689009,0.14675262411325796,0.1466615429613846,-0.14049944718911317,0.11304683561127504
2024-12-13,0.24628984178384705,-0.08354095545676625,0.24181960640979414,0.12627100802556646,0.1262278623453837,-0.14049944718911317,0.1200188337582806
2024-12-16,0.24764677537502555,-0.08354095545676625,0.24100981974014576,0.1368529967687513,0.13542480097677648,-0.14049944718911317,0.11079377860627426
2024-12-17,0.24254397739044453,-0.08354095545676625,0.23554456452549563,0.13419059018864554,0.13247013765459006,-0.14049944718911317,0.10835338720179899
2024-12-18,0.2417718514808851,-0.08354095545676625,0.2341511754106269,0.14204193621185723,0.1396561276383847,-0.14049944718911317,0.09972991526902786
2024-12-19,0.2406517911425181,-0.08354095545676625,0.23244151088272808,0.1318693643078792,0.12949518183778527,-0.14049944718911317,0.1087824268346389
2024-12-20,0.24885530965648006,-0.08354095545676625,0.23939132159894042,0.12470097824597626,0.12225062356083344,-0.14049944718911317,0.1241543314105038
2024-12-23,0.2525696919130407,-0.08354095545676625,0.24077647762520418,0.12790987250765462,0.12429083682804688,-0.14049944718911317,0.12465981940538606
2024-12-24,0.265633052835754,-0.08354095545676625,0.2520270341215986,0.13842362511097184,0.13391254003889003,-0.14049944718911317,0.12720942772478216
2024-12-26,0.27297959503898794,-0.08354095545676625,0.2572638307204791,0.140813087131606,0.13542231946470085,-0.14049944718911317,0.13216650790738194
2024-12-27,0.26633453519988404,-0.08354095545676625,0.25054708855220725,0.1432025491522404,0.1372897377538144,-0.14049944718911317,0.12313198604764364
2024-12-30,0.26625960092049206,-0.08354095545676625,0.24839485302546402,0.15146331201465868,0.1438317249023384,-0.14049944718911317,0.11479628890583338
2024-12-31,0.24811817840348427,-0.08354095545676625,0.2314653075554511,0.14333902143197608,0.13592215153677084,-0.14049944718911317,0.10477915697150819
2025-01-02,0.22937232515923278,-0.08354095545676625,0.2134156556072654,0.12060501416601621,0.11416420079523405,-0.14049944718911317,0.10876731099321657
2025-01-03,0.22691165640994226,-0.08354095545676625,0.21062936918910902,0.10920359318178696,0.10328581094691097,-0.14049944718911317,0.1177080632281553
2025-01-06,0.22040819726470562,-0.08354095545676625,0.21129607316085397,0.10728585307714367,0.10481070541146534,-0.14049944718911317,0.11312234418756195
2025-01-07,0.22735639073177927,-0.08354095545676625,0.21710268955327158,0.10952969970901494,0.10666638111363524,-0.14049944718911317,0.11782669102276433
2025-01-08,0.23121839552867307,-0.08354095545676625,0.22003643656626085,0.11442514831181105,0.11103357057439524,-0.14049944718911317,0.11679324721686202
2025-01-09,0.22649116860421858,-0.08354095545676625,0.21510260875569687,0.10155343298892072,0.09849149043338296,-0.14049944718911317,0.12493773561529786
2025-01-10,0.21777461294686873,-0.08354095545676625,0.2065438887650384,0.09088383495033714,0.08806604008884346,-0.14049944718911317,0.1268907779965316
2025-01-13,0.21370084395610633,-0.08354095545676625,0.20114197359178873,0.08104047799352121,0.07802474271756095,-0.14049944718911317,0.13266036596258513
2025-01-14,0.22659569582597539,-0.08354095545676625,0.21224243235434398,0.09522070642931202,0.091201467972374,-0.14049944718911317,0.13137498939666337
2025-01-15,0.233942590787809,-0.08354095545676625,0.21825982860514728,0.09673488561234933,0.09237721997586776,-0.14049944718911317,0.13720770517545966
2025-01-16,0.22819468445674773,-0.08354095545676625,0.2125155331802039,0.10568344613068525,0.10049287365231407,-0.14049944718911317,0.12251123832606248
2025-01-17,0.23575852267698072,-0.08354095545676625,0.21868817184688405,0.10416867081411141,0.09881268056441689,-0.14049944718911317,0.1315898518628693
2025-01-21,0.2380574867235432,-0.08354095545676625,0.21835133570728163,0.09694114781602314,0.0910958880080418,-0.14049944718911317,0.14111633890752007
2025-01-22,0.23657275666576916,-0.08354095545676625,0.2164577838958817,0.08221068812592369,0.07725245379991229,-0.14049944718911317,0.15436206853984547
2025-01-23,0.241611300718249,-0.08354095545676625,0.22028912334307707,0.09790509574475181,0.09149975822163775,-0.14049944718911317,0.14370620497349718
2025-01-24,0.24441256557157853,-0.08354095545676625,0.22214179327754996,0.10148428149867161,0.09453425602505677,-0.14049944718911317,0.14292828407290692
2025-01-27,0.23363759846343624,-0.08354095545676625,0.2110316351437546,0.11600847898509725,0.10693704724170633,-0.14049944718911317,0.11762911947833898
2025-02-05,0.2388718853939542,-0.08354095545676625,0.2185872147524348,0.0935054932694177,0.08787392148251263,-0.14049944718911317,0.1453663921245365
2025-02-06,0.250021927407136,-0.08354095545676625,0.22772935652509288,0.09391659650369633,0.08802003597593136,-0.14049944718911317,0.1561053309034397
2025-02-07,0.24835120693639334,-0.08354095545676625,0.2256675684820151,0.09494554274902889,0.08873228736908041,-0.14049944718911317,0.15340566418736445
2025-02-10,0.25966744378350337,-0.08354095545676625,0.23360196172739225,0.09371104488655702,0.08691160056850589,-0.14049944718911317,0.16595639889694636
2025-02-11,0.2605274482512967,-0.08354095545676625,0.23371775777134052,0.10420665303684085,0.09619961433205236,-0.14049944718911317,0.15632079521445585
2025-02-12,0.26765281534925345,-0.08354095545676625,0.2391740653041945,0.10701902689677412,0.09848535809025362,-0.14049944718911317,0.16063378845247933
2025-02-13,0.26505898410983497,-0.08354095545676625,0.23633737396833315,0.10825768331797403,0.0993425730467511,-0.14049944718911317,0.15680130079186094
2025-02-14,0.2679907417463141,-0.08354095545676625,0.23819815375375786,0.10935851322132373,0.1000712529269927,-0.14049944718911317,0.15863222852499037
2025-02-18,0.2655961661989148,-0.08354095545676625,0.2337018724572885,0.10818877005904892,0.09800562448879026,-0.14049944718911317,0.15740739613986587
2025-02-19,0.2750491337780905,-0.08354095545676625,0.24098549205217695,0.10812045087994182,0.09769403543359431,-0.14049944718911317,0.16692868289814866
2025-02-20,0.2730521228062104,-0.08354095545676625,0.23869749392921394,0.10626216920823262,0.09580396075309212,-0.14049944718911317,0.16678995359797777
2025-02-21,0.2804536379889133,-0.08354095545676625,0.244211474969354,0.09683531065110906,0.08724205447542077,-0.14049944718911317,0.18361832733780425
2025-02-24,0.27813489728832397,-0.08354095545676625,0.2404178215602541,0.09600953970364245,0.085856066061739,-0.14049944718911317,0.1821253575846815
2025-02-25,0.2724139840761264,-0.08354095545676625,0.2351064086914639,0.08713279905828442,0.07785745736079008,-0.14049944718911317,0.18528118501784197
2025-02-26,0.28094985789380633,-0.08354095545676625,0.24148385407687672,0.09435799780870902,0.08398199620165704,-0.14049944718911317,0.18659186008509732
2025-02-27,0.276937249922957,-0.08354095545676625,0.2375952663160277,0.1030969119362164,0.09137270239888323,-0.14049944718911317,0.1738403379867406
2025-02-28,0.26167357984193673,-0.08354095545676625,0.22454074188675247,0.0980739670723092,0.08678888592110474,-0.14049944718911317,0.16359961276962753
2025-03-03,0.2507153165221452,-0.08354095545676625,0.21392887482477066,0.09917479697565867,0.0870897356625041,-0.14049944718911317,0.1515405195464865
2025-03-04,0.2582546861714736,-0.08354095545676625,0.21950498221231182,0.09903697045780824,0.08675540470975532,-0.14049944718911317,0.1592177157136654
2025-03-05,0.25915119576788803,-0.08354095545676625,0.22771384550071994,0.10381350903519482,0.0940404173754633,-0.14049944718911317,0.15533768673269321
2025-03-06,0.2593354643254493,-0.08354095545676625,0.22727732584880053,0.09867151696255849,0.08924825195825653,-0.14049944718911317,0.1606639473628908
2025-03-07,0.25668004567687275,-0.08354095545676625,0.2244807527336706,0.09702598479242752,0.0875659010321907,-0.14049944718911317,0.15965406088444523
2025-03-10,0.24429096155343255,-0.08354095545676625,0.21250003070937534,0.09193726534400404,0.08243064073361092,-0.14049944718911317,0.1523536962094285
2025-03-11,0.24388294116958065,-0.08354095545676625,0.2116189988854597,0.09867684422497991,0.08812695017410181,-0.14049944718911317,0.14520609694460074
2025-03-12,0.2446955968795499,-0.08354095545676625,0.2117496057758993,0.09716390169733402,0.08658445620392166,-0.14049944718911317,0.14753169518221587
2025-03-13,0.23551867275358673,-0.08354095545676625,0.20364692325051134,0.1024597924621411,0.09097452718437389,-0.14049944718911317,0.13305888029144564
2025-03-14,0.254150079892852,-0.08354095545676625,0.21842008950648883,0.11119413516086563,0.09830473122077034,-0.14049944718911317,0.14295594473198636
2025-03-17,0.2559685610781308,-0.08354095545676625,0.21824201272856522,0.11442659961449353,0.10033975280869824,-0.14049944718911317,0.1415419614636373
2025-03-18,0.2544568115750099,-0.08354095545676625,0.21646925462732816,0.11339488645890428,0.09920911948022362,-0.14049944718911317,0.1410619251161056
2025-03-19,0.259492273099023,-0.08354095545676625,0.21998675722786684,0.12013505725792673,0.10469958203205064,-0.14049944718911317,0.13935721584109628
2025-03-20,0.254221553290485,-0.08354095545676625,0.21519495908098132,0.11538965027665316,0.10041354102777353,-0.14049944718911317,0.13883190301383186
2025-03-21,0.2445655841421175,-0.08354095545676625,0.206887479758092,0.11208793141154838,0.09736636681645942,-0.14049944718911317,0.1324776527305691
2025-03-24,0.25483075519356846,-0.08354095545676625,0.2135439264906185,0.1188967647040009,0.10237698243120487,-0.14049944718911317,0.13593399048956756
2025-03-25,0.253257638815525,-0.08354095545676625,0.21176415046220443,0.12591217739479,0.10799524996435506,-0.14049944718911317,0.127345461420735
2025-03-26,0.24566722959592147,-0.08354095545676625,0.20521076809935881,0.12267971294116187,0.105036336018859,-0.14049944718911317,0.1229875166547596
2025-03-27,0.24944213222689626,-0.08354095545676625,0.20769866205609305,0.12488046423920052,0.10661151189698992,-0.14049944718911317,0.12456166798769575
2025-03-28,0.24053919550239344,-0.08354095545676625,0.20013909052399348,0.12171666227900246,0.10372639191393707,-0.14049944718911317,0.11882253322339098
2025-03-31,0.2436829634710409,-0.08354095545676625,0.20114738991636183,0.12233580855596538,0.10348643523060107,-0.14049944718911317,0.12134715491507553
2025-04-01,0.24698440170761882,-0.08354095545676625,0.20324508144429637,0.12481180174577067,0.10527237098016866,-0.14049944718911317,0.12217259996184815
2025-04-02,0.250685607906719,-0.08354095545676625,0.20564096302751356,0.13251443128890594,0.11132165172022736,-0.14049944718911317,0.11817117661781307
2025-04-03,0.23818297943037625,-0.08354095545676625,0.19538857889809216,0.13492117006723436,0.11301505240188701,-0.14049944718911317,0.10326180936314189
2025-04-07,0.16258274171888876,-0.09240573738736499,0.13891438438783416,0.07615000011772421,0.0663042517350038,-0.14049944718911317,0.08643274160116454
2025-04-08,0.16971559996101226,-0.09240573738736499,0.14443386319747353,0.09775682989681722,0.084501917718584,-0.14049944718911317,0.07195877006419504
2025-04-09,0.21216016201426613,-0.09240573738736499,0.17851764029186618,0.09521891292358453,0.08215387033351673,-0.14049944718911317,0.1169412490906816
2025-04-10,0.20980894711303444,-0.09240573738736499,0.17619223273599835,0.10087801320397749,0.08671608851628108,-0.14049944718911317,0.10893093390905695
2025-04-11,0.22752071263420293,-0.09240573738736499,0.18990220747962086,0.09604658438124258,0.0824510888320778,-0.14049944718911317,0.13147412825296034
2025-04-14,0.2340319905466932,-0.09240573738736499,0.19365170708473317,0.10391536673439905,0.0884070709375044,-0.14049944718911317,0.13011662381229416
2025-04-15,0.23716105174362645,-0.09240573738736499,0.19563846381329553,0.11523533834680677,0.09755739178113991,-0.14049944718911317,0.12192571339681968
2025-04-16,0.24034011710310965,-0.09240573738736499,0.19765137365667135,0.12413959554784637,0.10463817374823511,-0.14049944718911317,0.11620052155526328
2025-04-17,0.24321074632426898,-0.09240573738736499,0.19941087764234855,0.12517507039572973,0.10523423531950725,-0.14049944718911317,0.11803567592853925
2025-04-21,0.24050977240184834,-0.09240573738736499,0.19541420137099694,0.12130945505710966,0.10110216886545272,-0.14049944718911317,0.11920031734473868
2025-04-22,0.2544035770612383,-0.09240573738736499,0.20562077316784302,0.1271078780650401,0.10554866387675868,-0.14049944718911317,0.1272956989961982
2025-04-23,0.24770471241343528,-0.09240573738736499,0.200002903159489,0.12193109417616377,0.10112615995362015,-0.14049944718911317,0.1257736182372715
2025-04-24,0.25753509268061703,-0.09240573738736499,0.20702668191310342,0.1322155909406877,0.10914921518216097,-0.14049944718911317,0.12531950173992934
2025-04-25,0.2575743916286082,-0.09240573738736499,0.20656401130752444,0.1309729030531197,0.10789831895884999,-0.14049944718911317,0.12660148857548847
2025-04-28,0.25802728046002255,-0.09240573738736499,0.2054412378590902,0.1360121352660797,0.1111401652085007,-0.14049944718911317,0.12201514519394285
2025-04-29,0.25980602895782456,-0.09240573738736499,0.2062942599900725,0.13304385274888642,0.10853205840022631,-0.14049944718911317,0.12676217620893815
2025-04-30,0.2553723780534647,-0.09240573738736499,0.202481291589545,0.11544255138649118,0.09432283999833706,-0.14049944718911317,0.1399298266669735
2025-05-06,0.2564630964308938,-0.09240573738736499,0.20723619295577386,0.11269324683548021,0.09402594463793429,-0.14049944718911317,0.1437698495954136
2025-05-07,0.26414595441834376,-0.09240573738736499,0.2125871655860028,0.12163394837728458,0.10103599374964957,-0.14049944718911317,0.14251200604105918
2025-05-08,0.2655438714407783,-0.09240573738736499,0.21314021504086653,0.12692954942865753,0.10505745248120812,-0.14049944718911317,0.13861432201212076
2025-05-09,0.26273459695288315,-0.09240573738736499,0.2105103905869279,0.1349761808162815,0.1112480609885073,-0.14049944718911317,0.12775841613660166
2025-05-12,0.2682367512347872,-0.09240573738736499,0.21314799646770327,0.13539145287473642,0.11079687125287534,-0.14049944718911317,0.13284529836005077
2025-05-13,0.27802531264924757,-0.09240573738736499,0.2199481441468148,0.14618558537431903,0.11905538672365666,-0.14049944718911317,0.13183972727492854
2025-05-14,0.28224889654575813,-0.09240573738736499,0.22256534411226533,0.1523434935612369,0.12360714296034275,-0.14049944718911317,0.12990540298452125
2025-05-15,0.2709918617625875,-0.09240573738736499,0.21369750909876437,0.14805372143331708,0.11996481135075726,-0.14049944718911317,0.12293814032927042
2025-05-16,0.2707141887805169,-0.09240573738736499,0.21299168413200736,0.1414111331101855,0.11449118246059647,-0.14049944718911317,0.1293030556703314
2025-05-19,0.2733506147067657,-0.09240573738736499,0.21344627227911642,0.14341749712065233,0.11525990153820241,-0.14049944718911317,0.12993311758611337
2025-05-20,0.27383965513760655,-0.09240573738736499,0.21330981333381413,0.14715435744269745,0.11788972854174122,-0.14049944718911317,0.1266852976949091
2025-05-21,0.2771164921191811,-0.09240573738736499,0.21521205170708724,0.15365812961031144,0.12263428249191098,-0.14049944718911317,0.12345836250886966
2025-05-22,0.28054166886601606,-0.09240573738736499,0.2172100234031658,0.1586402179036721,0.12617638421056993,-0.14049944718911317,0.12190145096234395
2025-05-23,0.2700298934298402,-0.09240573738736499,0.209058379607766,0.15040653762852885,0.11957985570967423,-0.14049944718911317,0.11962335580131134
2025-05-27,0.27237038141968606,-0.09240573738736499,0.20883857152944724,0.1483995854140132,0.1169695856441103,-0.14049944718911317,0.12397079600567285
2025-05-28,0.2712883118297875,-0.09240573738736499,0.20758285312039437,0.15351990165884266,0.12058938264216795,-0.14049944718911317,0.11776841017094486
2025-05-29,0.27416090265066884,-0.09240573738736499,0.20917430821131697,0.1523434935612369,0.11942778003115465,-0.14049944718911317,0.12181740908943195
2025-05-30,0.2742364445580876,-0.09240573738736499,0.2087533892389824,0.15587271785405443,0.12182019593421782,-0.14049944718911317,0.11836372670403317
2025-06-03,0.28953349697820885,-0.09240573738736499,0.21769663262659975,0.16673567022734703,0.1288238178967796,-0.14049944718911317,0.12279782675086182
2025-06-04,0.2926364402689676,-0.09240573738736499,0.21938910543447168,0.17157953056923914,0.13212381737049045,-0.14049944718911317,0.12105690969972849
2025-06-05,0.28271229386319363,-0.09240573738736499,0.2187734381026878,0.15804505762541132,0.12585179725167384,-0.14049944718911317,0.12466723623778231
2025-06-06,0.28549386379810815,-0.09240573738736499,0.22028216581923687,0.16039322353477203,0.12735851883470092,-0.14049944718911317,0.12510064026333612
2025-06-09,0.2858847773986535,-0.09240573738736499,0.21905219141228272,0.16087678998731048,0.12685787960923162,-0.14049944718911317,0.125007987411343
2025-06-10,0.2828557711455022,-0.09240573738736499,0.21638200909928487,0.1624656511885081,0.1277720943593846,-0.14049944718911317,0.12039011995699411
2025-06-11,0.282734142456464,-0.09240573738736499,0.21580245667431142,0.16439933156712128,0.1289410898824716,-0.14049944718911317,0.11833481088934272
2025-06-12,0.2850777940207756,-0.09240573738736499,0.2169841719120462,0.16812911591230617,0.13145211975198895,-0.14049944718911317,0.11694867810846943
2025-06-13,0.2804135514550907,-0.09240573738736499,0.21317095944195025,0.16101495183089298,0.12581965870188683,-0.14049944718911317,0.11939859962419774
2025-06-16,0.2866962621928262,-0.09240573738736499,0.21617240027536266,0.16667900198623142,0.12919682587707748,-0.14049944718911317,0.12001726020659476
2025-06-17,0.27899410572249095,-0.09240573738736499,0.2102521969608125,0.16433025064533036,0.12716319051950473,-0.14049944718911317,0.11466385507716059
2025-06-18,0.28368502262619244,-0.09240573738736499,0.2130848394723493,0.17040878633141587,0.131382416271378,-0.14049944718911317,0.11327623629477657
2025-06-20,0.281113125499326,-0.09240573738736499,0.2103303173056467,0.17296419500615,0.13267998845716056,-0.14049944718911317,0.10814893049317598
2025-06-23,0.28941407407603537,-0.09240573738736499,0.21470122533886937,0.17924938802606882,0.13638746731494258,-0.14049944718911317,0.11016468604996654
2025-06-24,0.2977380795194826,-0.09240573738736499,0.21997953327489173,0.18166722028876103,0.1378436239376804,-0.14049944718911317,0.11607085923072158
2025-06-25,0.30797796918944687,-0.09240573738736499,0.22652793612574587,0.1898866791188336,0.14348397885046354,-0.14049944718911317,0.11809129007061325
2025-06-26,0.312159448247459,-0.09240573738736499,0.22888512821472978,0.19479083913446882,0.14669680176141242,-0.14049944718911317,0.11736860911299019
2025-06-27,0.3012283099000961,-0.09240573738736499,0.22091585296892186,0.17793743594357658,0.13424654585229504,-0.14049944718911317,0.1232908739565195
2025-06-30,0.30693744229606734,-0.09240573738736499,0.2233406553746669,0.1760031701334226,0.13198223075939192,-0.14049944718911317,0.13093427216264475
2025-07-01,0.308816641195234,-0.09240573738736499,0.22412329620552193,0.18670954214797875,0.13935086146256861,-0.14049944718911317,0.12210709904725525
2025-07-02,0.30820523217568296,-0.09240573738736499,0.22322147053131405,0.1889886271355481,0.1406700849180264,-0.14049944718911317,0.11921660504013487
2025-07-03,0.31278164325722413,-0.09240573738736499,0.22581365059326142,0.1891964553324621,0.14051334560065282,-0.14049944718911317,0.12358518792476203
2025-07-07,0.30447045610240453,-0.09240573738736499,0.22508522534507722,0.1986807770066774,0.15059203470326202,-0.14049944718911317,0.10578967909572712
2025-07-08,0.3086443649602737,-0.09240573738736499,0.22744902127163805,0.1962011926929894,0.1484749902380127,-0.14049944718911317,0.11244317226728429
2025-07-09,0.3073910266972393,-0.09240573738736499,0.2260899009125704,0.20205636513787284,0.15235229897382793,-0.14049944718911317,0.10533466155936644
2025-07-10,0.3108627903407102,-0.09240573738736499,0.227958755168265,0.20770543923876805,0.15605388488605243,-0.14049944718911317,0.10315735110194213
2025-07-11,0.3095148812166115,-0.09240573738736499,0.2265408116078724,0.19778535538788122,0.14863400241689573,-0.14049944718911317,0.1117295258287303
2025-07-14,0.31410116555930645,-0.09240573738736499,0.22815096299504212,0.20515657327837244,0.1528925478416285,-0.14049944718911317,0.108944592280934
2025-07-15,0.310937696791596,-0.09240573738736499,0.2255232184073812,0.1951677899794897,0.1454872807235136,-0.14049944718911317,0.1157699068121063
2025-07-16,0.30918811509798294,-0.09240573738736499,0.22385556088420885,0.1913095591161864,0.14243720351404748,-0.14049944718911317,0.11787855598179653
2025-07-17,0.31177316763987806,-0.09240573738736499,0.22510341307692175,0.18931203533589458,0.1407145828364653,-0.14049944718911317,0.12246113230398348
2025-07-18,0.3147628499269228,-0.09240573738736499,0.22661410705602394,0.19454774835138955,0.1441088714711755,-0.14049944718911317,0.12021510157553328
2025-07-21,0.3161704574759898,-0.09240573738736499,0.22608249433047117,0.19447846670468172,0.14313381369140973,-0.14049944718911317,0.1216919907713081
2025-07-22,0.3157990394741268,-0.09240573738736499,0.2253500616704689,0.1964078732356893,0.1441762533485924,-0.14049944718911317,0.11939116623843748
2025-07-23,0.3221783467218493,-0.09240573738736499,0.22907435359768635,0.1979233364825852,0.1449245763863808,-0.14049944718911317,0.12425501023926411
2025-07-24,0.3181327646440719,-0.09240573738736499,0.22592151829195606,0.18917405424119038,0.13852114711022745,-0.14049944718911317,0.12895871040288154
2025-07-25,0.32368287430587617,-0.09240573738736499,0.22908048770680237,0.18152745636000356,0.1328908880389342,-0.14049944718911317,0.1421554179458726
2025-07-28,0.3232311992328456,-0.09240573738736499,0.2273243671281037,0.17766980769541196,0.1293670188309353,-0.14049944718911317,0.14556139153743364
2025-07-29,0.3236095238792749,-0.09240573738736499,0.22708753476165638,0.17126271087171263,0.12463836936761552,-0.14049944718911317,0.15234681300756225
2025-07-30,0.32303623172037765,-0.09240573738736499,0.22623447767854102,0.17601636335381188,0.12767675444754084,-0.14049944718911317,0.14701986836656578
2025-07-31,0.31459721501601456,-0.09240573738736499,0.22028427226880096,0.16272069137172984,0.11817826986130484,-0.14049944718911317,0.15187652364428472
2025-08-01,0.30550262068671175,-0.09240573738736499,0.21391296578601038,0.16237602973432597,0.11769137621255574,-0.14049944718911317,0.14312659095238578
2025-08-04,0.3203361928884949,-0.09240573738736499,0.22212770193802114,0.16885182600602122,0.12142313047205731,-0.14049944718911317,0.1514843668824737
2025-08-05,0.3157168733656832,-0.09240573738736499,0.22522569970907783,0.1767580296372102,0.13049087126341116,-0.14049944718911317,0.138958843728473
2025-08-06,0.32146319208921015,-0.09240573738736499,0.22852365115308304,0.17785478749514927,0.1309837772853278,-0.14049944718911317,0.14360840459406088
2025-08-07,0.324968640991929,-0.09240573738736499,0.2303314909332484,0.18136174751316614,0.13316235933605408,-0.14049944718911317,0.14360689347876288
2025-08-08,0.32365969700123043,-0.09240573738736499,0.22898473486979806,0.18301180899198877,0.13403186657323135,-0.14049944718911317,0.14064788800924166
2025-08-11,0.3191999920773323,-0.09240573738736499,0.22462889992014595,0.17558595296176827,0.12802400393810134,-0.14049944718911317,0.14361403911556403
2025-08-12,0.33167088657235855,-0.09240573738736499,0.23222748710102664,0.17971168603434395,0.13061730991646586,-0.14049944718911317,0.1519592005380146
2025-08-13,0.331437797915624,-0.09240573738736499,0.23158639588692564,0.17393589148294586,0.126341862166276,-0.14049944718911317,0.15750190643267814
2025-08-14,0.3342390959866868,-0.09240573738736499,0.23289779696446208,0.1736606881113023,0.12588643203904598,-0.14049944718911317,0.16057840787538447
2025-08-15,0.3341675136285105,-0.09240573738736499,0.2323614495782298,0.1703605651536575,0.12334113262479318,-0.14049944718911317,0.163806948474853
2025-08-18,0.342078504780188,-0.09240573738736499,0.23593052609849782,0.1734544304264496,0.12469752769117566,-0.14049944718911317,0.16862407435373838
2025-08-19,0.3342904019280455,-0.09240573738736499,0.23049765701164848,0.17400483716973647,0.12481572315431981,-0.14049944718911317,0.16028556475830902
2025-08-20,0.34700526337764925,-0.09240573738736499,0.23805559248400265,0.1825303479354925,0.13037237870766272,-0.14049944718911317,0.16447491544215675
2025-08-21,0.3473965904292484,-0.09240573738736499,0.23780591258286815,0.18830614248689037,0.13402020075551524,-0.14049944718911317,0.15909044794235805
2025-08-22,0.3807983436465887,-0.09240573738736499,0.2581265460640086,0.1846618704708114,0.13127810356447972,-0.14049944718911317,0.19613647317577731
2025-08-25,0.3958165601921597,-0.09240573738736499,0.26572739682898794,0.19428761534762184,0.13693152077235554,-0.14049944718911317,0.20152894484453787
2025-08-26,0.3905227730802605,-0.09240573738736499,0.2619473128601596,0.19181252312938812,0.13499570326014534,-0.14049944718911317,0.1987102499508724
2025-08-27,0.3844056432512224,-0.09240573738736499,0.2576725168228038,0.17180436894762718,0.12129238385300642,-0.14049944718911317,0.2126012743035952
2025-08-28,0.41601582388641023,-0.09240573738736499,0.2762952490006139,0.17372963379809314,0.12234018620867089,-0.14049944718911317,0.2422861900883171
2025-08-29,0.4017107553571988,-0.09240573738736499,0.26710874624129677,0.16877944936162548,0.11876526916202883,-0.14049944718911317,0.23293130599557332
2025-09-02,0.40316300120551607,-0.09240573738736499,0.2657984157259703,0.17668618707282335,0.12307100241693192,-0.14049944718911317,0.22647681413269272
2025-09-03,0.39625346262702643,-0.09240573738736499,0.2611215510033834,0.1643790922929258,0.11463513719945526,-0.14049944718911317,0.23187437033410063
2025-09-04,0.3714319306546541,-0.09240573738736499,0.2456652785484824,0.16693008270418153,0.11610240599712864,-0.14049944718911317,0.20450184795047255
2025-09-05,0.37216566098750725,-0.09240573738736499,0.25260624990026,0.15675964231037076,0.11236529264851786,-0.14049944718911317,0.2154060186771365
2025-09-08,0.37552470195796617,-0.09240573738736499,0.2531077405003332,0.15785809182188903,0.11242361896811645,-0.14049944718911317,0.21766661013607713
2025-09-09,0.3741040415082193,-0.09240573738736499,0.25171587452576205,0.16259630917383183,0.11541326044861483,-0.14049944718911317,0.21150773233438747
2025-09-10,0.3791496682415456,-0.09240573738736499,0.2542824365864996,0.16081075180085458,0.11396777477765195,-0.14049944718911317,0.21833891644069103
2025-09-11,0.40288254719762584,-0.09240573738736499,0.2681446898629195,0.16438128963004917,0.11614878722772554,-0.14049944718911317,0.23850125756757667
2025-09-12,0.40533720522099514,-0.09240573738736499,0.2690714088273499,0.15627849373232117,0.11044079414017022,-0.14049944718911317,0.24905871148867398
2025-09-15,0.40493891419927586,-0.09240573738736499,0.2671887957055436,0.14810762165688374,0.10426344056906597,-0.14049944718911317,0.2568312925423921
2025-09-16,0.4100934651869257,-0.09240573738736499,0.2697149891357909,0.14405593524963956,0.1013187767742156,-0.14049944718911317,0.26603752993728613
2025-09-17,0.4124322604542212,-0.09240573738736499,0.2705549738785059,0.14748916688989433,0.10342747813327183,-0.14049944718911317,0.2649430935643269
2025-09-18,0.4091917899961992,-0.09240573738736499,0.26808740655087565,0.12599670990349665,0.08870142192371526,-0.14049944718911317,0.28319508009270256
2025-09-19,0.40826766079329446,-0.09240573738736499,0.266998342782066,0.13224529533377716,0.09275330936368335,-0.14049944718911317,0.2760223654595173
2025-09-22,0.4250337332464229,-0.09240573738736499,0.2752105062385408,0.124417111813929,0.0869294476573888,-0.14049944718911317,0.3006166214324939
2025-09-23,0.43079887672836326,-0.09240573738736499,0.27801215920546807,0.1325885608061268,0.09224545373104504,-0.14049944718911317,0.29821031592223646
2025-09-24,0.4457037107266115,-0.09240573738736499,0.2860717286580582,0.13155876438907832,0.09137328315757325,-0.14049944718911317,0.3141449463375332
2025-09-25,0.444292461960486,-0.09240573738736499,0.2846865631765393,0.12297539683006109,0.08544575813171333,-0.14049944718911317,0.3213170651304249
2025-09-26,0.43981692356742363,-0.09240573738736499,0.2815442889816117,0.12338731539688053,0.08555264742480079,-0.14049944718911317,0.3164296081705431
2025-09-29,0.44931647105174344,-0.09240573738736499,0.2852867722454021,0.12297539683006109,0.08477388814259405,-0.14049944718911317,0.32634107422168235
2025-09-30,0.45709553129561065,-0.09240573738736499,0.28913513971354343,0.11452933545998367,0.07898278888789821,-0.14049944718911317,0.342566195835627
2025-10-09,0.4712584767380188,-0.09240573738736499,0.29978523139143237,0.11279782092265345,0.07871778694333764,-0.14049944718911317,0.35846065581536535
2025-10-10,0.43440640811779496,-0.09240573738736499,0.2781850647070547,0.1204643636965037,0.08371650973622732,-0.14049944718911317,0.31394204442129126
2025-10-13,0.45771821899907783,-0.09240573738736499,0.2897763561616945,0.12683052738470724,0.0874607594129092,-0.14049944718911317,0.3308876916143706
2025-10-14,0.44944363316455727,-0.09240573738736499,0.28452659894285365,0.1459980345883165,0.09993417482291253,-0.14049944718911317,0.30344559857624076
2025-10-15,0.46360721856985054,-0.09240573738736499,0.29194306439199685,0.15147446521791919,0.10331967510976497,-0.14049944718911317,0.31213275335193136
2025-10-16,0.46509417372078565,-0.09240573738736499,0.2922004426460112,0.15792804934885507,0.1073159350721308,-0.14049944718911317,0.3071661243719306
2025-10-17,0.45749693966550753,-0.09240573738736499,0.2873715132074089,0.15470096971614145,0.10501288156934241,-0.14049944718911317,0.3027959699493661
2025-10-20,0.4570246357809933,-0.09240573738736499,0.28542060521747004,0.15511276601217117,0.10466683424496429,-0.14049944718911317,0.3019118697688221
2025-10-21,0.47258498421533823,-0.09240573738736499,0.2934928913126453,0.15847730278839212,0.10662897600341498,-0.14049944718911317,0.3141076814269461
2025-10-22,0.4631770531295085,-0.09240573738736499,0.2877194081218324,0.1652742422108502,0.11077588257313789,-0.14049944718911317,0.29790281091865833
2025-10-23,0.46405977608794124,-0.09240573738736499,0.28764684209542,0.17083579274521843,0.11410512108970212,-0.14049944718911317,0.2932239833427228
2025-10-24,0.48236924254390146,-0.09240573738736499,0.29714588505639794,0.16493088691932822,0.11012997885496256,-0.14049944718911317,0.31743835562457323
2025-10-27,0.4931207704802123,-0.09240573738736499,0.3012562003626475,0.16575505464587925,0.11001819676366352,-0.14049944718911317,0.32736571583433305
2025-10-28,0.48193403524062806,-0.09240573738736499,0.29461377682039935,0.16438163347979118,0.10893959122691835,-0.14049944718911317,0.3175524017608369
2025-10-29,0.48481354620426,-0.09240573738736499,0.2956051373550814,0.15525022315567827,0.10295508688968859,-0.14049944718911317,0.3295633230485817
2025-10-30,0.47133949384327223,-0.09240573738736499,0.2877359200797231,0.15655462818276722,0.10358408250086532,-0.14049944718911317,0.314784865660505
2025-10-31,0.46163324378107196,-0.09240573738736499,0.28190850558345815,0.15600537474323017,0.10304013334548379,-0.14049944718911317,0.3056278690378418
2025-11-03,0.46359634343142253,-0.09240573738736499,0.28135500280140757,0.17042399644918893,0.11147254528608447,-0.14049944718911317,0.2931723469822336
2025-11-04,0.45990572373475014,-0.09240573738736499,0.278824176454704,0.18237011497549416,0.1186659478729879,-0.14049944718911317,0.277535608759256
2025-11-05,0.4468694374862363,-0.09240573738736499,0.2783509261826732,0.17713096883333712,0.11842380267918759,-0.14049944718911317,0.2697384686528992
2025-11-06,0.4563119657676671,-0.09240573738736499,0.28303555932895913,0.17678856238170493,0.11797815636121206,-0.14049944718911317,0.27952340338596215
2025-11-07,0.449768078441968,-0.09240573738736499,0.27887629515323675,0.17706225850859503,0.11792382932387566,-0.14049944718911317,0.27270581993337295
2025-11-10,0.4610586193041515,-0.09240573738736499,0.2834530915915478,0.18727719345361016,0.12364998264827246,-0.14049944718911317,0.2737814258505413
2025-11-11,0.4586227781326966,-0.09240573738736499,0.28157822762538004,0.19036171444849792,0.12533647048806712,-0.14049944718911317,0.26826106368419866
2025-11-12,0.4588297636949259,-0.09240573738736499,0.2811505179257487,0.1985880580782644,0.13020044476848047,-0.14049944718911317,0.2602417056166615
2025-11-13,0.4619734184790443,-0.09240573738736499,0.282320810625777,0.19701172871146944,0.12897783092991025,-0.14049944718911317,0.26496168976757484
2025-11-14,0.4479071137652222,-0.09240573738736499,0.2741295916202952,0.19303569125305065,0.12627580125646343,-0.14049944718911317,0.25487142251217154
2025-11-17,0.4353689258664253,-0.09240573738736499,0.26574409105778585,0.18432894793612786,0.12019152976844093,-0.14049944718911317,0.2510399779302974
2025-11-18,0.42848169258400004,-0.09240573738736499,0.2614834974297043,0.17644558334403304,0.11509202899138424,-0.14049944718911317,0.252036109239967
2025-11-19,0.43330901270286404,-0.09240573738736499,0.2636165892056096,0.17918769788728883,0.11656891230743406,-0.14049944718911317,0.2541213148155752
2025-11-20,0.4245213824259939,-0.09240573738736499,0.25833721379238866,0.18398654148449567,0.11930223043797022,-0.14049944718911317,0.24053484094149824
2025-11-21,0.406543478777331,-0.09240573738736499,0.24802818843465324,0.17096135425752212,0.11106034369026421,-0.14049944718911317,0.23558212451980887
2025-11-24,0.4127848233628195,-0.09240573738736499,0.25002994536800954,0.1639002232181761,0.1060915205182641,-0.14049944718911317,0.24888460014464342
2025-11-25,0.4245386358167107,-0.09240573738736499,0.25592411346437277,0.17068708554459255,0.11006337251900099,-0.14049944718911317,0.25385155027211814
2025-11-26,0.4289465237292558,-0.09240573738736499,0.25781779611466193,0.16438005031929293,0.10599114995176381,-0.14049944718911317,0.26456647340996287
2025-11-28,0.4364896602726034,-0.09240573738736499,0.2608899018556241,0.16479116709566743,0.10584933522541667,-0.14049944718911317,0.27169849317693595
2025-12-01,0.4437072328773657,-0.09240573738736499,0.2632621091330541,0.17226398749742744,0.10980030123735908,-0.14049944718911317,0.27144324537993825
2025-12-02,0.4400620519080458,-0.09240573738736499,0.2608467262723232,0.17137247103389663,0.10905864826126856,-0.14049944718911317,0.2686895808741492
2025-12-03,0.4333806737873791,-0.09240573738736499,0.25682996277656533,0.16595695227212803,0.10558239473740817,-0.14049944718911317,0.26742372151525107
2025-12-04,0.43695195655045804,-0.09240573738736499,0.25824192878177293,0.1608689527249636,0.1023076694386071,-0.14049944718911317,0.27608300382549444
2025-12-05,0.4250060504257922,-0.09240573738736499,0.2578692540719108,0.15055694785982987,0.09847618186403044,-0.14049944718911317,0.27444910256596233
2025-12-08,0.4310270242221723,-0.09240573738736499,0.25966061283023234,0.14781712860618268,0.09622119437625788,-0.14049944718911317,0.28320989561598964
2025-12-09,0.42696059741196946,-0.09240573738736499,0.25699233260710974,0.14206310886611662,0.09246265773986342,-0.14049944718911317,0.28489748854585284
2025-12-10,0.42477191977431317,-0.09240573738736499,0.2553383538381911,0.13699418654925055,0.08913350440338637,-0.14049944718911317,0.2877777332250626
2025-12-11,0.41831532872237887,-0.09240573738736499,0.2513977635262995,0.13514482281401752,0.08781588296890118,-0.14049944718911317,0.28317050590836135
2025-12-12,0.42067762152976496,-0.09240573738736499,0.2521967837869572,0.13103480871397033,0.08509304603004439,-0.14049944718911317,0.2896428128157946
2025-12-15,0.4143328494707543,-0.09240573738736499,0.24741110021905047,0.13487101202039886,0.0869985700708827,-0.14049944718911317,0.27946183745035547
2025-12-16,0.4031489462863622,-0.09240573738736499,0.24097227564762214,0.12952827890991392,0.08353336530829214,-0.14049944718911317,0.2736206673764483
2025-12-17,0.40874144086328545,-0.09240573738736499,0.24351755421504268,0.13035028172992358,0.08388805059734936,-0.14049944718911317,0.2783911591333619
2025-12-18,0.4148349387975845,-0.09240573738736499,0.24631168416149116,0.14096729525248852,0.09026438841023457,-0.14049944718911317,0.27386764354509596
2025-12-19,0.41718270970591953,-0.09240573738736499,0.24710345586345267,0.13952864770768336,0.0892181644910151,-0.14049944718911317,0.27765406199823617
2025-12-22,0.4287082561977289,-0.09240573738736499,0.2518037959417262,0.1332954590787847,0.08492627234756023,-0.14049944718911317,0.2954127971189442
2025-12-23,0.4373717673710913,-0.09240573738736499,0.25586633669933184,0.13521327551242224,0.08594162558269118,-0.14049944718911317,0.30215849185866905
2025-12-24,0.44203754577188725,-0.09240573738736499,0.25782334559139886,0.13589837293562246,0.08620239313359396,-0.14049944718911317,0.3061391728362648
2025-12-26,0.4387949247737526,-0.09240573738736499,0.2552085193795895,0.13562456214200358,0.08572448570566964,-0.14049944718911317,0.303170362631749
2025-12-29,0.43917410794796985,-0.09240573738736499,0.2540192191600882,0.1363096595652038,0.08567455592274861,-0.14049944718911317,0.30286444838276605
2025-12-30,0.4365064441856683,-0.09240573738736499,0.2521888000863235,0.13487101202039886,0.0846547940432566,-0.14049944718911317,0.30163543216526945
2025-12-31,0.42759270593454346,-0.09240573738736499,0.24714671295626953,0.13521327551242224,0.08470861776660707,-0.14049944718911317,0.2923794304221212
2026-01-05,0.43602786168872454,-0.09240573738736499,0.25538917953959106,0.13073204910613145,0.08344927414465758,-0.14049944718911317,0.3052958125825931
2026-01-06,0.4482405025009124,-0.09240573738736499,0.2612486045534324,0.1317566646463375,0.08392360619559397,-0.14049944718911317,0.3164838378545749
2026-01-07,0.451445332490489,-0.09240573738736499,0.2624244643786216,0.12615766951625407,0.08035133637945814,-0.14049944718911317,0.32528766297423495
2026-01-08,0.44828430371160843,-0.09240573738736499,0.2603233588414808,0.11937826269834129,0.07605671964110639,-0.14049944718911317,0.32890604101326715
2026-01-09,0.4566751837774268,-0.09240573738736499,0.2641523471198464,0.11978935983239714,0.07617072304936709,-0.14049944718911317,0.33688582394502964
2026-01-12,0.4702235233843277,-0.09240573738736499,0.2695950143023452,0.12163844403703128,0.076884323027979,-0.14049944718911317,0.34858507934729643
2026-01-13,0.4594129040484589,-0.09240573738736499,0.26364074856220326,0.12451498677726613,0.07849047144353329,-0.14049944718911317,0.3348979172711928
2026-01-14,0.46153051102313625,-0.09240573738736499,0.2642385553014227,0.11369454630549902,0.07178413084002955,-0.14049944718911317,0.3478359647176372
2026-01-15,0.4610842253925207,-0.09240573738736499,0.2635392082590359,0.11095503594328271,0.06998939203450436,-0.14049944718911317,0.350129189449238
2026-01-16,0.46437258235869416,-0.09240573738736499,0.2647233750404037,0.10239420821112666,0.064648653552341,-0.14049944718911317,0.3619783741475675
2026-01-20,0.4596463924426579,-0.09240573738736499,0.26047535985176146,0.11828257227327033,0.0737790781826736,-0.14049944718911317,0.3413638201693876
2026-01-21,0.48053179046659134,-0.09240573738736499,0.2704019830959701,0.10951648027362593,0.06837847454576292,-0.14049944718911317,0.3710153101929654
2026-01-22,0.48219204751200073,-0.09240573738736499,0.27074233011531496,0.11081800356526395,0.0690403277589492,-0.14049944718911317,0.3713740439467368
2026-01-23,0.48879931953487676,-0.09240573738736499,0.27351456039623867,0.10739389991203319,0.066861153875944,-0.14049944718911317,0.3814054196228436
2026-01-26,0.4939459607265948,-0.09240573738736499,0.2745806671384026,0.11259828728134935,0.06961734046896328,-0.14049944718911317,0.38134767344524545
2026-01-27,0.5038914308340803,-0.09240573738736499,0.2789276337095986,0.10759916417952176,0.06651459903805093,-0.14049944718911317,0.3962922666545585
2026-01-28,0.5143443984235474,-0.09240573738736499,0.28348178837149557,0.10985934551821197,0.06774446773210319,-0.14049944718911317,0.40448505290533543
2026-01-29,0.5190439414575743,-0.09240573738736499,0.2852403337101677,0.12485728342277347,0.07649731862465892,-0.14049944718911317,0.3941866580348008
2026-01-30,0.4983179257899861,-0.09240573738736499,0.27477134775625045,0.12376159299770295,0.07571956963369306,-0.14049944718911317,0.3745563327922832
2026-02-02,0.44708455420156956,-0.09240573738736499,0.24841354267109958,0.11150259685627861,0.06812550013657,-0.14049944718911317,0.33558195734529095
2026-02-03,0.46067444893243437,-0.09240573738736499,0.25463764828631824,0.10890011887208106,0.06647465746535888,-0.14049944718911317,0.3517743300603533
2026-02-04,0.4653821077587692,-0.09240573738736499,0.2564871004532032,0.12417269013175902,0.0753039984262367,-0.14049944718911317,0.3412094176270102
2026-02-05,0.44201266053827126,-0.09240573738736499,0.25048162564680043,0.1329180392360232,0.08232651467056766,-0.14049944718911317,0.3090946213022481
2026-02-06,0.44093852391376265,-0.09240573738736499,0.24950209319622915,0.12935747498695416,0.08007041840370768,-0.14049944718911317,0.3115810489268085
2026-02-09,0.4616206796598641,-0.09240573738736499,0.2584365809397203,0.1345611585862383,0.08271522952846523,-0.14049944718911317,0.3270595210736258
2026-02-10,0.4650822505305916,-0.09240573738736499,0.259685893743264,0.13750562392751697,0.08429812118217934,-0.14049944718911317,0.3275766266030746
2026-02-11,0.4632716736054159,-0.09240573738736499,0.25834272781384043,0.14003916773416125,0.08563223164426975,-0.14049944718911317,0.3232325058712546
2026-02-12,0.45881858372046946,-0.09240573738736499,0.25570637961533066,0.1303844954293789,0.07983343796928447,-0.14049944718911317,0.32843408829109055
2026-02-13,0.4494152547912025,-0.09240573738736499,0.2506394644924923,0.1194970585206927,0.07329415884802108,-0.14049944718911317,0.3299181962705098
2026-02-24,0.46236016398474566,-0.09240573738736499,0.25214957491931095,0.12538598920325028,0.0753144422771459,-0.14049944718911317,0.3369741747814954
2026-02-25,0.4671816556558488,-0.09240573738736499,0.25402629381365444,0.12360514029039216,0.07415992515604847,-0.14049944718911317,0.34357651536545664
2026-02-26,0.46574568573144304,-0.09240573738736499,0.2529059898921638,0.12168826217986184,0.07292986151420497,-0.14049944718911317,0.3440574235515812
2026-02-27,0.46489332832579944,-0.09240573738736499,0.2520674909318692,0.12490648628145595,0.07465400872768917,-0.14049944718911317,0.3399868420443435
2026-03-02,0.47634654313879277,-0.09240573738736499,0.25620443265203535,0.13497208012087292,0.08000244977665943,-0.14049944718911317,0.34137446301791985
2026-03-03,0.45347223945443216,-0.09240573738736499,0.2449295453226757,0.1453119995089287,0.08570468975852846,-0.14049944718911317,0.30816023994550346
2026-03-04,0.44367828083101535,-0.09240573738736499,0.23984484491418265,0.13216477755391343,0.07814309342011581,-0.14049944718911317,0.3115135032771019
2026-03-05,0.43861777993312545,-0.09240573738736499,0.2425269159495133,0.13082456694626532,0.07919923946556498,-0.14049944718911317,0.30779321298686013
2026-03-06,0.43489981918394394,-0.09240573738736499,0.24029641026451734,0.1358230424700999,0.08195007250315775,-0.14049944718911317,0.29907677671384403
2026-03-09,0.43209624718037,-0.09240573738736499,0.2376999586527088,0.1363705806548836,0.08184223491246861,-0.14049944718911317,0.2957256665254864
2026-03-10,0.44016815919957897,-0.09240573738736499,0.24120501082305754,0.13322096471888378,0.07989667205117872,-0.14049944718911317,0.3069471944806952
2026-03-11,0.4405165271198024,-0.09240573738736499,0.24096153711514962,0.14431355719100614,0.08609141548400095,-0.14049944718911317,0.29620296992879624
2026-03-12,0.432830829067268,-0.09240573738736499,0.2368404322083065,0.1499279425408615,0.08912680204793647,-0.14049944718911317,0.2829028865264065
2026-03-13,0.42505181607143405,-0.09240573738736499,0.23267391251213404,0.15157168720498482,0.08990289718250406,-0.14049944718911317,0.27348012886644923
2026-03-16,0.4302328745295625,-0.09240573738736499,0.23398747613798399,0.1521192253897683,0.08975273397555845,-0.14049944718911317,0.2781136491397942
2026-03-17,0.42491534094652694,-0.09240573738736499,0.23103479298111426,0.15492641806469587,0.09117220695105,-0.14049944718911317,0.2699889228818311
2026-03-18,0.42353423325508466,-0.09240573738736499,0.22998060120469216,0.15122926394391278,0.08895126904115334,-0.14049944718911317,0.2723049693111719
2026-03-19,0.40172608152101796,-0.09240573738736499,0.21906294112900468,0.147805596388078,0.08688619568251525,-0.14049944718911317,0.25392048513293997
2026-03-20,0.3852760303681291,-0.09240573738736499,0.2106875680629175,0.14458704375595488,0.08493886414452931,-0.14049944718911317,0.2406889866121742
2026-03-23,0.33263413916337226,-0.12271521396236601,0.18367412221568818,0.10863938200202061,0.06424916263906366,-0.14049944718911317,0.22399475716135164
2026-03-24,0.35862660674150804,-0.12271521396236601,0.1962500608151724,0.12897570735843056,0.07564181777529631,-0.14049944718911317,0.22965089938307748
2026-03-25,0.3786251327966663,-0.12271521396236601,0.20569925227311095,0.13595978575257428,0.07942407487097972,-0.14049944718911317,0.24266534704409204
2026-03-26,0.36079548703188435,-0.12271521396236601,0.19665897380260958,0.13541224756779058,0.07898615581504295,-0.14049944718911317,0.22538323946409378
2026-03-27,0.357056610038605,-0.12271521396236601,0.19450045505687924,0.1315088484135234,0.07667851719769289,-0.14049944718911317,0.2255477616250816
2026-03-30,0.3595456133154309,-0.12271521396236601,0.19474658391727973,0.1406842096565739,0.08137788146428745,-0.14049944718911317,0.21886140365885698
2026-03-31,0.3639144719121221,-0.12271521396236601,0.19654649649011285,0.14383439064745973,0.08297793312772163,-0.14049944718911317,0.22008008126466239
2026-04-01,0.3845296300553216,-0.12271521396236601,0.20615460368700647,0.14431355719100614,0.08310386607562119,-0.14049944718911317,0.24021607286431546
2026-04-02,0.3725436337259278,-0.12271521396236601,0.20006165349297397,0.14883286617129432,0.08544060387812547,-0.14049944718911317,0.22371076755463348
2026-04-07,0.3611829930927717,-0.12271521396236601,0.19742067599180835,0.12626016440463395,0.07419415345742321,-0.14049944718911317,0.23492282868813774
2026-04-08,0.4001174589899448,-0.12271521396236601,0.2159541536738017,0.13561410472438262,0.07931043723043059,-0.14049944718911317,0.26450335426556215
2026-04-09,0.39261940009216767,-0.12271521396236601,0.21199831094266686,0.12767041091832687,0.07473713934598143,-0.14049944718911317,0.2649489891738408
2026-04-10,0.40079694185413617,-0.12271521396236601,0.21556177764880352,0.12678020337072993,0.0741142731354606,-0.14049944718911317,0.27401673848340624
2026-04-13,0.4046089969733213,-0.12271521396236601,0.21630360387700268,0.12315063563552808,0.07172095192168111,-0.14049944718911317,0.28145836133779323
2026-04-14,0.42168740283170636,-0.12271521396236601,0.22400153475432638,0.12760223679601101,0.07408027068199154,-0.14049944718911317,0.29408516603569534
2026-04-15,0.4311622094176213,-0.12271521396236601,0.22806365691274152,0.13403933884113384,0.07752267923965757,-0.14049944718911317,0.29712287057648745
2026-04-16,0.4364753185950674,-0.12271521396236601,0.23015993019888503,0.1330116562039081,0.07682746879364963,-0.14049944718911317,0.3034636623911593
2026-04-17,0.43965601791641595,-0.12271521396236601,0.23125579569064864,0.13088924365213783,0.07553012201655719,-0.14049944718911317,0.3087667742642781
2026-04-20,0.44820724057538985,-0.12271521396236601,0.2340530225428877,0.13499772051104664,0.07741197012540205,-0.14049944718911317,0.3132095200643432
2026-04-21,0.44275435646636074,-0.12271521396236601,0.23116964316775268,0.14081843834283347,0.08046260751661206,-0.14049944718911317,0.30193591812352727
2026-04-22,0.4528469774156274,-0.12271521396236601,0.23540906300068853,0.13629922648253312,0.0778691066432476,-0.14049944718911317,0.3165477509330943
2026-04-23,0.44601296245862887,-0.12271521396236601,0.23190746611553642,0.14287324019478653,0.08131507711230193,-0.14049944718911317,0.30313972226384234
2026-04-24,0.4577126910779583,-0.12271521396236601,0.23685369263673717,0.14184612098005922,0.08062615675924409,-0.14049944718911317,0.3158665700978991
2026-04-27,0.4702584535536998,-0.12271521396236601,0.24135002644111114,0.13328604296066748,0.07560524205465241,-0.14049944718911317,0.3369724105930323
2026-04-28,0.4600823592913865,-0.12271521396236601,0.23639005548027275,0.1373945198195765,0.07770379463397417,-0.14049944718911317,0.32268783947181
2026-04-29,0.4607292854166234,-0.12271521396236601,0.2362992258934862,0.1407502642205174,0.07938495771745707,-0.14049944718911317,0.319979021196106
2026-04-30,0.4826005005696692,-0.12271521396236601,0.2456772996805551,0.13273783286964735,0.07494305151695464,-0.14049944718911317,0.34986266770002183
2026-05-06,0.506340462048271,-0.12271521396236601,0.2591815958075932,0.12459916923233294,0.07153357661957768,-0.14049944718911317,0.38174129281593805
2026-05-07,0.5133566580922462,-0.12271521396236601,0.2618569366136769,0.12050156980687121,0.06916472602023487,-0.14049944718911317,0.39285508828537496
2026-05-08,0.5089540971088606,-0.12271521396236601,0.2594946495412254,0.12015996272464458,0.06886420144811738,-0.14049944718911317,0.38879413438421606
2026-05-11,0.5289479048748955,-0.12271521396236601,0.2669659644013307,0.12009141656669775,0.06849135668902777,-0.14049944718911317,0.40885648830819776
2026-05-12,0.5292727134591355,-0.12271521396236601,0.2666769282191422,0.11926942452508915,0.0679313713994826,-0.14049944718911317,0.41000328893404636
2026-05-13,0.5447340074880715,-0.12271521396236601,0.2729165895514549,0.12015996272464458,0.06830705169749851,-0.14049944718911317,0.42457404476342697
2026-05-14,0.5364152312701773,-0.12271521396236601,0.26890237812396034,0.11810470169374643,0.06707730313728603,-0.14049944718911317,0.4183105295764309
2026-05-15,0.5160651075670546,-0.12271521396236601,0.25967694285050286,0.11152876536087897,0.06338298931474705,-0.14049944718911317,0.4045363422061756
2026-05-18,0.512901882922838,-0.12271521396236601,0.2570651390835029,0.10522701365979903,0.05964271293009829,-0.14049944718911317,0.407674869263039
2026-05-19,0.5289517028044417,-0.12271521396236601,0.26356475677322466,0.11187149615061331,0.06316253049396209,-0.14049944718911317,0.4170802066538284
2026-05-20,0.5463381572497528,-0.12271521396236601,0.27055833505237814,0.10830934335239228,0.061128208794155196,-0.14049944718911317,0.4380288138973605
2026-05-21,0.5270553749063578,-0.12271521396236601,0.2619158102241907,0.10310376832470802,0.05820156429593337,-0.14049944718911317,0.42395160658164976
2026-05-22,0.5352736978767534,-0.12271521396236601,0.26500385000965254,0.09995289247416772,0.056394224513514606,-0.14049944718911317,0.43532080540258566
2026-05-26,0.5614628710094531,-0.12271521396236601,0.2743355594495525,0.10145978424149105,0.05685144094409032,-0.14049944718911317,0.4600030867679621
2026-05-27,0.5440350098136433,-0.12271521396236601,0.26660676849907844,0.09529456300255079,0.053426203335807027,-0.14049944718911317,0.4487404468110925
2026-05-28,0.5483185034803566,-0.12271521396236601,0.26798318081056294,0.09043115691084713,0.050705023854311686,-0.14049944718911317,0.45788734656950947
2026-05-29,0.5384787922437206,-0.12271521396236601,0.2634371204462441,0.11022751206739656,0.06128632111190061,-0.14049944718911317,0.4282512801763241
2026-06-01,0.5213687011413362,-0.12271521396236601,0.25501508519653054,0.12509191497429506,0.06887267258621169,-0.14049944718911317,0.3962767861670411
2026-06-02,0.5337836274293741,-0.12271521396236601,0.25982763010297977,0.12385864598500551,0.06811517374228955,-0.14049944718911317,0.4099249814443686
2026-06-03,0.5376954068854847,-0.12271521396236601,0.2610550284441664,0.11536510279088752,0.06352836871904115,-0.14049944718911317,0.42233030409459715
2026-06-04,0.5356349692550901,-0.12271521396236601,0.2597896715304396,0.10279081578391769,0.05675997412443237,-0.14049944718911317,0.43284415347117244
2026-06-05,0.49005459333173373,-0.12271521396236601,0.2452759502121131,0.10300275186238705,0.05811862222537082,-0.14049944718911317,0.3870518414693467
2026-06-08,0.47265312022212047,-0.12271521396236601,0.2365787704242079,0.10601914988957617,0.05947214154025544,-0.14049944718911317,0.3666339703325443
2026-06-09,0.48907137345374285,-0.12271521396236601,0.24330950490678205,0.10684149813449118,0.05982103136878938,-0.14049944718911317,0.3822298753192517
2026-06-10,0.4788336064985761,-0.12271521396236601,0.23851200575995538,0.11369664243378463,0.06340593188796469,-0.14049944718911317,0.36513696406479146
2026-06-11,0.48679035825251504,-0.12271521396236601,0.24156598194586373,0.10457905947295298,0.058415421210370654,-0.14049944718911317,0.38221129877956206
2026-06-12,0.4939103392216071,-0.12271521396236601,0.24423882312778955,0.11410809683853418,0.06342526853180795,-0.14049944718911317,0.3798022423830729
2026-06-15,0.5284084890770229,-0.12271521396236601,0.2576599348176675,0.10409921618894002,0.05779136267567132,-0.14049944718911317,0.42430927288808284
2026-06-16,0.5196587938034756,-0.12271521396236601,0.25359404401949676,0.08901778661757742,0.04960501211456085,-0.14049944718911317,0.43064100718589815
2026-06-17,0.5353868271850002,-0.12271521396236601,0.2597656508889939,0.08387684881654556,0.046752445581677196,-0.14049944718911317,0.45150997836845463
2026-06-18,0.550862672893742,-0.12271521396236601,0.2657641782352189,0.060020341245252906,0.03369079364945035,-0.14049944718911317,0.4908423316484891
2026-06-22,0.557651191916303,-0.12271521396236601,0.2668990070127672,0.06159720942040314,0.03434069542886802,-0.14049944718911317,0.4960539824958998
2026-06-23,0.539594453478693,-0.12271521396236601,0.2590949120681043,0.0666703189067559,0.0370430350603402,-0.14049944718911317,0.47292413457193705
2026-06-24,0.5477376760787485,-0.12271521396236601,0.26203261606963935,0.048092648024190776,0.026860450895598825,-0.14049944718911317,0.4996450280545577
2026-06-25,0.5610243348035695,-0.12271521396236601,0.2670375538800264,0.03746714633205661,0.020975324492775366,-0.14096011111286771,0.5235571884715129
2026-06-26,0.5486548590952527,-0.12271521396236601,0.2616016768492608,0.032942269008980674,0.018444420661839316,-0.14470678408134255,0.515712590086272
2026-06-29,0.5837151370933311,-0.12271521396236601,0.2745050325448541,0.039592246670483666,0.022010915072893076,-0.14470678408134255,0.5441228904228474
2026-06-30,0.5999374140853857,-0.12271521396236601,0.280522813001403,0.020945626344070822,0.01170735596368016,-0.1546402018462501,0.5789917877413149
2026-07-01,0.581425011123518,-0.12271521396236601,0.272756461238698,0.03033732538654088,0.016871493095915163,-0.1546402018462501,0.5510876857369771
2026-07-02,0.5402256042504814,-0.12271521396236601,0.25580099368266945,0.0376723129698473,0.02086178478014945,-0.1546402018462501,0.5025532912806341
2026-07-06,0.5466976891646398,-0.12271521396236601,0.2620682185383552,0.058065780963791,0.03246002872421411,-0.1546402018462501,0.4886319082008488
2026-07-07,0.5405357345597879,-0.12271521396236601,0.259147076371367,0.05320485957341203,0.02975006250183229,-0.1546402018462501,0.48733087498637584
2026-07-08,0.5503786979136465,-0.12271521396236601,0.26276291303273547,0.06354250490276092,0.035339382279366484,-0.1546402018462501,0.48683619301088554
2026-07-09,0.5932537463231846,-0.12271521396236601,0.2795939825878163,0.05365271597238741,0.029902281414093658,-0.1546402018462501,0.5396010303507972
2026-07-10,0.5627103458741047,-0.12271521396236601,0.26694481373627554,0.0570866549115312,0.031726242161428685,-0.1546402018462501,0.5056236909625735
2026-07-13,0.5441192687104777,-0.12271521396236601,0.25823122970759604,0.07377658343984672,0.0405615930255872,-0.1546402018462501,0.47034268527063094
2026-07-14,0.55269473083231,-0.12271521396236601,0.26129818794123616,0.08222427476551974,0.04499749499039539,-0.1546402018462501,0.4704704560667903
2026-07-15,0.5329899097944015,-0.12271521396236601,0.2529412081024004,0.09424362087302107,0.051272281632725986,-0.1546402018462501,0.43874628892138046
2026-07-16,0.5027588651306256,-0.12271521396236601,0.2402114276400457,0.08552105768247698,0.04660216654219057,-0.1546402018462501,0.41723780744814865
2026-07-17,0.4649560916725204,-0.12271521396236601,0.22416429467133045,0.08861182665590572,0.04815845444208838,-0.1546402018462501,0.37634426501661467
2026-07-20,0.47322748536595505,-0.12271521396236601,0.22659050331668124,0.11539811787862253,0.061833577031213185,-0.1546402018462501,0.3578293674873325
2026-07-21,0.5237383465688139,-0.12271521396236601,0.2469240071612141,0.1020738301886066,0.05487047904382152,-0.1546402018462501,0.4216645163802073
2026-07-22,0.5190809568600816,-0.12271521396236601,0.24467065619495704,0.10880455204470763,0.05825962894727346,-0.1546402018462501,0.410276404815374
2026-07-23,0.49597982163711096,-0.12271521396236601,0.23491866983612034,0.1129253907357799,0.06028605170503191,-0.1546402018462501,0.38305443090133107
2026-07-24,0.4888636260581465,-0.12271521396236601,0.23165725805566217,0.10447769941010687,0.055859340026192875,-0.1546402018462501,0.3843859266480396
2026-07-27,0.4964767430729726,-0.12271521396236601,0.2337150518322862,0.10804879437143655,0.05743402831009575,-0.1546402018462501,0.3884279487015361
2026-07-28,0.46584243117874746,-0.12271521396236601,0.22084709699064922,0.11656534361845194,0.0616811363884437,-0.1546402018462501,0.3492770875602955
2026-07-29,0.4571444004424958,-0.12271521396236601,0.21693209345348416,0.1251507507868097,0.06592483715182734,-0.1546402018462501,0.3319936496556861
2026-07-30,0.4519861814983146,-0.12271521396236601,0.21447793516784033,0.14245872114571156,0.07447821083417865,-0.1546402018462501,0.30952746035260303
2026-07-31,0.4633181647393856,-0.12271521396236601,0.21882529611869403,0.13833788245463952,0.07231886421604616,-0.1546402018462501,0.32498028228474607
2026-08-03,0.44667990623445664,-0.12271521396236601,0.21102115395121707,0.1396428240371539,0.07264139284680825,-0.1546402018462501,0.30703708219730275
2026-08-04,0.46327226192926285,-0.12271521396236601,0.21751090969596273,0.11663420153979431,0.06107211867946088,-0.1546402018462501,0.34663806038946854
2026-08-05,0.47000980492208866,-0.12271521396236601,0.22435772783316602,0.10161052238348645,0.054606399374945366,-0.1546402018462501,0.3683992825386022
2026-08-06,0.4780466164199606,-0.12271521396236601,0.22733081087477494,0.10291655360540108,0.055198010904714975,-0.1546402018462501,0.3751300628145595
2026-08-07,0.4914348496245906,-0.12271521396236601,0.23246478089758518,0.09721034790315275,0.05216704757321444,-0.1546402018462501,0.39422450172143786
2026-08-10,0.4944902133443698,-0.12271521396236601,0.23266366158491725,0.1016792314683006,0.05422957253132165,-0.1546402018462501,0.3928109818760692
2026-08-11,0.4873526775858661,-0.12271521396236601,0.22942526959830692,0.10222890414681385,0.05442965482086189,-0.1546402018462501,0.38512377343905224
2026-08-12,0.4970883477276393,-0.12271521396236601,0.23302033736695102,0.0976918701072973,0.05202170793063379,-0.1546402018462501,0.399396477620342
2026-08-13,0.4952503170688194,-0.12271521396236601,0.23193380184729478,0.09666011661419383,0.051414290765725325,-0.1546402018462501,0.39859020045462557
2026-08-14,0.4914066924579139,-0.12271521396236601,0.23004128972869187,0.09301685928770698,0.04946804283500258,-0.1546402018462501,0.39838983317020693
2026-08-17,0.5124014622522317,-0.12271521396236601,0.23740648750048596,0.09494183088339447,0.050229956729314955,-0.1546402018462501,0.41745963136883724
2026-08-18,0.5108801537376064,-0.12271521396236601,0.23645273443776296,0.09947886492291103,0.05246482541003494,-0.1546402018462501,0.4114012888146954
2026-08-19,0.48336567693384636,-0.12271521396236601,0.22512131361190174,0.11199118029487964,0.058708862070545396,-0.1546402018462501,0.3713744966389667
2026-08-20,0.4860742503467288,-0.12271521396236601,0.22587660015900599,0.11831576776045538,0.061791344614006496,-0.1546402018462501,0.3677584825862734
2026-08-21,0.48882938198391446,-0.12271521396236601,0.22664672933845215,0.11240343480376458,0.058741248074620035,-0.1546402018462501,0.3764259471801499
2026-08-24,0.4837422082508751,-0.12271521396236601,0.22362442259677176,0.12367842803863272,0.06408698007376416,-0.1546402018462501,0.3600637802122424
2026-08-25,0.4830257076128275,-0.12271521396236601,0.22301197167813552,0.12223442003664431,0.06327791704446506,-0.1546402018462501,0.3607912875761832
2026-08-26,0.4922701504109459,-0.12271521396236601,0.22635705287898047,0.12587823597357706,0.06498358495711573,-0.1546402018462501,0.36639191443736885
2026-08-27,0.5073412612274102,-0.12271521396236601,0.23196526987683216,0.11969106667762963,0.06183517760416033,-0.1546402018462501,0.38765019454978056
2026-08-28,0.4962572081477996,-0.12271521396236601,0.22727113041708788,0.12120322515398652,0.062490532100051635,-0.1546402018462501,0.3750539829938131
2026-08-31,0.5007936152603749,-0.12271521396236601,0.22806079017075337,0.12972817916495205,0.06639019470073092,-0.1546402018462501,0.37106543609542286
2026-09-01,0.49220245441634725,-0.12271521396236601,0.22436408427164592,0.1423773540961033,0.0724324167720269,-0.1546402018462501,0.34982510032024394
2026-09-02,0.4795909815264723,-0.12271521396236601,0.21907771894781083,0.13625889388497026,0.0693682117550942,-0.1546402018462501,0.343332087641502
2026-09-03,0.4848048013812243,-0.12271521396236601,0.2208134861231404,0.13501766147475003,0.06866633888295931,-0.1546402018462501,0.34978713990647425
2026-09-04,0.48128936117330534,-0.12271521396236601,0.21911369655186402,0.13998203250518393,0.07096304344807754,-0.1546402018462501,0.3413073286681214
2026-09-08,0.4692518694009835,-0.12271521396236601,0.2173189062290103,0.1366470056038449,0.07044267754015796,-0.1546402018462501,0.3326048637971386
2026-09-09,0.46705955120661247,-0.12271521396236601,0.21612599377111746,0.14008528625338545,0.07201963495750992,-0.1546402018462501,0.326974264953227
2026-09-10,0.46565764896186423,-0.12271521396236601,0.21525151836719522,0.14400488162768332,0.07382201184612924,-0.1546402018462501,0.3216527673341809
2026-09-11,0.4572766786188738,-0.12271521396236601,0.21158557863277075,0.13403375632857029,0.06885593562057805,-0.1546402018462501,0.3232429222903035
2026-09-14,0.4493338452415494,-0.12271521396236601,0.2074891009447946,0.13802242927910657,0.0704925813193853,-0.1546402018462501,0.31131141596244283
2026-09-15,0.4473289614300153,-0.12271521396236601,0.20638601044295032,0.12922005200376785,0.06611005560600625,-0.1546402018462501,0.3181089094262475
2026-09-16,0.4621864570937384,-0.12271521396236601,0.21201192393610974,0.12131234075616137,0.06215190713595868,-0.1546402018462501,0.340874116337577
2026-09-17,0.46302987461850553,-0.12271521396236601,0.2120408340567431,0.11725459022938667,0.06007419880834468,-0.1546402018462501,0.34577528438911886
2026-09-18,0.479169751238506,-0.12271521396236601,0.21809655532114366,0.11629196077987158,0.05951517858378972,-0.1546402018462501,0.36287779045863444
2026-09-21,0.488581345783339,-0.12271521396236601,0.22082761562557637,0.1184924158293994,0.0603291797193694,-0.1546402018462501,0.3700889299539396
2026-09-22,0.49116383017721454,-0.12271521396236601,0.22151365879465412,0.11883668955613569,0.060409309783507545,-0.1546402018462501,0.37232714062107886
2026-09-23,0.4859265561180246,-0.12271521396236601,0.21916651680050236,0.11402298523133347,0.05798023545381781,-0.1546402018462501,0.3719035708866911
