date,策略净值,恒生ETF_净值,纳指ETF_净值,日经ETF_净值,德国ETF_净值,标普500ETF_净值,黄金ETF_净值
2019-06-12,998927.62387886,998927.62387886,998927.62387886,998927.62387886,998927.62387886,998927.62387886,998927.62387886
2019-06-13,1001657.9870788602,999944.0077999693,1005345.2315495318,998927.62387886,1000854.1959596294,1003289.0478511642,1001586.9876077427
2019-06-14,1000803.8121788601,992287.635385376,1000487.0425651915,999127.4094036358,994111.193676937,1001835.2398603963,1016971.7143490525
2019-06-17,999995.98897886,996488.4312874521,1007684.3595790289,999127.4094036358,989294.7634750138,1002696.7557067772,1004684.0810016878
2019-06-18,1010172.1823788601,1006312.187665628,1023338.5240841254,999127.4094036358,1007597.1982423218,1012496.498459362,1012157.5795398116
2019-06-19,1013829.2968788601,1031990.3738398178,1026817.2273074802,999127.4094036358,1002780.7680403985,1014757.9775561123,1007511.9394488938
2019-06-20,1023272.5547788601,1045404.9669481493,1035513.9853658673,999327.1949284115,1007597.1982423218,1023050.0675775303,1028754.7550478935
2019-06-21,1021078.54907886,1038968.5128773971,1028976.4224116316,999227.3021660236,1005670.6261615525,1016804.0776912675,1036833.586462957
2019-06-24,1022594.37237886,1040256.0613300572,1028376.6459938117,998528.0528293086,1008560.4842827063,1015511.8039216959,1044340.9622460349
2019-06-25,1020125.0803788601,1032058.0039486369,1009783.5770413982,998028.5890173691,1007597.1982423218,1006896.645457885,1066391.4826852514
2019-06-26,1018920.18187886,1035106.5116156909,1016980.8940552357,998228.3745421448,1007597.1982423218,1007435.0928618731,1048178.8974967353
2019-06-27,1024031.1250788601,1050960.2973154301,1022318.9041738318,1000625.8008394542,1011450.3424038603,1012550.3431997608,1046293.361363116
2019-06-28,1025986.6901788601,1046895.4057272666,1023338.5240841254,998727.8383540843,1021083.2028077065,1017773.2830184462,1048111.1430068272
2019-06-30,1025900.7219788601,1046895.4057272666,1023158.5911587797,998727.8383540843,1021083.2028077065,1017719.4382780474,1048078.1572683197
2019-07-01,1029541.7061788599,1047234.2003676365,1035154.1195151753,1014011.4309994307,1029752.7771711681,1025042.3229722865,1025286.7949723474
2019-07-02,1030464.8211788599,1059158.3546968505,1036713.5382015067,1009116.6856424244,1020119.9167673219,1024988.4782318877,1032491.0585637323
2019-07-03,1040592.34237886,1062478.0268954553,1046130.0279612775,1011414.2191773457,1028789.4911307837,1035057.4446864665,1059928.060950622
2019-07-04,1040089.83277886,1061597.5472882583,1046969.7149462252,1016109.1790095766,1030716.063211553,1035057.4446864665,1049962.801895493
2019-07-05,1038995.90197886,1061394.0128655266,1044570.609274946,1015809.5007224127,1025899.6330096297,1033980.54987849,1052286.0676941748
2019-07-08,1031385.7205788601,1046421.3508692589,1039352.5544399138,1002923.3343743755,1021083.2028077065,1031719.0707817397,1046764.9682731322
2019-07-09,1027375.2387788601,1037274.539675548,1044510.6316331641,999626.8732155751,1011450.3424038603,1032903.6550705138,1038180.6527030981
2019-07-10,1028749.00037886,1039578.4720493177,1054646.8530943184,998627.9455916964,1004707.3401211678,1037641.9922256097,1037002.0811812805
2019-07-11,1032777.9233788601,1044320.9529182208,1051108.1722291817,1005320.7606716848,1003744.0540807834,1037318.9237832169,1054877.6769331498
2019-07-12,1033485.5733788601,1045269.706730511,1057225.8916909436,1005120.9751469089,1002780.7680403985,1041895.7267171164,1048482.0096884285
2019-07-15,1035701.3933788601,1047301.8304764555,1060104.8184964787,1005120.9751469089,1009523.7703230912,1042218.7951595092,1049828.1844221235
2019-07-16,1035614.9601788601,1050418.612348603,1055186.6518703564,1005420.6534340726,1012413.628444245,1039203.4896971754,1051040.6331888954
2019-07-17,1031128.07337886,1052721.9006260983,1051288.1051545276,1000426.0153146784,1002780.7680403985,1034088.2393592878,1045620.2739962682
2019-07-18,1027787.57257886,1047166.5702588174,1052907.501482641,981446.39046098,994111.193676937,1036888.1658600263,1054979.3086680116
2019-07-19,1032820.21017886,1056448.6416701665,1042711.3023797047,1004821.2968597453,997001.0517980908,1028649.9205790074,1067973.906627178
2019-07-22,1031938.77957886,1045066.1723077794,1054167.0319600627,1000226.2297899026,997964.3378384755,1033334.4129937044,1061240.3584393635
2019-07-23,1038130.93797886,1048250.584288746,1061544.281899246,1009716.0422167516,1013376.9144846296,1041195.7450919318,1054575.456247903
2019-07-24,1041196.50957886,1050892.667206611,1069041.4871219934,1010814.8626030185,1011450.3424038603,1046687.908612611,1058211.0195353262
2019-07-25,1035774.55877886,1051096.2016293427,1056806.0481984697,1012812.7178507762,996037.7657577062,1039418.8686587707,1058514.131727019
2019-07-26,1037066.96557886,1044592.1174497716,1068801.5765548656,1003622.5837110906,1001817.482000014,1047818.6481609863,1055720.1505247669
2019-07-29,1034245.9933788601,1033819.607259305,1065382.8509732927,1002124.1922752724,1000854.1959596294,1046472.5296510158,1056662.4728383536
2019-07-30,1031551.40177886,1035445.3062560606,1061064.4607649902,1005720.3317212362,981588.4751519366,1044372.5847754619,1061105.740965994
2019-07-31,1025467.53217886,1021081.9593354389,1048109.2901400828,999526.9804531873,985441.6193134752,1032742.1208493173,1065987.630265143
2019-08-01,1019399.06317886,1013900.2858751278,1043131.1458721786,999427.0876907994,984478.3332730907,1024880.78875109,1050265.9140871859
2019-08-02,1010089.5389788599,991948.8407450062,1029696.1541130153,990137.0607887261,955579.7520615518,1018419.419903232,1075009.6755002392
2019-08-05,997729.37657886,965932.5040267211,996048.697073325,984143.4950454528,944020.3195769362,991173.9812614303,1105980.6094396906
2019-08-06,1007810.4617788602,963899.7361845023,1016681.0058463259,992834.165373199,953653.1799807826,1010611.9325454034,1109650.0499720676
2019-08-07,1015684.35657886,969455.7106480575,1024598.054561547,989537.7042143987,962322.7543442441,1015619.4934024935,1133652.9695283656
2019-08-08,1029921.5195788601,974130.5614081416,1047869.379572955,998428.1600669207,980625.1891115522,1035595.8920904546,1143718.9688119106
2019-08-09,1025402.38517886,968574.5869445862,1039352.5544399138,1004022.1547606423,967139.1845461674,1030049.8838293765,1143988.2037586493
2019-08-12,1020216.29977886,964509.6953564228,1028916.4447698497,1004022.1547606423,969065.7566269366,1018850.1778264224,1136514.7052205256
2019-08-13,1029238.45537886,945539.127784536,1053147.412049769,1000226.2297899026,975808.758909629,1035542.047350056,1165870.2294795425
2019-08-14,1010471.7279788599,945810.2923160867,1020999.3960546283,999726.765977963,953653.1799807826,1005173.6137651228,1138029.3746725442
2019-08-15,1009768.41637886,954482.4045555152,1019260.0444429509,989937.2752639502,941130.4614557823,1007165.869159879,1147893.0019928117
2019-08-16,1018958.59397886,963696.845858045,1035513.9853658673,991036.095650217,950763.3218596287,1022457.7754331433,1151562.4425251887
2019-08-19,1029110.46077886,984699.5371758762,1051528.0157216557,995231.5916705083,962322.7543442441,1035380.5131288595,1146782.1849609015
2019-08-20,1026223.9543788602,983751.4274598603,1045530.2515434579,1000326.1225522906,957506.324142321,1028488.3863578108,1142877.3867267394
2019-08-21,1031165.07357886,985105.9619250651,1054406.9425271908,999826.6587403509,970992.3287077058,1036780.4763792288,1140857.2331197502
2019-08-22,1028989.18197886,977585.4938243844,1051288.1051545276,997728.9107302055,966175.8985057826,1036995.855340824,1145166.7752804672
2019-08-23,1019991.34297886,984090.2221002302,1020099.7314278987,1005620.4389588484,957506.324142321,1011419.6036513858,1142405.779816723
2019-08-26,1027444.89797886,964848.4899967927,1033894.5890377539,998328.2673045327,964249.3264250134,1022457.7754331433,1182601.130954548
2019-08-27,1030765.39377886,967084.1481654688,1035513.9853658673,1003722.4764734785,972918.9007884752,1022242.3964715481,1184722.0247899527
2019-08-28,1033533.8097788601,964509.6953564228,1038932.71094744,1009216.5784048123,970992.3287077058,1029403.7469445907,1189603.9140891016
2019-08-29,1041576.32497886,969252.1762253259,1054706.8307361004,1006419.5810579516,982551.7611923214,1042811.0873038963,1195259.6309835138
2019-08-30,1041154.7363788601,969658.6009745146,1053267.367333333,1014810.5730985339,987368.1913942444,1043511.0689290807,1179268.6798588177
2019-09-02,1038882.9079788601,966610.0933074609,1052967.4791244231,1013012.503375552,982551.7611923214,1043511.0689290807,1175531.4848365327
2019-09-03,1035718.1147788599,962951.6264684862,1041751.6601111932,1013711.7527122671,977735.3309903982,1036349.7184560382,1182870.365901287
2019-09-04,1049202.32237886,1000485.6927667966,1056266.2494224322,1017607.5704453946,986404.90535386,1047549.4244589922,1188559.9600406531
2019-09-05,1059420.6987788603,1000146.8981264266,1075519.0724344472,1030993.2006053715,997964.3378384755,1060795.2305971012,1192263.277817984
2019-09-06,1056553.7425788601,1006989.7769463678,1073839.698464552,1031093.0933677594,1004707.3401211678,1061925.9701454763,1161359.2068619945
2019-09-09,1056456.1863788601,1006650.9823059979,1071140.704584363,1035488.3749128262,1004707.3401211678,1061710.591183881,1159473.6707283752
2019-09-10,1054639.5143788601,1006854.5167287295,1068981.5094802114,1036287.5170119295,1010487.0563634756,1061925.9701454763,1143348.1021303094
2019-09-11,1062937.42657886,1024469.9057391371,1079117.730941366,1041681.7261808752,1017230.0586461681,1069571.9232821085,1145738.2309124533
2019-09-12,1065827.3263788603,1023318.2616003895,1082836.3447318487,1048774.1123104151,1019156.6307269374,1072856.4524464363,1147994.6337276734
2019-09-16,1062333.11737886,1023318.2616003895,1070960.7716590168,1048774.1123104151,1018193.3446865525,1066072.0151561853,1146715.3219774398
2019-09-17,1061499.71397886,1013155.0664855692,1076478.7147029587,1053369.1793802578,1011450.3424038603,1069894.9917245014,1144291.3159503422
2019-09-18,1062912.0637788603,1010716.5179904359,1076598.6699865228,1052370.2517563791,1019156.6307269374,1070164.2154264953,1148129.2512010427
2019-09-19,1061667.11597886,999672.8432684187,1078038.1333892904,1055466.9273904036,1022046.4888480912,1070271.9049072932,1143752.8460568644
2019-09-20,1060491.4495788603,998182.4044893013,1067422.0907938802,1058663.4957868159,1023973.0609288603,1064941.2756078101,1149071.5735146296
2019-09-23,1058505.14597886,989035.5932955904,1066402.4708835864,1058663.4957868159,1010487.0563634756,1064995.120348209,1160887.5999519783
2019-09-24,1056404.66357886,991678.32030973,1051647.9710052197,1067254.273352174,1006633.9122019372,1055895.359220809,1164792.3981861402
2019-09-25,1057209.24617886,978263.0831051241,1064243.2757794352,1064756.9542924769,1000854.1959596294,1062249.0385878694,1172265.8967242641
2019-09-26,1054068.27637886,981921.5499440986,1059385.086795095,1063857.9194309858,1002780.7680403985,1059772.1805295236,1155838.107440952
2019-09-27,1049725.84077886,978330.7132139432,1047329.5807969171,1061560.3858960646,1006633.9122019372,1054280.0170088443,1149273.053971461
2019-09-30,1051284.94685706,983209.0983967588,1056086.316497086,1053069.5010930942,1010487.0563634756,1059502.9568275297,1146512.9500141626
2019-10-08,1039257.60345706,975417.4657645273,1035873.8512165591,1052669.9300435428,976772.0449500136,1029834.5048677813,1144829.7858438205
2019-10-09,1042924.81765706,967151.7782742878,1047389.558438699,1048074.8629736998,986404.90535386,1039526.5581395683,1159507.547973329
2019-10-10,1045445.60695706,969523.3407568767,1054107.0543182807,1050771.967558173,994111.193676937,1046310.9954298194,1152875.6315203763
2019-10-11,1055823.77595706,992355.2654941952,1068021.8672116997,1053968.535954585,1023009.7748884759,1057672.23565397,1146715.3219774398
2019-10-14,1051742.17045706,999536.9389545061,1067182.180226752,1047375.6136369847,1021083.2028077065,1056056.8934420054,1130993.605799483
2019-10-15,1062055.93405706,998452.9249245775,1080737.1272694794,1067254.273352174,1031679.3492519375,1066287.3941177805,1135167.6389803842
2019-10-16,1065433.5889570601,1004821.7488865107,1078158.0886728542,1076744.0857790234,1036495.7794538608,1064725.896646215,1131969.8053580236
2019-10-17,1069104.91205706,1012681.0116275612,1081636.7918962091,1077942.7989276778,1039385.6375750146,1068333.4942529358,1136380.0877471562
2019-10-18,1066114.9562570602,1006448.0919795405,1070061.1070322872,1079241.4048387203,1041312.2096557837,1062679.7965110599,1132710.647214779
2019-10-21,1070973.14675706,1006650.9823059979,1079117.730941366,1083536.7936213994,1052871.6421403992,1069787.3022437035,1133989.9589650126
2019-10-22,1068834.99645706,1008412.585616666,1070360.9952411968,1081239.2600864782,1052871.6421403992,1065748.9467137924,1131902.942374562
2019-10-23,1071235.65335706,1000959.7476248044,1073959.6537481158,1088631.3245031817,1055761.5002615533,1070110.3706860968,1133349.8573366727
2019-10-24,1075248.27765706,1009767.7641781454,1082836.3447318487,1092227.4639491455,1061541.2165038611,1071671.8681576622,1131228.9635012683
2019-10-25,1078755.85135706,1005499.3381672504,1092072.9015662733,1094025.5336721274,1060577.9304634763,1076356.3605723595,1143887.4635302338
2019-10-28,1083049.1958570601,1013968.5600802213,1102988.8323705937,1096922.4237813763,1062504.5025442454,1082440.816237426,1143348.1021303094
2019-10-29,1078581.0401570601,1007532.1060094694,1091773.0133573636,1097321.9948309278,1061541.2165038611,1079317.8212942944,1133417.6118265805
2019-10-30,1076498.59575706,1002653.7208266536,1095731.537714974,1092427.2494739213,1060577.9304634763,1082440.816237426,1130521.9988894667
2019-10-31,1078476.20905706,1011596.9975976327,1095191.7389389365,1095424.0323455578,1059614.6444230918,1078348.6159671156,1132172.1773213008
2019-11-01,1084362.1592570601,1017491.1226052834,1104308.340489797,1096822.5310189885,1064431.0746250148,1087232.9981329206,1142035.8046415683
2019-11-04,1089013.7946570602,1033006.7577609273,1110306.104667995,1094724.7830088427,1079843.6512711688,1090355.9930760518,1139511.0583860553
2019-11-05,1093196.02925706,1037952.1289562876,1110306.104667995,1111306.981565232,1077917.0791903995,1089063.7193064804,1134359.9341401672
2019-11-06,1085266.08025706,1034835.9911804146,1103528.6311466314,1103115.7750494252,1071174.0769077074,1085294.5874785632,1117965.1305953625
2019-11-07,1087925.4328570599,1040526.5817653337,1105987.7144596926,1104314.4881980796,1077917.0791903995,1087556.0665753137,1117494.4151917922
2019-11-08,1082914.55085706,1032396.7985890068,1110246.127026213,1102516.4184750977,1070210.7908673226,1089440.632489272,1102445.786380683
2019-11-11,1076354.50825706,1004889.3789953298,1107787.043713152,1101517.490851219,1064431.0746250148,1087071.463911724,1100830.3767002488
2019-11-12,1080593.68635706,1010309.4491449725,1111745.5680707626,1113204.9440506017,1073100.6489884767,1089656.0114508672,1090495.142469965
2019-11-13,1076639.3449570602,992287.635385376,1111925.5009961086,1105513.2013467343,1067320.932746169,1091055.9747012365,1100695.7592268793
2019-11-14,1073765.1299570599,983886.6876774986,1111985.4786378904,1099020.1717915218,1063467.7885846305,1093048.2300959928,1104297.4452693486
2019-11-15,1079222.34985706,983819.0575686794,1119902.5273531117,1110308.0539413528,1070210.7908673226,1101717.2333002025,1101402.723838681
2019-11-18,1081294.61955706,996691.965710184,1120382.3484873676,1111007.3032780683,1069247.5048269383,1101448.0095982081,1100358.7697902324
2019-11-19,1084179.32445706,1012003.4223468216,1121102.0801887512,1106711.9144953892,1073100.6489884767,1100694.183232625,1105879.8692112751
2019-11-20,1081100.10815706,1005364.0779496123,1115404.204219463,1102416.5257127099,1069247.5048269383,1098109.6356934817,1109650.0499720676
2019-11-21,1077480.00855706,991407.1557781793,1114864.4054434253,1098620.6007419704,1069247.5048269383,1097948.101472285,1109077.7028336357
2019-11-22,1080822.93145706,997911.2399577505,1117143.5558311406,1102316.632950322,1071174.0769077074,1101663.3885598034,1110390.8918288234
2019-11-25,1087325.1093570602,1013561.4912347582,1131718.1227841617,1111007.3032780683,1075027.2210692458,1111301.597091192,1100426.5242801402
2019-11-26,1086639.7971570601,1010106.5588185154,1132437.854485545,1111107.1960404562,1072137.362948092,1112970.7840435554,1100324.8925452786
2019-11-27,1090280.51695706,1011393.4631749011,1140234.9479172025,1114703.3354864197,1076953.7931500152,1117655.2764582522,1102345.0461522671
2019-11-28,1086052.23605706,1007802.6264447455,1138855.462156217,1107111.4855449407,1071174.0769077074,1117655.2764582522,1099382.5702316917
2019-11-29,1080669.18555706,987748.6889392047,1133697.384962967,1101917.0619007705,1071174.0769077074,1112540.0261203647,1102917.3932906995
2019-12-02,1078269.10185706,991271.2514642664,1120082.4602784575,1111606.6598523955,1049981.7840192455,1102309.5254445896,1101705.8360303738
2019-12-03,1076950.84345706,988290.3739060317,1112705.210339274,1108110.4131688194,1056724.7863019377,1094340.5038655645,1107226.0439449702
2019-12-04,1080819.40445706,978127.8228874858,1120082.4602784575,1101417.5980888312,1070210.7908673226,1103547.9544737623,1127828.75791563
2019-12-05,1083671.6932570601,985783.5512058048,1123801.0740689402,1111406.8743276198,1066357.6467057841,1107586.3100036734,1118874.4671704415
2019-12-06,1087831.7100570602,994455.6634452331,1132917.6756198013,1113604.5151001532,1075990.5071096304,1115501.4868422996,1112612.5258926433
2019-12-09,1085479.61245706,994320.403227595,1127999.508993679,1118099.689407608,1066357.6467057841,1112270.8024183707,1104970.5326361961
2019-12-10,1085494.64295706,992152.375167738,1127159.822008731,1118898.8315067112,1064431.0746250148,1111086.2181295967,1108505.3556952036
2019-12-11,1087123.69445706,1000146.8981264266,1133097.608545147,1113804.300624929,1073100.6489884767,1114047.6788515316,1106182.981402968
2019-12-12,1094005.99575706,1013493.8611259391,1139215.3280069088,1116701.1907341776,1080806.9373115536,1121532.0977669673,1112781.0206109667
2019-12-13,1102503.31955706,1038494.4580193891,1140594.8137678944,1133982.6386272819,1089476.511675015,1120347.5134781934,1102917.3932906995
2019-12-16,1102228.76605706,1029822.3457799607,1147552.220214604,1128688.3222207238,1089476.511675015,1124439.7137485032,1110963.2389672552
2019-12-17,1104450.47885706,1043508.1034198429,1148931.7059755896,1131984.7833795242,1081770.2233519382,1125516.6085564797,1109515.4324986981
2019-12-18,1102893.50445706,1045743.761588519,1149471.5047516273,1125791.4321114752,1077917.0791903995,1125193.5401140868,1111300.228403902
2019-12-19,1102260.66015706,1042965.7743567413,1157928.3522428866,1122994.4347646146,1074063.935028861,1131008.772077159,1108910.0996217583
2019-12-20,1105808.68695706,1044592.1174497716,1162246.7424511886,1123194.2202893903,1083696.7954327073,1136393.2461170407,1113319.4905044448
2019-12-23,1106877.90575706,1046760.1455096287,1166505.1550177094,1122794.6492398388,1078880.3652307845,1138816.2594349876,1117292.043228515
2019-12-24,1108325.14665706,1046963.0358360857,1166565.1326594914,1124992.2900123722,1080806.9373115536,1138654.725213791,1120254.5191490906
2019-12-25,1107843.18535706,1045879.0218061573,1165605.4903909795,1121795.72161596,1078880.3652307845,1138654.725213791,1125540.2608683482
2019-12-26,1108511.08365706,1041881.7603268131,1172682.8521212533,1122395.078190287,1075990.5071096304,1139408.5515793746,1129579.6765758798
2019-12-27,1111871.80625706,1056651.5319966234,1172622.8744794712,1121695.828853572,1079843.6512711688,1140539.2911277497,1131801.3106397002
2019-12-30,1108157.3905570603,1058887.8342615743,1163386.3176450466,1113604.5151001532,1080806.9373115536,1132893.3379911177,1131632.8159213767
2019-12-31,1109563.3610899101,1053670.6544383888,1165665.4680327617,1118699.0459819352,1081770.2233519382,1135477.8855302609,1133080.6223899336
2020-01-02,1115674.10128991,1063969.1097708473,1182579.1630152797,1118199.5821699959,1091403.0837557844,1142693.0807437024,1136413.9649921102
2020-01-03,1115724.61468991,1061732.8075058965,1172622.8744794712,1120297.3301801414,1075027.2210692458,1135800.9539726537,1154255.6834990254
2020-01-06,1116097.8196899102,1054687.0383594981,1179820.1914933086,1104913.844772407,1067320.932746169,1140216.2226853569,1178393.2205286927
2020-01-07,1118567.16028991,1059090.7245880314,1179280.3927172709,1117600.2255956687,1076953.7931500152,1136716.3145594336,1167754.874106716
2020-01-08,1116438.32348991,1046692.5154008095,1184018.6264180474,1099819.3138906248,1076953.7931500152,1138600.8804733923,1185294.3719283845
2020-01-09,1119046.87468991,1064849.589378044,1194934.5572223673,1114703.3354864197,1087549.939594246,1146892.9704948103,1149441.5486897842
2020-01-10,1118050.2612899102,1067017.6174379012,1189596.5471037712,1113804.300624929,1083696.7954327073,1141400.806974131,1152505.6563452217
2020-01-13,1119924.58588991,1077180.168456447,1200272.5673409635,1111806.4453771713,1080806.9373115536,1147862.175821989,1148936.9560412602
2020-01-14,1113856.6262899102,1068575.6863258376,1191275.9210736668,1109209.2335550862,1078880.3652307845,1141239.2727529344,1139645.6758594248
2020-01-15,1112138.87828991,1062546.3011005488,1188816.8377606054,1103914.9171485282,1074063.935028861,1141508.4964549285,1146412.2097857469
2020-01-16,1116113.25328991,1067152.8776555392,1198713.148654632,1105812.8796338981,1075990.5071096304,1150285.1891399357,1147994.6337276734
2020-01-17,1119465.56248991,1074266.921007031,1205550.5998177775,1107511.0565944922,1082733.509392323,1155938.8868818113,1145671.3679289916
2020-01-20,1116609.58568991,1061597.5472882583,1201831.986027295,1107211.3783073286,1076953.7931500152,1155938.8868818113,1147119.1743975484
2020-01-21,1109406.2042899102,1030567.5651695194,1200812.3661170013,1094325.211959291,1076953.7931500152,1148131.399523983,1157083.5419462316
2020-01-22,1115450.0078899101,1047640.6251168255,1206210.3538773793,1109608.8046046377,1075990.5071096304,1152600.5129770848,1149240.068232953
2020-01-23,1111195.00968991,1031176.8802451657,1210708.677011028,1099319.8500786854,1067320.932746169,1154377.3894102457,1155838.107440952
2020-02-03,1098213.87788991,980431.1111649812,1204291.069340356,1080939.5817993146,1045165.3538173222,1133970.232799094,1183072.7378645644
2020-02-04,1113060.01248991,1000214.5282352457,1240697.4979020173,1092527.1422363091,1069247.5048269383,1159654.17396933,1176205.4637098263
2020-02-05,1117174.32588991,1004280.0639196835,1245795.5974534857,1096522.8527318246,1083696.7954327073,1173384.5827710282,1168327.2212451478
2020-02-06,1129491.32968991,1033344.9083050227,1259050.656287303,1121296.2578040205,1088513.2256346305,1180169.0200612794,1160652.242250193
2020-02-07,1124702.5762899101,1026840.8241254515,1250054.010020006,1113504.6223377653,1078880.3652307845,1170261.587827897,1168664.2106817947
2020-02-10,1127513.6802899102,1021759.5486161785,1266727.7944353963,1113604.5151001532,1075990.5071096304,1180653.6227248686,1172569.0089159573
2020-02-11,1129995.20668991,1035581.2105699731,1266727.7944353963,1112006.230901947,1082733.509392323,1183184.3255236133,1170650.4870438299
2020-02-12,1133738.62308991,1041881.7603268131,1276324.2171205129,1116801.0834965657,1090439.7977153999,1187868.8179383103,1165567.1172878498
2020-02-13,1133225.5818899102,1038629.7182370272,1274944.7313595274,1112505.6947138864,1086586.6535538612,1187384.215274721,1174050.692629468
2020-02-14,1134030.35308991,1043101.678670654,1279383.076851394,1110008.3756541891,1083696.7954327073,1190668.7444390487,1175195.386906332
2020-02-17,1133749.37648991,1047369.4605852746,1278483.4122246641,1101917.0619007705,1085623.3675134766,1190668.7444390487,1180110.2619439887
2020-02-18,1127347.95148991,1031786.8394170862,1279862.8979856498,1086733.362017812,1077917.0791903995,1186738.0783899352,1186506.8206951562
2020-02-19,1137868.79468991,1038968.5128773971,1294857.3084311446,1097821.4586428672,1085623.3675134766,1195622.46055574,1199365.9096745073
2020-02-20,1133113.48048991,1036597.5944910828,1282921.7577165305,1089130.788315121,1076953.7931500152,1191207.1918430368,1203271.5994151155
2020-02-21,1130092.89608991,1026840.8241254515,1262109.5160181837,1078941.7265515567,1071174.0769077074,1181838.2070136426,1228048.3465666766
2020-02-24,1118742.16388991,1007396.2016955568,1213827.5143836907,1084335.9357205024,1033605.9213327068,1142800.7702245,1251647.413702866
2020-02-25,1096255.5884899101,1010106.5588185154,1181619.520746768,1056166.1767271187,1015303.4865653988,1108070.9126672628,1227172.8872365518
2020-02-26,1094651.69608991,1001298.5422651742,1184798.335761213,1050971.7530829487,1015303.4865653988,1102040.3017425954,1234511.768301306
2020-02-27,1073942.9694899102,1007734.9963359265,1128599.2854114985,1029894.3802191046,985441.6193134752,1054656.9301916363,1232963.2216043335
2020-02-28,1050903.5390899102,981447.4950860906,1132557.8097691094,992035.0232740958,955579.7520615518,1044318.7400350631,1213235.9669637987
2020-03-02,1065112.93228991,984157.8522090493,1183238.9170748815,1020504.4605546434,954616.4660211671,1087448.3770945158,1192128.6603446146
2020-03-03,1051480.79408991,981583.3994000033,1140774.7466932402,998827.7311164722,968102.4705865518,1053256.9669412668,1190747.7168595195
2020-03-04,1071346.42108991,980160.5907297048,1187377.3743578382,1011014.6481277943,981588.4751519366,1097517.3435490946,1211889.7922301034
2020-03-05,1064474.1144899102,998588.8292384902,1148751.7730502435,1013511.9671874914,962322.7543442441,1058964.5094235414,1216804.66726776
2020-03-06,1051867.06808991,974333.4517345987,1128239.4195608066,993932.9857594657,936314.0312538592,1040011.1608031576,1236464.1674183873
2020-03-09,1011116.83008991,932124.5346762046,1050748.3063784898,960768.5886466876,874663.7246692431,960590.168714902,1239932.127493933
2020-03-10,1027237.73128991,946961.9364548344,1108506.7754145358,987340.0634418651,866957.436346166,1009158.1245546354,1218521.708683056
2020-03-11,1006095.82648991,944048.6890054186,1063763.4546451792,945484.996001341,858287.8619827044,963336.2504752417,1228385.3360033238
2020-03-12,953544.87108991,909224.3357337925,965040.2562720419,910023.0653536415,754252.9696211644,872230.9497204426,1216703.9270393446
2020-03-13,954112.6498899099,903059.0461945911,1069461.3306144674,859277.5420605954,757142.8277423183,958651.7580605446,1181860.2890977922
2020-03-16,896707.9186899101,868031.8025965077,936310.9658584739,820718.9357788714,716684.8140461639,844231.6847130578,1145233.638263929
2020-03-17,903271.41408991,875484.6405883695,995808.7865061972,823316.1476009565,732097.390692318,894576.516985952,1098877.9775831676
2020-03-18,883274.61088991,842489.5207362307,963480.8375857105,804835.9865591975,682006.5165923171,851931.4825900886,1123150.1320862044
2020-03-19,879462.5262899101,822570.1993520535,979434.8902997168,794047.5682213058,692602.6630365482,857800.5592935598,1115575.001813219
2020-03-20,880142.43128991,871283.8446862934,946267.2543942825,780262.3670117776,704162.0955211637,827109.0572662338,1128434.982299016
2020-03-23,871089.57348991,825958.1457557518,946567.1426031925,793847.78269653,689712.8049153943,801694.3397979919,1125741.7413251793
2020-03-24,932365.0554899101,864712.130397903,1018660.2680251312,851585.7993567282,769665.5462673184,877507.7342795269,1183948.1971946894
2020-03-25,958652.69048991,894793.3587043517,1004865.4104152761,911721.2423142355,783151.5508327031,884561.3952717719,1204920.8863405038
2020-03-26,961136.70208991,886392.410996474,1057885.6457505454,873562.2070820632,799527.4135192418,938890.7383341787,1201588.4352447733
2020-03-27,960857.6088899099,889102.1240231581,1015961.2741449422,905228.212759023,778335.1206307801,903999.3465557451,1213067.472245475
2020-03-30,972791.1920899099,877042.7094763059,1052847.5238408593,922209.9823649636,798564.1274788573,934637.0038426721,1208051.8569794027
2020-03-31,973680.59820828,898790.6201836959,1050088.552318888,915517.1672849752,805307.1297615496,925052.6400516826,1209028.0565379434
2020-04-01,946198.81670828,876093.9556640156,1005585.1421166598,881054.1642611546,774481.9764692415,883107.5872810038,1194451.0346368505
2020-04-02,951819.7162082801,886731.2056368438,1028976.4224116316,873362.4215572873,772555.4043884723,906476.2046140906,1196336.57077047
2020-04-03,948967.52100828,886324.7808876549,1016321.1399956337,868967.1400122204,762922.5439846261,894361.1380243567,1203069.2274518383
2020-04-07,992337.06450828,923452.4224367762,1081936.680105119,913519.3120372174,821682.9924480884,953051.9050590676,1231482.4293972687
2020-04-08,995320.6467082798,906108.1979579194,1098550.486878727,928703.0119201761,822646.278488473,979381.9831140892,1228317.5815134156
2020-04-09,1001486.20330828,919590.42117507,1100469.7714157503,926305.5856228669,838058.8551346271,994512.355166157,1228889.9286518476
2020-04-10,1004221.3298082801,917219.5027887557,1097710.7998937794,934197.11385151,840948.713255781,994512.355166157,1235017.2524562764
2020-04-13,999939.08290828,916473.6393029224,1109046.5741905735,914218.5613739328,840948.713255781,981320.3937684468,1234310.287844475
2020-04-14,1021552.0318082799,923045.9976875873,1155709.1794969533,950879.2051702868,850581.5736596272,1012873.4116421537,1251075.066564434
2020-04-15,1009648.17950828,912002.32296557,1143233.8300063014,951478.5617446142,822646.278488473,990420.154895847,1241312.1794725822
2020-04-16,1014358.96380828,910714.77451291,1168664.3501218604,939891.0013076194,821682.9924480884,1000435.2766100271,1255282.9769902893
2020-04-17,1020999.4104082801,925010.4913247126,1177720.9740309394,963965.1570430999,844801.8574173196,1027519.1810306321,1227644.494146568
2020-04-20,1016219.0059082801,922233.1481892094,1163266.3623614823,956073.6288144569,847691.7155384735,1007865.8507850638,1228688.4481950165
2020-04-21,1001956.02310828,902991.4160857719,1124100.9622778504,938592.3953965768,815903.2762057806,978574.312008107,1242995.3436429242
2020-04-22,1008640.02600828,908682.6507669655,1159007.9497949618,932399.044128528,829389.2807711654,1002965.9794087713,1239259.0401270853
2020-04-23,1016464.5836082799,911663.5283252003,1155649.201855171,944885.6394270137,834205.7109730885,1002050.6188219914,1256932.2639156773
2020-04-24,1016609.74680828,904955.9097228973,1172982.7403301632,938492.502634189,815903.2762057806,1014973.3565177076,1264642.0116620325
2020-04-27,1029028.8845082801,920810.3395189112,1177960.8845980673,962866.3366568332,842875.2853365502,1028273.0073962155,1262218.0056349349
2020-04-28,1027613.3765082799,932192.1647850237,1157808.3969593225,964464.6208550393,854434.7178211658,1023265.4465391256,1250906.5718461105
2020-04-29,1039580.5880082799,934292.5627360616,1196433.9982669167,969259.4734496579,878516.8688307815,1050295.5062193319,1254407.517660164
2020-04-30,1041954.8102082801,932666.8637393061,1196673.9088340448,989937.2752639502,860214.4340634736,1038449.6633315921,1263766.5523319072
2020-05-06,1028386.34780828,914847.9403061669,1196134.1100580068,966062.9050532455,839022.1411750118,1017288.6803548568,1261544.9182680873
2020-05-07,1033424.96200828,911798.7885428384,1214847.1342939844,973155.2911827854,848655.001578858,1033119.0340321091,1260063.2345545765
2020-05-08,1047035.2707082801,920268.0104558097,1228162.1707695837,995031.8061457324,862141.0061442428,1048626.3192669684,1272115.5102001564
2020-05-11,1048697.35700828,934021.3982045108,1237458.7052457905,1000126.3370275147,855398.0038615505,1048303.2508245755,1264675.8889069862
2020-05-12,1041105.5792082801,922436.0385156667,1215866.754204278,995731.0554824477,854434.7178211658,1028865.2995406026,1263732.6750869534
2020-05-13,1034416.13960828,919455.1609574318,1200812.3661170013,993433.5219475264,836132.2830538579,1010558.0878050046,1264103.5417685541
2020-05-14,1031487.1997082799,906785.7872386591,1213767.5367419086,978149.9293021797,818793.1343269345,1023426.980760322,1272013.8784652944
2020-05-15,1038780.6552082801,905565.8688948179,1220604.9879050541,981746.0687481436,827462.7086903962,1026873.0441458463,1289654.1165153787
2020-05-18,1062054.9156082799,912679.9122463098,1245255.798677448,989437.8114520109,874663.7246692431,1060902.9200778988,1320760.5594346458
2020-05-19,1061205.5403082801,929278.9173356078,1238898.1686485577,1000525.9080770663,881406.7269519354,1048141.7166033792,1301471.0344591734
2020-05-20,1072086.97090828,930701.7260059062,1263968.8229134253,1004122.0475230302,894892.7315173203,1066448.928338977,1315811.807152035
2020-05-21,1062700.44340828,924401.1762490667,1248794.4795425846,1003023.2271367634,885259.871113474,1056649.1855863922,1300157.8454639858
2020-05-22,1051906.00310828,873113.0781057806,1254072.5120193986,995431.3771952841,884296.5850730893,1060526.0068951072,1300090.982480524
2020-05-25,1059563.31130828,878261.9837238726,1258750.768078393,1015010.3586233096,908378.736082705,1060526.0068951072,1297767.7166818422
2020-05-26,1073047.78220828,896080.9071570118,1257431.2599591895,1043679.581428633,918011.5964865512,1078940.9081115026,1303827.285996363
2020-05-27,1073956.3101082803,890118.5079442677,1260849.9855407623,1049573.254409518,934387.4591730899,1091755.9563264211,1293256.694064294
2020-05-28,1081971.1898082802,886188.8765737423,1260909.9631825443,1074146.873956938,949800.035819244,1092563.6274324036,1301234.785250942
2020-05-29,1081023.03640828,880159.4913484534,1278963.23335892,1072648.48252112,939203.8893750131,1098271.169914678,1299653.2528154617
2020-06-01,1093531.85140828,910105.4594372638,1284241.265835734,1081039.4745617025,943057.0335365516,1102363.370184988,1313084.6889332444
2020-06-02,1102343.41280828,919251.6265347,1289039.4771782923,1094225.3191969031,976772.0449500136,1109040.1179944414,1309146.0134541283
2020-06-03,1108811.58690828,931650.4798181965,1293177.934461249,1095024.4612960063,1016266.7726057834,1122770.52679614,1297229.2467883641
2020-06-04,1104426.31340828,933479.7132376839,1282861.7800747484,1094125.4264345153,1015303.4865653988,1118301.4133430384,1286018.5532279552
2020-06-05,1119231.4112082801,948520.6494390453,1307152.72499645,1099020.1717915218,1057688.0723423227,1146839.1257544116,1286052.4304729095
2020-06-08,1118739.24250828,947571.895626755,1315309.6842787992,1107910.6276440436,1051908.3561000149,1159277.2607865382,1273832.5516154522
2020-06-09,1118451.24570828,955905.2132258135,1320887.6049645233,1114303.7644368683,1030716.063211553,1147539.1073795962,1275144.8491041935
2020-06-10,1124335.93990828,956176.3777573643,1336961.6129620937,1122494.970952675,1027826.205090399,1141293.1174933333,1289318.0185851778
2020-06-11,1098661.71020828,933005.0142834014,1269846.631808059,1098620.6007419704,984478.3332730907,1072856.4524464363,1299248.508888907
2020-06-12,1099667.43860828,929685.3420847967,1284061.332910388,1097122.209306152,979661.9030711674,1090786.7509992425,1296791.5171233017
2020-06-15,1087221.90780828,910105.4594372638,1298755.8551469732,1054667.7852913004,972918.9007884752,1100640.338492226,1288240.1872917756
2020-06-16,1109278.31970828,930227.6711478983,1318548.476935026,1100019.0994154005,1010487.0563634756,1119162.9291894194,1291573.5298939522
2020-06-17,1111282.62620828,936664.1252186503,1324906.106963916,1096922.4237813763,1011450.3424038603,1116793.7606118713,1294569.8830594816
2020-06-18,1110057.3092082802,936528.2209047378,1329104.5418886545,1097621.6731180914,1001817.482000014,1117709.1211986514,1292481.9749625847
2020-06-19,1112219.57140828,943777.5244738678,1328744.6760379623,1101617.383613607,1001817.482000014,1111140.0628699954,1295108.3529529597
2020-06-22,1114844.16210828,939780.2629945234,1343439.1982745472,1100118.9921777884,992184.6215961677,1118193.7238622406,1305645.0676400745
2020-06-23,1122320.77900828,952991.9657763976,1350156.6941541291,1100318.7777025641,1018193.3446865525,1119862.910814604,1307732.0842305254
2020-06-24,1113537.69850828,946352.6213791883,1320887.6049645233,1103415.4533365888,986404.90535386,1089225.2535276767,1315879.561641943
2020-06-29,1106924.45130828,930972.890537457,1320107.8956213575,1076244.6219670838,993147.9076365522,1094178.969644368,1316350.277045513
2020-06-30,1114916.3510642801,935918.9058290918,1345418.4604533527,1083736.5791461752,1000854.1959596294,1110709.3049468051,1318404.307897456
2020-07-01,1116304.3808642803,934834.8917991632,1359633.1615556818,1070450.8417485866,994111.193676937,1114855.3499575139,1328368.675446139
2020-07-02,1122840.04776428,963764.475966864,1365151.1045996237,1075944.9436799202,1022046.4888480912,1118032.189641044,1312647.850774628
2020-07-03,1126699.85226428,973724.1366589527,1366530.5903606093,1082437.9732351326,1014340.2005250141,1118032.189641044,1317595.7115507927
2020-07-06,1144634.51546428,1011529.3674888136,1401317.6225941568,1102316.632950322,1032642.6352923221,1137039.3830018265,1315610.3266952038
2020-07-07,1135378.1332642802,994794.458085603,1383684.1959102552,1091728.0001372062,1023973.0609288603,1119001.3949682228,1317225.7363756378
2020-07-08,1136680.7655642803,998521.1991296711,1400178.0474002992,1080540.010749763,1009523.7703230912,1126108.9007008667,1323588.4178818518
2020-07-09,1140765.32586428,1000350.4325491582,1408874.8054586865,1086433.6837306481,1011450.3424038603,1117978.344900645,1332206.6106968396
2020-07-10,1134587.79476428,979821.796089335,1416551.9436067797,1074746.2305312655,1017230.0586461681,1127455.0192108373,1324665.357668808
2020-07-13,1138411.0390642802,981447.4950860906,1386683.077999354,1099020.1717915218,1032642.6352923221,1117062.9843138654,1329378.7522496334
2020-07-14,1135576.79326428,971081.4096448132,1398378.7181468403,1087832.1824040785,1027826.205090399,1132570.2695487249,1326550.8938024275
2020-07-15,1142406.9960642802,970742.6150044433,1399818.1815496075,1104314.4881980796,1052871.6421403992,1142693.0807437024,1326820.1287491664
2020-07-16,1134210.90716428,949739.923686612,1388362.4519692496,1098920.279029134,1047091.9258980915,1137470.1409250172,1324733.1121587157
2020-07-17,1133509.9450642802,956244.0078661833,1393400.5738789358,1092127.5711867576,1049981.7840192455,1142962.3044456965,1316888.7469389911
2020-07-20,1140092.19376428,953059.5958852167,1430946.5776344547,1093925.6409097395,1063467.7885846305,1150554.4128419298,1321063.6716263385
2020-07-21,1148211.9154642802,974469.3560485115,1414332.7708608466,1099419.7428410733,1074063.935028861,1151362.083947912,1330792.6814732365
2020-07-22,1151382.1772642802,951027.4721392721,1415892.1895471779,1094325.211959291,1073100.6489884767,1155400.4394778232,1360013.5882588841
2020-07-23,1151896.2964642802,960986.4887350864,1382904.4865670893,1093026.6060482487,1077917.0791903995,1144631.4913980598,1367250.8375887766
2020-07-24,1149720.8867642803,940119.0576348933,1370729.0252853478,1098520.7079795823,1061541.2165038611,1137847.054107809,1384454.2374802444
2020-07-27,1162777.1290642803,937544.6048258473,1396759.3218187266,1104714.0592476313,1066357.6467057841,1147754.4863411915,1414045.1194410466
2020-07-28,1160998.07166428,942151.8254771122,1375827.124836816,1108410.091455983,1075027.2210692458,1138223.9672906008,1408793.2549667428
2020-07-29,1165184.4266642802,947368.3612040234,1394540.1490727933,1099519.6356034612,1071174.0769077074,1153515.873563865,1414886.7015262179
2020-07-30,1154624.32906428,939780.2629945234,1400298.0026838635,1096522.8527318246,1040348.9236153993,1148400.6232259772,1398323.4032630897
2020-07-31,1158508.7946642803,934834.8917991632,1424109.1264713092,1068652.7720256045,1040348.9236153993,1156208.1105838057,1420980.1480856922
2020-08-03,1164043.8634642803,931108.150755095,1445821.0327963855,1081139.3673240903,1061541.2165038611,1166600.1454807774,1416738.3604148831
2020-08-04,1169815.40476428,947571.895626755,1447200.5185573709,1096522.8527318246,1053834.928180784,1167784.7297695512,1418050.6579036245
2020-08-05,1183570.78876428,952585.5410272088,1449899.5124375601,1094724.7830088427,1062504.5025442454,1174138.4091366117,1455957.5119941677
2020-08-06,1183913.6688642802,941745.4007279233,1462074.9737193016,1085934.2199187088,1057688.0723423227,1176292.1987525646,1467403.5632563618
2020-08-07,1182192.0688642801,926162.1354634602,1445101.3010950019,1081938.5094231933,1064431.0746250148,1176722.956675755,1477468.6710334604
2020-08-10,1177862.2752642801,923858.8471859652,1443601.8600504522,1082238.187710357,1060577.9304634763,1183938.1518891966,1463700.2454790305
2020-08-11,1175940.22736428,944048.6890054186,1417751.4964424192,1102915.9895246495,1078880.3652307845,1175699.9066081773,1434243.980991598
2020-08-12,1158002.1088642802,955905.2132258135,1451458.9311238914,1099219.9573162976,1086586.6535538612,1190184.1417754593,1347995.1898582582
2020-08-13,1164276.0006642803,952720.8012448468,1451099.0652731995,1114004.0861497046,1083696.7954327073,1185230.425658768,1366308.51527519
2020-08-14,1166390.19456428,950756.3076077214,1448759.9372437026,1113304.8368129896,1077917.0791903995,1184530.4440335834,1378630.0258675087
2020-08-17,1173014.2985642802,956515.172397734,1463094.5936295954,1108909.5552679226,1080806.9373115536,1187061.146832328,1393139.293278694
2020-08-18,1183912.0752642802,956989.2272557421,1476709.5183141048,1111306.981565232,1079843.6512711688,1189322.6259290786,1424077.2414796373
2020-08-19,1176649.4174642803,947775.4300494867,1463634.3924056333,1117999.7966452201,1091403.0837557844,1181622.8280520474,1404181.4921207794
2020-08-20,1163154.25766428,934427.8229536997,1486425.896282785,1100818.241514504,1072137.362948092,1187061.146832328,1376306.7600688268
2020-08-21,1165594.0810642804,944658.6481773391,1493383.3027294946,1105313.4158219586,1066357.6467057841,1188299.5758615008,1374422.1154416534
2020-08-24,1174784.8704642802,962206.4070789275,1504659.099384507,1106711.9144953892,1086586.6535538612,1201706.9162208063,1376139.1568569497
2020-08-25,1175214.3755642802,959699.5843787007,1516114.8289648648,1119897.75913059,1084660.081473092,1205906.805971914,1367722.444498793
2020-08-26,1178631.2121642802,958344.4058172214,1545443.8957962529,1112905.265763438,1098146.0860384768,1216352.6856092846,1366308.51527519
2020-08-27,1178764.2708642802,948994.7042970533,1536147.3613200458,1110407.9467037406,1086586.6535538612,1215329.635541707,1382804.05904841
2020-08-28,1177864.5624642803,954753.5690870659,1544364.298244177,1089929.930414224,1079843.6512711688,1223298.6571207321,1384621.8406921218
2020-08-31,1178602.41736428,942151.8254771122,1552641.2128100898,1108110.4131688194,1075990.5071096304,1215652.7039841,1387551.3308741895
2020-09-01,1185353.9117642802,941880.6609455615,1573573.4097920007,1102016.9546631584,1079843.6512711688,1222921.7439379403,1403777.6397006707
2020-09-02,1184606.91536428,938628.6188557758,1586648.535700472,1104913.844772407,1097182.7999980922,1239398.2344999786,1385295.8195654156
2020-09-03,1165825.73336428,931853.3701446537,1503699.457115995,1111207.088802844,1075027.2210692458,1195137.8578921505,1372132.7268879258
2020-09-04,1157538.9198642801,920539.1749873604,1485406.2763724916,1101217.8125640554,1058651.358382707,1185768.8730627561,1373108.926446466
2020-09-07,1156744.99816428,917151.2285836621,1485826.1198649656,1094924.5685336185,1078880.3652307845,1185768.8730627561,1368194.0514088094
2020-09-08,1148306.2797642802,917964.7221783143,1415712.2566218318,1102616.3112374856,1066357.6467057841,1153138.960381073,1372267.3443612952
2020-09-09,1154760.9716642802,913221.5972131368,1458236.404645255,1095523.9251079457,1084660.081473092,1177369.0935605408,1373008.1862180505
2020-09-10,1151495.11276428,906243.4581755577,1425728.5227994225,1100918.1342768918,1083696.7954327073,1155131.2157758295,1381895.6139797773
2020-09-11,1153118.3712642803,914170.3510254273,1417451.6082335096,1109508.9118422498,1085623.3675134766,1156531.1790261986,1378124.5417125386
2020-09-14,1158271.0286642802,918709.9415678731,1441022.8214538272,1117500.3328332808,1085623.3675134766,1171069.2589338792,1375633.6727019795
2020-09-15,1161967.97776428,920945.5997365493,1458896.1587048569,1113904.1933873168,1088513.2256346305,1174946.0802425942,1380683.1652130054
2020-09-16,1155183.7782642802,916067.2145537337,1426688.1650679342,1111806.4453771713,1082733.509392323,1162777.1689124613,1378663.9031124627
2020-09-17,1143530.1107642802,899942.9084187181,1402697.1083551424,1105812.8796338981,1073100.6489884767,1150500.568101531,1369405.608669135
2020-09-18,1142790.31316428,903262.5806173227,1382604.5983581797,1109608.8046046377,1068284.2187865532,1136285.5566362434,1375330.5605102864
2020-09-21,1132955.02476428,884495.5474681676,1388602.3625363775,1112305.9091891106,1023009.7748884759,1123093.5952385329,1374589.718653531
2020-09-22,1127102.2223642801,879210.737536163,1419250.9374869687,1113804.300624929,1023009.7748884759,1139193.172617779,1342574.830665631
2020-09-23,1116433.8970642802,881649.9301275709,1376606.8341799816,1113005.158525826,1023009.7748884759,1114316.9025535258,1326517.0165574735
2020-09-24,1105945.8489642802,866134.9390682015,1385483.5251637145,1097921.351405255,1018193.3446865525,1118301.4133430384,1308304.4313689575
2020-09-25,1115027.34976428,864305.0615524397,1419250.9374869687,1104114.702673304,1008560.4842827063,1137470.1409250172,1323992.2703019602
2020-09-28,1126984.12606428,874738.7771025363,1449299.73601974,1116801.0834965657,1039385.6375750146,1158038.8317573655,1321399.7695565394
2020-09-29,1129720.1742642801,866744.2541438475,1442342.3295730306,1125491.7538243115,1038422.3515346299,1151200.5497267155,1336482.2756126027
2020-09-30,1128553.34096428,872639.0232477727,1452358.5957506213,1105213.5230595707,1038422.3515346299,1159331.1055269367,1334024.3923405511
2020-10-09,1145291.5281642799,893099.3855025024,1485046.4105218,1118099.689407608,1059614.6444230918,1193899.4288629775,1338569.2922030531
2020-10-12,1153438.93296428,904685.3892876211,1517314.3818005044,1106512.1289706132,1057688.0723423227,1201545.38199961,1352708.5844390837
2020-10-13,1151743.4141642798,906785.7872386591,1519653.5098300017,1112705.480238662,1049981.7840192455,1196860.8895849127,1345739.6785494841
2020-10-14,1147949.16656428,909427.8701565242,1510896.7741298326,1116900.9762589536,1049018.4979788607,1192068.707689418,1332947.452553595
2020-10-15,1137821.97736428,889440.918663528,1498001.581146707,1113304.8368129896,1022046.4888480912,1188514.954823096,1331331.1513667146
2020-10-16,1140815.44856428,897503.7158273102,1490684.3088493056,1107111.4855449407,1033605.9213327068,1187653.438976715,1336717.6333143879
2020-10-19,1136085.05216428,899265.3191379784,1457036.8518096155,1112006.230901947,1024936.3469692452,1162992.5478740565,1338030.822309575
2020-10-20,1131856.79936428,898994.1546064276,1460335.6221076245,1105712.9868715103,1019156.6307269374,1166977.0586635692,1327291.7356591825
2020-10-21,1133632.3197642802,903669.0053665116,1456197.1648246679,1105912.772396286,1007597.1982423218,1162077.1872872766,1337020.7455060806
2020-10-22,1132408.35496428,902652.6214454022,1450619.2441389437,1104014.809910916,1004707.3401211678,1164230.9769032293,1336717.6333143879
2020-10-23,1134869.63256428,909021.4454073353,1457336.7400185254,1105812.8796338981,1011450.3424038603,1170584.6562702898,1332441.9683986246
2020-10-26,1125289.90496428,909292.609938886,1434665.1914249372,1106012.665158674,977735.3309903982,1149262.139072358,1326450.1535740118
2020-10-27,1128779.5045642802,907462.7324231243,1451638.8640492375,1108210.3059312073,969065.7566269366,1150231.344399537,1336649.8788244799
2020-10-28,1117197.5665642798,906988.6775651164,1397479.0535201104,1113204.9440506017,929571.0289711667,1112916.9393031565,1338569.2922030531
2020-10-29,1115005.78696428,903397.8408349608,1424708.9028891288,1111107.1960404562,931497.601051936,1127293.4849896408,1321467.5240464474
2020-10-30,1100038.2773642798,885782.4518245533,1387642.7202678658,1092227.4639491455,921864.7406480897,1113347.697226347,1313893.2852799078
2020-11-02,1109464.00296428,895742.1125166418,1387162.89913361,1104314.4881980796,935350.7452134745,1123955.111084914,1322847.5760250965
2020-11-03,1120681.10096428,913289.8714182305,1409354.6265929423,1101117.9198016676,956543.0381019365,1142423.8570417084,1328368.675446139
2020-11-04,1133467.93976428,908615.0206581464,1468132.7155392817,1118998.724269099,979661.9030711674,1164392.5111244258,1331937.3757501005
2020-11-05,1152935.56216428,939847.8931033426,1509457.3107270652,1144471.3786780098,1000854.1959596294,1189430.315409876,1331129.6709098835
2020-11-06,1153239.2441642801,932192.1647850237,1497581.7376542336,1149565.9095597921,991221.335555783,1178607.5225897136,1346109.6537246387
2020-11-09,1163123.12576428,941270.7017736408,1462494.8172117758,1176536.9554045212,1043238.7817365531,1189430.315409876,1343888.0196608186
2020-11-10,1147864.1653642799,948588.2795478643,1432386.0410372221,1152962.2634809802,1038422.3515346299,1183938.1518891966,1311940.8861628266
2020-11-11,1156242.97696428,947368.3612040234,1468132.7155392817,1177236.2047412368,1045165.3538173222,1196053.2184789304,1310661.5744125932
2020-11-12,1152738.4553642801,947504.265517936,1462854.6830624675,1184328.5908707764,1031679.3492519375,1187168.8363131257,1304433.5103797491
2020-11-13,1157444.0589642802,947571.895626755,1477009.4065230147,1183029.984959734,1036495.7794538608,1204291.4637599494,1309348.3854174057
2020-11-16,1164676.3785642802,952314.3764956581,1481147.863805971,1208802.3176558085,1041312.2096557837,1213929.672291338,1309516.8801357292
2020-11-17,1161528.8741642798,949536.3892638804,1470951.6647030348,1209201.88870536,1037459.0654942453,1203214.568951973,1308809.9155239277
2020-11-18,1155608.43296428,951907.9517464691,1457576.6505856535,1197414.5427435897,1040348.9236153993,1186522.6994283397,1301841.009634328
2020-11-19,1150553.0205642802,943845.7986789613,1465733.6098680026,1192719.582911359,1028789.4911307837,1189322.6259290786,1294636.7460429433
2020-11-20,1153770.4497642799,951366.2667796421,1462314.8842864297,1195316.794733444,1038422.3515346299,1186468.854687941,1296556.1594215166
2020-11-23,1153422.72456428,951772.6915288309,1460335.6221076245,1194118.0815847893,1036495.7794538608,1192014.8629490193,1295175.2159364212
2020-11-24,1155803.25376428,956786.3369292849,1483127.1259847763,1217492.9879835546,1049018.4979788607,1212852.7774833615,1267671.3505660698
2020-11-25,1152432.13816428,958750.8305664102,1490564.3535657418,1219091.2721817608,1051908.3561000149,1209837.472021028,1251478.9189845426
2020-11-26,1157029.9001642799,964644.9555740609,1491164.1299835616,1234374.8648271074,1054798.2142211685,1209837.472021028,1252724.3534898222
2020-11-27,1158857.84256428,967151.7782742878,1502859.7701310473,1239469.3957088895,1057688.0723423227,1212906.6222237602,1248584.197553875
2020-11-30,1146421.80136428,947775.4300494867,1504479.1664591609,1233475.8299656163,1059614.6444230918,1207952.906107069,1224917.3759277775
2020-12-01,1158121.7941642802,957395.652004931,1530029.6418582841,1249758.350234842,1065394.3606653996,1224052.4834863155,1233097.839077703
2020-12-02,1160272.61216428,951840.3216376501,1523432.1012622663,1243265.3206796292,1066357.6467057841,1220660.2648411898,1251075.066564434
2020-12-03,1165888.26216428,958615.5703487721,1524091.855321868,1242566.071342914,1065394.3606653996,1219691.0595140115,1265921.323412266
2020-12-04,1169356.08976428,960918.8586262673,1529309.9101569,1245862.5325017143,1071174.0769077074,1228952.3548626078,1267200.6351624995
2020-12-07,1161687.16856428,946759.0461283772,1533988.1662158945,1228980.6556581615,1064431.0746250148,1223783.2597843215,1264473.5169437088
2020-12-08,1164150.14896428,939102.6737137837,1537406.8917974674,1226383.4438360764,1063467.7885846305,1226475.4968042623,1278713.549408155
2020-12-09,1162679.1949642801,946149.0869564565,1504479.1664591609,1240068.752283217,1067320.932746169,1216568.0645708798,1272013.8784652944
2020-12-10,1159331.44856428,944861.5385037963,1512636.12574151,1238670.2536097865,1063467.7885846305,1217914.1830808504,1261039.434113117
2020-12-11,1157187.98136428,947233.1009863851,1507777.9367571697,1232776.5806289013,1053834.928180784,1215006.5670993142,1261376.4235497639
2020-12-14,1157196.9905642802,942490.620117482,1517194.4265169406,1239669.1812336654,1060577.9304634763,1209029.8009150454,1257841.600490756
2020-12-15,1163689.87736428,937070.5499678394,1535427.6296186622,1238170.7897978472,1074063.935028861,1225990.8941406729,1268681.4273695643
2020-12-16,1170570.28776428,945200.3331441663,1542145.1254982438,1244164.3555411203,1089476.511675015,1226690.8757658575,1274303.2670190225
2020-12-17,1179223.62856428,952788.431353666,1552041.4363922703,1249558.564710066,1101999.2302000155,1233852.2262389003,1284739.2414777218
2020-12-18,1178738.7949642802,945675.0320984486,1549042.554303171,1249558.564710066,1103925.8022807846,1228844.6653818104,1290394.958372134
2020-12-21,1178929.63536428,941406.6060875535,1548442.7778853516,1247360.9239375324,1071174.0769077074,1227983.1495354294,1308842.9012624351
2020-12-22,1170306.52016428,932937.3841745824,1549162.5095867354,1232676.6878665132,1085623.3675134766,1223244.8123803332,1289957.2287070716
2020-12-23,1174438.4213642802,943235.8395070408,1545503.8734380344,1237271.7549363559,1096219.5139577077,1227283.1679102445,1289082.6608833927
2020-12-24,1175192.9341642798,942219.4555859313,1547783.0238257498,1240967.7871447077,1094292.9418769383,1228144.6837566257,1290159.6006703489
2020-12-25,1176537.8777642802,941745.4007279233,1547063.2921243662,1240168.6450456048,1093329.6558365538,1228144.6837566257,1296151.415494962
2020-12-28,1180370.8177642801,937883.3994662171,1563257.2554055,1247360.9239375324,1109705.5185230924,1236436.7737780437,1294232.8936228347
2020-12-29,1189037.7601642802,949739.923686612,1567995.4891062765,1284620.924308214,1112595.3766442463,1237621.3580668175,1290798.8107922426
2020-12-30,1191644.84496428,968913.3815849561,1563797.054181538,1279326.607901656,1110668.804563477,1237029.0659224305,1290058.8604419334
2020-12-31,1193370.0534978802,970336.1902552544,1566675.980987073,1282423.2835356805,1112595.3766442463,1243651.968991485,1289553.376286963
2021-01-04,1199705.13449788,981176.3305545399,1546943.336840802,1276229.9322676316,1111632.0906038617,1228144.6837566257,1315273.337258557
2021-01-05,1197004.03739788,977856.6583559351,1544424.2758859592,1257949.5567506484,1095256.227917323,1225021.6888134943,1325036.2243504087
2021-01-06,1196715.2766978801,977179.0690751955,1518393.9793525802,1256551.058077218,1114521.9487250156,1229113.8890838043,1323958.3930570064
2021-01-07,1201669.0561978803,972233.6978798353,1556839.6477348285,1270835.7230986857,1125118.0951692464,1247636.4797809974,1316552.6490087905
2021-01-08,1208147.4738978802,985038.3318162462,1579571.1739701985,1293311.59463596,1127044.6672500158,1256574.7066872013,1308271.4456304496
2021-01-11,1192374.78359788,987138.729767284,1554920.3631978051,1292012.9887249176,1112595.3766442463,1249251.821992962,1271947.0154818327
2021-01-12,1198678.52889788,1000756.8572983472,1555340.206690279,1295309.4498837178,1108742.2324827078,1250813.3194645278,1281709.9025736845
2021-01-13,1198368.05959788,996149.6366470824,1560258.3733164014,1307196.6886078762,1109705.5185230924,1249574.890435355,1277064.262482767
2021-01-14,1199330.1492978802,1007396.2016955568,1553540.8774368197,1320182.7477183016,1111632.0906038617,1247582.635040599,1268109.0802311322
2021-01-15,1195417.0843978801,1008548.4899305789,1539266.1986927085,1309494.2221427977,1094292.9418769383,1236544.463258841,1273394.8219503898
2021-01-18,1196829.56549788,1021759.5486161785,1544184.365318831,1302002.264963706,1095256.227917323,1236544.463258841,1270735.4582215073
2021-01-19,1209515.48729788,1049944.5574905952,1568175.4220316224,1322280.495728447,1093329.6558365538,1251190.2326473196,1271778.5207635092
2021-01-20,1218777.9076978802,1060513.5332583298,1605121.6493693218,1314388.9674998042,1106815.6604019385,1267774.412690155,1277669.5953597066
2021-01-21,1222575.6028978801,1056855.0664193553,1615857.647248296,1325576.9568872473,1101035.9441596307,1265512.933593405,1286759.395084711
2021-01-22,1215152.64169788,1038765.6225509398,1610519.6371296998,1318384.6779953195,1101035.9441596307,1260128.4595535232,1282180.6179772548
2021-01-25,1221191.33749788,1066475.9324710742,1631151.9459027003,1327375.0266102292,1086586.6535538612,1268582.0837961375,1275246.4808390553
2021-01-26,1217211.0377978801,1039917.2666896875,1633551.0515739797,1316386.8227475618,1102962.5162404,1267182.1205457684,1279858.2436850192
2021-01-27,1203941.9805978802,1033480.8126189354,1584369.385312757,1319083.9273320346,1081770.2233519382,1231052.299738162,1273057.8325137428
2021-01-28,1194504.3556978803,1009564.2297554136,1596904.7124451906,1293711.1656855117,1082733.509392323,1246613.4297134199,1263059.587720106
2021-01-29,1181970.6620978802,998182.4044893013,1558399.06642116,1264842.1573554126,1063467.7885846305,1220067.972696803,1270163.1110830752
2021-02-01,1199005.1537978803,1017898.1914507467,1596724.7795198446,1278127.8947530014,1077917.0791903995,1237944.4265092104,1283224.5720257033
2021-02-02,1206020.3256978802,1032329.1684801878,1623714.718321735,1291713.3104377538,1090439.7977153999,1257328.5330527846,1271543.1630617243
2021-02-03,1204859.91569788,1033277.2781962035,1616757.3118750257,1301902.3722013182,1094292.9418769383,1257274.688312386,1262991.833230198
2021-02-04,1201615.42369788,1025756.8100955228,1633371.1186486338,1287917.385467014,1101999.2302000155,1269874.3575657092,1253431.3181016238
2021-02-05,1202569.86269788,1033344.9083050227,1641528.077930983,1301402.9083893788,1096219.5139577077,1277035.708038752,1242692.2314512313
2021-02-08,1211466.0637978802,1033413.182510116,1650524.72419828,1328873.4180460474,1102962.5162404,1285650.8665025628,1250267.361724217
2021-02-09,1215931.57399788,1037139.2794579099,1645306.6693632477,1334067.8416902174,1097182.7999980922,1281558.6662322527,1264001.9100336926
2021-02-10,1220097.3155978802,1054687.0383594981,1636549.9336630786,1344057.117929006,1094292.9418769383,1278327.9818083234,1264843.4921188636
2021-02-18,1215450.29819788,1076232.058740431,1636849.8218719885,1361538.3513468863,1086586.6535538612,1282958.6294826216,1228789.1884234322
2021-02-19,1214479.35269788,1079416.4707213975,1631151.9459027003,1353047.466543916,1101035.9441596307,1282312.4925978358,1224109.6710875605
2021-02-22,1211786.01329788,1066475.9324710742,1585988.7816408703,1361538.3513468863,1098146.0860384768,1271112.786594882,1236835.034099988
2021-02-23,1218047.9164978801,1077112.538347628,1581370.5032236578,1367731.702614935,1095256.227917323,1271812.7682200666,1248381.8255905975
2021-02-24,1210720.6805978802,1046556.6110868969,1596304.9360273709,1342159.1554436362,1103925.8022807846,1288289.2587821046,1245923.942318546
2021-02-25,1201900.6938978801,1057465.025591276,1537166.9812303395,1358042.10466331,1096219.5139577077,1255174.743436832,1232054.7765357008
2021-02-26,1181471.6285978802,1022098.3432565484,1551201.7494073226,1303800.334686688,1091403.0837557844,1252913.2643400817,1216029.948166051
2021-03-01,1196159.1874978803,1038426.8279105701,1597984.3099972662,1329372.881857987,1103925.8022807846,1283389.3874058123,1212865.991788644
2021-03-02,1179256.9270978803,1023995.2067848546,1567935.5114644947,1314388.9674998042,1100072.6581192461,1270520.4944504949,1189940.0120193022
2021-03-03,1182236.4435978802,1050418.612348603,1521512.8167252429,1318384.6779953195,1104889.0883211694,1252805.5748592843,1195494.988685299
2021-03-04,1167711.5927978803,1030906.3598098893,1500940.4855940242,1292012.9887249176,1103925.8022807846,1239882.8371635678,1185260.4946834308
2021-03-05,1165017.8795978802,1027721.9478289227,1528590.1784555165,1281024.78486225,1087549.939594246,1266805.2073629766,1174319.927576207
2021-03-08,1160227.0474978802,1006515.7220883599,1480608.0650299334,1266640.2270783945,1117411.8068461695,1257866.9804567727,1185125.8772100613
2021-03-09,1175105.0991978804,1022911.192754926,1554200.6314964215,1286119.3157440324,1124154.8091288619,1286135.4691661517,1181052.5842575755
2021-03-10,1179604.9693978801,1024605.1659567752,1543344.6783338832,1287517.8144174626,1132824.3834923236,1289419.9983304797,1192094.7830996609
2021-03-11,1192028.2800978802,1041068.9108284351,1576812.2024482274,1291913.0959625295,1135714.2416134775,1300188.9464102432,1204651.6513937647
2021-03-12,1182075.4061978802,1016610.6429980864,1558938.865197198,1309793.9004299613,1133787.6695327081,1299327.4305638622,1187348.4027803272
2021-03-15,1189153.32279788,1021759.5486161785,1580470.8385969284,1310193.471479513,1129934.5253711697,1310957.8944900066,1197951.9804509042
2021-03-16,1192828.20529788,1028602.4274361196,1589527.462506007,1314388.9674998042,1134750.955573093,1309288.7075376434,1199299.0466910456
2021-03-17,1195186.76719788,1027924.8381553799,1594385.6514903475,1316686.5010347255,1134750.955573093,1311927.0998171857,1203978.5640269169
2021-03-18,1197616.92919788,1039510.8419404986,1540045.9080358746,1331370.7371057447,1154016.6763807854,1290335.3589172596,1211014.3328999784
2021-03-19,1192632.12599788,1028196.0026869307,1554380.5644217676,1315787.4661732344,1140530.6718154005,1294158.335485576,1210172.7508148074
2021-03-22,1189315.4416978802,1025689.1799867037,1584069.4971038469,1288017.2782294021,1141493.9578557853,1305088.8177865357,1202900.7327335149
2021-03-23,1184594.2719978802,1009767.7641781454,1573213.543941309,1280125.7500007593,1143420.5299365544,1292219.9248312183,1208724.9443462505
2021-03-24,1172984.0594978803,991678.32030973,1551081.7941237586,1260746.5540975092,1134750.955573093,1288989.2404072892,1203540.8343618547
2021-03-25,1176396.65979788,991813.5805273681,1549402.420153863,1273333.0421583827,1132824.3834923236,1296689.0382843202,1207007.9029309545
2021-03-26,1187021.2345978802,1008480.2157254851,1573753.3427173465,1288716.5275661172,1141493.9578557853,1320111.5003578058,1205089.381058827
2021-03-29,1188828.7494978802,1009361.3394289565,1573633.3874337827,1292912.0235864085,1148236.9601384776,1319573.0529538174,1205997.82612746
2021-03-30,1189846.3185978802,1020472.6442597929,1570394.594777556,1305398.6188848943,1165576.1088654008,1319949.9661366092,1190411.6189293186
2021-03-31,1184780.93982224,1014239.0805154977,1596664.8018780628,1292312.6670120812,1161722.9647038623,1326249.8007632708,1177686.2559168912
2021-04-01,1200597.96752224,1032329.1684801878,1622335.2325607494,1293411.4873983478,1167502.6809461701,1339226.383199386,1202968.4872234226
2021-04-02,1208710.39092224,1033074.3878697464,1623834.6736052989,1317885.21418338,1173282.3971884777,1339226.383199386,1214649.8961874016
2021-04-06,1212009.71062224,1031109.2501363464,1653583.5839291608,1313789.6109254765,1182915.2575923242,1356079.7869442157,1209028.0565379434
2021-04-07,1211874.28222224,1019320.3560247708,1656162.6225257856,1315887.3589356223,1182915.2575923242,1355164.4263574358,1214784.513660771
2021-04-08,1218501.2538222403,1031786.8394170862,1675895.2666720569,1316187.037222786,1185805.1157134783,1362702.6900132704,1218285.4594748248
2021-04-09,1221323.07082224,1020607.9044774309,1686871.175118159,1323678.9944018773,1192548.1179961704,1372071.6748426645,1221450.307358678
2021-04-12,1217242.72492224,1014510.2450470485,1687590.9068195429,1311691.862915331,1192548.1179961704,1375248.514526195,1216299.1831127899
2021-04-13,1218185.5484222402,1014849.0396874183,1706363.9086973025,1323579.1016394894,1192548.1179961704,1377186.9251805523,1206300.938319153
2021-04-14,1219391.1963222402,1027789.5779377418,1680633.500372833,1317485.6431338284,1192548.1179961704,1369756.3510055153,1216266.1973742822
2021-04-15,1223818.15592224,1023792.3164583974,1706123.9981301741,1321281.5681045682,1198327.8342384782,1383540.6045476126,1215929.2079376352
2021-04-16,1231072.86622224,1029822.3457799607,1707863.349741852,1324278.3509762047,1212777.1248442477,1388278.9417027086,1226735.1575714895
2021-04-19,1230766.58532224,1033006.7577609273,1691249.5429682434,1322779.9595403865,1205070.8365211706,1379663.7832388978,1236262.6869615559
2021-04-20,1219642.68512224,1032938.4835558338,1676135.1772391847,1301203.122864603,1189658.2598750168,1367602.5613895624,1225489.7230662096
2021-04-21,1218042.97022224,1014307.3547205912,1689450.2137147842,1272833.5783464434,1194474.6900769398,1379071.4910945105,1236060.3149982786
2021-04-22,1219884.86842224,1017559.3968103769,1663959.7159574432,1300204.1952407244,1201217.6923596323,1363456.5163788537,1237878.0966419904
2021-04-23,1223291.36362224,1029754.0715748672,1686991.1304017229,1293411.4873983478,1196401.2621577089,1378963.8016137131,1233232.4565510724
2021-04-26,1224446.84922224,1025079.2208147831,1696587.5530868396,1299904.5169535605,1204107.550480786,1380902.2122680706,1229900.0054553421
2021-04-27,1221842.02942224,1024537.5358479561,1688670.5043716184,1290614.4900514872,1200254.4063192476,1380794.522787273,1230371.6123653585
2021-04-28,1217783.96272224,1027857.2080465608,1679853.7910296675,1284720.817070602,1202180.9784000167,1378156.1305077306,1220574.848028553
2021-04-29,1221301.1988222399,1034090.7717908559,1683872.2930290604,1284521.0315458262,1192548.1179961704,1384563.6546151903,1228586.8164601547
2021-04-30,1210713.79392224,1012884.546050293,1670497.2789116788,1271135.4013858493,1188694.973834632,1373740.8617950277,1223671.941422498
2021-05-06,1216629.49022224,1013087.4363767501,1645486.6022885935,1292612.3452992449,1184841.8296730933,1385155.9467595771,1238012.7141153598
2021-05-07,1223684.93882224,1009022.5447885866,1652503.986377085,1294110.7367350634,1201217.6923596323,1390917.3339822507,1252657.4905063603
2021-05-10,1218437.90552224,1005025.2833092423,1602062.7896384408,1301003.3373398273,1207960.6946423245,1371048.624775087,1255518.3346920745
2021-05-11,1200946.53302224,981853.9198352795,1595585.2043259868,1254353.4173046846,1178098.8273904012,1355595.1842806262,1255518.3346920745
2021-05-12,1193187.36552224,989239.1277183222,1553480.8997950377,1235473.685213374,1181951.9715519396,1326680.5586864615,1257403.8708256937
2021-05-13,1188831.11702224,976433.8496856368,1575372.73904546,1200910.7894271654,1184841.8296730933,1350264.5549811434,1251243.5612827572
2021-05-14,1203516.54532224,986189.9759549937,1607460.7773988189,1228780.8701333858,1199291.120278863,1368625.61145714,1256865.4009322156
2021-05-17,1204118.89312224,989171.4976095031,1592766.2551622342,1214396.3123495302,1201217.6923596323,1360495.0556569188,1271442.4228333086
2021-05-18,1211874.96772224,1004482.9542461408,1581850.3243579138,1243265.3206796292,1202180.9784000167,1350049.1760195482,1280127.4786317584
2021-05-19,1207254.17812224,1003060.1455758426,1581310.525581876,1228980.6556581615,1184841.8296730933,1344126.2545756784,1282180.6179772548
2021-05-20,1215228.3475222401,1001366.8164702677,1616397.4460243336,1230179.3688068162,1204107.550480786,1362702.6900132704,1283190.6947807493
2021-05-21,1215872.83772224,999672.8432684187,1601702.923787749,1242466.178580526,1210850.5527634784,1358287.4213005675,1284032.2768659205
2021-05-24,1222222.30402224,999740.4733772377,1632351.49873834,1245462.9614521626,1208923.980682709,1374010.085497022,1288611.0539733763
2021-05-25,1224874.66842224,1016204.2182488977,1631331.8788280464,1251756.2054825996,1211813.838803863,1368517.9219763426,1284806.9959676296
2021-05-26,1229415.28692224,1022640.67231965,1632051.6105294302,1252954.918631254,1209887.2667230938,1367171.8034663722,1296387.664703193
2021-05-27,1223210.92922224,1021081.9593354389,1624254.517097773,1243664.891729181,1200254.4063192476,1367441.0271683664,1287500.2369414663
2021-05-28,1223192.0169222401,1018982.2054806753,1622335.2325607494,1256451.1653148301,1205070.8365211706,1364964.1691100206,1281945.2602754696
2021-05-31,1221101.27742224,1016949.4376384564,1617896.887068883,1241866.8220061988,1194474.6900769398,1364964.1691100206,1289384.8815686395
2021-06-01,1225468.68052224,1026637.9337989942,1611119.4135475196,1242466.178580526,1206997.40860194,1358125.887079371,1297263.1240333181
2021-06-02,1223206.60332224,1023859.9465672165,1618136.7976360111,1252855.0258688661,1212777.1248442477,1364479.5664464312,1279050.538844802
2021-06-03,1217386.72432224,1013426.2310171198,1601403.035578839,1256351.2725524423,1214703.6969250168,1360495.0556569188,1270701.5809765533
2021-06-04,1219514.0335222401,1015323.0945454263,1636849.8218719885,1249558.564710066,1216630.2690057862,1377994.5962865343,1260938.6938847012
2021-06-07,1220973.50942224,1009428.9695377756,1638229.3076329739,1257050.5218891574,1216630.2690057862,1374548.53290101,1266829.7684808986
2021-06-08,1221939.7036222403,1008141.4210851152,1638709.1287672298,1259747.6264736305,1215666.9829654016,1373633.1723142304,1270163.1110830752
2021-06-09,1220990.24712224,1007599.7361182884,1640868.323871381,1254053.739017521,1209887.2667230938,1372125.5195830632,1272418.622391849
2021-06-10,1221959.19022224,1007260.9414779184,1658201.862346373,1252855.0258688661,1209887.2667230938,1378856.1121329155,1268243.6977045017
2021-06-11,1226913.93842224,1009632.5039605071,1659581.3481073584,1255152.5594037876,1216630.2690057862,1379071.4910945105,1279016.661599848
2021-06-15,1224142.84542224,1005025.2833092423,1670137.4130609871,1270835.7230986857,1217593.5550461707,1383594.4492880113,1259087.034996036
2021-06-16,1219847.1500222401,998114.7743804822,1665759.0452109023,1266340.548791231,1216630.2690057862,1376056.185632177,1256124.5590754603
2021-06-17,1214394.6748222401,1005364.0779496123,1693168.827505267,1251856.0982449874,1208923.980682709,1380148.3859024872,1232794.72688601
2021-06-18,1207732.2888222402,1015255.4644366072,1681353.232074217,1256950.6291267695,1180988.6855115548,1363348.826898056,1222796.482092373
2021-06-21,1205425.13902224,1007260.9414779184,1697067.3742210956,1217992.4517954942,1192548.1179961704,1386340.5310483512,1221382.55286877
2021-06-22,1214414.14352224,1001569.7067967249,1715000.6891139073,1254653.0955918483,1200254.4063192476,1394848.0000313644,1224614.2637360848
2021-06-23,1216646.26402224,1019523.8904475024,1716020.309024201,1253454.3824431936,1188694.973834632,1393448.0367809949,1225826.7125028565
2021-06-24,1220395.55962224,1025147.4950198769,1730834.7865443497,1251556.4199578236,1202180.9784000167,1405993.8612939196,1220608.7252735067
2021-06-25,1224660.5724222402,1038697.3483458464,1725196.8882168434,1261445.8034342243,1202180.9784000167,1408955.3220158543,1221786.4052888784
2021-06-28,1224852.56872224,1036868.114926359,1742290.5161247076,1257150.4146515452,1195437.9761173245,1408470.7193522651,1223133.4715290198
2021-06-29,1221455.01972224,1027044.3585481831,1747808.4591686497,1248759.422610963,1204107.550480786,1408686.0983138604,1216973.1619860837
2021-06-30,1215461.27085812,1021285.4937581705,1747028.749825484,1249858.2429972298,1189658.2598750168,1411324.4905934024,1205493.233478936
2021-07-01,1220236.0771581202,1022775.9325372879,1750927.2965413125,1241367.3581942592,1192548.1179961704,1421070.3886055886,1220070.2553800289
2021-07-02,1221123.30495812,1004482.9542461408,1772999.068717081,1240068.752283217,1195437.9761173245,1431893.1814257507,1222796.482092373
2021-07-05,1221206.97275812,998521.1991296711,1772339.3146574793,1238170.7897978472,1197364.548198094,1431893.1814257507,1227409.136444783
2021-07-06,1222305.19585812,994388.033336414,1779116.7881788427,1242665.9641053018,1184841.8296730933,1426724.0863474642,1238855.187706977
2021-07-07,1224033.01115812,995607.9516802552,1787693.5909536656,1233176.1516784527,1197364.548198094,1434800.7974072865,1236901.8970834496
2021-07-08,1211286.2255581198,966000.1341355402,1775698.06259727,1222887.1971525005,1173282.3971884777,1421501.1465287788,1238888.1734454846
2021-07-09,1220475.00375812,973385.3420185829,1789073.0767146512,1223486.553726828,1199291.120278863,1438569.929235204,1241143.6847542587
2021-07-12,1226899.43005812,980160.5907297048,1795850.550236015,1243465.106204405,1209887.2667230938,1444115.9374962822,1237608.8616952512
2021-07-13,1230666.33815812,995607.9516802552,1795310.7514599771,1248559.6370861873,1208923.980682709,1438408.3950140076,1241682.1546477368
2021-07-14,1229023.28065812,990255.5116394316,1801248.537996393,1241667.036481423,1201217.6923596323,1441262.1662551446,1244443.1501114813
2021-07-15,1226659.92375812,995133.2527259728,1783855.0218796192,1231078.403668307,1191584.831955786,1432970.0762337272,1253599.812819947
2021-07-16,1221005.14885812,996284.8968647204,1771319.6947471856,1223786.2320139916,1182915.2575923242,1423493.401923535,1249458.7653775534
2021-07-19,1203418.24035812,978060.1927786669,1752966.5363618997,1206404.8913584992,1152090.104300016,1400770.9214752344,1240403.7344039495
2021-07-20,1209910.24225812,971691.3688167338,1778816.8999699329,1203008.5374373111,1159796.3926230932,1425324.123097095,1246900.1418770866
2021-07-21,1213023.59925812,969997.3956148846,1792011.981161968,1204107.357823578,1173282.3971884777,1436362.2948788526,1242119.8843127992
2021-07-22,1213858.92265812,984835.4414897888,1798789.4546833315,1197114.864456426,1178098.8273904012,1435339.244811275,1235421.104876385
2021-07-23,1217832.3543581201,970810.8892095368,1820081.5175159345,1198613.2558922442,1187731.6877942474,1449877.3247189557,1239797.5100205634
2021-07-26,1214718.24175812,932259.7948938427,1824879.7288584928,1209301.7814677479,1185805.1157134783,1455746.4014224266,1244039.2976913727
2021-07-27,1203943.68735812,891880.1112549359,1803227.8001751981,1215195.4544486331,1180988.6855115548,1448208.1377665922,1240066.7449673025
2021-07-28,1209771.8439581199,907462.7324231243,1816063.0155165417,1208602.5321310328,1189658.2598750168,1452084.959075307,1244914.7570214977
2021-07-29,1219868.47415812,938289.8242154061,1819901.5845905885,1217093.416934003,1198327.8342384782,1458600.1726635639,1247640.983733842
2021-07-30,1209691.01545812,921758.4492349271,1799569.1640264976,1192919.3684361347,1188694.973834632,1443362.1111306988,1254609.8896234415
2021-08-02,1210785.7212581201,932056.9045673854,1801488.4485635208,1212498.3498641604,1189658.2598750168,1441854.4583995317,1239292.0258655932
2021-08-03,1212561.52035812,929617.7119759776,1811924.5582335852,1210600.3873787904,1187731.6877942474,1452515.7169984977,1241412.9197009979
2021-08-04,1216021.31615812,938357.454324225,1816063.0155165417,1212198.6715769966,1198327.8342384782,1446754.3297758242,1243197.7156062014
2021-08-05,1216828.23115812,930905.2604286378,1829198.119066795,1213197.5992008755,1200254.4063192476,1456231.004086016,1240874.4498075196
2021-08-06,1213998.84065812,929211.2872267887,1818642.0541131669,1213896.8485375908,1199291.120278863,1457361.743634391,1234208.6561096131
2021-08-09,1207011.87655812,935308.9466571712,1827638.7003804639,1212598.2426265483,1193511.4040365552,1460753.9622795167,1203607.6973453162
2021-08-10,1207096.37975812,946420.2514880073,1817622.4342028731,1214396.3123495302,1194474.6900769398,1462261.6150106837,1197178.152855641
2021-08-11,1207760.22475812,948317.1150163136,1813963.7980541727,1219790.521518476,1196401.2621577089,1465599.9889154104,1193474.8350783098
2021-08-12,1212503.5100581201,942422.990008663,1819481.7410981145,1217692.7735083306,1206034.1225615551,1468507.6048969466,1208017.979734449
2021-08-13,1214079.87015812,938357.454324225,1826619.0804701701,1218092.344557882,1208923.980682709,1471899.823542072,1210946.5784100704
2021-08-16,1213124.2433581199,929550.0818671585,1824699.7959331467,1203008.5374373111,1208923.980682709,1473838.2341964294,1222258.012198895
2021-08-17,1211101.16745812,914576.775774616,1809285.541995178,1203807.6795364143,1207960.6946423245,1464576.9388478328,1233973.298407828
2021-08-18,1210102.79645812,919726.3254889825,1796090.4608031427,1211099.8511907298,1207960.6946423245,1452246.4932965033,1232324.0114824397
2021-08-19,1200866.0991581199,900416.963276726,1803767.598951236,1193718.5105352378,1191584.831955786,1452731.095960093,1227947.6063382612
2021-08-20,1202224.0144581199,885647.1916069153,1826858.9910372982,1185127.7329698794,1193511.4040365552,1467430.71008897,1232930.2358658256
2021-08-23,1210946.56395812,894725.7285955325,1853249.153421369,1205006.3926850688,1198327.8342384782,1479599.6214191027,1230472.3525937744
2021-08-24,1219133.39645812,914441.5155569781,1854028.8627645345,1213996.7412999787,1204107.550480786,1478145.8134283347,1239595.1380572862
2021-08-25,1216330.1658581202,913425.1316358686,1853129.1981378049,1211799.100527445,1200254.4063192476,1479653.4661595018,1232828.6041309638
2021-08-26,1210728.38515812,904143.0602245196,1841913.3791245748,1208902.2104181964,1197364.548198094,1471092.1524360897,1229092.300615125
2021-08-27,1217791.13605812,904955.9097228973,1864464.9724345987,1206205.1058337234,1202180.9784000167,1487030.1955941396,1239292.0258655932
2021-08-30,1222199.70775812,907123.9377827545,1879999.1816561313,1211799.100527445,1206034.1225615551,1489237.8299504912,1242894.6034145085
2021-08-31,1225371.82425812,919522.7910662508,1877420.1430595063,1224285.695825931,1201217.6923596323,1487407.1087769314,1243063.098132832
2021-09-01,1229437.1818581198,925891.6150281841,1881378.667417117,1239669.1812336654,1202180.9784000167,1487945.5561809195,1242456.8737494461
2021-09-02,1230284.3958581202,927788.4785564904,1878079.8971191081,1240368.4305703805,1205070.8365211706,1490368.5694988663,1242153.7615577532
2021-09-03,1233210.9272581202,921419.6545945571,1883597.84016305,1266340.548791231,1203144.2644404015,1489507.0536524854,1241042.9445258433
2021-09-06,1242594.7235581202,929956.5066163475,1882098.3991185005,1291113.9538634266,1214703.6969250168,1489507.0536524854,1249122.6674473528
2021-09-07,1243229.02865812,936460.5907959187,1885457.1470582916,1302901.299825197,1206997.40860194,1483368.75324702,1246058.5597919154
2021-09-08,1238363.51955812,937205.8101854775,1882578.2202527563,1308894.8655684702,1188694.973834632,1484553.3375357941,1234074.0386362437
2021-09-09,1229958.51135812,915119.1048377176,1873821.4845525876,1304199.9057362399,1185805.1157134783,1476530.4712163701,1228519.953476693
2021-09-10,1233819.68105812,931853.3701446537,1857927.4094803631,1323079.63782755,1184841.8296730933,1464092.3361842434,1231516.3066422227
2021-09-13,1231153.00185812,917083.5984748431,1855228.415600174,1324877.7075505322,1189658.2598750168,1465653.833655809,1227711.3571300297
2021-09-14,1229310.28315812,905972.293644007,1849350.6067055403,1333868.0561654416,1190621.545915401,1457577.1225959866,1227879.8518483532
2021-09-15,1227868.4384581202,889440.918663528,1863085.4866736133,1328573.7397588838,1181951.9715519396,1469746.0339261193,1231482.4293972687
2021-09-16,1220465.8270581202,874129.4620268901,1860146.5822262964,1321581.2463917318,1182915.2575923242,1463930.801963047,1221584.9248320472
2021-09-17,1216055.56025812,885376.0270753646,1843472.797810906,1329073.2035708232,1168465.966986555,1454723.3513548493,1210508.848745008
2021-09-22,1208711.82125812,862137.0334925826,1829138.1414250133,1300104.3024783365,1168465.966986555,1445946.658669842,1225220.4881194704
2021-09-23,1211641.37345812,873315.9684322379,1847191.4116013888,1294710.0933093906,1176172.2553096318,1464738.4730690292,1213101.349490429
2021-09-24,1209525.98225812,860037.279637819,1844672.3506465456,1313589.8254007008,1170392.539067324,1463553.8887802553,1206907.162702539
2021-09-27,1208990.80505812,861798.2388522128,1832256.978797676,1308195.6162317551,1173282.3971884777,1461507.7886451003,1210273.491043223
2021-09-28,1193719.95195812,871486.7350127506,1778037.1906267672,1299504.945904009,1144383.8159769392,1429954.770771393,1200039.888547801
2021-09-29,1192016.29205812,877720.2987570456,1777377.4365671654,1277628.4309410618,1153053.3903404009,1433454.6788973163,1196774.3004355324
2021-09-30,1186308.3725201199,877177.9696939441,1774858.3756123222,1274731.5408318134,1140530.6718154005,1420531.9412016002,1191859.4253978755
2021-10-08,1182671.6362201201,883275.6291243264,1783555.133670709,1210400.6018540147,1125118.0951692464,1442931.3532075083,1204147.0587452408
2021-10-11,1183356.6894201199,898858.8943887894,1767421.148031357,1220889.3419047426,1124154.8091288619,1430170.1497329883,1201655.298228235
2021-10-12,1177367.8049201202,885918.356138466,1760163.8533757373,1197514.4355059776,1117411.8068461695,1426024.1047222796,1208893.4390645737
2021-10-13,1181032.62432012,888018.1099932295,1777497.3918507292,1195716.3657829955,1126081.3812096312,1433885.4368205068,1208186.4744527722
2021-10-14,1194839.47012012,885714.8217157342,1805686.8834882595,1211199.7439531176,1143420.5299365544,1454077.2144700633,1224075.7938426067
2021-10-15,1202287.1606201201,898451.8255433261,1816302.9260836698,1226483.3365984643,1153053.3903404009,1464253.8704054398,1221147.1951669848
2021-10-18,1197374.90192012,900213.4288539942,1832256.978797676,1219091.2721817608,1143420.5299365544,1467161.486386976,1205527.1107238897
2021-10-19,1205502.20742012,913696.2961674194,1845452.0599897117,1225883.980024137,1148236.9601384776,1478145.8134283347,1210441.9857615465
2021-10-20,1204481.60092012,923113.6277964064,1836575.3690059786,1222587.5188653367,1145347.1020173237,1478145.8134283347,1206368.6928090607
2021-10-21,1201150.55242012,916541.913508016,1843592.7530944701,1198213.6848426927,1141493.9578557853,1478576.5713515254,1211518.9255485027
2021-10-22,1205128.0343201202,922300.7782980285,1831597.2247380742,1207703.497269542,1146310.3880577083,1480191.91356349,1217040.0249695454
2021-10-25,1206021.75682012,921216.7642681001,1847131.4339596068,1201310.360476717,1150163.532219247,1484661.0270165915,1215659.972990896
2021-10-26,1210713.46602012,917151.2285836621,1851509.8018096916,1221488.69847907,1156906.5345019393,1486545.5929305505,1218757.0663848412
2021-10-27,1202284.4895201202,902110.9364785752,1855168.437958392,1212098.7788146087,1152090.104300016,1478307.347649531,1208994.1792929897
2021-10-28,1209695.5708201202,900484.5933855451,1879159.4946711836,1209501.5669925238,1153053.3903404009,1495106.906653962,1222695.7418639574
2021-10-29,1209252.1861201199,893709.344674423,1886296.834043239,1212798.028151324,1158833.1065827087,1496991.4725679208,1217881.6070547162
2021-11-01,1213939.74802012,889509.1928686216,1900811.423354478,1242266.3930557503,1160759.6786634778,1506091.233695321,1212529.0023519972
2021-11-02,1215713.95702012,884427.2732630741,1903690.350160013,1235873.2562629257,1172319.1111480934,1507437.3522052912,1217949.3615446242
2021-11-03,1216487.39392012,883207.9990155074,1926121.988186473,1238470.4680850108,1172319.1111480934,1518690.9029486442,1208489.586644465
2021-11-04,1220526.0631201202,888221.6444159611,1946274.4758252183,1245462.9614521626,1178098.8273904012,1522029.276853371,1205324.7387606124
2021-11-05,1222465.65422012,876297.4900867472,1949213.380272535,1242366.2858181382,1174245.6832288627,1528652.1799224254,1220070.2553800289
2021-11-08,1224591.5308201201,872435.4888250411,1945614.7217656164,1238870.0391345622,1175208.969269247,1529352.1615476103,1232290.1342374857
2021-11-09,1222525.29512012,872841.9135742299,1930020.534902302,1230678.8326187555,1175208.969269247,1522783.1032189543,1236498.044663341
2021-11-10,1220582.43442012,879820.6967080836,1903270.506667539,1230678.8326187555,1179062.1134307855,1511529.5524756014,1235757.2028065857
2021-11-11,1229347.49982012,890796.0972250071,1914546.303322551,1230379.154331592,1173282.3971884777,1516860.1817750845,1257168.5131239085
2021-11-12,1233186.24812012,892692.9607533135,1932359.662931799,1241267.4654318714,1168465.966986555,1526121.477123681,1257033.895650539
2021-11-15,1231767.96642012,892625.3306444945,1927021.652813203,1246461.8890760415,1169429.2530269392,1522136.9663341688,1252152.0063513902
2021-11-16,1237266.30502012,904346.5946472513,1941896.1079751337,1244164.3555411203,1169429.2530269392,1528652.1799224254,1257773.8460008483
2021-11-17,1233668.57202012,902517.3612277642,1942136.0185422616,1234274.9720647195,1164612.8228250165,1525206.116536901,1255451.4717086125
2021-11-18,1232898.2246201201,889102.1240231581,1959229.6464501256,1234774.435876659,1159796.3926230932,1527306.061412455,1258076.9581925415
2021-11-19,1233024.86572012,879684.792394171,1970745.3536722655,1240568.2160951563,1160759.6786634778,1525690.7192004905,1258649.3053309736
2021-11-22,1226265.31242012,878126.7235062346,1951432.5530184682,1244963.4976402232,1151126.8182596315,1523752.308546133,1245015.4972499132
2021-11-23,1214399.7868201202,867083.0487842173,1942195.9961840436,1236572.5055996408,1134750.955573093,1525744.5639408894,1225153.6251360087
2021-11-24,1209330.9990201201,867895.8982825952,1948553.6262129333,1215295.347211021,1130897.8114115542,1528652.1799224254,1216602.2953044828
2021-11-25,1210318.1165201203,870335.090874003,1950832.7766006486,1219490.8432313125,1129934.5253711697,1528652.1799224254,1216131.5799009125
2021-11-26,1189260.50802012,846350.8779016625,1908848.4273532631,1192320.0118618074,1083696.7954327073,1494729.9934711703,1223975.053614191
2021-11-29,1190724.1646201198,837339.9710218642,1950952.7318842125,1184828.0546827158,1090439.7977153999,1512875.6709855718,1214986.8856240485
2021-11-30,1175645.1706201201,823180.158523974,1918025.0065459062,1163650.7890564841,1077917.0791903995,1482776.461102633,1211889.7922301034
2021-12-01,1175602.82622012,828193.8039244278,1884737.4153569078,1171542.317285127,1105852.374361554,1462961.5966358683,1207951.1167509872
2021-12-02,1176024.73322012,833681.5041828897,1898532.2729667628,1168845.212700654,1089476.511675015,1484553.3375357941,1202160.7823832056
2021-12-03,1171705.53532012,833139.8192160625,1866444.2346134041,1178934.3817018305,1081770.2233519382,1472492.115686459,1200847.593388018
2021-12-06,1176128.77042012,817353.6636251424,1881378.667417117,1174239.4218696,1096219.5139577077,1488860.9167676994,1210104.9963248996
2021-12-07,1196661.78762012,840185.588362461,1939317.0693785087,1197514.4355059776,1126081.3812096312,1520467.779381805,1208387.9549096036
2021-12-08,1197438.88872012,839779.163613272,1945794.6546909625,1207204.0334576021,1114521.9487250156,1523698.4638057344,1209196.5512562667
2021-12-09,1191386.8507201201,846283.2477928434,1911367.4883081063,1196515.5078820984,1114521.9487250156,1508837.3154556607,1205695.6054422131
2021-12-10,1192030.6964201198,840050.3281448227,1938657.315318907,1187225.4809800251,1109705.5185230924,1527898.353556842,1203002.3644683764
2021-12-13,1191135.5678201201,838221.0947253355,1907648.8745176238,1198213.6848426927,1114521.9487250156,1513144.8946875662,1208455.7093995113
2021-12-14,1182536.27952012,826432.2006137597,1887976.2080131345,1189523.0145149466,1100072.6581192461,1502160.5676462073,1208792.6988361583
2021-12-15,1184942.4019201202,819589.3217938186,1933559.2157674388,1190422.0493764374,1100072.6581192461,1527521.4403740503,1196639.682962163
2021-12-16,1186704.68772012,820470.44549729,1880359.0475068232,1209901.1380420753,1112595.3766442463,1512391.0683219826,1207816.4992776175
2021-12-17,1183365.2668201202,810510.7848052013,1873161.7304929858,1192120.2263370315,1108742.2324827078,1497045.3173083195,1223065.717039112
2021-12-20,1171256.9332201201,798450.7261620748,1860746.358644116,1172441.352146618,1084660.081473092,1486276.369228556,1219801.0204332897
2021-12-21,1181026.59692012,803870.7963117174,1897812.5412653792,1191820.5480498679,1098146.0860384768,1507975.7996092795,1212865.991788644
2021-12-22,1186099.01032012,808206.8524314316,1921683.642694607,1189722.8000397224,1109705.5185230924,1522675.413738157,1209263.4142397284
2021-12-23,1195675.82612012,810917.2095543902,1936258.2096476275,1196215.8295949348,1124154.8091288619,1530913.6590191757,1222392.6296722644
2021-12-24,1196882.09372012,812407.6483335077,1937397.784841485,1195616.4730206076,1125118.0951692464,1530913.6590191757,1225153.6251360087
2021-12-27,1201944.30352012,812272.3881158695,1967866.4268667307,1192220.1190994196,1129934.5253711697,1552559.2446595004,1223739.6959124058
2021-12-28,1206175.20552012,815049.7312513727,1960069.333435073,1203408.1084868629,1140530.6718154005,1552020.797255512,1227913.7290933072
2021-12-29,1201221.81042012,808139.2223226127,1960489.1769275472,1198413.4703674684,1130897.8114115542,1554282.2763522626,1221551.0475870934
2021-12-30,1197638.70702012,808342.7567453443,1950352.9554663927,1191221.1914755404,1135714.2416134775,1548197.8206871962,1215559.2327624806
2021-12-31,1202281.47632012,819454.0615761804,1939616.9575874186,1192320.0118618074,1134750.955573093,1546097.8758116423,1228856.0514068939
2022-01-04,1205738.03632012,815998.4850636631,1939017.1811695986,1209801.2452796875,1152090.104300016,1555789.9290834295,1220440.2305551835
2022-01-05,1196048.76152012,802786.782281789,1877060.2772088144,1203607.8940116386,1157869.8205423239,1525313.806017699,1225489.7230662096
2022-01-06,1187570.84332012,807394.0029330538,1873581.5739854595,1170543.389661248,1144383.8159769392,1522675.413738157,1218925.5611031647
2022-01-07,1184444.46392012,822028.5143852265,1852529.4217199848,1170942.9607107996,1135714.2416134775,1517075.5607366797,1210811.9609367012
2022-01-10,1184600.30852012,829887.777126277,1853189.1757795867,1171642.2100475149,1127044.6672500158,1512660.2920239766,1212394.3848786275
2022-01-11,1192479.56252012,830361.8319842849,1880838.8686410792,1165848.4298290175,1137640.8136942466,1527252.2166720561,1222830.3593373268
2022-01-12,1203302.38912012,853194.400817878,1888336.0738638265,1186526.2316433098,1145347.1020173237,1530859.814278777,1226937.5295347665
2022-01-13,1196801.94212012,853329.6610355162,1835195.8832449932,1178035.3468403397,1151126.8182596315,1506468.1468781128,1230169.2404020813
2022-01-14,1196671.0063201198,853668.4556758859,1852529.4217199848,1171941.8883346787,1144383.8159769392,1510829.570850417,1229765.3879819727
2022-01-17,1194510.27992012,846960.8370735829,1850250.2713322698,1177735.668553176,1142457.2438961698,1510829.570850417,1225489.7230662096
2022-01-18,1181379.3133201199,841744.301346672,1800948.649787483,1169444.5692749815,1129934.5253711697,1479384.2424575074,1221382.55286877
2022-01-19,1174064.29592012,843437.6304522466,1782895.3796111073,1139676.5260833914,1126081.3812096312,1467376.8653485712,1221888.0370237404
2022-01-20,1181633.52732012,870809.7898282855,1755005.7761824871,1151264.0865203862,1131861.097451939,1448154.2930261933,1236935.7743284034
2022-01-21,1169922.70932012,871419.1049039315,1706064.0204883923,1145769.9845890524,1106815.6604019385,1420908.854384392,1237743.4791686207
2022-01-24,1161447.66652012,859698.4849974492,1711282.0753234248,1148766.767460689,1067320.932746169,1422954.9545195468,1234680.2630196295
2022-01-25,1151586.36112012,845402.7681856464,1668997.8378671294,1126790.359735354,1073100.6489884767,1405724.6375919254,1236599.6763982028
2022-01-26,1153096.01112012,844860.439122545,1668518.0167328732,1120597.008467305,1091403.0837557844,1399747.8714076567,1237676.616185159
2022-01-27,1136332.99892012,829006.6534228057,1650644.6794818437,1080739.7962745389,1090439.7977153999,1395278.7579545546,1216703.9270393446
2022-01-28,1144852.60512012,824264.1725539026,1713981.0692036136,1103215.667811813,1073100.6489884767,1437708.413388823,1212596.756841905
2022-02-07,1160051.61532012,858139.7720132383,1725436.7987839715,1118299.4749323837,1084660.081473092,1450684.9958249377,1220036.3781350746
2022-02-08,1165077.56872012,849196.4952422591,1746488.9510494464,1125891.324873863,1090439.7977153999,1462584.6834530765,1225792.8352579025
2022-02-09,1180198.66772012,867625.3778473189,1785414.4405659505,1135281.2445383244,1106815.6604019385,1485899.4560457643,1231549.2923807304
2022-02-10,1175349.60392012,870606.2554055538,1741150.94093085,1139276.95503384,1107778.9464423233,1457900.1910383792,1234276.410599521
2022-02-11,1164683.61132012,869996.2962336333,1688130.7055955804,1136380.0649245912,1101035.9441596307,1432108.5603873457,1228182.964040046
2022-02-14,1160074.50292012,857055.7579833097,1689930.03484904,1115502.477585523,1075990.5071096304,1426185.638943476,1248011.8504154428
2022-02-15,1169102.32232012,849806.4544141797,1731314.6076786055,1104414.3809604675,1090439.7977153999,1447454.3114010089,1261577.904006595
2022-02-16,1168802.7701201201,860172.5398554573,1725856.6422764452,1126690.4669729662,1089476.511675015,1445677.4349678478,1244847.00253159
2022-02-17,1160960.9683201201,860917.7592450159,1670497.2789116788,1116401.512447014,1082733.509392323,1412024.4722185868,1255788.4611452597
2022-02-18,1155544.33432012,845266.8638717339,1651784.2546757013,1117400.440070893,1065394.3606653996,1402547.7979083953,1266224.435603959
2022-02-21,1149398.7227201199,840389.1227851926,1653043.7851531229,1110208.161178965,1040348.9236153993,1402547.7979083953,1265550.4567306652
2022-02-22,1144688.15892012,818844.1024042598,1638229.3076329739,1094524.9974840668,1037459.0654942453,1391348.0919054411,1282382.9899405323
2022-02-23,1132240.0275201201,821350.9251044868,1590727.0153416467,1086733.362017812,1032642.6352923221,1362002.7083880857,1269219.8972630424
2022-02-24,1132133.7823201201,794385.8345739113,1644646.915303646,1069551.8068870953,989294.7634750138,1381709.8833740528,1297733.8394368885
2022-02-25,1139181.53572012,790049.7784541971,1671276.9882548447,1085734.434393933,1017230.0586461681,1414124.4170941408,1279622.8859832338
2022-02-28,1133393.81572012,786458.9417240417,1674695.7138364173,1084635.6140076662,1006633.9122019372,1407932.2719482768,1269994.6163647517
2022-03-01,1123837.37052012,784900.8728361051,1642607.6754830584,1097521.7803557036,967139.1845461674,1381656.038633654,1273899.4145989139
2022-03-02,1134385.8259201199,774398.883080915,1678534.2829104639,1088231.75345363,971955.6147480904,1414770.5539789267,1296050.6752665462
2022-03-03,1122310.56132012,774602.4175036467,1645606.5575721576,1083836.471908563,944020.3195769362,1399694.0266672578,1287129.3702598657
2022-03-04,1109362.93192012,757935.7823055297,1629112.7060821133,1064257.4904805373,901635.7338000127,1394848.0000313644,1293795.1639577723
2022-03-07,1093961.84552012,730495.9928206718,1572553.789881707,1041581.8334184873,872737.1525884737,1357587.4396753828,1318370.4306525022
2022-03-08,1091532.18112012,717420.19435271,1559418.6863314537,1016109.1790095766,866957.436346166,1341164.7938537435,1346008.913496223
2022-03-09,1114634.68512012,712338.9188434371,1615497.781397604,1009716.0422167516,938240.6033346284,1375679.2724493851,1362908.3096895518
2022-03-10,1104549.39532012,721891.5106900624,1595705.159609551,1044678.5090525119,922828.0266884743,1368248.6982743486,1320255.9667861215
2022-03-11,1099245.49832012,712067.7543118864,1566076.2045692534,1026997.490109856,933424.1731327053,1354787.513174644,1325170.841823778
2022-03-14,1088899.0411201199,678259.7849613698,1540285.8186030022,1020804.1388418071,948836.7497788593,1349026.1259519705,1315542.572205296
2022-03-15,1084630.8729201201,641538.5681614375,1595945.0701766787,1021503.3881785222,952689.8939403979,1383109.8466244221,1292583.6066974464
2022-03-16,1111632.32772012,700821.189263412,1656162.6225257856,1038884.7288340145,993147.9076365522,1415039.7776809207,1284706.2557392141
2022-03-17,1127345.91552012,746282.1484115919,1665459.1570019925,1062059.849708004,988331.4774346292,1423870.3151063267,1293795.1639577723
2022-03-18,1136202.74152012,743301.270853357,1702525.3396232554,1073247.8390954472,997001.0517980908,1440885.2530723533,1298878.5337137524
2022-03-21,1132902.30472012,738829.9545160048,1704924.4452945348,1071249.9838476896,990258.0495153985,1445677.4349678478,1292347.3574892152
2022-03-22,1147299.84472012,761729.5093621423,1738691.857617789,1084335.9357205024,997001.0517980908,1461723.1676066956,1300797.0555858796
2022-03-23,1141945.66292012,769521.1419943739,1711521.9858905524,1099919.2066530127,983515.047232706,1441316.0109955436,1292785.0871542776
2022-03-24,1151224.55352012,763694.6470955422,1752006.8940933882,1105413.3085843464,982551.7611923214,1463661.578261053,1306520.5269701995
2022-03-25,1150486.95152012,745875.7236624031,1753506.3351379377,1098121.1369300308,986404.90535386,1473299.7867924413,1312983.9487048287
2022-03-28,1152580.4015201202,755157.7950737521,1782475.5361186338,1091628.1073748183,992184.6215961677,1483476.4427278177,1301471.0344591734
2022-03-29,1160396.0027201201,762407.0986428821,1809765.363129434,1093126.4988106366,1019156.6307269374,1499468.3306262665,1293256.694064294
2022-03-30,1157718.13392012,772230.8550210579,1787513.65802832,1092627.0349986972,1011450.3424038603,1488484.0035849079,1292684.3469258621
2022-03-31,1149166.4606008702,763084.6879236216,1757045.0160030744,1091128.643562879,1003744.0540807834,1463500.0440398564,1293660.5464844028
2022-04-01,1150252.0008008701,764439.8664851009,1760223.8310175193,1089530.3593646726,997964.3378384755,1468884.5180797384,1297128.5065599487
2022-04-06,1136670.83910087,768843.5527136341,1723877.38009764,1066455.1312530711,968102.4705865518,1454669.5066144504,1290496.5901069958
2022-04-07,1131522.74970087,757529.3575563408,1723697.447172294,1045677.4366763906,960396.1822634749,1457792.5015575818,1294064.3989045112
2022-04-08,1132017.65120087,759765.015725017,1698446.8599820808,1046176.90048833,971955.6147480904,1453700.3012872718,1296757.6398783477
2022-04-11,1122738.12940087,736187.2275018651,1656702.4213018236,1037686.0156853597,967139.1845461674,1428931.7207038156,1307428.9720388323
2022-04-12,1120469.31850087,741946.0922918778,1654663.1814812361,1011813.7902268972,963286.0403846288,1427424.0679726487,1313624.0503331686
2022-04-13,1128558.54990087,743368.900962176,1686331.376342121,1031492.6644173109,954616.4660211671,1442608.2847651152,1318942.777790934
2022-04-14,1127077.31260087,745808.0935535841,1641648.0332145467,1040183.3347450568,963286.0403846288,1420316.5622400048,1323857.652828591
2022-04-15,1128756.0475008702,749534.1905013776,1650584.7018400615,1037486.230160584,961359.4683038596,1420316.5622400048,1327358.5986426445
2022-04-18,1128254.97410087,747908.491504622,1649864.970138678,1020504.4605546434,960396.1822634749,1424839.5204335055,1334966.7146541376
2022-04-19,1128142.09020087,730360.7326030337,1684172.18123797,1023501.24342628,955579.7520615518,1446808.174516223,1328368.675446139
2022-04-20,1124162.0197008702,730631.8971345844,1665819.0228526844,1018406.7125444979,972918.9007884752,1452084.959075307,1312108.4893747042
2022-04-21,1128244.40880087,722433.8397531639,1635710.2466781307,1042380.9755175905,990258.0495153985,1433023.9209741256,1324665.357668808
2022-04-22,1121032.6273008701,726159.9367009576,1604701.8058768476,1032191.9137540262,972918.9007884752,1404055.450639562,1331365.0286116684
2022-04-25,1114016.76550087,702108.0936197977,1633850.9397828896,1014211.2165242067,959432.8962230902,1418808.9095088379,1325440.0767705173
2022-04-26,1107338.8622008702,711661.3295626976,1585628.9157901783,1034289.6617641718,949800.035819244,1393286.5025597985,1312917.0857213673
2022-04-27,1106437.02090087,712135.3844207055,1585089.1170141406,1026797.7045850803,945946.8916577054,1396409.49750293,1314465.6324183398
2022-04-28,1118768.04590087,724195.4430638321,1641048.2567967272,1037386.3373981961,950763.3218596287,1431623.9577237563,1312142.366619658
2022-04-29,1120865.31350087,759426.2210846471,1580530.8162387104,1027496.9539217954,962322.7543442441,1391240.4024246435,1329344.8750046794
2022-05-05,1112119.10040087,742962.4762129873,1567635.6232555849,1029594.701931941,947873.4637384748,1385640.5494231666,1321063.6716263385
2022-05-06,1109173.1809008701,721485.0859408735,1564936.6293753956,1040283.2275074449,936314.0312538592,1391563.4708670364,1322039.8711848792
2022-05-09,1097840.72210087,727379.8550447986,1514795.3208456612,1018806.2835940494,922828.0266884743,1358287.4213005675,1324632.3719303
2022-05-10,1099497.39180087,716336.1803227816,1539686.0421851827,1019305.7474059887,938240.6033346284,1366364.1323603897,1319885.1001045206
2022-05-11,1096903.7803008698,725143.5527798481,1495602.475475428,1023701.0289510557,957506.324142321,1346980.0258168154,1313287.0608965217
2022-05-12,1092515.16470087,708748.0821132818,1492603.593386329,1010215.5060286912,949800.035819244,1345687.752047244,1320929.054152969
2022-05-13,1113648.64990087,734155.1037559207,1561457.926152041,1054867.5708160761,966175.8985057826,1390163.507616667,1308708.283789066
2022-05-16,1108059.80680087,735916.0629703144,1542624.9466324996,1051371.3241325002,962322.7543442441,1384025.207211202,1299820.856027339
2022-05-17,1123270.7471008701,759765.015725017,1582390.1231339516,1058463.7102620401,980625.1891115522,1411593.7142953963,1302817.2091928686
2022-05-18,1104515.46390087,756444.6994301378,1492723.5486698928,1057864.3536877127,971955.6147480904,1346441.5784128273,1294939.8582346363
2022-05-19,1096959.61610087,738761.680310911,1487325.560909515,1049872.932696682,957506.324142321,1340626.346449755,1295209.0931813752
2022-05-20,1106887.32090087,760713.1254410328,1480428.1321045875,1066055.5602035194,972918.9007884752,1340195.5885265647,1300932.5645656954
2022-05-23,1107410.8783008698,743842.9558201841,1487985.3149691168,1065156.5253420286,975808.758909629,1350318.3997215421,1306183.5375335529
2022-05-24,1097549.2967008702,729818.4035399321,1450559.2664971617,1052070.5734692153,964249.3264250134,1335564.9408522663,1309685.3748540527
2022-05-25,1103627.00340087,732325.226240159,1471971.2846133285,1057564.675400549,975808.758909629,1347841.5416631966,1309786.1150824681
2022-05-26,1113808.44330087,732528.7606628907,1517554.2923676323,1054767.6780536883,990258.0495153985,1378963.8016137131,1314700.9901201248
2022-05-27,1137826.39670087,760916.6598637645,1581790.346716132,1071649.554897241,1019156.6307269374,1426347.1731646725,1320019.71757789
2022-05-30,1138429.85320087,772705.5539753403,1573933.2756426926,1088831.1100279575,1022046.4888480912,1419024.2884704333,1308842.9012624351
2022-05-31,1130652.2076008702,779006.1037321801,1559118.7981225438,1072748.3752835079,1005670.6261615525,1401040.1451772281,1306385.9094968298
2022-06-01,1124635.1289008702,775686.4315335753,1548562.7331689154,1073447.624620223,998927.62387886,1391455.7813862388,1297430.7272451953
2022-06-02,1135190.57050087,773044.3486157102,1601163.125011711,1067454.0588769498,1008560.4842827063,1426777.931087863,1305914.3025868137
2022-06-06,1133327.25360087,789575.7235961892,1555280.2290484973,1075545.3726303687,1021083.2028077065,1399209.4240036684,1301874.8868792818
2022-06-07,1130924.59480087,784764.9685221924,1568175.4220316224,1065356.3108668043,1009523.7703230912,1411593.7142953963,1299585.498325554
2022-06-08,1131982.8610008701,802245.0973149618,1556059.9383916627,1070850.412798138,1002780.7680403985,1396086.4290605371,1301841.009634328
2022-06-09,1123253.7860008702,799873.534832373,1517554.2923676323,1062359.5279951675,990258.0495153985,1366579.5113219852,1306082.797305137
2022-06-10,1106743.04140087,799738.2746147349,1467832.8273303716,1048674.2195480273,953653.1799807826,1330395.8457739798,1302447.234017714
2022-06-13,1087958.00050087,774534.7873948277,1404436.45996682,1018706.3908316615,921864.7406480897,1282366.3373382348,1321501.4012914011
2022-06-14,1080433.8979008698,777922.0897022514,1413553.0615176805,1012612.9323260004,910305.3081634743,1283658.6111078062,1300057.1052355703
2022-06-15,1084017.9343008702,787271.7912224194,1449179.7807361763,994332.5568090172,924754.5987692436,1303042.7176513805,1293021.336362509
2022-06-16,1066309.66690087,765997.9353730375,1382304.7101492698,1000625.8008394542,891039.5873557818,1252644.0406380876,1295815.317564761
2022-06-17,1071105.05100087,772434.3894437896,1395679.724266651,990936.2028878292,901635.7338000127,1252105.5932340994,1305275.0924649201
2022-06-20,1068711.4860008701,778260.8843426212,1399878.1591913896,967361.5109642881,909342.0221230896,1255767.0355812188,1300662.4381125101
2022-06-21,1077296.09390087,789710.9838138272,1428487.4943213935,982645.1036096347,909342.0221230896,1281181.7530494607,1296623.0224049783
2022-06-22,1072795.71030087,772434.3894437896,1431546.3540522745,972855.6128956218,903562.3058807818,1284520.1269541874,1298070.8288735352
2022-06-23,1076388.78670087,781987.6253866894,1451818.7969745833,976851.3233911372,890076.3013153971,1296150.590880332,1298609.2987670135
2022-06-24,1089680.00870087,797299.0820233271,1500280.7315344224,996030.7337696113,899709.1617192434,1334380.3565634924,1291202.663212351
2022-06-27,1095318.57880087,814304.5118618141,1484926.4552382356,1005620.4389588484,905488.8779615511,1327272.8508308483,1298508.5585385978
2022-06-28,1089901.48670087,822570.1993520535,1441082.799095609,1010115.6132663033,911268.5942038589,1302181.2018049995,1291202.663212351
2022-06-29,1082680.82430087,810510.7848052013,1445821.0327963855,1000026.4442651268,892002.8733961664,1303150.4071321783,1287297.8649781889
2022-06-30,1072605.0338081801,806174.7286854872,1428607.4496049574,982145.6397976951,871773.8665480892,1293458.353860391,1284066.1541108743
2022-07-01,1067632.13340818,803329.1113448904,1433345.6833057338,968260.5458257791,872737.1525884737,1302181.2018049995,1273394.8219503898
2022-07-04,1073100.9840081802,806107.0985766682,1437544.118230472,982345.425322471,869847.2944673199,1306058.0231137143,1280329.8505950354
2022-07-05,1070933.9787081801,805768.3039362984,1460095.7115404964,985342.2081941076,842875.2853365502,1306704.1599985003,1278444.314461416
2022-07-06,1063354.43780818,799264.219756727,1474490.3455681715,978949.0714012828,845765.1434577041,1316180.834308692,1254306.7774317486
2022-07-07,1064842.49010818,801906.302674592,1503999.3453249051,988338.9910657441,854434.7178211658,1334057.2881210994,1236734.2938715722
2022-07-08,1065725.14760818,804209.5909520872,1504958.9875934166,992035.0232740958,863104.2921846275,1332118.877466742,1233131.7163226567
2022-07-11,1056564.30530818,780361.2822936593,1468972.4025242294,994832.0206209567,849618.2876192427,1314027.0446927394,1234107.9158811974
2022-07-12,1051750.99870818,773450.7733648991,1461775.0855103917,976052.1812920341,848655.001578858,1308104.1232488693,1236565.7991532488
2022-07-13,1047975.57580818,771756.8001630501,1459615.8904062407,984343.2805702287,838058.8551346271,1302181.2018049995,1228182.964040046
2022-07-14,1045218.8855081799,769724.032320831,1464174.1911816709,985442.1009564955,822646.278488473,1298089.0015346895,1226903.6522898127
2022-07-15,1048840.3316081802,755428.9596053028,1496082.296609684,984742.8516197802,845765.1434577041,1327380.540311646,1218925.5611031647
2022-07-18,1053887.47060818,775212.3766755672,1481447.7520148812,987739.6344914169,857324.5759423197,1315211.6289815132,1225758.9580129487
2022-07-19,1063074.81130818,768369.4978556262,1527510.580903441,994032.8785218536,884296.5850730893,1351502.9840103162,1220608.7252735067
2022-07-20,1072694.3437081801,777041.6100950546,1551501.6376162327,1021403.4954161344,891039.5873557818,1359795.0740317341,1220540.9707835992
2022-07-21,1071719.39920818,766946.6891853279,1577651.889433175,1025199.420386874,886223.1571538586,1376271.5645937724,1211249.6906017635
2022-07-22,1077187.10590818,767285.4838256977,1547663.068542186,1037686.0156853597,889113.0152750125,1361518.1057244963,1231213.1944505298
2022-07-25,1077108.19640818,765659.1407326675,1539506.1092598368,1036087.7314871536,884296.5850730893,1363671.895340449,1235724.2170680778
2022-07-26,1073577.16760818,777719.1993757942,1508077.8249660798,1033190.8413779049,877553.582790397,1346656.9573744228,1236027.3292597707
2022-07-27,1081064.31030818,771689.170054231,1577172.0682989194,1035688.160437602,877553.582790397,1386825.1337119404,1232390.8744659014
2022-07-28,1087380.21630818,766404.3601222264,1584129.4747456291,1038784.8360716266,887186.4431942432,1397271.0133493112,1243601.56802631
2022-07-29,1097890.58130818,749195.3958610077,1613398.5639352347,1052470.144518767,899709.1617192434,1417732.0147008616,1258211.5756659107
2022-08-01,1101675.15130818,750008.88945566,1613158.6533681068,1066954.5950650105,901635.7338000127,1414178.2618345395,1262015.6336716574
2022-08-02,1100387.76890818,732054.7058048827,1607880.6208912928,1068353.0937384407,904525.5919211665,1404701.587524348,1268681.4273695643
2022-08-03,1106147.45730818,738761.680310911,1660181.1245251785,1063258.5628566586,908378.736082705,1433777.7473397092,1263497.3173851685
2022-08-04,1109658.60170818,752108.6433104236,1663539.8724649693,1062059.849708004,911268.5942038589,1429039.4101846132,1268209.8204595477
2022-08-05,1113337.42400818,750482.9443136681,1645306.6693632477,1078342.3699772293,909342.0221230896,1422147.2834135648,1278511.1774448778
2022-08-08,1109754.00110818,747772.5871907094,1646026.4010646313,1067054.4878273983,914158.4523250128,1426239.4836838748,1271374.6683434006
2022-08-09,1105336.49840818,745062.8741640252,1624434.450023119,1057664.568162937,904525.5919211665,1417947.393662457,1275616.4560142101
2022-08-10,1110992.4231081798,730631.8971345844,1670977.1000459348,1049473.3616471302,917048.3104461665,1448746.5851705803,1278713.549408155
2022-08-11,1112457.79690818,745334.038695576,1653703.5392127247,1062659.2062823314,920901.4546077051,1441962.1478803295,1273596.3024072212
2022-08-12,1126286.26110818,750550.5744224869,1689690.124281912,1089730.1448894483,930534.3150115514,1468992.2075605358,1278343.5742330004
2022-08-15,1128729.23840818,745875.7236624031,1701925.5632054359,1099519.6356034612,926681.1708500129,1474699.7500428103,1279858.2436850192
2022-08-16,1130556.79090818,741200.872902319,1705764.1322794822,1107411.1638321043,928607.7429307821,1484499.4927953952,1278612.8091797393
2022-08-17,1126155.96910818,745875.7236624031,1688970.392580528,1112006.230901947,912231.8802442435,1476745.8501779654,1273563.3166687132
2022-08-18,1121585.32280818,739575.1739055634,1691609.4088189353,1095324.13958317,916085.024405782,1478899.639793918,1268580.6871411486
2022-08-19,1115081.51860818,742488.4213549793,1664979.3358677365,1092427.2494739213,901635.7338000127,1465546.1441750114,1265079.7413270948
2022-08-22,1102042.1370081801,739304.0093740127,1623954.628888863,1079940.6541754354,877553.582790397,1437223.8107252335,1261577.904006595
2022-08-23,1101971.57800818,736932.4468914239,1630432.2142013167,1068452.9865008288,870810.5805077045,1440777.5635915555,1268916.7850713492
2022-08-24,1102630.3932081799,726769.895872878,1631631.7670369565,1068053.415451277,873700.4386288584,1442069.8373611271,1274000.1548273296
2022-08-25,1115043.95090818,754751.3703245631,1663539.8724649693,1075245.694343205,880443.4409115508,1465653.833655809,1277669.5953597066
2022-08-26,1104713.53490818,761729.5093621423,1594445.6291321293,1082637.7587599086,859251.1480230889,1415147.4671617185,1279083.5245833097
2022-08-29,1092882.76170818,758409.8371635375,1583889.564178501,1047375.6136369847,854434.7178211658,1410086.0615642294,1269321.5289979042
2022-08-30,1095560.8825081799,756987.0284932393,1568295.3773151864,1059862.2089354703,866957.436346166,1396732.5659453229,1273899.4145989139
2022-08-31,1090573.40500818,758071.0425231677,1561577.881435605,1055566.8201527914,861177.7201038583,1388117.407481512,1267099.0034276377
2022-09-01,1080019.61160818,744250.0246656474,1560138.4180328373,1033490.5196650686,846728.4294980888,1390701.9550206554,1258683.1825759273
2022-09-02,1079161.39680818,739642.8040143825,1539746.0198269645,1030194.0585062684,869847.2944673199,1377671.5278441417,1258885.5545392046
2022-09-05,1077508.41610818,731918.8014909701,1541425.3937968598,1026298.2407731409,847691.7155384735,1379179.1805753084,1268008.3400027168
2022-09-06,1080293.5457081802,733273.9800524494,1532548.7028131273,1027896.5249713468,859251.1480230889,1375517.7382281888,1273293.1902155282
2022-09-07,1079893.44260818,727853.9099028066,1564936.6293753956,1008317.5435433214,861177.7201038583,1401686.2820620143,1268816.0448429338
2022-09-08,1085983.16400818,720875.7708652274,1572853.678090617,1021902.9592280737,866957.436346166,1410409.1300066225,1276458.038099381
2022-09-09,1097027.13690818,740184.4889812096,1605721.4257871413,1029394.9164071652,880443.4409115508,1430977.8208389708,1277737.3498496145
2022-09-13,1089982.9001081802,737000.077000243,1531109.2394103594,1046876.1498250454,893929.4454769357,1380256.0753832848,1275212.6035941013
2022-09-14,1077412.77180818,720536.9762248575,1547902.9791093136,1010714.9698406307,872737.1525884737,1388763.5443662978,1266359.0530773285
2022-09-15,1074544.95240818,723653.1140007307,1521272.9061581152,1023101.6723767285,868884.0084269353,1372717.8117274502,1262083.3881615654
2022-09-16,1068489.53850818,719181.7976633784,1516954.5159498125,1011414.2191773457,857324.5759423197,1366579.5113219852,1259693.2593794218
2022-09-19,1071190.09160818,712406.5489522562,1530629.4182761037,1016908.3211086795,865030.8642653967,1377133.0804401531,1258548.5651025577
2022-09-20,1071339.3352081801,721417.4558320545,1519113.7110539638,1020804.1388418071,858287.8619827044,1362595.0005324727,1262722.598283459
2022-09-21,1064488.6758081801,708950.972439739,1493203.3698041486,1007118.8303946666,861177.7201038583,1340303.2780073623,1266526.6562892057
2022-09-22,1056298.4580081801,699737.1752334837,1481207.841447753,1002124.1922752724,838058.8551346271,1333195.7722747182,1263093.4649650601
2022-09-23,1054228.11300818,692351.9673504409,1459136.0692719847,1016708.5355839038,822646.278488473,1312411.7024807746,1270364.591539906
2022-09-26,1044310.0256081801,692555.5017731726,1459855.8009733686,985841.672006047,811086.8460038574,1305627.2651905238,1263362.6999117988
2022-09-27,1045679.67120818,696552.763252517,1470891.6870612525,987939.4200161926,803380.5576807804,1310365.6023456198,1263867.2925603231
2022-09-28,1046156.1514081801,676159.3870103317,1508317.7355332077,972256.2563212945,806270.4158019343,1343210.8939888985,1263328.822666845
2022-09-29,1046233.6326081802,672772.0847029081,1464893.922883055,993433.5219475264,803380.5576807804,1314673.181577525,1273664.056897129
2022-09-30,1041617.9917212601,673991.3589504746,1437544.118230472,971656.8997469671,819756.4203673191,1293027.5959372008,1276929.6450093973
2022-10-10,1051261.05882126,673584.9342012858,1431066.5329180188,1009616.1494543637,822646.278488473,1302611.9597281902,1284975.4906859533
2022-10-11,1041435.1087212601,659289.217389483,1414992.5249204484,982744.9963720225,817829.8482865499,1297335.175169106,1283359.1894990727
2022-10-12,1040671.4613212601,654479.1064117609,1414752.6143533203,983544.1384711256,815903.2762057806,1294212.1802259744,1285176.9711427842
2022-10-13,1043768.57552126,642283.7875509962,1446660.719781333,970857.757647864,828425.9947307808,1327918.9877156343,1286018.5532279552
2022-10-14,1044459.47142126,649871.8857604959,1401797.4437284132,998128.481779757,838058.8551346271,1296365.9698419273,1284739.2414777218
2022-10-17,1048681.48732126,650617.1051500547,1450019.4677211242,981146.7121738163,851544.8597000119,1330611.2247355753,1279892.120929973
2022-10-18,1056324.1336212598,662405.9992616306,1461055.353809008,989837.3825015624,865994.1503057814,1345580.0625664466,1279319.7737915409
2022-10-19,1051963.04192126,646619.8436707105,1455297.5001979382,993233.7364227505,866957.436346166,1336964.9041026356,1276727.27304612
2022-10-20,1045587.4071212601,638082.9916489201,1449539.646586868,983943.7095206771,864067.5782250122,1327272.8508308483,1272081.6329552021
2022-10-21,1048975.10452126,635237.3743083234,1483846.8576861604,975552.7174800948,861177.7201038583,1358395.1107813648,1273158.5727421585
2022-10-24,1053885.23062126,594316.0057025894,1500160.7762508583,989837.3825015624,881406.7269519354,1375302.3592665934,1287466.3596965126
2022-10-25,1063822.7860212598,596958.0886204544,1540705.6620954764,998328.2673045327,895856.0175577049,1405993.8612939196,1288543.2994834685
2022-10-26,1066696.02462126,602106.9942385465,1505198.8981605447,1013911.5382370428,914158.4523250128,1394686.4658101678,1289452.6360585473
2022-10-27,1065068.29952126,605562.5707510638,1475929.808970939,1016508.750059128,921864.7406480897,1384779.0335767856,1286860.1353131265
2022-10-28,1065979.02052126,584152.8105877691,1524871.564665034,1012912.610613164,917048.3104461665,1421501.1465287788,1284840.8732125836
2022-10-31,1063745.18392126,577852.2608309295,1507837.9143989517,1022702.1013271769,918974.8825269358,1412347.54066098,1282180.6179772548
2022-11-01,1069649.1729212601,610915.0107918874,1498721.3128480911,1022801.9940895648,918974.8825269358,1412778.2985841706,1282921.4598340103
2022-11-02,1066931.47412126,626633.5362739885,1450019.4677211242,1027796.632208959,914158.4523250128,1379825.3174600943,1284907.7361960453
2022-11-03,1059529.6887212598,609763.3666531397,1426988.053276844,1031692.4499420866,901635.7338000127,1370456.3326307,1282854.5968505484
2022-11-04,1070141.54852126,642826.1166140976,1450979.1099896356,1015409.9296728612,920901.4546077051,1390917.3339822507,1285176.9711427842
2022-11-07,1080909.17052126,658272.8334683736,1461535.1749432639,1028895.4525952259,937277.3172942438,1398778.6660804779,1291035.0600004739
2022-11-08,1086939.51612126,655495.4903328704,1469692.1342256132,1042880.4393295299,955579.7520615518,1403517.0032355736,1293256.694064294
2022-11-09,1090273.04812126,647975.0222321897,1436104.654827705,1045277.8656268391,957506.324142321,1375948.4961513795,1320592.064716322
2022-11-10,1105177.2371212598,638964.1153523915,1546703.4262736742,1032891.1630907413,989294.7634750138,1456823.296230403,1317293.4908655458
2022-11-11,1131655.6111212599,684357.4443917522,1564456.8082411399,1089430.4666022847,1005670.6261615525,1460053.980654332,1332509.7228885326
2022-11-14,1120707.0819212599,686525.4724516093,1528950.0443062084,1080540.010749763,1011450.3424038603,1426777.931087863,1317057.2416573146
2022-11-15,1126484.2912212599,709967.3563608484,1541425.3937968598,1068952.450312768,1007597.1982423218,1429577.8575886013,1325204.719068732
2022-11-16,1125306.37082126,706986.4788026137,1518393.9793525802,1077842.90616529,998927.62387886,1416978.1883352783,1330994.1619300677
2022-11-17,1126243.4436212599,701972.8334021597,1521272.9061581152,1074546.4450064898,1009523.7703230912,1418593.5305472428,1332778.9578352715
2022-11-18,1129558.30102126,703463.2721812772,1529909.68657472,1072748.3752835079,1023973.0609288603,1433993.1263013044,1330455.6920365896
2022-11-21,1124503.1518212599,692758.3920996299,1516954.5159498125,1077443.3351157384,1019156.6307269374,1431731.647204554,1324227.6280037456
2022-11-22,1128777.80932126,689371.0897922061,1546943.336840802,1077343.4423533506,1019156.6307269374,1459300.1542887485,1324934.5926155471
2022-11-23,1128999.04722126,688151.8155446395,1554380.5644217676,1078741.941026781,1021083.2028077065,1460269.3596159276,1323016.0707434197
2022-11-24,1137136.89282126,692758.3920996299,1552701.190451872,1100118.9921777884,1038422.3515346299,1458654.017403963,1328065.563254446
2022-11-25,1137823.52672126,691335.5834293314,1544544.231169523,1104614.1664852432,1039385.6375750146,1461023.185981511,1329278.0120212177
2022-11-28,1131514.09692126,682867.0056126348,1528230.3126048245,1097921.351405255,1028789.4911307837,1443792.869053889,1331129.6709098835
2022-11-29,1139657.5053212598,722095.0451127941,1524391.7435307777,1102616.3112374856,1028789.4911307837,1448854.274651378,1330455.6920365896
2022-11-30,1148218.86252126,735577.2683299447,1588447.8649539317,1096922.4237813763,1026862.9190500143,1489345.5194312888,1327426.3531325522
2022-12-01,1151330.44322126,736661.2823598732,1579811.0845373266,1107710.842119268,1034569.2073730915,1477391.9870627513,1332980.438292103
2022-12-02,1148945.20732126,729615.5132134749,1559178.7757643259,1099020.1717915218,1038422.3515346299,1461884.7018278919,1341160.901442028
2022-12-05,1145482.55072126,759967.906051474,1528950.0443062084,1103815.0243861403,1031679.3492519375,1432485.4735701375,1328705.6648827859
2022-12-06,1128624.17112126,751499.3282347774,1486485.8739245674,1081638.8311360297,1011450.3424038603,1399640.181926859,1320154.3350512597
2022-12-07,1121035.02072126,728599.1292923655,1484086.768253288,1073847.1956697744,1005670.6261615525,1401470.9031004186,1316384.1542904668
2022-12-08,1125921.63842126,748382.5463626299,1494642.8332069165,1068852.5575503802,1004707.3401211678,1404809.2770051453,1319683.6196476896
2022-12-09,1132066.62712126,765862.6751553993,1484806.4999546718,1078442.2627396171,1016266.7726057834,1394148.0184061795,1323925.4073184985
2022-12-12,1129040.85302126,748586.0807853616,1502319.9713550098,1075245.694343205,1007597.1982423218,1413424.4354689561,1320558.1874713684
2022-12-13,1137294.68542126,756919.3983844202,1521992.6378594986,1076544.3002542476,1024936.3469692452,1427424.0679726487,1324766.9894036695
2022-12-14,1142868.14792126,757325.8231336091,1505678.7192948007,1095823.6033951095,1027826.205090399,1414716.709238528,1337794.5731013438
2022-12-15,1122727.65802126,743572.4353849079,1451698.8416910195,1090329.5014637755,997001.0517980908,1375517.7382281888,1322780.7130416345
2022-12-16,1116785.36122126,751092.9034855885,1447380.4514827167,1059562.5306483067,992184.6215961677,1368948.6798995333,1320457.4472429527
2022-12-19,1114737.72632126,746282.1484115919,1427227.963843972,1057264.9971133855,989294.7634750138,1355810.5632422217,1327291.7356591825
2022-12-20,1108988.25252126,737948.8308125334,1428187.606112484,1029794.4874567167,988331.4774346292,1359364.3161085437,1327257.8584142288
2022-12-21,1122423.43072126,737474.7759545255,1445461.1669456938,1056166.1767271187,1002780.7680403985,1375625.4277089864,1340891.666495289
2022-12-22,1120685.79542126,758071.0425231677,1412353.5086820412,1058263.9247372642,989294.7634750138,1356887.4580501982,1340790.9262668735
2022-12-23,1119163.1499212598,754954.2606510203,1417391.6305917273,1049273.5761223545,991221.335555783,1366579.5113219852,1337659.9556279744
2022-12-26,1118190.56912126,754141.4111526426,1417631.5411588552,1052270.358993991,993147.9076365522,1366794.8902835806,1332778.9578352715
2022-12-27,1115418.49802126,751566.9583435964,1392201.0210432962,1050472.2892710094,995074.4797173215,1355918.2527230193,1334259.750042336
2022-12-28,1115083.60092126,765185.0858746597,1376127.0130457259,1044079.1524781844,991221.335555783,1342241.6886617197,1337559.2153995587
2022-12-29,1117161.49392126,760849.0297549454,1412593.419249169,1033490.5196650686,1002780.7680403985,1367871.7850915568,1331701.1265418692
2022-12-30,1119053.61922126,760442.6050057566,1408514.9396079944,1037486.230160584,993147.9076365522,1361625.795205294,1342440.2131922615
2022-12-31,1118941.27474368,760442.6050057566,1408275.0290408665,1037486.230160584,993147.9076365522,1361518.1057244963,1342407.2274537538
2023-01-03,1125389.38594368,771485.6356314993,1395319.8584159592,1050871.8603205609,1010487.0563634756,1353118.3262222807,1348163.684576582
2023-01-04,1127734.82884368,791743.7516560464,1396759.3218187266,1027397.0611594075,1015303.4865653988,1356241.3211654122,1353313.9173160235
2023-01-05,1124036.15184368,799195.9455516335,1371088.8911360397,1027696.7394465711,1015303.4865653988,1336749.5251410406,1349712.2312735543
2023-01-06,1124834.0320436799,796689.1228514065,1408994.7607422504,1020904.031604195,1019156.6307269374,1366794.8902835806,1338670.0324314688
2023-01-09,1130843.89034368,804954.8103416461,1404676.370533948,1021503.3881785222,1034569.2073730915,1349779.952317554,1351899.9880924204
2023-01-10,1128579.08074368,795266.3141811083,1404196.549399692,1020604.3533170314,1029752.7771711681,1342995.5150273032,1354223.2538911025
2023-01-11,1137968.91494368,800618.7542219319,1431066.5329180188,1030693.5223182078,1045165.3538173222,1363564.2058596516,1357051.1123383085
2023-01-12,1139733.9765436798,802447.987641419,1436344.5653948328,1032491.5920411898,1054798.2142211685,1366471.8218411873,1354997.0814863655
2023-01-13,1140827.01044368,806513.523325857,1438743.671066112,1031792.3427044745,1059614.6444230918,1363241.1374172585,1355199.453449643
2023-01-16,1142570.09844368,804684.2899063696,1435384.9231263213,1030194.0585062684,1057688.0723423227,1359902.7635125318,1364221.4986847395
2023-01-17,1145002.30864368,799534.7401920032,1438983.58163324,1038884.7288340145,1062504.5025442454,1358933.558185353,1367419.3323071
2023-01-18,1149360.98054368,806513.523325857,1428187.606112484,1070550.7345109745,1063467.7885846305,1345256.9941240535,1367520.9640419616
2023-01-19,1143927.14924368,805971.1942627553,1415712.2566218318,1054368.1070041368,1047091.9258980915,1336641.8356602427,1370684.9204193684
2023-01-20,1158064.4891436798,820131.6508569202,1455777.3213321941,1061760.1714208403,1059614.6444230918,1362379.6215708773,1381154.772123022
2023-01-30,1166718.97904368,819995.7465430076,1490564.3535657418,1083536.7936213994,1068284.2187865532,1376163.8751129746,1381760.9965064079
2023-01-31,1161942.59174368,810578.4149140205,1513115.9468757662,1074246.766719326,1065394.3606653996,1395871.050098942,1367655.5815153313
2023-02-01,1170955.2912436798,817286.0335163233,1542624.9466324996,1077343.4423533506,1068284.2187865532,1408039.9614290746,1378461.5311491855
2023-02-02,1184213.97054368,809020.3460260838,1588447.8649539317,1085135.0778196056,1101035.9441596307,1420962.6991247905,1392062.3534917377
2023-02-03,1173313.76484368,800348.2337866555,1566376.0927781633,1092726.927761085,1092366.369796169,1411593.7142953963,1371492.625259586
2023-02-06,1160605.5535436799,787814.120285521,1560138.4180328373,1080739.7962745389,1076953.7931500152,1410409.1300066225,1353650.9067526702
2023-02-07,1163960.2176436798,793369.4506528019,1596844.7348034086,1076744.0857790234,1072137.362948092,1433346.9894165187,1350250.7011670324
2023-02-08,1160856.04414368,790117.4085630161,1563497.1659726282,1082537.8659975207,1075027.2210692458,1412993.6775457659,1351698.5076355895
2023-02-09,1163887.23384368,804616.0157012761,1552461.2798847442,1082537.8659975207,1083696.7954327073,1403840.071677967,1355199.453449643
2023-02-10,1157171.1939436798,788084.6407207972,1542864.8571996274,1084136.1501957267,1070210.7908673226,1406639.9981787053,1349072.1296452144
2023-02-13,1162355.2787436799,790049.7784541971,1572613.767523489,1076644.1930166355,1074063.935028861,1428608.6522614227,1352876.187650961
2023-02-14,1162638.0220436798,787949.380503159,1582929.9219099896,1078642.0482643931,1077917.0791903995,1427962.515376637,1350419.1958853558
2023-02-15,1161633.5346436799,777650.9251707006,1596844.7348034086,1070151.1634614228,1088513.2256346305,1433239.299935721,1348230.5475600434
2023-02-16,1161186.8223436798,787814.120285521,1574053.2309262566,1075944.9436799202,1090439.7977153999,1420531.9412016002,1346918.250071302
2023-02-17,1156821.27444368,778938.473623361,1566616.0033452914,1069451.9141247075,1086586.6535538612,1419670.4253552193,1344797.3562358976
2023-02-20,1159792.05954368,785848.9825521212,1566136.1822110354,1067254.273352174,1088513.2256346305,1419239.6674320286,1350620.676342187
2023-02-21,1148883.65574368,771756.8001630501,1527030.759769185,1064457.2760053133,1081770.2233519382,1389086.6128086909,1346244.2711980082
2023-02-22,1148981.30214368,769385.2376804613,1531828.9711117432,1049872.932696682,1080806.9373115536,1390917.3339822507,1353381.6718059315
2023-02-23,1151653.0376436799,769656.4022120119,1551021.8164819765,1053768.7504298093,1086586.6535538612,1403840.071677967,1349409.119081861
2023-02-24,1146422.92594368,755293.05529139,1522712.3695608827,1066854.7023026226,1065394.3606653996,1387363.5811159285,1353280.9315775156
2023-02-27,1151072.7135436798,759290.3167707345,1546703.4262736742,1063158.6700942707,1083696.7954327073,1404270.8296011572,1350116.0836936627
2023-02-28,1149310.11774368,752854.5067962568,1543584.5889010113,1062759.0990447192,1087549.939594246,1399101.7345228707,1349005.2666617527
2023-03-01,1153710.29084368,783071.6394166178,1527990.4020376967,1064457.2760053133,1077917.0791903995,1390163.507616667,1355671.0603596591
2023-03-02,1150048.07374368,771079.2108823104,1529189.9548733362,1056865.426063834,1078880.3652307845,1388871.2338470956,1354189.3766461485
2023-03-03,1163727.25824368,779548.4327952816,1566616.0033452914,1073347.731857835,1094292.9418769383,1417624.325220064,1360417.4406789928
2023-03-06,1170920.3268436799,779142.0080460926,1564456.8082411399,1088031.9679288543,1100072.6581192461,1415147.4671617185,1373546.6561115286
2023-03-07,1168816.41244368,778870.8435145419,1549582.353079209,1094425.104721679,1101999.2302000155,1397594.081791704,1371930.3549246483
2023-03-08,1163135.3197436798,764642.7568115582,1565416.4505096516,1094225.3191969031,1100072.6581192461,1407178.4455826934,1357151.852566724
2023-03-09,1160613.62294368,761390.7147217725,1540225.8409612204,1103914.9171485282,1101999.2302000155,1384132.8966919996,1357892.6944234797
2023-03-10,1152496.7942436798,738219.9953440841,1518873.800486836,1092527.1422363091,1090439.7977153999,1363887.2743020442,1365298.4384716954
2023-03-13,1154289.83004368,749601.8206101967,1524871.564665034,1089130.788315121,1063467.7885846305,1356349.01064621,1377384.591362229
2023-03-14,1158997.93424368,729276.7185731049,1550781.9059148487,1067953.5226888892,1079843.6512711688,1370348.6431499023,1395462.5590773758
2023-03-15,1151532.3891436798,736661.2823598732,1551261.7270491044,1056166.1767271187,1041312.2096557837,1355595.1842806262,1394048.629853773
2023-03-16,1163940.55734368,728599.1292923655,1602602.5884144786,1064756.9542924769,1050945.0700596299,1388871.2338470956,1406234.631466276
2023-03-17,1165551.6560436802,739642.8040143825,1592286.434027978,1072548.5897587321,1039385.6375750146,1371748.6064002716,1413135.7828659678
2023-03-20,1180841.10844368,716200.9201051433,1590607.060058083,1063258.5628566586,1050945.0700596299,1376702.322516963,1467739.6611865622
2023-03-21,1181917.3195436802,727650.375480075,1614598.1167708745,1070650.6272733624,1075990.5071096304,1396086.4290605371,1442255.9494232
2023-03-22,1174282.46464368,738897.5846248238,1591326.7917594665,1081738.7238984175,1082733.509392323,1372179.3643234621,1418656.8822870106
2023-03-23,1185744.83384368,756038.2746809488,1611239.3688310834,1088731.2172655696,1091403.0837557844,1376163.8751129746,1431886.837947962
2023-03-24,1181818.2253436798,747230.9022238823,1608600.3525926764,1085234.9705819935,1064431.0746250148,1377025.3909593557,1436566.3552838336
2023-03-27,1181175.8093436798,737813.5705948952,1604281.9623843739,1095224.246820782,1075990.5071096304,1386178.9968271547,1428588.2640971856
2023-03-28,1180494.12554368,746214.5183027728,1597324.5559376644,1092527.1422363091,1080806.9373115536,1384671.3440959877,1423942.6240062679
2023-03-29,1193212.46644368,761865.413676055,1627313.376828654,1108410.091455983,1097182.7999980922,1404809.2770051453,1427847.4222404303
2023-03-30,1197943.3241436798,767420.7440433357,1644826.8482289917,1103914.9171485282,1113558.6626846308,1415255.1566425161,1428419.7693788623
2023-03-31,1207893.6029405799,769047.0871363658,1668338.0838075276,1109808.5901294134,1125118.0951692464,1432162.405127745,1440000.4381144256
2023-04-03,1202393.75054058,770198.7312751134,1666178.8887033763,1114903.1210111957,1112595.3766442463,1439162.221379591,1423101.0419210969
2023-04-04,1206624.35874058,764372.2363762818,1658021.9294210272,1123993.3623884933,1122228.2370480925,1428716.3417422203,1435961.022406894
2023-04-06,1211689.0353405802,766810.7848714152,1653943.4497798525,1104414.3809604675,1123191.5230884773,1431516.268242959,1459390.7033183137
2023-04-07,1210806.15314058,767691.9085748864,1655862.734316876,1099819.3138906248,1125118.0951692464,1433454.6788973163,1456799.0940793387
2023-04-10,1206478.54634058,766878.4149802343,1652503.986377085,1100818.241514504,1123191.5230884773,1433239.299935721,1445117.6851153597
2023-04-11,1210184.78874058,774195.9927544579,1644586.9376618639,1102716.2039998737,1125118.0951692464,1435608.468513269,1451177.2544298803
2023-04-12,1212401.29134058,767149.5795117852,1628992.7507985495,1108310.1986935951,1132824.3834923236,1429039.4101846132,1461444.7341702564
2023-04-13,1217736.48414058,766471.9902310454,1657542.1082867712,1112305.9091891106,1139567.385775016,1443900.558534687,1463127.8983405987
2023-04-14,1223161.06454058,769249.977462823,1652503.986377085,1128388.6439335602,1150163.532219247,1439808.3582643769,1468008.8961333013
2023-04-17,1220078.91234058,782935.7351027053,1654903.0920483642,1120297.3301801414,1142457.2438961698,1446054.3481506396,1455182.7928924584
2023-04-18,1219035.1885405802,779412.5284813688,1658501.7505552832,1123294.1130517782,1145347.1020173237,1450146.5484209496,1449494.0902595385
2023-04-19,1216782.50334058,767894.7989013438,1655862.734316876,1122994.4347646146,1150163.532219247,1448208.1377665922,1448921.7431211064
2023-04-20,1216636.18714058,771756.8001630501,1648905.3278701664,1122694.7564774507,1144383.8159769392,1444977.4533426634,1450941.0052216493
2023-04-21,1211655.89134058,757122.2887108774,1645306.6693632477,1121695.828853572,1148236.9601384776,1441316.0109955436,1445386.920062099
2023-04-24,1210851.35474058,753667.3562946345,1643387.3848262245,1123693.6841013297,1150163.532219247,1444223.6269770798,1442727.5563332161
2023-04-25,1209296.66954058,740659.187935492,1612918.742800979,1125291.9682995358,1157869.8205423239,1421716.525490374,1455014.298174135
2023-04-26,1212316.35174058,750008.88945566,1630912.0353355727,1126390.7886858026,1150163.532219247,1424301.0730295174,1456630.5993610155
2023-04-27,1220528.16734058,752786.2325911631,1674575.7585528533,1128388.6439335602,1156906.5345019393,1451438.8221905215,1459189.2228614823
2023-04-28,1222652.77554058,755157.7950737521,1686331.376342121,1142373.6306678643,1163649.5367846317,1464253.8704054398,1448247.7642478128
2023-05-04,1224761.50074058,755360.6854002092,1648185.5961687826,1144970.8424899494,1150163.532219247,1422362.66237516,1478950.354746971
2023-05-05,1235005.84134058,759765.015725017,1684652.002372226,1148267.3036487496,1160759.6786634778,1449931.1694593544,1485885.3833916166
2023-05-08,1229983.0029405802,769656.4022120119,1689930.03484904,1134182.4241520576,1159796.3926230932,1451438.8221905215,1470769.8915970458
2023-05-09,1228800.3463405801,754209.0412614616,1681053.343865307,1146768.9122129313,1158833.1065827087,1446808.174516223,1473529.9955543443
2023-05-10,1230281.88874058,751634.5884524157,1700486.0998026682,1142173.8451430886,1152090.104300016,1454238.7486912599,1478277.2673801235
2023-05-11,1230063.55554058,750482.9443136681,1700965.9209369242,1148666.874698301,1146310.3880577083,1447777.3798434017,1479118.8494652945
2023-05-12,1230558.66614058,748856.6012206379,1704324.668876715,1162152.3976206658,1149200.2461788622,1453807.9907680694,1471105.9895272464
2023-05-15,1236580.3881405802,763626.3728904487,1717759.660635878,1162651.8614326052,1145347.1020173237,1461777.012347094,1476694.843438197
2023-05-16,1234462.42854058,762881.1535008899,1715360.554964599,1167646.4995519996,1144383.8159769392,1449392.7220553663,1472856.9081874965
2023-05-17,1236404.75894058,749263.6700661012,1742470.4490500533,1177236.2047412368,1151126.8182596315,1471899.823542072,1466999.7108362531
2023-05-18,1246184.2587405802,758883.8920215457,1779656.5869548805,1191121.2987131525,1166539.3949057856,1490637.7932008605,1464811.0625109407
2023-05-19,1246443.45734058,753396.1917630838,1785414.4405659505,1198813.04141702,1174245.6832288627,1496668.4041255277,1458986.850898205
2023-05-22,1251042.12714058,760442.6050057566,1785894.2617002062,1211499.4222402815,1171355.8251077086,1492791.5828168131,1464541.8275642016
2023-05-23,1242606.56214058,753125.027231533,1767181.2374642289,1202808.7519125354,1168465.966986555,1479545.776678704,1456630.5993610155
2023-05-24,1238682.7897405801,742827.2159953491,1764062.400091566,1195316.794733444,1145347.1020173237,1473515.1657540365,1465955.7567878047
2023-05-25,1237346.41014058,728666.7594011844,1804367.3753690557,1193019.2611985225,1139567.385775016,1485684.077084169,1461848.586590365
2023-05-26,1243570.17454058,730428.3627118526,1856667.8790029415,1197114.864456426,1154016.6763807854,1509914.210263637,1454139.7303504562
2023-05-29,1240018.54654058,720943.4009740466,1851869.6676603833,1200211.5400904503,1148236.9601384776,1506037.388954922,1451782.5873068203
2023-05-30,1242725.56634058,725618.2517341304,1865304.6594195464,1208402.746606257,1147273.674098093,1511098.794552411,1449190.9780678456
2023-05-31,1240436.38394058,710848.4800643197,1852829.3099288947,1196315.7223573227,1131861.097451939,1502268.257127005,1468245.1453415328
2023-06-01,1248483.0457405802,712000.1242030674,1880658.9357157333,1214196.5268247544,1144383.8159769392,1520252.4004202099,1466999.7108362531
2023-06-02,1264379.71754058,740455.6535127604,1893374.1957735126,1230578.9398563677,1164612.8228250165,1541790.2965797368,1473126.1431342354
2023-06-05,1260322.67414058,745604.5591308522,1893614.1063406407,1243664.891729181,1151126.8182596315,1537913.475271022,1457438.3042012323
2023-06-06,1268970.5191405802,747027.3678011507,1898412.317683199,1265841.0849792915,1156906.5345019393,1545020.9810036658,1466224.9917345438
2023-06-07,1264289.41594058,754547.8359018315,1869143.2284935934,1242266.3930557503,1154979.96242117,1541682.6070989391,1467134.3283096226
2023-06-08,1264600.0941405802,758071.0425231677,1895053.5697434084,1230878.6181435313,1158833.1065827087,1553097.6920634885,1461579.3516436259
2023-06-09,1274111.34894058,760916.6598637645,1896732.9437133034,1260846.446859897,1162686.250744247,1551374.6603707264,1472284.5610490644
2023-06-12,1280887.70114058,762610.6330656137,1932239.7076482351,1266040.8705040673,1170392.539067324,1567743.4614519668,1474102.3426927761
2023-06-13,1293971.1129405801,770469.2517103897,1954791.3009582593,1292312.6670120812,1186768.4017538626,1584650.7099371955,1479825.814077096
2023-06-14,1294977.10574058,767556.0042609739,1969905.666687318,1305997.9754592215,1196401.2621577089,1587558.3259187317,1470062.9269852443
2023-06-15,1297158.96534058,783748.5846010831,1990537.9754603186,1304599.4767857913,1198327.8342384782,1605434.7797311388,1457405.3184627248
2023-06-16,1302811.4093405802,791201.4225929448,1971824.951224341,1309194.543855634,1211813.838803863,1595096.589574566,1469591.3200752279
2023-06-19,1294770.70574058,784562.0781957353,1969185.934985934,1280425.4282879229,1197364.548198094,1593050.489439411,1470399.0249154451
2023-06-20,1295671.37874058,777583.2950618817,1977822.7154025391,1286319.1012688081,1195437.9761173245,1594127.3842473873,1472957.648415912
2023-06-21,1292053.97734058,763829.9073131804,1956470.6749281548,1302202.050488482,1191584.831955786,1590142.8734578749,1469052.8501817498
2023-06-26,1277224.1625405801,749127.7657521886,1940156.7563634561,1255751.915978115,1179062.1134307855,1582281.5413596476,1466797.3388729757
2023-06-27,1284020.0243405802,763491.1126728104,1974943.788597004,1251056.9561458842,1183878.543632709,1601234.8899800314,1466628.8441546524
2023-06-28,1286125.45114058,764507.49659392,1977582.8048354113,1269437.2244252553,1194474.6900769398,1600696.442576043,1458683.7387065121
2023-06-29,1287126.8129405798,756038.2746809488,1977342.8942682834,1276329.8250300195,1196401.2621577089,1610280.8063670325,1459593.075281591
2023-06-30,1293081.94362192,755496.5897141219,2010210.6419648076,1271235.2941482372,1206034.1225615551,1631172.5656417736,1464104.0978991392
2023-07-03,1300241.14302192,770198.7312751134,2011170.2842333196,1292112.8814873055,1203144.2644404015,1630741.8077185831,1467436.5489948692
2023-07-04,1298152.22552192,773789.5680052689,2008051.4468606564,1276929.1816043467,1199291.120278863,1628264.9496602374,1468952.1099533343
2023-07-05,1293168.66932192,761594.2491445041,2005172.5200551217,1273333.0421583827,1185805.1157134783,1623526.6125051419,1471409.1017189396
2023-07-06,1280618.84252192,745401.6688043951,1993416.9022658535,1254752.9883542361,1156906.5345019393,1613511.4907909618,1470298.2846870294
2023-07-07,1276682.43102192,737813.5705948952,1985020.0324163768,1243165.4279172414,1165576.1088654008,1608127.0167510798,1468648.9977616412
2023-07-10,1279828.32642192,740659.187935492,1983100.7478793531,1243465.106204405,1173282.3971884777,1609096.2220782586,1473260.760607605
2023-07-11,1285121.62892192,747230.9022238823,1991737.5282959584,1253154.70415603,1186768.4017538626,1619111.3437924387,1469725.9375485976
2023-07-12,1291344.24642192,754344.9455753742,2012609.7476360868,1248060.1732742477,1202180.9784000167,1628372.6391410353,1472957.648415912
2023-07-13,1308516.38992192,771756.8001630501,2040199.4628557975,1278127.8947530014,1218556.8410865555,1636987.797604846,1484774.5663597067
2023-07-14,1305604.32412192,772569.6496614277,2033242.056409088,1277828.2164658376,1222409.985248094,1630634.1182377855,1477030.9413683978
2023-07-17,1307599.6878219198,773179.6088333483,2052674.812346449,1270036.5809995828,1218556.8410865555,1636880.1081240484,1482316.683087655
2023-07-18,1312247.2793219201,758613.3715862692,2072587.3894180658,1278727.2513273288,1229152.9875307863,1651310.4985509315,1489386.3292056704
2023-07-19,1320109.48932192,756377.0693213186,2071867.6577166822,1291813.2032001417,1228189.7014904018,1656048.8357060275,1508406.6192344038
2023-07-20,1313726.3465219198,755699.480040579,2025325.0076938665,1277228.8598915103,1239749.1339750174,1644633.7507414778,1504367.203526872
2023-07-21,1307872.02332192,760916.6598637645,2019807.0646499244,1264342.6935434733,1225299.8433692479,1644741.440222276,1495849.7509402998
2023-07-24,1304748.2903219198,744385.2848832856,2023645.6337239712,1261445.8034342243,1223373.2712884785,1651202.809070134,1496759.0875153786
2023-07-25,1310007.05752192,774941.2121440164,2037320.5360502624,1265841.0849792915,1221446.6992077094,1654756.5619364558,1486759.9512152956
2023-07-26,1307239.65342192,771350.3754138611,2027244.2922308894,1258648.8060873637,1204107.550480786,1651956.6354357174,1494536.5619451124
2023-07-27,1315028.93052192,783274.5297430751,2021006.6174855642,1274531.7553070376,1229152.9875307863,1640756.9294327633,1497364.4203923184
2023-07-28,1319484.6105219198,794453.4646827304,2060831.7716287982,1283022.6401100077,1225299.8433692479,1658310.3148027777,1486996.2004235268
2023-07-31,1320956.58722192,801093.4531762142,2060112.0399274144,1283721.889446723,1226263.1294096324,1659925.6570147423,1485885.3833916166
2023-08-01,1317110.37572192,797841.4110864287,2053394.5440478327,1279426.500664044,1206997.40860194,1654971.940898051,1489420.2064506244
2023-08-02,1302144.68392192,779480.8026864624,2010690.4630990636,1250058.0285220055,1194474.6900769398,1633972.4921425125,1490564.9007274883
2023-08-03,1294495.95072192,776092.8562827641,2011650.105367575,1231078.403668307,1181951.9715519396,1632572.528892143,1483696.7350663044
2023-08-04,1293526.1067219202,779480.8026864624,2000134.3981454354,1233975.293777556,1184841.8296730933,1622234.33873557,1481441.2237575303
2023-08-07,1298248.4173219202,778734.9392006294,2015728.5850087495,1241267.4654318714,1187731.6877942474,1635910.9027968696,1484269.0822047365
2023-08-08,1293311.57702192,766810.7848714152,2003733.056652354,1242965.6423924656,1177135.5413500164,1633110.9762961313,1484067.6017479051
2023-08-09,1291218.29212192,768911.1828224533,1981181.46334233,1236272.8273124772,1183878.543632709,1622234.33873557,1484706.811869799
2023-08-10,1292039.86042192,768978.8129312723,1984540.211282121,1240967.7871447077,1193511.4040365552,1622449.7176971652,1480027.2945339272
2023-08-11,1289012.55512192,762203.5642201502,1972064.861791469,1234075.1865399438,1184841.8296730933,1621157.4439275938,1485313.036253185
2023-08-14,1288574.0695219198,751228.1637032267,1998215.1136084117,1221488.69847907,1186768.4017538626,1632680.2183729406,1487669.2877903744
2023-08-15,1283197.2149219199,744046.4902429157,1978542.4471039227,1225084.8379250339,1177135.5413500164,1615880.6593685094,1487703.1650353286
2023-08-16,1279177.79852192,735848.4328614955,1963428.081374864,1212598.2426265483,1181951.9715519396,1608773.1536358658,1490294.7742743033
2023-08-17,1273928.3673219199,735848.4328614955,1945434.7888402704,1202409.180862984,1172319.1111480934,1598542.6529600904,1489992.5535890562
2023-08-18,1268073.77752192,720468.702019764,1939676.9352292004,1201809.8242886565,1163649.5367846317,1596711.9317865304,1487972.3999820675
2023-08-21,1270939.35192192,706782.944379882,1972064.861791469,1205206.1782098445,1165576.1088654008,1607157.8114239012,1493863.4745782646
2023-08-22,1274240.9708219199,712880.6038102643,1968466.2032845505,1212997.8136760998,1177135.5413500164,1602634.8532304005,1493527.3766480638
2023-08-23,1280121.62382192,715252.166292853,2000374.308712563,1222088.0550533973,1173282.3971884777,1620188.238600415,1495176.6635734523
2023-08-24,1280042.55942192,728734.3895100034,1954071.5692568754,1236672.3983620286,1164612.8228250165,1596388.8633441378,1499653.8089460465
2023-08-25,1273398.12862192,718233.0438510879,1969665.75612019,1204007.46506119,1159796.3926230932,1607157.8114239012,1497263.680163903
2023-08-28,1280755.8441219202,724873.0323445718,1982860.8373122255,1219990.3070432518,1170392.539067324,1616526.7962532956,1497633.6553390576
2023-08-29,1292380.53742192,738965.2147336428,2026764.471096634,1221488.69847907,1182915.2575923242,1639895.413586382,1501606.2080631277
2023-08-30,1296722.23582192,738491.1598756349,2037560.44661739,1228680.977370998,1185805.1157134783,1645602.9560686569,1506757.3323090156
2023-08-31,1300921.6733219202,734696.7887227478,2042598.5685270766,1238570.3608473986,1194474.6900769398,1643126.0980103114,1513893.8414104925
2023-09-01,1300385.7915219201,734832.0489403858,2039959.5522886692,1250157.9212843934,1179062.1134307855,1645602.9560686569,1512716.161395121
2023-09-04,1304662.03712192,753734.9864034535,2039719.6417215415,1249258.8864229023,1168465.966986555,1645387.5771070616,1518236.369309717
2023-09-05,1300580.26532192,739032.844842462,2042598.5685270766,1249059.1008981266,1163649.5367846317,1638603.1398168106,1519381.0635865815
2023-09-06,1298257.67042192,740252.1190900287,2027964.0239322737,1256451.1653148301,1161722.9647038623,1631387.9446033689,1513793.101182077
2023-09-07,1293170.55772192,731038.3218837733,2013329.4793374706,1246062.31802649,1159796.3926230932,1626864.986409868,1514600.806022294
2023-09-08,1296831.62602192,733138.7198348113,2020526.7963513082,1237071.9694115801,1160759.6786634778,1632895.597334536,1525273.0296892247
2023-09-11,1299028.0521219198,729209.088464286,2045717.4058997394,1231278.1891930827,1166539.3949057856,1643449.1664527042,1526585.327177966
2023-09-12,1296499.7481219198,725821.1420605878,2017887.780112901,1240168.6450456048,1156906.5345019393,1630526.428756988,1530793.2376038213
2023-09-13,1295508.44982192,724805.4022357527,2024125.4548582272,1231577.8674802466,1152090.104300016,1630311.0497953927,1533453.49283915
2023-09-14,1305929.19932192,726024.6764833194,2040919.194557181,1245063.390402611,1158833.1065827087,1643987.6138566923,1548029.6232337968
2023-09-15,1297969.95852192,730564.2670257651,2002293.5932495866,1256251.3797900544,1154016.6763807854,1622126.6492547726,1531500.2022156229
2023-09-18,1293184.57832192,720198.1815844878,2003733.056652354,1251056.9561458842,1144383.8159769392,1622234.33873557,1529918.6697801424
2023-09-19,1293492.4938219201,723720.7441095496,1999174.7558769237,1240468.3233327684,1142457.2438961698,1618572.8963884502,1536685.2037064647
2023-09-20,1289351.04952192,718843.0030230085,1968946.0244188062,1232876.4733912891,1149200.2461788622,1603388.6795959838,1539176.072717024
2023-09-21,1277374.52692192,709358.0412852024,1932479.618215363,1213097.7064384876,1130897.8114115542,1577112.446281361,1541835.4364459063
2023-09-22,1278947.19772192,726024.6764833194,1932479.618215363,1210500.4946164025,1129934.5253711697,1573451.0039342416,1538132.1186685755
2023-09-25,1280465.24512192,712677.713483807,1941596.2197662238,1215894.7037853485,1117411.8068461695,1579589.3043397067,1551025.9763993265
2023-09-26,1267142.77762192,702379.2581513484,1911367.4883081063,1199512.2907537352,1100072.6581192461,1556436.0659682152,1545538.7542232375
2023-09-27,1256243.44922192,707596.4379745341,1914966.1468150252,1197514.4355059776,1097182.7999980922,1556543.7554490129,1508743.6086710505
2023-09-28,1238611.67132192,698449.6267808232,1932959.439349619,1184228.6981083886,1098146.0860384768,1567528.0824903715,1457876.033866295
2023-10-09,1229372.96832192,703328.011963639,1979741.9999395625,1157057.8667388838,1089476.511675015,1580450.8201860876,1428251.2746605389
2023-10-10,1251813.17802192,709696.1918292977,1990537.9754603186,1186825.9099304734,1109705.5185230924,1588419.841765113,1466696.59864456
2023-10-11,1257876.3904219202,719452.9621949291,2005172.5200551217,1191820.5480498679,1116448.5208057847,1595204.2790553637,1468446.6257983637
2023-10-12,1262502.56912192,733002.8155208987,1996775.6502056445,1209201.88870536,1115485.2347654002,1585296.8468219812,1470567.5196337686
2023-10-13,1253952.46102192,715726.221150861,1971585.0406572132,1198613.2558922442,1090439.7977153999,1576681.6883581704,1479623.4421138186
2023-10-16,1259087.80032192,709019.2466448325,1995576.0973700047,1175737.8133054182,1092366.369796169,1593804.3158049944,1500360.773557848
2023-10-17,1264563.62362192,714913.3716524831,1988618.6909232954,1188723.8724158434,1094292.9418769383,1593481.2473626016,1507935.0123243874
2023-10-18,1262721.7988219198,712610.0833749878,1959829.4228679454,1190122.3710892738,1087549.939594246,1572266.4196454675,1519011.0884114266
2023-10-19,1254396.7526219198,694723.5298330297,1942795.7726018631,1164749.6094427507,1080806.9373115536,1558912.9240265607,1528537.7262950472
2023-10-20,1252524.15062192,690183.9392905837,1913046.8622780018,1158656.1509370897,1066357.6467057841,1539205.7490405936,1547794.2655320119
2023-10-23,1248768.60242192,689845.1446502141,1918804.7158890716,1149665.80232218,1067320.932746169,1536405.8225398553,1539883.0373288256
2023-10-24,1252728.33132192,682460.5808634459,1937277.8295579213,1154061.083867247,1079843.6512711688,1547497.8390620116,1542475.5380742461
2023-10-25,1245872.9022219197,686525.4724516093,1888575.9844309543,1158955.8292242533,1075027.2210692458,1525206.116536901,1535136.6570094922
2023-10-26,1238241.36132192,684763.8691409412,1850670.1148247437,1133183.496528179,1060577.9304634763,1507006.594282101,1545101.0245581754
2023-10-27,1244522.4220219199,699194.8461703821,1860266.5375098602,1146669.0194505434,1056724.7863019377,1499791.3990686594,1550386.7662774327
2023-10-30,1248288.20632192,699466.0107019328,1882338.3096856286,1139676.5260833914,1058651.358382707,1517883.231842662,1554123.0697932716
2023-10-31,1250307.84022192,687677.116590357,1891454.9112364894,1149965.4806093436,1069247.5048269383,1527682.9745952468,1553920.6978299941
2023-11-01,1255393.90402192,686660.7326692475,1926241.943470037,1162252.2903830537,1075990.5071096304,1543728.7072340944,1549174.317510661
2023-11-02,1267675.68642192,692351.9673504409,1960549.1545693292,1179134.1672266063,1091403.0837557844,1573343.314453444,1552136.7934312366
2023-11-03,1276203.3843219199,709289.7670801088,1984300.3007149927,1180033.2020880973,1098146.0860384768,1588204.4628035175,1554123.0697932716
2023-11-06,1283192.80712192,721823.8805812433,1992217.3494302141,1213397.3847256512,1102962.5162404,1590465.941900268,1546581.81676524
2023-11-07,1275994.83982192,710034.9864696674,2010930.3736661915,1192819.4756737468,1103925.8022807846,1594773.5211321735,1536382.0915147718
2023-11-08,1273682.00102192,706105.9991954167,2013089.5687703427,1187625.0520295769,1107778.9464423233,1596281.17386334,1531736.4514238539
2023-11-09,1271839.93212192,704614.9163200248,1996055.9185042607,1201110.5749519411,1116448.5208057847,1583573.815129219,1524329.815869192
2023-11-10,1274255.5989219202,692961.9265223615,2041399.0156914368,1195716.3657829955,1104889.0883211694,1608773.1536358658,1529884.7925351886
2023-11-13,1276046.05372192,701634.0387617899,2035401.2515132392,1193818.4032976257,1114521.9487250156,1607265.5009046986,1528067.010891477
2023-11-14,1287099.1081219201,700482.3946230422,2077865.42189488,1197914.006555529,1134750.955573093,1638172.3818936201,1534024.9484711362
2023-11-15,1303120.50752192,728192.7045431766,2078345.2430291355,1232876.4733912891,1159796.3926230932,1640649.2399519659,1536550.586233095
2023-11-16,1298857.98502192,717758.9889930799,2080984.259267543,1221688.4840038458,1160759.6786634778,1642156.8926831323,1534361.9379077828
2023-11-17,1299934.7752219199,703530.9022900962,2080744.348700415,1233176.1516784527,1171355.8251077086,1644310.682299085,1536785.9439348804
2023-11-20,1299648.87352192,715658.5910420419,2102096.3891747994,1230479.0470939798,1174245.6832288627,1653895.0460900748,1519852.6704965977
2023-11-21,1298233.4228219201,712203.0145295245,2084103.0966402057,1237271.7549363559,1174245.6832288627,1645710.6455494543,1520896.6245450461
2023-11-22,1297407.77772192,710509.68542395,2088661.397415636,1238870.0391345622,1172319.1111480934,1648941.3299733833,1517462.5417144538
2023-11-23,1296125.96992192,717013.7696035212,2087461.8445799968,1228381.2990838343,1171355.8251077086,1647864.4351654071,1515072.4129323103
2023-11-24,1293269.6609219199,702311.6280425296,2082183.8121031828,1231477.9747178585,1173282.3971884777,1647433.6772422167,1515139.275915772
2023-11-27,1296080.98472192,701769.298979428,2079784.7064319036,1223786.2320139916,1171355.8251077086,1644310.682299085,1530625.634391944
2023-11-28,1298344.58932192,694587.6255191172,2086262.2917443572,1231977.438529798,1175208.969269247,1645172.1981454662,1535472.7549396928
2023-11-29,1299807.98532192,678802.1140244713,2078345.2430291355,1236472.612837253,1191584.831955786,1641510.7557983468,1544731.0493830205
2023-11-30,1300977.24432192,679614.9635228491,2072587.3894180658,1242166.5002933624,1191584.831955786,1647864.4351654071,1544124.8249996346
2023-12-01,1301152.12902192,671688.0706729795,2080504.438133287,1235473.685213374,1198327.8342384782,1659602.5885723492,1545033.2700682674
2023-12-04,1302828.94272192,663422.3831827401,2056993.2025547514,1237871.1115106833,1195437.9761173245,1648402.8825693952,1564828.27919871
2023-12-05,1292159.8391219198,651565.8589623452,2066829.535806996,1218591.8083698214,1201217.6923596323,1650125.9142621574,1543653.2180896183
2023-12-06,1296365.98322192,656782.3946892562,2055073.918017728,1243864.6772539567,1206997.40860194,1643987.6138566923,1542879.390494355
2023-12-07,1296023.7909219202,653056.2977414626,2087221.9340128687,1222987.0899148884,1202180.9784000167,1658310.3148027777,1545303.3965214526
2023-12-08,1297949.70922192,651972.283711534,2093699.5193253227,1224285.695825931,1211813.838803863,1663910.1678042545,1544158.7022445884
2023-12-11,1296034.96642192,646958.6383110802,2107854.2427858696,1237771.2187482954,1213740.4108846323,1671233.0524984938,1528672.3437684167
2023-12-12,1297064.73842192,654479.1064117609,2125127.8036190793,1230678.8326187555,1214703.6969250168,1679309.7635583165,1523488.233784021
2023-12-13,1299026.52332192,648042.6523410087,2150078.502600383,1238670.2536097865,1214703.6969250168,1700955.349198641,1517798.6396446547
2023-12-14,1312079.80422192,654817.9010521306,2145760.11239208,1248459.7443237994,1219520.12712694,1705155.2389497487,1547087.3009202103
2023-12-15,1317512.25592192,669113.6178639334,2152237.697704534,1260846.446859897,1229152.9875307863,1702032.2440066175,1543787.8355629877
2023-12-18,1313916.2053219199,662609.5336843622,2166152.510597953,1251955.9910073753,1212777.1248442477,1708924.370777666,1543148.625441094
2023-12-19,1318937.92452192,658747.5324226561,2178627.8600886045,1267239.5836527217,1222409.985248094,1720231.7662614177,1543687.0953345723
2023-12-20,1319720.93782192,663286.4788688276,2144800.4701235685,1276130.0395052438,1227226.4154500172,1694601.6698315807,1552170.6706761904
2023-12-21,1318661.98522192,663354.753073921,2172390.185343279,1257050.5218891574,1221446.6992077094,1713124.2605287738,1548736.587845598
2023-12-22,1322014.01952192,651362.3245396134,2173109.917044663,1267938.832989437,1228189.7014904018,1714416.5342983454,1558869.4501126048
2023-12-25,1323150.79092192,651227.0643219753,2174549.38044743,1271135.4013858493,1229152.9875307863,1715601.1185871195,1559879.5269160992
2023-12-26,1326747.16842192,651294.6944307945,2186304.998236698,1273532.8276831587,1231079.5596115557,1721847.1084733822,1564693.6617253404
2023-12-27,1334249.75002192,662947.6842284576,2190863.2990121283,1286618.7795559717,1234932.703773094,1725293.1718589067,1570147.0066564751
2023-12-28,1338748.23772192,679276.1688824793,2188944.0144751053,1289715.4551899962,1238785.8479346326,1725293.1718589067,1570248.6383913371
2023-12-29,1333622.48702192,677649.8257894494,2175029.201581686,1288716.5275661172,1237822.561894248,1716893.3923566912,1561731.185804765
2023-12-31,1333452.5303439002,677649.8257894494,2175029.201581686,1288716.5275661172,1237822.561894248,1716785.7028758933,1561731.185804765
2024-01-02,1329424.1443439,666877.3155989829,2136643.510841219,1290015.13347716,1233006.1316923248,1705478.3073921418,1574894.2784822548
2024-01-03,1320362.5831439001,663286.4788688276,2121049.323977905,1285320.1736449292,1209887.2667230938,1697186.2173707238,1567858.5096091933
2024-01-04,1316368.8271439,663828.807931929,2109533.616755765,1269736.902712419,1214703.6969250168,1691478.6748884493,1564289.8093052318
2024-01-05,1314349.7683439,659425.1217033956,2113612.0963969394,1260946.339622285,1214703.6969250168,1695247.8067163664,1563010.4975549981
2024-01-08,1317136.2423439,646755.1038883484,2157275.81961422,1258648.8060873637,1222409.985248094,1718508.7345686557,1559711.0321977758
2024-01-09,1319354.2243439,645535.8296407817,2161114.3886882667,1278327.6802777771,1221446.6992077094,1716247.255471905,1558567.2294273581
2024-01-10,1323893.6327439002,641606.1982702564,2177668.217820093,1303101.0853499728,1219520.12712694,1727123.8930324663,1556715.5705386924
2024-01-11,1327781.0103439002,650007.7900744085,2181986.608028395,1316886.2865595012,1214703.6969250168,1726800.8245900732,1557085.545713847
2024-01-12,1332905.2971439,647365.0630602691,2182226.5185955237,1338163.4449481207,1226263.1294096324,1727016.2035516684,1560250.3935977002
2024-01-15,1337228.1303439,646281.0490303405,2183186.160864035,1353147.3593063038,1216630.2690057862,1727662.3404364546,1574018.8191521296
2024-01-16,1329686.4135439,632460.0311728203,2184385.7136996747,1337264.41008663,1213740.4108846323,1722493.245358168,1571628.690369986
2024-01-17,1312947.5711439003,609085.7773724002,2173109.917044663,1323279.4233523258,1199291.120278863,1713662.707932762,1554089.1925483176
2024-01-18,1317354.6855439004,614031.1485677604,2204778.111905548,1314089.2892126404,1208923.980682709,1728954.614206026,1549847.4048775083
2024-01-19,1327341.6583439002,610711.4763691557,2247242.282287189,1331770.3081552961,1205070.8365211706,1750169.44192316,1561226.5931562406
2024-01-22,1327924.3827439002,596415.759557353,2247242.282287189,1352947.573781528,1216630.2690057862,1752430.9210199104,1557557.1526238637
2024-01-23,1332415.7023439002,612066.654930635,2256838.7049723053,1352248.3244448127,1210850.5527634784,1757707.7055789947,1557927.1277990183
2024-01-24,1338162.6987439,633001.7161396472,2267394.769925934,1337763.8738985693,1226263.1294096324,1757600.016098197,1556243.963628676
2024-01-25,1341836.0643439,645535.8296407817,2269314.0544629567,1343058.1903051273,1228189.7014904018,1766753.621965996,1549005.8227923373
2024-01-26,1338806.0451439002,635508.5388398741,2257798.347240817,1325477.0641248594,1229152.9875307863,1766322.8640428055,1560216.516352746
2024-01-29,1344265.4187439,640860.9788806979,2281069.6722522248,1333068.9140663387,1226263.1294096324,1780214.8070657002,1559981.1586509612
2024-01-30,1340920.8123439,625684.7824616982,2264755.7536875266,1338962.587047224,1228189.7014904018,1778061.0174497475,1563078.2520449064
2024-01-31,1331622.7715439002,616470.3411591683,2220132.3882017345,1345155.938315273,1222409.985248094,1748877.1681535887,1562606.6451348898
2024-02-01,1335465.8671439004,619722.3832489538,2247002.3717200607,1340361.0857206546,1215666.9829654016,1771061.2011979013,1562606.6451348898
2024-02-02,1346006.5983439,617893.1498294667,2285148.1518933997,1349551.2198603398,1226263.1294096324,1789153.033971904,1574086.5736420376
2024-02-05,1338656.9959439,617283.8347538204,2283228.867356376,1341759.5843940848,1215666.9829654016,1784953.1442207962,1559644.169214314
2024-02-06,1344847.2287439,642283.7875509962,2278430.6560138175,1333368.5923535023,1223373.2712884785,1789368.412933499,1558634.0924108198
2024-02-07,1347947.2611439002,639844.5949595883,2301222.1598909697,1336864.8390370784,1214703.6969250168,1803260.3559563942,1562741.2626082595
2024-02-08,1351699.9355439001,631985.3322185378,2304820.8183978884,1363436.313832256,1220483.4131673246,1804875.6981683585,1564356.6722886935
2024-02-19,1359974.8135439001,642487.3219737279,2291625.737205853,1403193.6332626347,1228189.7014904018,1807675.6246690974,1560754.9862462243
2024-02-20,1357978.4155439,646416.9533442532,2274352.176372643,1401095.8852524892,1226263.1294096324,1797660.502954917,1561192.7159112867
2024-02-21,1360376.3571439001,656240.7097224292,2264755.7536875266,1397799.4240936888,1233006.1316923248,1798952.7767244887,1560923.4809645475
2024-02-22,1379230.0751439002,665793.3015690544,2332410.533617599,1424071.2206017028,1253235.138540402,1836859.473965256,1560081.8988793765
2024-02-23,1377889.3895439003,665319.2467110464,2325213.216603761,1422972.4002154362,1257088.2827019407,1838582.5056580184,1555065.392106858
2024-02-26,1379180.2307439002,661593.1497632528,2324733.395469506,1427068.0034733396,1258051.5687423253,1832013.4473293626,1563986.6971135389
2024-02-27,1384168.8523439001,667758.4393024542,2328811.8751106802,1430164.6791073638,1269611.001226941,1834597.9948685057,1566342.9486507284
2024-02-28,1379201.5527439,657459.9839699958,2316816.3467542846,1426468.6468990122,1272500.8593480948,1832121.1368101602,1562438.1504165665
2024-02-29,1382548.8715439,655901.9150820593,2337688.566094413,1425170.0409879696,1276354.0035096332,1841059.363716364,1565232.1316188187
2024-03-01,1394664.3703439003,659153.9571718449,2371276.0454923213,1456935.9394273174,1276354.0035096332,1856674.3384320207,1573177.2370669588
2024-03-04,1399230.2239439,659018.6969542069,2360000.248837309,1462529.934121039,1278280.5755904026,1852905.2066041036,1591355.945010521
2024-03-05,1395729.9663439002,642148.5273333581,2318495.72072418,1460132.5078237297,1279243.8616307871,1834167.2369453153,1615762.7169869272
2024-03-06,1404276.0195439002,653191.5579591007,2333370.1758861104,1463828.5400320815,1280207.1476711717,1843536.2217747094,1626333.3089189962
2024-03-07,1412846.9055439,646619.8436707105,2369116.8503881698,1455637.3335162748,1293693.1522365566,1862274.191433498,1643670.4347773874
2024-03-08,1412608.2527439003,651498.2288535261,2332890.3547518547,1466925.215666106,1296583.0103577105,1849459.1432185795,1646060.5635595312
2024-03-11,1411100.5431439,660779.6561686005,2323533.842633866,1444349.4513664437,1291766.5801557873,1847089.9746410314,1650740.080895403
2024-03-12,1421648.1911439002,680834.2377704158,2357841.053733158,1444149.665841668,1306215.8707615568,1867550.975992582,1644108.16444245
2024-03-13,1416955.9559439002,680156.6484896762,2337928.476661541,1431163.606731243,1305252.5847211722,1863028.0177990815,1642593.4949904315
2024-03-14,1416207.9111439001,675820.5923699619,2332650.444184727,1436957.3869497401,1305252.5847211722,1859151.1964903665,1643939.6697241263
2024-03-15,1409569.1223439001,666200.3704145177,2306020.3712335285,1427167.8962357275,1299472.8684788644,1846982.285160234,1650100.8707735091
2024-03-18,1413971.2731439,666538.520958613,2328092.143409297,1458634.1163879114,1298509.5824384796,1857966.6122015927,1637577.8797243591
2024-03-19,1416008.9111439001,658815.1625314752,2335289.460423134,1465826.3952798392,1300436.154519249,1869489.3866469394,1640135.61171838
2024-03-20,1418925.6991439003,659018.6969542069,2361919.533374333,1450143.231584941,1302362.7266000183,1885858.18772818,1643805.0522507569
2024-03-21,1438505.3243439002,671552.1663590668,2371036.134925193,1478812.4543902643,1318738.589286557,1891350.3512488592,1675383.1020800404
2024-03-22,1431442.8235439002,657731.1485015465,2375594.4357006233,1479311.918202204,1314885.4451250185,1890058.0774792877,1663128.4544711835
2024-03-25,1427579.7807439002,656511.8742539799,2367197.565851147,1466325.8590917785,1313922.159084634,1883812.0875930248,1662926.974014352
2024-03-26,1429307.9007439,661796.0400897099,2356641.500897518,1462330.1485962633,1323555.0194884802,1877135.3397835717,1667370.2421419926
2024-03-27,1434855.6839439003,652649.8729922735,2365518.191881251,1471819.9610231125,1329334.7357307877,1893396.4513840145,1678480.1954739855
2024-03-28,1437263.9907439002,658543.9979999244,2362159.4439414605,1462529.934121039,1328371.4496904032,1895550.240999967,1687737.5984108672
2024-03-29,1445526.8239439002,658272.8334683736,2362159.4439414605,1473018.674171767,1323555.0194884802,1895657.9304807647,1716150.8003562975
2024-03-31,1445416.5863559,658272.8334683736,2362159.4439414605,1473018.674171767,1323555.0194884802,1895550.240999967,1716116.9231113435
2024-04-01,1447822.0577559,658137.5732507354,2366717.744716891,1449843.5532977774,1325481.5915692493,1891134.9722872642,1736214.152927033
2024-04-02,1445388.8751559,673923.7288416557,2345605.614809634,1450642.6953968804,1306215.8707615568,1878319.9240723455,1736382.6476453566
2024-04-03,1446596.8569559,665590.4112425972,2350403.826152193,1434859.6389395944,1314885.4451250185,1880581.4031690957,1748434.9232909365
2024-04-08,1459333.6737559,665861.5757741479,2342486.777436971,1429065.8587210972,1316812.0172057878,1876489.2028987857,1802264.0825098215
2024-04-09,1462250.3017559,669452.4125043033,2351843.28955496,1443750.0947921164,1303326.012640403,1879935.26628431,1806775.10512737
2024-04-10,1463079.2923559002,681918.2518003443,2332410.533617599,1437656.6362864554,1305252.5847211722,1862058.8124719027,1814551.7158571866
2024-04-11,1458934.2373559,679886.1280544,2370796.2243580655,1425469.7192751332,1283097.0057923256,1876166.1344563928,1802297.9597547755
2024-04-12,1459377.8519559002,664845.1918530384,2331930.7124833427,1425469.7192751332,1279243.8616307871,1849028.385295389,1844714.944956421
2024-04-15,1443860.3369559,660102.7109841353,2293784.9323100043,1414481.5154124657,1280207.1476711717,1826952.0417318735,1817009.5991292377
2024-04-16,1435630.4837559,647093.8985287183,2295944.1274141558,1379219.370289542,1258051.5687423253,1824259.8047119328,1829364.0954600645
2024-04-17,1431447.3879559,647093.8985287183,2267394.769925934,1360239.7454358437,1259014.8547827099,1813598.546112967,1835692.8997213244
2024-04-18,1431596.4439559001,652446.338569542,2254439.599301026,1364535.1342185228,1263831.284984633,1809398.656361859,1832091.2136788552
2024-04-19,1420217.3767559,646078.1587038833,2208376.770412466,1328773.5252836596,1254198.4245807868,1793999.0606077975,1839194.7370418243
2024-04-22,1422309.4845559,657324.7237523576,2230448.5425882344,1342958.2975427394,1263831.284984633,1809506.345842657,1809939.9530112226
2024-04-23,1423767.0019558999,669994.0974711304,2264755.7536875266,1344556.5817409456,1285023.577873095,1831690.3788869698,1769138.3774900117
2024-04-24,1435333.5751559,684696.2390321221,2271233.3389999806,1372926.1262591053,1285986.8639134795,1831798.0683677674,1783008.4347793031
2024-04-25,1428082.5345559,688490.6101850092,2258757.9895093287,1341360.0133445333,1274427.431428864,1823398.2888655518,1782301.4701675016
2024-04-26,1445054.0017559,703260.38185482,2296423.9485484115,1347753.1501373579,1293693.1522365566,1842028.5690435425,1797820.8143821813
2024-04-29,1440679.8401559002,706986.4788026137,2304340.9972636327,1328373.954234108,1288876.7220346334,1847951.4904874125,1785061.5741248
2024-04-30,1432803.0113559,707935.2326149038,2260197.452912096,1359540.4960991284,1275390.7174692487,1818875.330672051,1774591.7224211465
2024-05-06,1457069.4533559,740929.7083707681,2343926.240839739,1373825.161120596,1293693.1522365566,1868950.9392429513,1768969.8827716883
2024-05-07,1461873.0745559,736323.1318157779,2343686.330272611,1388109.8261420638,1312958.8730442491,1871643.176262892,1771293.14857037
2024-05-08,1457096.0703559,729615.5132134749,2343206.509138355,1363436.313832256,1316812.0172057878,1871750.8657436897,1769104.5002450577
2024-05-09,1461160.7751559,740997.9825758619,2347284.98877953,1352647.8954943644,1327408.1636500184,1881765.98745787,1766647.5084794525
2024-05-10,1479387.2635559002,757867.5081004361,2352563.021256344,1359540.4960991284,1336077.73801348,1884565.9139586084,1808425.2835592038
2024-05-13,1477412.6867559,764101.0718447311,2357121.3220317746,1354246.1796925704,1334151.1659327107,1884565.9139586084,1797652.3196638576
2024-05-14,1478124.7467559,763219.9481412597,2374154.9722978566,1356943.2842770435,1334151.1659327107,1894581.0356727883,1790010.3264074107
2024-05-15,1490493.9195559002,763152.3180324406,2409661.736232788,1356843.3915146557,1347637.1704980957,1917195.8266402918,1807212.8347924321
2024-05-16,1500057.7075559,775551.1713159371,2404143.7931888457,1391506.180063252,1343784.0263365572,1912565.1789659932,1821352.1270284627
2024-05-17,1500761.7037559,783680.9544922641,2402944.240353206,1378220.442665663,1338967.596134634,1915580.484428327,1824853.0728425165
2024-05-20,1515680.6027559,786797.7363644115,2419258.1589179044,1387310.6840429609,1344747.3123769418,1917195.8266402918,1864846.9435235104
2024-05-21,1507059.5069559,771146.8409911294,2425016.012528974,1378120.5499032752,1340894.1682154033,1922687.9901609712,1849159.1045905075
2024-05-22,1503846.6401559003,769588.772103193,2424056.3702604626,1369130.2012883655,1337041.0240538646,1917518.8950826845,1847980.5330686893
2024-05-23,1489442.7301559001,756783.4940705076,2414699.858142474,1382316.0459235664,1335114.4519730955,1903950.0205021827,1809401.4831177443
2024-05-24,1483231.4875559001,746010.983880041,2438690.9148552655,1363436.313832256,1334151.1659327107,1917411.2056018868,1792064.3572593532
2024-05-27,1487648.2847559,754276.6713702807,2438211.09372101,1372027.0913976142,1341857.454255788,1916980.4476786964,1792568.9499078775
2024-05-28,1488559.5745559,755157.7950737521,2447567.6058389987,1369629.6651003049,1337041.0240538646,1917949.653005875,1796137.650211839
2024-05-29,1480736.2677559,741607.2976515079,2431013.776707173,1356244.0349403282,1322591.7334480954,1904057.7099829803,1806035.1547770605
2024-05-30,1468279.4983559002,731580.0068506002,2404623.614323102,1337464.1956114057,1318738.589286557,1892750.3144992287,1792872.0620995706
2024-05-31,1472896.4969559,724940.6624533908,2403184.1509203343,1357342.855326595,1320665.1613673263,1907288.3944069091,1798965.5086590452
2024-06-03,1476335.0573559,737677.6662809827,2411820.9313369393,1370029.2361498566,1330298.0217711723,1909442.184022862,1784556.981476276
2024-06-04,1480475.6067559,739439.2695916508,2419018.2483507763,1374124.8394077597,1321628.4474077108,1912242.1105236006,1798493.9017490288
2024-06-05,1486184.8669559,739845.6943408397,2468439.825179127,1373225.804546269,1332224.5938519416,1935395.3488950918,1787923.3098169595
2024-06-06,1495624.4441559,743166.0106357189,2467480.1829106156,1374224.7321701476,1337041.0240538646,1935179.9699334968,1817480.314532808
2024-06-07,1493918.8497559002,739032.844842462,2464841.166672209,1374824.088744475,1332224.5938519416,1933241.5592791392,1819231.233193058
2024-06-11,1478216.8069559,731851.171382151,2492670.7924590465,1379419.1558143178,1305252.5847211722,1944548.954762891,1767286.718601346
2024-06-12,1484189.4765559002,723856.6484234623,2526018.361289827,1371427.734823287,1320665.1613673263,1961025.445324929,1773851.7720708374
2024-06-13,1484067.3295559,731309.486415324,2539213.4424818624,1366532.9894662807,1301399.4405596335,1965548.4035184297,1774760.21713947
2024-06-14,1479730.3689559,724601.867813021,2550969.06027113,1369929.3433874685,1276354.0035096332,1966086.850922418,1774659.4769110542
2024-06-17,1480931.1875559,724466.6075953827,2581437.7022963758,1339062.4798096118,1276354.0035096332,1981055.688753289,1778160.422725108
2024-06-18,1484761.3629559001,723924.2785322814,2582397.344564887,1351449.1823457098,1285023.577873095,1985901.7153891826,1779136.6222836487
2024-06-19,1491083.0659559,745062.8741640252,2582397.344564887,1351549.0751080976,1279243.8616307871,1986224.7838315757,1786947.1102584195
2024-06-20,1494768.8149559,741607.2976515079,2563204.499194654,1355744.5711283889,1293693.1522365566,1981809.5151188725,1800850.1532862184
2024-06-21,1490176.6669559001,729547.8831046557,2556247.0927479444,1349551.2198603398,1284060.2918327104,1978794.2096565387,1807044.340074109
2024-06-24,1483408.6551559,729547.8831046557,2526738.0929912105,1350150.5764346672,1293693.1522365566,1973086.6671742643,1786610.1208217724
2024-06-25,1487599.4069559001,731377.1165241431,2557686.556150712,1362836.9572579288,1286950.1499538643,1981378.7571956823,1785701.67575314
2024-06-26,1487380.9581559,732054.7058048827,2565123.783731677,1380418.0834381967,1283097.0057923256,1985147.8890235992,1774087.1297726224
2024-06-27,1480661.7471559,718097.7836334497,2570401.8162084916,1362037.8151588256,1285023.577873095,1987517.057601147,1766579.7539895447
2024-06-28,1485320.1419559,718165.4137422689,2556007.1821808163,1369929.3433874685,1288876.7220346334,1979440.3465413246,1786037.7736833405
2024-06-30,1484992.46997206,718097.7836334497,2556007.1821808163,1369929.3433874685,1287913.4359942488,1979440.3465413246,1786004.7879448328
2024-07-01,1488075.3114720602,718030.1535246307,2572561.0113126426,1370728.485486572,1295619.7243173257,1984717.1311004087,1783782.2623745662
2024-07-02,1493198.21947206,720333.4418021259,2599191.0842638416,1383714.5445969969,1287913.4359942488,1997747.5582769224,1784725.476194599
2024-07-03,1507350.9249720601,729411.9787907432,2622942.230409505,1400596.4214405497,1303326.012640403,2008408.816875888,1799840.0764827242
2024-07-04,1513191.12797206,734086.8295508272,2622702.319842377,1408887.5207187443,1313922.159084634,2008085.7484334954,1807280.58928234
2024-07-05,1516522.20597206,724737.1280306592,2649092.482226448,1408787.6279563564,1317775.3032461724,2018962.3859940567,1812161.587075043
2024-07-08,1516827.30747206,715793.8512596801,2654610.42527039,1412183.9818775444,1318738.589286557,2021008.4861292117,1816201.8942890207
2024-07-09,1516101.8104720602,716132.6459000498,2657489.3520759246,1439554.5987718252,1303326.012640403,2023269.965225962,1805395.0531487206
2024-07-10,1527641.8219720603,714235.7823717437,2687718.083534043,1444649.1296536073,1314885.4451250185,2045023.2403470844,1821386.0042734167
2024-07-11,1528118.2459720601,729073.1841503733,2626780.7994835516,1456236.690090602,1326444.8776096338,2027039.0970538792,1824382.357438946
2024-07-12,1536833.13847206,748043.7517222601,2640935.522944099,1440853.2046828675,1342820.7402961724,2037161.9082488567,1829229.477986695
2024-07-15,1534940.46447206,736661.2823598732,2647892.929390808,1443949.8803168922,1335114.4519730955,2042977.140211929,1830441.926753467
2024-07-16,1539487.5894720603,725143.5527798481,2649572.303360704,1447945.5908124077,1331261.3078115568,2056330.635830836,1853636.2499631015
2024-07-17,1532288.4194720602,725550.6216253114,2571601.369044131,1441452.5612571952,1326444.8776096338,2027254.4760154744,1874879.065562101
2024-07-18,1526472.7644720601,726837.5259816971,2558646.1984192235,1426768.3251861758,1322591.7334480954,2010454.9170110433,1875451.4127005332
2024-07-19,1503927.25847206,712000.1242030674,2535854.694542072,1418776.9041951448,1307179.1568019413,1997101.4213921367,1824651.592385685
2024-07-22,1512765.6274720603,721011.0310828655,2575679.848685306,1394702.7484596644,1323555.0194884802,2019070.0754748543,1829128.7377582795
2024-07-23,1510282.5624720603,714506.9469032944,2566563.2471344452,1399697.3865790586,1334151.1659327107,2015193.2541661395,1818321.8966179793
2024-07-24,1495415.06397206,708070.492832542,2474437.5893573253,1392205.4293999672,1316812.0172057878,1969102.1563847517,1838924.610588639
2024-07-25,1473035.7669720603,695197.5846910377,2447087.784704743,1365034.5980304624,1309105.7288827107,1957256.3134970118,1793511.272221464
2024-07-26,1479848.1739720602,695536.3793314075,2470119.199149023,1353746.715880631,1316812.0172057878,1977501.9358869672,1803509.5170151014
2024-07-29,1488117.0274720602,704614.9163200248,2476356.8738943487,1381516.9038244635,1311032.30096348,1980194.172906908,1814147.8634370782
2024-07-30,1483493.2604720602,695129.9545822187,2443968.9473320795,1386211.863656694,1314885.4451250185,1971363.635481502,1813777.8882619233
2024-07-31,1505399.32497206,709086.8767536515,2516182.0280375825,1415880.0140858963,1320665.1613673263,2002055.1375088277,1828623.253603309
2024-08-01,1491837.18897206,707054.1089114327,2455244.7439870923,1399797.2793414465,1288876.7220346334,1973840.4935398477,1845961.2709681466
2024-08-02,1465262.62647206,692826.6663047235,2399345.5818462875,1330671.4877690296,1257088.2827019407,1938949.101761414,1854242.4743464873
2024-08-05,1423280.2944720602,685576.7186393188,2327132.501140785,1219291.0577065365,1243602.2781365558,1880150.6452459055,1820173.5555066445
2024-08-06,1432817.94997206,682054.156114257,2349684.094450809,1286518.8867935839,1248418.708338479,1898888.6149046938,1799301.6065892458
2024-08-07,1443927.73147206,691606.7479608823,2325932.9483051454,1350849.8257713825,1264794.5710250176,1885965.8772089777,1800648.6728293875
2024-08-08,1452514.7209720602,693368.3512715504,2398865.7607120317,1312291.2194896585,1271537.57330771,1931518.5275863772,1802129.465036452
2024-08-09,1460771.7674720604,700956.4494810503,2411341.1102026836,1310493.1497666766,1273464.1453884793,1940241.3755309854,1820847.5343799384
2024-08-12,1464264.6144720602,701498.7785441518,2415659.5004109857,1315188.1095989072,1273464.1453884793,1940564.4439733785,1831014.273891899
2024-08-13,1484930.3069720601,705021.3410692136,2476356.8738943487,1356743.4987522678,1282133.719751941,1973840.4935398477,1843166.398259448
2024-08-14,1486968.8769720602,702243.9979337105,2476116.9633272206,1363136.6355450924,1291766.5801557873,1979548.0360221223,1839463.9719885634
2024-08-15,1500563.91347206,702108.0936197977,2536094.6051091994,1368830.523001202,1314885.4451250185,2011747.190780615,1836029.8891579711
2024-08-16,1511927.80397206,715387.4265104912,2541132.7270188853,1405790.8450847198,1322591.7334480954,2017777.8017052822,1837578.4358549437
2024-08-19,1522378.53697206,720943.4009740466,2573040.832446899,1388409.5044292274,1334151.1659327107,2036085.0134408805,1857305.6904954785
2024-08-20,1524666.2374720601,718300.6739599069,2563924.230896038,1418477.2259079812,1333187.8798923262,2029515.9551122247,1858854.2371924513
2024-08-21,1531485.1949720602,712948.8780153578,2576639.4909538175,1435259.209989146,1344747.3123769418,2037700.3556528448,1864509.9540868634
2024-08-22,1528025.9154720602,722162.6752216131,2530816.5726323854,1442950.9526930132,1350527.0286192496,2017131.664820497,1859258.0896125596
2024-08-23,1535023.69297206,721891.5106900624,2564883.8731645495,1443849.9875545043,1358233.3169423265,2044054.0350199053,1854881.6844683809
2024-08-26,1535365.8459720602,727447.4851536178,2531536.3043337693,1447945.5908124077,1361123.1750634804,2031238.986804987,1865520.0308903577
2024-08-27,1538678.9979720602,731309.486415324,2543531.832690165,1451741.5157831474,1364976.319225019,2037592.6661720471,1862591.432214736
2024-08-28,1534982.49297206,723246.6892515417,2513543.0117991758,1460332.2933485054,1373645.8935884808,2024239.1705531403,1860436.6611343776
2024-08-29,1537858.7889720602,728260.3346519956,2512103.5483964076,1456935.9394273174,1378462.3237904038,2026500.649649891,1865486.153645404
2024-08-30,1540781.84647206,735035.5833631175,2538253.800213351,1457035.8321897052,1368829.4633865575,2042007.9348847505,1860739.7733260705
2024-09-02,1532628.82747206,722636.7300796211,2534655.1417064318,1443750.0947921164,1364976.319225019,2039100.3189032143,1851751.605335928
2024-09-03,1519403.41197206,722230.3053304321,2457643.849658371,1443150.7382177892,1355343.4588211728,1998393.6951617082,1854276.3515914413
2024-09-04,1505937.7324720602,715184.5361840338,2454045.1911514523,1401395.5635396529,1342820.7402961724,1996132.216064958,1841450.2483505982
2024-09-05,1505994.0319720602,713558.1930910039,2450686.4432116617,1394702.7484596644,1342820.7402961724,1985794.0259083852,1855184.796660074
2024-09-06,1491560.0229720601,712948.8780153578,2383751.394982973,1385712.3998447547,1324518.3055288647,1949825.739321975,1858585.0022457123
2024-09-09,1495351.9549720604,703599.1764951897,2416139.3215452414,1387210.791280573,1333187.8798923262,1974055.8725014427,1850135.304149048
2024-09-10,1497827.9064720601,706512.4239446055,2442289.573362184,1380018.512388645,1317775.3032461724,1987193.9891587542,1858113.3953356955
2024-09-11,1505826.10047206,702176.3678248915,2496269.4509659656,1371427.734823287,1320665.1613673263,2009916.4696070552,1867843.2966890398
2024-09-12,1519570.32147206,708476.917581731,2521460.0605143965,1413782.2660757506,1334151.1659327107,2025854.512765105,1865419.2906619424
2024-09-13,1529907.7194720602,711864.8639854292,2526738.0929912105,1410785.483204114,1351490.3146596341,2031777.4342089752,1889859.0483768564
2024-09-18,1527139.0629720602,722772.6343935337,2499628.1989057567,1395801.5688459312,1354380.172780788,2024669.9284763313,1887940.5265047292
2024-09-19,1549793.2244720603,738219.9953440841,2567522.8894029567,1420674.8666805145,1376535.7517096347,2062468.936236301,1891340.7320903672
2024-09-20,1550120.77397206,744995.2440552062,2549289.6863012346,1436557.8159001886,1355343.4588211728,2048576.993213406,1908307.882773604
2024-09-23,1552478.8674720603,743572.4353849079,2552648.4342410257,1422872.5074530484,1362086.4611038652,2050623.0933485613,1920897.7368062155
2024-09-24,1563177.8069720604,774534.7873948277,2564164.1414631656,1432961.6764542249,1366902.8913057882,2055146.0515420618,1920224.6494393682
2024-09-25,1562896.89697206,776838.075672323,2557206.7350164563,1429165.751483485,1363916.704580596,2042331.0033271434,1931973.8128932547
2024-09-26,1581919.8909720602,810781.9493367521,2580717.970594992,1450542.8026344925,1383086.09678425,2055146.0515420618,1936754.0704575423
2024-09-27,1592770.74297206,837272.3409130451,2558406.287852096,1484306.5563215981,1400232.5883030964,2045130.929827882,1936787.947702496
2024-09-30,1589149.4558300602,857936.8816867811,2563924.230896038,1442051.9178315224,1388480.498610404,2052992.261926109,1930459.143441236
2024-10-08,1585090.68863006,856785.2375480335,2591513.946115748,1436557.8159001886,1359196.6029827113,2067207.273391397,1924297.9423918535
2024-10-09,1584278.93963006,842624.7809538688,2606628.311844807,1445747.950039874,1369214.7778027116,2077868.5319903628,1908745.6124386662
2024-10-10,1591343.31943006,870132.2005475458,2609267.328083214,1443750.0947921164,1364687.3334129036,2079053.1162791366,1916016.7390135126
2024-10-11,1601520.22543006,870267.460765184,2612386.165455877,1455937.0118034384,1374416.5224207886,2091114.3381284717,1936754.0704575423
2024-10-14,1607099.82543006,863221.0475225112,2633738.2059302614,1449144.3039610623,1382315.4679519425,2106837.002324926,1948065.5042463664
2024-10-15,1598917.3366300599,833681.5041828897,2601830.100502249,1459633.0440117903,1380966.8674954039,2093914.26462921,1955908.977959645
2024-10-16,1606654.2044300598,836120.6967742975,2616224.734529923,1446047.6283270377,1381352.1819115577,2114267.5764999636,1977589.5232237068
2024-10-17,1606789.4108300598,827313.324317231,2619343.5719025866,1432961.6764542249,1388865.813026558,2114806.0239039515,1986342.3335120643
2024-10-18,1619482.37383006,857936.8816867811,2638296.5067056916,1427767.2528100547,1391177.699523481,2124821.1456181314,1999875.4013647086
2024-10-21,1616344.3800300602,841269.6023923896,2633258.384796005,1431363.3922560187,1376343.0945015578,2112221.476364808,2023171.3563092053
2024-10-22,1614949.01663006,844386.384264537,2645014.0025852732,1402893.9549754711,1371719.3215077114,2118682.8452126663,2026200.6952132427
2024-10-23,1611089.9250300599,855565.3192041923,2604469.116740655,1386411.6491814698,1366710.2340977115,2099621.807111485,2038118.3533854524
2024-10-24,1606935.13243006,845266.8638717339,2627260.620617808,1378120.5499032752,1370467.0496552114,2105437.0390745574,2019703.3962336595
2024-10-25,1605790.65343006,847028.467182402,2635897.4010344124,1372526.5552095538,1372971.5933602115,2098975.670226699,2014653.9037226331
2024-10-28,1614656.14923006,849467.6597738098,2643094.71804825,1393004.5714990704,1378558.6523944424,2111036.892076034,2024752.8887446856
2024-10-29,1621564.3760300598,853803.7158935241,2667805.506462426,1396201.1398954827,1376246.7658975192,2113944.5080575706,2040440.7276776882
2024-10-30,1621769.8018300598,841744.301346672,2650771.8561963434,1412183.9818775444,1363627.7187684805,2110067.6867488553,2063905.1773405082
2024-10-31,1603828.92563006,837272.3409130451,2581197.791729248,1404592.131936065,1352357.2720959804,2066561.1365066112,2054983.8723338277
2024-11-01,1603056.9328300601,843505.9046573401,2595832.336324051,1387310.6840429609,1366228.5910775189,2071945.6105464927,2034415.0356081217
2024-11-04,1597809.15003006,846622.0424332132,2588874.929877341,1385812.2926071426,1358522.3027544422,2068068.7892377782,2020713.4730371535
2024-11-05,1607739.7290300599,862746.9926645033,2616464.6450970517,1387510.4695677366,1362953.4185402114,2087883.6537045427,2021622.8096122327
2024-11-06,1619627.48543006,843370.0003434275,2686758.4412655304,1427567.467285279,1350527.0286192496,2140005.362410598,2024551.4082878542
2024-11-07,1625314.9328300601,868709.3918772475,2752254.0260914518,1410385.9121545623,1363820.3759765574,2176081.3384778057,1976983.2988403214
2024-11-08,1624617.9972300602,856514.0730164828,2746016.3513461263,1422672.7219282724,1357270.030901942,2177588.991208973,1986173.8387937408
2024-11-11,1629643.27903006,848248.3855262432,2757292.1480011377,1432761.890929449,1370467.0496552114,2189973.2815007004,1987520.0135274357
2024-11-12,1608671.52483006,825754.61133302,2758491.7008367777,1423371.9712649877,1336559.3810336725,2188034.870846343,1953620.4809123632
2024-11-13,1606281.08003006,825077.0220522803,2756092.5951654986,1401195.778014877,1338196.9673023263,2190619.418385486,1954327.4455241645
2024-11-14,1589874.0656300602,808545.6470718014,2736899.7497952655,1383814.4373593847,1346962.8702698266,2177265.92276658,1915579.0093484505
2024-11-15,1579739.61423006,808139.2223226127,2672603.717804984,1382415.9386859543,1340123.5393830957,2149374.347239992,1918238.3730773332
2024-11-18,1587126.20823006,813491.6623634361,2687957.9941011705,1380617.8689629727,1336655.709637711,2155512.647645457,1940356.6480064576
2024-11-19,1596947.4572300601,817217.7593112298,2706671.018337148,1385712.3998447547,1333765.8515165572,2164020.1166284704,1967725.8959034395
2024-11-20,1597500.87263006,819182.8970446297,2704751.7338001244,1385612.5070823669,1332031.9366438647,2164773.942994054,1970048.2701956753
2024-11-21,1603680.5078300599,814846.8409249155,2714588.067052369,1368630.7374764262,1336077.73801348,2176404.4069201984,1997216.037635826
2024-11-22,1609995.04263006,799467.1100831842,2717946.81499216,1387210.791280573,1338774.938926557,2184158.049537628,2021454.3148939093
2024-11-25,1608024.69663006,795808.6432442097,2720825.741797695,1403193.6332626347,1344554.6551688649,2190296.3499430935,1997350.655109196
2024-11-26,1600770.87103006,796282.6981022176,2735700.196959626,1390707.0379641491,1336366.7238255956,2202572.9507540236,1966513.4471366678
2024-11-27,1607361.6636300597,815592.0603144743,2715547.7093208805,1389408.4320531064,1336077.73801348,2196326.960867761,1988429.3501025147
2024-11-28,1609648.53963006,804751.9200151887,2712188.9613810903,1412883.2312142598,1355054.4730090573,2193634.72384782,1981831.310894516
2024-11-29,1617524.0950300598,806852.3179662267,2735460.286392498,1405690.952322332,1367577.1915340575,2205588.2562163575,1991863.432933107
2024-12-02,1626955.40863006,812001.2235843188,2765209.1967163594,1427667.3600476668,1385301.6546771347,2210541.972333049,1986240.7017772025
2024-12-03,1638526.29343006,821689.7197448566,2777684.5462070107,1460432.1861108933,1389347.45604675,2215603.3779305373,1997686.7530393966
2024-12-04,1645732.3472300598,820605.705714928,2809592.6516350238,1463928.4327944694,1406493.9475655966,2227018.462895087,1994892.7718371442
2024-12-05,1643048.7244300598,812611.1827562394,2799276.4972485234,1456836.0466649295,1414296.5644927118,2221310.9204128124,1995330.5015022068
2024-12-06,1647508.6240300601,825077.0220522803,2822547.822259932,1448045.4835747955,1422388.167231943,2226156.947048706,1989102.4374693627
2024-12-09,1651844.7244300598,848519.550057794,2802155.4240540583,1455337.6552291112,1418535.0230704043,2213341.898833787,1999235.299736369
2024-12-10,1650761.96443006,845266.8638717339,2794958.107040221,1451242.0519712078,1417764.3942380967,2207418.9773899172,2006911.1702377698
2024-12-11,1658494.23103006,837543.5054445959,2844139.7733014436,1445448.2717527105,1418631.3516744426,2223895.4679519557,2023541.3314843597
2024-12-12,1662122.80963006,847841.9607770543,2825426.749065466,1460232.4005861175,1416415.793781558,2212265.004025811,2036569.8066884803
2024-12-13,1652289.2606300598,830158.2975615532,2845819.147271339,1443450.4165049528,1412755.3068280965,2212911.1409105966,2015899.3382279126
2024-12-16,1650182.54363006,822638.4735571471,2885644.301414573,1433361.2475037763,1410058.1059150198,2221741.678336003,2002534.7650935915
2024-12-17,1645479.07423006,818979.362621898,2874128.5941924327,1425469.7192751332,1406782.9333777118,2213341.898833787,2002097.035428529
2024-12-18,1627480.30063006,826229.3102873025,2771206.960894557,1422472.9364034967,1404085.7324646348,2147543.6260664323,1996509.0730240247
2024-12-19,1614815.09543006,821554.4595272185,2759691.2536724173,1404891.8102232288,1370467.0496552114,2146466.731258456,1990044.759782949
2024-12-20,1612418.72843006,820063.3766518267,2781763.025848185,1375323.5525564146,1364398.3476007883,2169727.6591107454,1981291.9494945917
2024-12-23,1626374.98663006,826229.3102873025,2809352.741067896,1397399.8530441374,1367384.5343259806,2184588.8074608184,2002467.0106036833
2024-12-24,1632012.1750300599,835579.0118074703,2847498.5212412346,1389008.861003555,1365939.6052654036,2208711.251159489,1995768.2311672692
2024-12-25,1632307.68203006,835781.9021339277,2847018.700106979,1390806.930726537,1364879.9906209807,2208388.182717096,1997148.2831459183
2024-12-26,1634800.1244300602,836120.6967742975,2844859.5050028274,1404192.5608865134,1364494.676204827,2208495.872197894,2001187.6988534504
2024-12-27,1634256.4900300603,835646.6419162896,2806473.814262361,1429465.4297706487,1376535.7517096347,2184050.3600568306,2002703.2598119148
2024-12-30,1623575.93863006,833681.5041828897,2770727.1397603014,1415780.1213235082,1372682.607548096,2160466.3637621487,1995969.7116241003
2024-12-31,1619818.03681006,834765.5182128182,2746975.9936146378,1424271.0061264785,1369985.4066350192,2151097.378932754,1990482.4894480119
2025-01-02,1619409.5292100601,817217.7593112298,2741218.140003568,1420874.6522052905,1371526.6642996345,2146035.973335265,2013643.8269191384
2025-01-03,1626443.76871006,822367.3090255962,2786081.4160564877,1419176.4752446965,1352260.9434919418,2173281.411977067,2029398.5288356033
2025-01-06,1630062.07761006,819250.5271534488,2817269.789783117,1397000.2819945859,1376246.7658975192,2185558.0127879977,2021050.4624738006
2025-01-07,1629058.9823100602,809629.6611017301,2768088.123521894,1421474.008779618,1395319.8294971348,2161327.8796085296,2023204.342047713
2025-01-08,1629175.30121006,802583.8919553317,2769767.49749179,1418776.9041951448,1392140.9855638656,2164666.2535132566,2033943.428698105
2025-01-09,1627091.63931006,800618.7542219319,2769527.586924662,1404891.8102232288,1387517.2125700193,2164558.5640324587,2040440.7276776882
2025-01-10,1616020.27091006,793098.2861212512,2726583.5954087647,1390906.823488925,1377691.6949580961,2131713.27238918,2051549.7895032356
2025-01-13,1613927.1071100603,784968.5029449242,2718426.6361264153,1394003.499122949,1366613.905493673,2134405.5094091212,2061414.3083299492
2025-01-14,1612732.7825100601,799670.6445059158,2714108.2459181133,1369130.2012883655,1375572.4656692499,2136451.609544276,2046971.903902226
2025-01-15,1629788.5539100603,802109.1930010493,2776484.9933713716,1364235.455931359,1402062.8317798274,2175973.648997008,2053569.9431102246
2025-01-16,1634822.55461006,812068.8536931379,2756812.3268668824,1380318.1906758088,1405434.3329211734,2171127.6223611142,2061784.2835051036
2025-01-17,1646920.2019100604,814372.7860669076,2801915.5134869306,1385212.9360328151,1424314.739312712,2192988.5869630342,2063702.8053772312
2025-01-20,1651193.5649100603,828871.3932051675,2801435.6923526744,1393104.4642614583,1424025.7535005969,2192773.208001439,2062995.8407654297
2025-01-21,1660952.6293100603,834562.627886361,2810792.204470663,1400596.4214405497,1441557.559435597,2205911.3246587506,2067809.9755746708
2025-01-22,1670618.83021006,820470.44549729,2846778.789539851,1418077.6548584297,1454850.906792905,2219372.5097584547,2082319.2429858556
2025-01-23,1675960.2911100602,817353.6636251424,2853016.4642851767,1425769.3975622968,1466410.3392775205,2231433.7316077896,2084104.0388910598
2025-01-24,1678387.7080100602,831988.1750773151,2836702.545720478,1426868.2179485636,1465736.0390492512,2225187.741721527,2088715.8017370235
2025-01-27,1664822.23201006,837475.8753357767,2753213.668359963,1413182.9095014234,1462653.5237200204,2192234.7605974507,2081006.9454971144
2025-02-05,1693287.94841006,854142.5105338938,2814870.6841118378,1399497.6010542829,1472960.6843521358,2210218.903890656,2160656.805916009
2025-02-06,1706061.38611006,866066.6648631078,2827825.8547367454,1422772.6146906603,1495405.2490930979,2218187.925469681,2159074.3819740824
2025-02-07,1702925.44921006,876500.3804132044,2791119.537966174,1426968.1107109517,1487024.6605417514,2197619.2346373326,2164225.5062199705
2025-02-10,1718369.57831006,892151.2757864866,2824707.0173640824,1427967.0383348304,1485772.3886892516,2212588.072468204,2198495.9055166445
2025-02-11,1720264.7389100604,882936.8344839566,2817029.879215989,1426168.9686118485,1494923.6060729055,2213557.277795383,2211288.131512534
2025-02-12,1725717.03101006,905769.4033175496,2819668.895454396,1424770.469938418,1509180.239470598,2207634.3563515125,2200313.687160356
2025-02-13,1743112.76431006,904685.3892876211,2860213.7812990136,1428766.1804339334,1547133.7094617526,2231110.663165397,2212096.7278591967
2025-02-14,1752496.64151006,938222.194106587,2870529.935685514,1423971.327839315,1544436.5085486753,2231326.0421269923,2220882.5238860617
2025-02-17,1751098.25651006,938086.9338889489,2870050.1145512583,1432961.6764542249,1565243.4870209834,2231002.973684599,2187555.338409421
2025-02-18,1762062.9423100601,953263.1303079483,2875328.1470280727,1442451.488881074,1566977.4018936758,2236387.447724481,2208628.767783651
2025-02-19,1757903.6195100602,952585.5410272088,2878446.9844007352,1436058.352088249,1536055.9199973291,2241987.3007259583,2221657.2429877715
2025-02-20,1749461.1817100602,937409.3446082091,2865971.6349100843,1423671.6495521513,1524881.8019288674,2232510.6264157663,2228928.3695626175
2025-02-21,1748405.1368100601,974740.5205800622,2806713.7248294884,1441952.0250691345,1529409.246318675,2193742.413328618,2210480.4266723166
2025-02-24,1747758.1362100602,969862.1353972465,2774565.708834348,1445048.700703159,1540390.70717906,2183188.844210449,2217146.220370223
2025-02-25,1735664.47591006,956447.542288915,2740018.5871679275,1418477.2259079812,1536248.577205406,2172958.343534674,2215732.29114662
2025-02-26,1747831.5240100601,988426.2782199444,2745776.440778998,1422373.0436411088,1570445.2316390604,2173496.7909386624,2196812.7413463024
2025-02-27,1731565.51241006,985512.3866742541,2671164.254402216,1429865.0008202002,1550216.2247909831,2138713.0886410265,2187656.0786378365
2025-02-28,1718940.9754100603,952991.9657763976,2714108.2459181133,1384613.579458488,1540101.7213669445,2172742.964573079,2169274.9987309966
2025-03-03,1721767.19171006,955431.1583678056,2655090.2464046455,1396600.7109450342,1582486.3071438682,2134405.5094091212,2172035.9941947414
2025-03-04,1711277.4885100601,952720.8012448468,2645493.8237195294,1390806.930726537,1535285.2911650217,2108452.344536891,2197889.6811332586
2025-03-05,1739430.11491006,980092.3165246113,2680040.945385949,1387310.6840429609,1604256.5716565608,2130959.4460235965,2203848.5102193635
2025-03-06,1748307.88381006,1014307.3547205912,2605668.669576295,1405391.274035168,1650301.6443869462,2092191.232936448,2197553.5832030578
2025-03-07,1740549.2804100602,1008751.380257036,2625101.4255136563,1384114.1156465483,1621884.7061955996,2104252.4547857833,2196778.8641013484
2025-03-10,1720339.1481100603,989849.0868902426,2526498.1824240824,1393504.0353110097,1603871.2572404072,2048038.545809418,2204790.8325329507
2025-03-11,1709768.2970100602,990390.7718570698,2519780.686544501,1393104.4642614583,1583545.9217882913,2032746.6395361538,2187959.1908295294
2025-03-12,1717835.3557100603,982328.6187895619,2546650.6700628283,1379618.9413390935,1614274.7464765608,2041684.8664423574,2196610.3693830254
2025-03-13,1709976.60021006,977179.0690751955,2499868.1094728843,1377421.3005665601,1604352.9002605993,2013900.9803965678,2210682.7986355936
2025-03-14,1739184.2454100603,997911.2399577505,2562244.8569261427,1391905.7511128036,1629494.6659146382,2057515.2201196097,2239768.196441426
2025-03-17,1748299.4975100602,1004821.7488865107,2574240.385282538,1394602.8556972763,1642499.0274598307,2069253.3735265518,2247982.536836305
2025-03-18,1758165.23841006,1030431.6608556068,2532975.7677365365,1403493.3115497984,1663498.6631402157,2048253.924771013,2265252.7997112344
2025-03-19,1767206.20821006,1030973.9899187083,2564643.9625974214,1400796.2069653256,1660801.4622271385,2069253.3735265518,2287370.1831339127
2025-03-20,1758108.9989100602,1008819.0103658551,2558886.1089863516,1409686.6628178472,1636622.9826134846,2066561.1365066112,2292318.9354165234
2025-03-21,1748779.1731100602,986325.8802689064,2569442.17393998,1406490.094421435,1624003.935484446,2068822.6156033613,2283835.360074905
2025-03-24,1756528.2905100603,995810.8420067125,2625101.4255136563,1396500.8181826463,1616682.9615775223,2105652.4180361526,2281647.603256039
2025-03-25,1754498.4826100601,972165.4236747416,2639256.1489742035,1393504.0353110097,1631999.209619638,2109098.4814216765,2277405.8155852295
2025-03-26,1748315.70611006,977314.9733891082,2590074.4827129804,1409187.1990059079,1610036.2878988686,2084437.5903190183,2287572.55509719
2025-03-27,1743283.62301006,981515.1251949097,2575200.02755105,1398099.1023808524,1594431.0540446376,2077760.8425095652,2292184.3179431544
2025-03-28,1733907.29281006,974740.5205800622,2507545.247620977,1374923.981506863,1584412.8792246375,2036408.0818832733,2330359.5154739902
2025-03-31,1729681.7647660603,962070.502765015,2508025.0687552337,1335566.233126036,1567073.7304977141,2048684.6826942037,2361600.5758666266
2025-04-01,1739704.5187660602,965458.4491687132,2528177.556393978,1326675.777273514,1592600.8105679068,2056330.635830836,2378029.2566563855
2025-04-02,1740807.0728660598,965254.9147459815,2547850.2228984674,1336165.589700363,1580174.4206469452,2070545.647296124,2367424.7874793625
2025-04-03,1704908.4097660603,951297.9925745486,2413740.2158739627,1316586.6082723376,1543762.208320406,1972225.1513278831,2387286.6595932664
2025-04-07,1590249.5049660602,828193.8039244278,2275071.908074027,1209801.2452796875,1421810.1956077123,1853120.585565699,2309891.4189766995
2025-04-08,1601731.40186606,840999.0819571132,2232847.6482595135,1259048.3771369152,1453983.9493565587,1824582.8731543259,2318577.3662815955
2025-04-09,1647479.9169660602,847841.9607770543,2499148.3777715005,1229480.1194701008,1418342.3658623274,1999362.9004888872,2354497.0525036575
2025-04-10,1668821.64576606,866608.9939262093,2396226.7444736245,1325077.493075308,1478933.0578025207,1930549.3222591982,2395197.8877964527
2025-04-11,1691142.9965660602,876297.4900867472,2440610.199392289,1311292.2918657796,1498487.7644223287,1965440.7140376319,2446266.9430580395
2025-04-14,1717579.0426660602,897706.6061537674,2455244.7439870923,1332369.6647296236,1556766.5698655988,1981594.1361572773,2463065.599022953
2025-04-15,1724655.1740660602,899807.0041048055,2459563.134195394,1347853.0428997457,1576417.6050894451,1978040.3832909553,2464681.0087033873
2025-04-16,1717228.1595660602,883411.5334382392,2386390.41122138,1335366.4476012602,1575165.3332369449,1934318.4540871156,2524940.603918394
2025-04-17,1729042.4340660602,896216.16737465,2384950.9478186127,1363236.5283074803,1580463.4064590607,1935826.1068182825,2539551.5030644406
2025-04-18,1731352.0131660602,895674.4824078229,2384471.1266843565,1371327.8420608991,1577669.8769419452,1935395.3488950918,2547900.4609326897
2025-04-21,1728874.5246660602,895809.7426254611,2325932.9483051454,1361038.887534947,1586435.7799094452,1889304.2511137044,2597656.3271990893
2025-04-22,1760361.4829660603,903533.7451488734,2386630.321788508,1365234.3835552381,1601848.3565555993,1938518.3438382235,2667510.3147876244
2025-04-23,1759461.8142660602,925891.6150281841,2441569.8416608004,1377421.3005665601,1635370.7107609843,1971686.703923895,2542682.4737033397
2025-04-24,1772592.82386606,918438.7770363224,2508264.9793223613,1375323.5525564146,1636237.6681973306,2011101.053895829,2560154.2170351003
2025-04-25,1781423.52506606,921216.7642681001,2535614.783974943,1404692.0246984528,1651264.9304273308,2024777.617957129,2538103.696595884
2025-04-28,1775391.52816606,920810.3395189112,2534175.3205721765,1398099.1023808524,1650397.9729909848,2025316.065361117,2514572.383949602
2025-04-29,1784922.6178660602,922164.873984116,2548809.865166979,1411085.1614912779,1665906.8782411772,2036623.4608448686,2520059.6061256914
2025-04-30,1788882.2322660603,927788.4785564904,2551688.7919725142,1419675.9390566358,1668411.421946177,2039208.008384012,2520261.0865825224
2025-05-06,1815849.1487660601,951095.1022480914,2578798.6860579685,1434260.2823652672,1706942.8635615623,2052884.5724453118,2558773.273550005
2025-05-07,1820988.08696606,952314.3764956581,2588635.019310213,1434859.6389395944,1699718.2182586777,2061715.1098707179,2579106.752573926
2025-05-08,1822710.82886606,956311.6379750024,2616224.734529923,1440153.9553461524,1714938.1376967547,2075607.0528936123,2540628.442851397
2025-05-09,1821532.2216660604,958886.0907840484,2616464.6450970517,1435259.209989146,1714456.4946765625,2075176.2949704218,2536689.7673722813
2025-05-12,1832641.5985660602,986054.7157373556,2719386.278394927,1444449.3441288315,1718309.638838101,2142266.841507348,2451956.537197406
2025-05-13,1832285.86686606,965052.0244195244,2759451.343105289,1439554.5987718252,1701933.7761515623,2155835.7160878503,2466701.1623103763
2025-05-14,1834486.9879660602,986461.1404865446,2774085.8877000925,1436557.8159001886,1700392.5184869468,2157127.989857422,2449364.036451985
2025-05-15,1823397.9495660602,978737.7820594065,2776484.9933713716,1438855.3494351099,1715419.780716947,2166281.595725221,2376547.572942874
2025-05-16,1834081.08596606,973994.657094229,2788000.700593511,1445747.950039874,1719561.910690601,2180927.365113699,2410649.477521225
2025-05-19,1839628.32506606,971826.6290343719,2789440.163996279,1438255.9928607827,1730832.357363101,2182219.6388832713,2436302.575509357
2025-05-20,1843650.63206606,985919.4555197174,2780083.6518782903,1444249.5586040558,1743451.4044921398,2174142.927823448,2433137.7276255037
2025-05-21,1851835.7294660602,991813.5805273681,2743617.2456748467,1441952.0250691345,1759152.966950409,2139251.5360450144,2498581.4328249064
2025-05-22,1848961.8137660602,979821.796089335,2746496.1724803816,1430664.1429193032,1754143.879540409,2137205.4359098594,2513393.8124277843
2025-05-23,1839745.9320660601,982328.6187895619,2721785.3840662064,1439254.9204846616,1723029.7404359856,2123421.182367762,2506560.4155180007
2025-05-26,1844651.0917660603,967355.3126970197,2718426.6361264153,1459832.829536566,1759923.5957827168,2120728.9453478213,2498682.173053322
2025-05-27,1860128.9224660601,972165.4236747416,2783202.489250953,1470721.1406368455,1777937.0447379095,2165635.4588404354,2481985.14882327
2025-05-28,1850997.00706606,967965.2718689401,2771446.8714616853,1457834.9742888084,1757900.695097909,2154112.6843950883,2485048.3649722617
2025-05-29,1850780.4468660601,981379.8649772716,2777444.635639883,1472119.6393102761,1739309.2745184859,2163050.9113012915,2463267.0794797842
2025-05-30,1853196.10136606,968710.4912584987,2772886.3348644525,1468423.6071019243,1755685.1372050245,2160897.121685339,2482085.8890516865
2025-06-03,1870230.4759660603,977585.4938243844,2815350.5052460935,1460532.0788732811,1773313.2717440634,2183188.844210449,2513663.0473745232
2025-06-04,1873969.03066606,983819.0575686794,2823507.4645284433,1458933.794675075,1780056.2740267557,2183834.981095235,2516390.1655933145
2025-06-05,1875530.01986606,994049.2386960442,2799276.4972485234,1462529.934121039,1787569.9051417557,2171666.0697651026,2522079.7597326804
2025-06-06,1879160.3700660602,989780.8126851491,2825906.570199722,1460532.0788732811,1788725.8483902174,2193634.72384782,2517804.094816917
2025-06-09,1876888.93656606,1005905.7629164391,2832144.244945048,1462829.6124082026,1775528.829636948,2195896.20294457,2493026.4561589095
2025-06-10,1879104.9047660602,1005160.5435268804,2849657.7163453856,1468024.0360523728,1764547.3687765633,2207742.0458323103,2494171.1504357737
2025-06-11,1880577.3415660602,1014713.7794697802,2837662.18798899,1471420.3899735608,1761753.8392594478,2200849.919061261,2500736.203905265
2025-06-12,1881830.2027660601,1001502.0766879058,2844619.5944356993,1467924.143289985,1758863.9811382939,2208818.9406402865,2519621.876460629
2025-06-13,1877807.0350660603,994997.9925083347,2808153.1882322566,1461730.792021936,1750676.0497950243,2182542.707325664,2556686.2569595547
2025-06-16,1887388.25856606,1002382.5562951028,2847738.4318083622,1472818.8886469912,1759634.6099706015,2204080.603485191,2544231.0204003127
2025-06-17,1875532.66706606,998656.4593473093,2817989.5214845007,1479012.23991504,1741524.8324113705,2183942.670576033,2527936.9570839237
2025-06-18,1870474.8061660603,987680.4147341112,2818709.2531858846,1485605.1622326407,1725630.6127450243,2184050.3600568306,2523594.4291846985
2025-06-19,1857169.0016660602,967694.1073373893,2817509.700350245,1476714.7063801186,1703475.0338161776,2183081.1547296518,2509286.6422303445
2025-06-20,1861160.24436606,979415.3713401462,2806233.9036952327,1468223.8215771485,1728809.4566782932,2177158.233285782,2509118.1475120215
2025-06-23,1865018.8585660602,986054.7157373556,2834303.440049199,1456136.7973282142,1720910.5111471396,2198588.439964511,2510902.943417225
2025-06-24,1881175.7711660601,1005634.5983848884,2873168.9519239212,1473817.8162708702,1760308.9101988708,2221957.0572975976,2481547.419158208
2025-06-25,1887427.81656606,1018304.6161999357,2879886.447803503,1488801.730629053,1752024.650251563,2222280.1257399907,2489727.8823081334
2025-06-26,1899201.4818660603,1012071.0524556406,2904597.2362176785,1510378.5673048364,1770519.742226948,2238541.2373404335,2496629.033707825
2025-06-27,1905858.3772660603,1010377.723350066,2914913.3906041794,1537849.076961505,1802308.1815596404,2250494.769708971,2463300.9567247382
2025-06-30,1909543.46890485,1001298.5422651742,2931707.130303133,1554531.168280282,1798262.380190025,2260725.2703847466,2466735.0395553303
2025-07-01,1907605.1279048498,1000553.3228756156,2904117.415083423,1537049.9348624018,1786799.276309448,2256633.0701144366,2493969.6699789427
2025-07-02,1912090.8011048501,1006922.1468375486,2925469.455557807,1533753.4737036019,1798166.0515859867,2267832.7761173905,2487000.764089343
2025-07-03,1920876.2605048502,1001502.0766879058,2953299.0813446455,1531056.3691191287,1809147.5124463716,2286247.6773337866,2504472.507421104
2025-07-04,1912119.5425048498,995472.0473663427,2953778.9024789017,1522066.020504219,1793156.9641759866,2286570.7457761792,2490737.959111628
2025-07-07,1906473.3615048502,993575.1838380364,2929068.114064726,1513575.135701249,1815697.857520987,2267402.0181942,2477271.7542424453
2025-07-08,1911881.44750485,1004754.1187776915,2932426.8620045166,1507281.891670812,1821862.8881794484,2266755.8813094143,2489256.275398117
2025-07-09,1909902.0381048503,994185.1430099569,2953299.0813446455,1501288.3259275386,1844403.781524449,2280755.513813107,2463099.476267907
2025-07-10,1914920.6163048502,999401.6787368678,2947781.1383007034,1500988.647640375,1838624.065282141,2286247.6773337866,2483533.6955202436
2025-07-11,1909344.07690485,1003670.1047477629,2940343.910719738,1495694.3312338172,1816564.814957333,2277417.13990838,2483264.460573504
2025-07-14,1913087.5681048501,1006312.187665628,2949940.3334048544,1483607.306984883,1807702.5833857947,2280755.513813107,2508075.084970019
2025-07-15,1913679.67110485,1022437.1378969183,2953778.9024789017,1485105.698420701,1798455.037398102,2272140.3553492962,2503630.9253359325
2025-07-16,1908088.82170485,1020066.2195106038,2957377.5609858194,1475116.4221819125,1786991.9335175247,2280217.0664091185,2491915.639127
2025-07-17,1917155.1631048499,1018101.081777204,2976090.585221797,1492497.7628374049,1814060.2712523332,2290232.1881232983,2487101.5043177586
2025-07-18,1919936.29810485,1032532.0588066449,2975610.7640875415,1485105.698420701,1807028.2831575251,2291416.7724120724,2495383.599202546
2025-07-21,1926542.6675048503,1039781.3623757748,2991204.950950856,1484806.0201335375,1809436.4982584869,2295401.283201585,2507671.232549911
2025-07-22,1927226.95630485,1044456.2131358589,2974171.3006847743,1489700.765490544,1797780.737169833,2295078.2147591924,2517366.3651518547
2025-07-23,1954595.18770485,1060784.6977898804,2984967.2762055304,1551434.4926462574,1819358.3444744486,2311016.257917242,2543590.9187719724
2025-07-24,1952575.9219048503,1065662.438876422,2991204.950950856,1576807.2542927805,1826775.6469854102,2311770.0842828257,2501140.0563253732
2025-07-25,1945903.6533048502,1054415.8738279473,2998882.0890989495,1555030.6320922214,1819262.0158704103,2322000.584958601,2497302.1210746733
2025-07-28,1940431.3257048503,1062139.87635136,3011357.4385896013,1533553.688178826,1802308.1815596404,2323831.3061321606,2489424.770116441
2025-07-29,1931941.7495048502,1061055.8623214313,3007278.958948427,1513175.5646516972,1799033.0090223327,2318339.1426114812,2476160.937210535
2025-07-30,1928778.56130485,1045743.761588519,3009198.24348545,1514074.5995131882,1794987.2076527174,2313062.358052397,2482523.6187167484
2025-07-31,1917576.90310485,1029618.8113572291,2995043.5200249027,1522765.2698409343,1764258.3829644476,2306277.920762146,2474982.365688717
2025-08-01,1892999.3233048501,1018507.5065263929,2936505.341645691,1499090.6851550052,1717250.0241936778,2269232.73936776,2474747.007986932
2025-08-04,1918644.64090485,1026502.0294850816,2986166.8290411695,1513275.457414085,1757515.3806817553,2299493.483471895,2502756.357512254
2025-08-05,1922713.2187048502,1033006.7577609273,2963375.3251640177,1524063.8757519769,1765221.6690048322,2287324.572141763,2515110.8538430803
2025-08-06,1929694.6801048503,1033887.2373681243,3002240.8370387405,1527959.6934851045,1771290.3710592554,2305416.404915765,2512787.5880443985
2025-08-07,1940486.10570485,1040256.0613300572,3009198.24348545,1538348.5407734446,1802019.1957475252,2301539.58360705,2522180.4999610954
2025-08-08,1950223.5357048502,1031515.6748855354,3039666.8855106947,1571712.7234109982,1801730.20993541,2321031.379631422,2525715.3230201034
2025-08-11,1941378.75170485,1033751.977150486,3030310.3733927063,1565119.801093398,1794698.2218406019,2316077.663514731,2501039.316096958
2025-08-12,1951379.8795048501,1036461.6901771701,3071095.169804452,1595786.8791464788,1786413.9618932942,2342784.654752544,2494305.7679091436
2025-08-13,1965969.45030485,1062478.0268954553,3069415.7958345567,1617064.0375350986,1804909.053868679,2348061.4393116287,2499019.162489969
2025-08-14,1965044.0319048502,1059023.0944792123,3067256.6007304057,1599482.9113548307,1822729.8456157946,2348492.1972348187,2499322.2746816617
2025-08-15,1962114.3181048501,1050283.352130965,3053101.877269858,1619761.1421195716,1813674.9568361791,2343107.723194937,2494407.3996440056
2025-08-18,1965358.5073048503,1047098.9401499984,3050942.6821657075,1636443.2334383486,1818298.7298300252,2341169.3125405796,2497235.2580912113
2025-08-19,1957910.67670485,1046285.4465553463,3010157.8857539613,1626853.5282491115,1820899.602139064,2328892.711729649,2492656.480983755
2025-08-20,1948020.8199048503,1050486.2424574222,2993843.967189263,1603178.9435631824,1805968.668513102,2323723.6166513627,2483567.572765197
2025-08-21,1944067.43490485,1045540.2271657874,2976570.406356053,1595187.5225721516,1808087.8978019482,2311447.015840432,2489222.398153163
2025-08-22,1952997.37190485,1055703.4222806077,3023113.056378869,1585997.388432466,1806642.9687413713,2347846.060350033,2488751.682749593
2025-08-25,1959766.2209048504,1073792.866149023,3007518.8695155545,1600082.267929158,1809725.4840706023,2332446.4645959716,2501375.4140271586
2025-08-26,1953783.6705048503,1062275.136568998,3021193.771841846,1580403.3937387445,1791134.063491179,2342892.344233342,2505347.9667512286
2025-08-27,1951593.5733048501,1050215.0779258716,3023113.056378869,1585897.495670078,1781693.8602954093,2345799.960214878,2508445.0601451737
2025-08-28,1955102.5025048503,1041407.705468805,3038467.3326750556,1599083.3403052792,1780923.2314631017,2351722.881658748,2514134.65428454
2025-08-29,1949669.07690485,1043575.7335286619,3000561.4630688448,1595387.3080969274,1772831.628723871,2335677.1490199002,2520059.6061256914
2025-09-01,1962665.88890485,1066949.987329082,3002000.9264716124,1572312.0799853257,1784969.0328327173,2336969.422789472,2561568.1462587034
2025-09-02,1956628.55230485,1062681.561318187,2978969.512027332,1580203.6082139688,1747786.1916738707,2321569.8270354103,2578602.1599254017
2025-09-03,1959972.62710485,1055364.6276402378,3003200.479307252,1552133.7419829727,1746919.2342375242,2334169.496288733,2607688.4492376796
2025-09-04,1969479.7313048504,1043710.9937463002,3028630.999422811,1580303.5009763567,1762235.48227964,2351830.5711395456,2608294.673621066
2025-09-05,1973850.06730485,1059090.7245880314,3031989.747362602,1591990.954175739,1748749.4777142552,2345046.1338492944,2615666.540424328
2025-09-08,1992249.2839048505,1067830.466936279,3044465.0968532534,1614566.7184754016,1770808.7280390633,2349138.334119605,2646739.106098641
2025-09-09,2005413.40970485,1081448.5944673421,3053101.877269858,1618362.6434461412,1771097.7138511788,2354953.566082677,2681481.1123053315
2025-09-10,2007724.6977048502,1094186.2423912082,3056700.535776777,1630349.7749326876,1756359.4374332936,2363461.0350656905,2674209.094224039
2025-09-11,2012596.8775048503,1089579.0217399434,3073494.275475731,1651427.1477965314,1760212.5815948322,2382414.3836860736,2663806.9970102934
2025-09-12,2022367.92410485,1102180.765349897,3085969.624966383,1666710.740441878,1763102.4397159864,2380906.730954907,2676263.1250759815
2025-09-15,2025577.72850485,1106381.561251973,3113319.4296189654,1662914.8154711383,1766762.926669448,2393614.089689028,2669058.8614845965
2025-09-16,2028655.78130485,1105703.9719712331,3109480.860544919,1668708.5956896357,1740176.2319548319,2389521.8894187175,2702891.531116208
2025-09-17,2031238.71450485,1125012.6900872155,3102283.543531081,1676300.445631115,1756166.7802252169,2386506.583956384,2680740.270448576
2025-09-18,2033506.3603048502,1111462.836761246,3134431.559526222,1692682.8586627282,1775239.8438248325,2400506.2164600766,2657275.8207857558
2025-09-19,2033491.0719048502,1111936.891619254,3157942.795104758,1669208.059501575,1768785.8273542554,2413644.3331173877,2664042.3547120783
2025-09-22,2043888.8833048502,1104145.2589870226,3174496.6242365837,1686189.8291075157,1752795.2790838706,2423659.4548315676,2705080.1794415205
2025-09-23,2048579.16330485,1095676.6811703257,3149545.9252552805,1687788.113305722,1766281.2836492553,2408367.548558304,2740999.8656635825
2025-09-24,2056725.8819048502,1110242.9184174049,3140669.2342715478,1693981.4645737708,1771579.356871371,2402013.869191244,2760222.5276555936
2025-09-25,2046792.5963048502,1109091.2742786573,3128673.705915152,1689386.397503928,1754721.85116464,2391352.6105922777,2744366.1940042665
2025-09-26,2044341.44130485,1093982.7079684767,3143788.0716442103,1667409.9897785932,1759634.6099706015,2406429.137903946,2748372.623973291
2025-09-29,2057784.3473048504,1114037.289570292,3154104.226030711,1664712.8851941202,1764162.0543604093,2410521.3381742565,2780050.522524544
2025-09-30,2070642.10341061,1122912.9362324518,3161301.543044549,1669607.6305511266,1774854.5294086786,2419028.8071572697,2808934.4398735445
2025-10-09,2129827.3919106103,1119457.3597199346,3215761.2417825856,1761508.9719479817,1817528.1009977176,2437766.776816058,2936220.16422988
2025-10-10,2086354.1908106103,1099063.9834777494,3101323.9012625697,1740231.813559362,1779959.9454227174,2370137.782875143,2891581.544964415
2025-10-13,2117274.65761061,1081516.2245761612,3166579.575521363,1751419.8029468055,1794312.907424448,2405675.311538363,2985000.7224441855
2025-10-14,2107437.53841061,1063765.5753481155,3145467.4456141056,1701273.6362280867,1777359.0731136785,2402229.2481528386,3030177.811603129
2025-10-15,2134709.5709106103,1083684.2526360182,3165380.022685723,1738833.3148859316,1778515.0163621404,2411490.5435014353,3088990.4918560246
2025-10-16,2145130.79701061,1082329.7181708133,3152904.6731950715,1767302.7521664794,1790170.7774507944,2395337.12138179,3118312.138870088
2025-10-17,2154098.58531061,1055703.4222806077,3172337.4291324327,1749621.7332238234,1764354.711568486,2407398.3432311253,3211731.3163498584
2025-10-20,2166563.02991061,1081855.0192165307,3214081.86781269,1800167.4709920937,1792097.3495315635,2433566.88706495,3137971.6390207144
2025-10-21,2177126.7183106104,1088088.5829608259,3210483.209305771,1804662.6452995485,1793831.264404256,2431628.476410593,3179278.6986968964
2025-10-22,2139165.5976106105,1077722.4975195485,3180014.5672805253,1792975.1921001659,1774565.5435965632,2419136.496638067,3055763.155101353
2025-10-23,2135185.9426106103,1085039.4311974975,3205924.908530341,1768301.679790358,1778322.3591540633,2431951.544852986,3031187.888406623
2025-10-24,2142563.06151061,1093305.118687737,3239032.5667939936,1784484.3072971955,1781693.8602954093,2451658.7198389536,3013109.9206914767
2025-10-27,2159007.45831061,1104416.4235185732,3295891.3712033094,1821444.6293807132,1787858.8909538714,2480196.432250326,2997455.9590034275
2025-10-28,2136536.34301061,1100554.422256867,3319162.696214717,1814851.7070631129,1787280.9193296405,2485042.4588862197,2887541.2377504366
2025-10-29,2155942.65321061,1100215.627616497,3332357.7774067526,1862400.6619597466,1774950.8580127172,2484611.700963029,2939754.987288888
2025-10-30,2141380.2106106104,1097641.174807451,3284135.753414042,1854409.2409687159,1769460.1275825247,2460489.2572643594,2920397.7078235075
2025-10-31,2152307.52451061,1082262.0880619942,3300449.6719787396,1878283.6111794205,1753469.57931214,2467489.0735162054,2967360.484394101
2025-11-03,2156062.29161061,1092085.84444017,3314364.4848721586,1877484.4690803173,1759923.5957827168,2471473.5843057176,2962411.732111491
2025-11-04,2134041.26541061,1083413.7322007418,3246709.7049420862,1850413.5304732004,1744800.004948678,2443043.5613751425,2951066.421077712
2025-11-05,2125152.32261061,1083007.3074515532,3270700.761654878,1808858.1413198397,1748556.8205061783,2452735.61464693,2930093.731931898
2025-11-06,2125135.49431061,1106110.3967204222,3206884.5507988525,1823842.0556780228,1726304.9129732933,2423767.144312366,2955745.9384135837
2025-11-07,2119018.73901061,1095201.9822160432,3196328.4858452245,1813852.7794392342,1719561.910690601,2426028.623409116,2955846.6786419996
2025-11-10,2153366.96971061,1112614.4808999936,3267342.0137150874,1828636.9082726412,1749134.792130409,2464366.078573074,3009642.8521223767
2025-11-11,2161976.99431061,1115121.3036002205,3257985.501597099,1820645.4872816103,1759152.966950409,2469750.5526129557,3048289.6565632294
2025-11-12,2168479.08131061,1124335.1008064758,3254386.8430901803,1829236.2648469685,1784005.7467923327,2470289.0000169436,3041960.852301969
2025-11-13,2164644.8718106104,1131178.6237226916,3189371.0793985147,1830335.0852332353,1760501.5674069475,2430551.5816026167,3087878.7833176684
2025-11-14,2143682.70051061,1109565.3291366652,3189610.9899656423,1795172.8328726992,1752024.650251563,2428074.723544271,3052194.454797392
2025-11-17,2121605.04361061,1101232.0115376066,3162741.0064473157,1796771.1170709054,1728616.7994702165,2405459.9325767676,2998432.1585619682
2025-11-18,2084747.1115106102,1082600.2386060897,3126994.3319452563,1737235.0306877256,1697117.345949639,2386937.3418795746,2951874.125917929
2025-11-19,2096001.6345106103,1077112.538347628,3144987.6244798503,1725847.2557755064,1694901.7880567545,2396629.395151362,3010854.4093827023
2025-11-20,2087179.47161061,1077790.1276283676,3072774.5437743473,1750820.4463724778,1698465.9464061777,2360445.729603356,2993585.038014219
2025-11-21,2072113.59251061,1051706.1608012635,3095086.226517244,1711362.8052292631,1682764.383947908,2383060.5205708593,2975776.3052458116
2025-11-24,2091645.2151106102,1072234.7972610865,3173776.8925352003,1717955.7275468635,1689700.0434386774,2419028.8071572697,2980624.3173000067
2025-11-25,2109795.4656106103,1079619.3610478546,3191290.363935538,1712161.947328366,1706846.534957524,2440459.013835999,3030514.8010397754
2025-11-26,2125861.63111061,1081313.3342497037,3217680.5263196086,1749022.376649496,1729965.3999267549,2456289.3675132515,3029269.3665344957
2025-11-27,2132313.35511061,1081448.5944673421,3216960.7946182247,1766703.395592152,1736226.759189255,2455643.230628466,3038257.5345246387
2025-11-28,2139826.55211061,1077857.7577371865,3242391.3147337837,1769500.3929390127,1741524.8324113705,2468996.726247372,3051655.984903914
2025-12-01,2135875.4222106105,1083820.1569499308,3229196.233541749,1740531.4918465256,1722933.411831947,2455643.230628466,3084714.8269402613
2025-12-02,2140334.6454106104,1086936.9388220783,3257745.5910299714,1745526.12996592,1732951.5866519471,2462750.7363611097,3073201.02118816
2025-12-03,2138472.17911061,1074199.290898212,3262543.802372529,1759011.6528882845,1733433.2296721397,2468889.0367665747,3057648.6912349723
2025-12-04,2151474.45121061,1082193.8138569007,3258465.3227313543,1802864.5755765666,1750579.7211909858,2470612.0684593366,3055190.807962921
2025-12-05,2159184.0369106103,1088766.1722415655,3273339.7778932857,1791277.0151395716,1761272.1962392554,2476104.2319800165,3078183.6507157246
2025-12-08,2153364.18151061,1075350.9350369598,3265662.6397451917,1792375.8355258387,1762331.8108836785,2467919.831439396,3070340.177002446
2025-12-09,2146338.22371061,1062139.87635136,3270940.672222006,1786282.3770201774,1770808.7280390633,2465981.4207850383,3047885.8041431205
2025-12-10,2149246.8692106097,1066001.2335167916,3283655.9322797856,1772696.961335425,1765799.6406290631,2481811.774462291,3060004.942772162
2025-12-11,2150986.9248106102,1064917.2194868631,3269261.298252111,1765804.3607306608,1784583.7184165635,2484396.322001434,3064718.337352988
2025-12-12,2158244.7770106103,1082464.9783884515,3204965.2662618295,1792475.7282882265,1781982.8461075248,2456073.988551656,3102758.917410454
2025-12-15,2157905.31051061,1067966.3712501917,3189371.0793985147,1770599.2133252793,1785354.347248871,2452843.3041277267,3143022.023038187
2025-12-16,2139603.38891061,1051028.5715205236,3195128.933009585,1749222.162174272,1774758.2008046403,2445197.350991095,3104677.4392825817
2025-12-17,2136694.36221061,1060378.2730406919,3132752.1855563265,1754416.5858184418,1764162.0543604093,2416013.5016949363,3129724.3128873277
2025-12-18,2143442.1194106103,1061868.7118198092,3179774.6567133977,1729643.1807462461,1780826.9028590634,2435505.2977193077,3138780.235367378
2025-12-19,2154854.26941061,1069253.2756065773,3219359.9002895043,1745126.5589163685,1784391.0612084866,2455535.541147668,3138611.7406490548
2025-12-22,2172216.63411061,1074064.030680574,3235433.908287075,1753217.8726697874,1782271.8319196403,2471688.963267313,3193956.4608264044
2025-12-23,2187047.57891061,1072573.5919014565,3251747.8268517726,1759511.116700224,1792290.0067396406,2481165.637577505,3239268.1674587177
2025-12-24,2190614.7778106104,1073792.866149023,3257745.5910299714,1764006.291007679,1795179.8648607943,2487303.93798297,3241894.5454490925
2025-12-25,2186323.9239106104,1072708.8521190947,3254146.9325230517,1765804.3607306608,1792097.3495315635,2484396.322001434,3226576.6816912442
2025-12-26,2190115.45261061,1072234.7972610865,3251028.095150389,1775493.9586822859,1790459.7632629096,2482780.9797894694,3239504.4166669487
2025-12-29,2180759.66501061,1064578.4248464932,3234474.266018563,1762408.0068094728,1788822.1769942557,2472981.2370368848,3229707.6523301434
2025-12-30,2168823.43971061,1073250.5370859215,3227276.9490047256,1762607.7923342485,1800188.9522707942,2470181.310536146,3158541.3672528667
2025-12-31,2153864.05959399,1062342.766677817,3197767.9492479917,1756114.7627790358,1793445.9499881018,2449935.6881461907,3135952.376920172
2026-01-05,2188653.55639399,1089917.8163803134,3213841.9572455618,1804063.2887252213,1813482.2996281025,2467704.4524778007,3195706.487980209
2026-01-06,2206150.84079399,1105094.0127993126,3240711.940763889,1824141.7339651864,1813000.65660791,2481057.9480967075,3226038.2117977664
2026-01-07,2199972.36899399,1094321.5026088466,3243350.957002296,1807259.8571216336,1827353.618609641,2473519.684440873,3215299.1251473734
2026-01-08,2186789.34479399,1081584.4987812547,3225357.664467702,1776193.208019001,1826679.318381372,2473627.3739216705,3204089.323093411
2026-01-09,2201913.8415939896,1083074.937560372,3254626.753657308,1802564.897289403,1831784.7343954102,2486873.1800597794,3227385.2780379076
2026-01-12,2216342.87539399,1098318.7640881909,3256066.2170600756,1789878.5164661414,1838624.065282141,2489780.796041316,3292256.636098878
2026-01-13,2229204.12239399,1107804.3699222712,3250068.4528818773,1843221.2515812726,1841032.2803831028,2484611.700963029,3296464.546524733
2026-01-14,2234057.59879399,1113766.1250387414,3216001.1523497133,1859803.4501376615,1830628.7911469487,2471473.5843057176,3338073.826886161
2026-01-15,2232636.0169939897,1110649.3431665937,3223678.2904978064,1858205.1659394556,1832940.6776438716,2475673.474056826,3326055.4284855356
2026-01-16,2227345.27719399,1107262.0408591698,3221759.0059607835,1851412.458097079,1823404.145844064,2474488.8897680514,3320736.70102777
2026-01-19,2225930.5805939897,1095134.3521072243,3220319.542558016,1849015.03179977,1799610.9806465637,2473411.9949600752,3362649.093580891
2026-01-20,2207541.28579399,1091137.0906278798,3148586.282986769,1820245.9162320588,1782946.1321479096,2420859.5283308295,3397020.2331059803
2026-01-21,2232542.6255939896,1095201.9822160432,3191770.1850697943,1812254.4952410278,1784391.0612084866,2449181.8617806076,3497846.0461404133
2026-01-22,2245052.63419399,1097641.174807451,3217440.615752481,1845418.892353806,1801441.2241232945,2462858.4258419066,3484582.2132345075
2026-01-23,2262546.91159399,1100622.6964619604,3224158.1116320626,1845618.6778785817,1811652.0561513714,2460596.946745157,3569955.545037722
2026-01-26,2286265.16439399,1100283.9018215905,3233754.534317179,1846417.8199776849,1826679.318381372,2470073.6210553483,3679567.15409902
2026-01-27,2300111.15099399,1115053.6734914014,3262783.7129396573,1873988.2223967414,1829280.19069041,2480088.7427695286,3678557.077295526
2026-01-28,2333281.76499399,1142086.394130796,3268781.477117855,1884776.6407346332,1838046.0936579101,2476211.9214608134,3809546.1194291925
2026-01-29,2357313.60839399,1147980.5191384468,3251747.8268517726,1886774.4959823908,1798069.7229819484,2473196.6159984805,3996417.460127242
2026-01-30,2303770.45979399,1122031.8125289807,3206404.7296645967,1886075.2466456755,1812807.999399833,2459196.9834947875,3742385.3728144947
2026-02-02,2221154.30539399,1096354.2704510654,3230155.8758102604,1843421.0371060483,1819551.0016825255,2473088.926517682,3311646.901302766
2026-02-03,2260221.90759399,1097099.4898406242,3176175.9982064795,1908351.3326581742,1808376.8836140637,2448858.7933382145,3529120.0922715575
2026-02-04,2268754.94499399,1096015.4758106957,3117397.90926014,1887773.4236062695,1794505.5646325252,2434320.7134305337,3665327.1216345746
2026-02-05,2235313.1261939895,1098522.2985109224,3076133.2917141384,1861301.8415734798,1784102.075396371,2405459.9325767676,3553526.864247964
2026-02-06,2244080.6315939897,1085378.2258378672,3141868.7871071873,1875586.5065949475,1798551.3660021403,2453489.441012513,3515956.9995940677
2026-02-09,2280996.52899399,1103197.1492710065,3162980.9170144442,1938319.1613745398,1822248.2025956023,2462750.7363611097,3587191.039161252
2026-02-10,2291447.35959399,1108413.6849979176,3142828.429375699,1992261.2530639984,1830050.819522718,2452520.235685334,3589345.81024161
2026-02-11,2297717.33459399,1111056.4120120571,3150985.3886580477,2011540.5562048606,1818009.74401791,2451658.7198389536,3609578.5490371156
2026-02-12,2286274.09459399,1102045.5051322589,3087648.998936278,2029021.7896227406,1814349.2570644484,2413321.264674995,3607929.2621117276
2026-02-13,2270309.02919399,1081923.2934216242,3090767.8363089412,2009742.4864818782,1816661.1435613714,2412675.1277902094,3564131.333424987
2026-02-24,2294578.7063939897,1082532.6084972706,3121716.2994684423,2001151.7089165202,1811652.0561513714,2432597.681737772,3687982.9749507303
2026-02-25,2307366.83979399,1087817.4184292753,3161301.543044549,2028122.7547612495,1817142.786581564,2449720.3091845955,3681317.181252824
2026-02-26,2297439.08699399,1071489.5778715278,3120756.6571999304,2024626.5080776736,1827546.275817718,2433028.439660962,3677647.740720447
2026-02-27,2295828.14619399,1080771.0051866022,3111400.145081942,2026124.8995134921,1821862.8881794484,2422044.1126196035,3672632.1254543746
2026-03-02,2305321.1909939903,1057396.7513861824,3115718.535290244,1994259.108311756,1773794.9147642555,2422367.1810619966,3853747.009029595
2026-03-03,2258410.47519399,1043643.3636374811,3075653.4705798826,1928429.7778981393,1704341.9912525238,2394690.984497004,3797897.696203721
2026-03-04,2233944.8711939896,1025147.4950198769,3123155.76287121,1853110.6350576733,1723800.3692682935,2414505.848963769,3705118.6203522906
2026-03-05,2231100.01819399,1024402.275630318,3109001.039410663,1893367.4182999912,1698754.932218293,2397060.1530745523,3693604.814600189
2026-03-06,2218893.4799939897,1042288.1850760018,3063657.9422234865,1900060.2333799796,1678140.6109540618,2365399.445720047,3660512.986825333
2026-03-09,2199529.44619399,1030906.3598098893,3109001.039410663,1795172.8328726992,1656563.0036494462,2389952.6473419084,3663676.9432027396
2026-03-10,2224349.40819399,1050079.8177082331,3100364.258994058,1847816.3186511153,1706075.906125216,2379183.6992621445,3677816.2354387706
2026-03-11,2224037.13359399,1046692.5154008095,3098444.9744570344,1865896.9086433225,1678429.596766177,2374983.809511037,3695894.203153917
2026-03-12,2203274.4015939897,1041678.8700003556,3047104.1130916607,1839425.3266105328,1666773.8356775232,2340200.1072134012,3683034.22266812
2026-03-13,2181461.42119399,1031786.8394170862,3030310.3733927063,1814452.1360135614,1653384.1597161768,2327708.1274408754,3633682.2088218294
2026-03-16,2182972.12519399,1047301.8304764555,3066057.047894766,1811355.4603795367,1652806.188091946,2353230.534389915,3580526.1369697913
2026-03-17,2188723.80659399,1047369.4605852746,3077332.844549778,1813053.637340131,1669856.351006754,2356138.150371451,3584767.9246406
2026-03-18,2186059.72359399,1051706.1608012635,3031270.015661218,1863899.053395565,1657718.9468979079,2321892.895477803,3571604.8319631102
2026-03-19,2128427.6931939903,1031448.0447767164,3025512.1620501485,1795572.403922251,1604352.9002605993,2318016.074169088,3408264.8039113437
2026-03-20,2103315.25799399,1021489.0281809021,2966494.16253668,1811555.2459043125,1583064.278768099,2280432.4453707137,3345681.9428976546
2026-03-23,2028301.26539399,987273.9899849222,3007518.8695155545,1738233.9583116043,1602041.0137636762,2311985.463244421,2970592.195261416
2026-03-24,2068041.4501939903,1013493.8611259391,2980648.8859972274,1771997.71199871,1605701.5007171377,2299385.7939910977,3146286.71964401
2026-03-25,2107509.53079399,1025825.0843006163,2998642.1785318214,1817349.02612281,1629494.6659146382,2310585.4999940516,3261386.442387842
2026-03-26,2071248.23439399,1008954.9146797676,2933626.414840156,1806360.8222601425,1600981.399119253,2275694.108215618,3184125.819244645
2026-03-27,2058074.1889939904,1012681.0116275612,2880846.090072015,1801765.7551902998,1576995.5767136759,2240156.5795523985,3192070.9246927854
2026-03-30,2055350.2507939902,1005092.9134180613,2861893.1552689094,1755615.2989670965,1592311.8247557916,2234664.4160317187,3239571.2796504106
2026-03-31,2076057.9554275002,1005499.3381672504,2957377.5609858194,1737734.494499665,1595972.3117092531,2298631.967625514,3272192.3920216965
2026-04-01,2126080.6560275,1023588.7820356657,2985207.186772658,1833132.082580096,1649242.0297425229,2308970.1577820866,3365173.839836404
2026-04-02,2105018.9566275,1014307.3547205912,2982568.1705342513,1786182.4842577896,1639609.1693386766,2306385.610242944,3299730.134637002
2026-04-03,2109289.1850274997,1015052.5741101501,2984487.455071274,1800766.827566421,1634022.1103044457,2308000.9524549083,3321813.6408147262
2026-04-07,2106927.7702275002,1014036.1901890406,3000081.641934589,1808758.2485574519,1614563.7322886763,2317477.6267651003,3301043.323632189
2026-04-08,2185000.8105274998,1043778.6238551192,3078532.397385417,1909450.153044441,1707617.1637898313,2369276.2670287625,3403382.914612194
2026-04-09,2171436.8498275,1037749.2386298302,3099164.706158418,1894765.9169734218,1683535.0127802158,2382952.8310900624,3326661.652868921
2026-04-10,2183130.6853275,1043575.7335286619,3103723.006933849,1920937.820719048,1689507.3862306005,2380475.973031717,3362615.216335937
2026-04-13,2182301.9173275,1034090.7717908559,3136350.8440632448,1903856.1583507194,1684305.6416125235,2404921.4851727798,3346591.2794727334
2026-04-14,2212966.3636275,1041949.3904356319,3190090.8110998985,1950406.1856234742,1714456.4946765625,2431090.0290066046,3365981.5446766214
2026-04-15,2227815.0325275,1044456.2131358589,3234474.266018563,1963092.5664467358,1718983.9390663703,2450581.8250309764,3387931.3248874224
2026-04-16,2248754.9765275,1063155.616176195,3251507.9162846445,2013238.7331654546,1727653.513429832,2458335.467648406,3398030.309909475
2026-04-17,2257612.7698275,1054687.0383594981,3293732.176099158,1981273.049201331,1763873.068548294,2488488.522271744,3380760.938540992
2026-04-20,2253213.8596274997,1062342.766677817,3285095.3956825533,1986367.5800831132,1739020.2887063702,2483534.806155053,3383756.400200075
2026-04-21,2249750.7811275,1066543.562579893,3268781.477117855,2003748.9207386053,1731699.3147994473,2466412.1787082287,3372445.8579176967
2026-04-22,2255162.8072275,1054009.4490787587,3325640.2815271714,2007245.1674221812,1721970.1257915625,2494411.4437156143,3367967.8210386564
2026-04-23,2240688.9031275,1044117.4184954892,3307886.899559705,1994059.3227869803,1715419.780716947,2484827.0799246244,3330668.082837946
2026-04-24,2252895.8631275,1046760.1455096287,3371703.1104157306,2010841.3068681452,1710988.6649311779,2506041.9076417587,3316864.8885321156
2026-04-27,2257585.3018275,1043033.4044655605,3365945.256804661,2042107.7414955534,1709447.4072665623,2505718.8391993656,3329421.7568262196
2026-04-28,2238144.8289275,1032938.4835558338,3332837.5985410083,2019332.1916711156,1705497.9345009853,2493549.927869233,3276501.934182413
2026-04-29,2240752.2057275,1050622.1467713346,3352510.2650454976,2018832.727859176,1700970.4901111776,2493334.548907638,3241591.4332573996
2026-04-30,2245987.4064275003,1037342.8138806415,3385617.92330915,1989863.826766689,1720525.1967309855,2519610.7822222607,3253373.5824497943
2026-05-06,2296354.4670275,1054958.2028910487,3523086.678273446,2020830.5831069339,1763391.4255281016,2571840.180409113,3295892.199386301
2026-05-07,2322420.1141275,1070405.5638415993,3515169.6295582247,2157184.203766398,1747978.8488819476,2559348.2006365876,3334337.5233703223
2026-05-08,2321263.2042275,1061529.9171794392,3598418.5963516114,2140602.0052100094,1720717.8539390625,2581855.3021232937,3312118.5082127824
2026-05-11,2320598.4774275,1062207.5064601789,3607055.3767682165,2133909.190130021,1724089.3550804087,2585409.0549896155,3292088.1413805545
2026-05-12,2309847.9348275,1058955.4643703934,3573467.897370308,2137105.7585264333,1697695.3175738698,2579593.823026543,3300706.3341955426
2026-05-13,2321362.4872275,1060987.5881163378,3610893.9458422633,2147894.1768643246,1704053.0054404081,2595101.1082614027,3305318.0970415063
2026-05-14,2327633.1836274997,1061055.8623214313,3635844.644823566,2126117.5546637657,1722259.1116036777,2614054.456881786,3301076.309370697
2026-05-15,2284337.7650274998,1044117.4184954892,3580905.1249512737,2077269.9938560894,1680163.5116388698,2582716.8179696742,3228361.4775964483
2026-05-18,2277741.0132274996,1033548.4427277544,3566030.6697893427,2054394.5512692635,1699621.889654639,2581101.47575771,3207859.503854204
2026-05-19,2272843.0275274995,1037342.8138806415,3541079.9708080394,2045104.52436719,1709543.7358706007,2561717.369214136,3202439.144661577
2026-05-20,2278177.6178275,1031448.0447767164,3600577.7914557625,2018433.1568096245,1727846.1706379089,2590362.771106307,3160594.5065983636
2026-05-21,2287113.9426275,1020811.4389001625,3605615.913365449,2079867.2056781745,1719369.2534825238,2593162.697607045,3181197.220569023
2026-05-22,2307737.8160274997,1029686.4414660482,3621929.831930147,2133709.404605245,1737864.345457909,2603608.5772444154,3183318.114404428
2026-05-25,2328909.2440275,1029008.8521853086,3619050.905124612,2198439.914632595,1774565.5435965632,2601454.787628463,3198769.7041292
2026-05-26,2330536.1974274996,1028263.6327957497,3680707.9208764867,2185953.3193341093,1758863.9811382939,2616208.2464977386,3182611.149792626
2026-05-27,2323801.7798274998,1017694.6570280151,3677349.1729366956,2185653.641046946,1758382.3381181015,2616962.072863322,3152279.4259750685
2026-05-28,2313220.0900275,1005092.9134180613,3705418.709290662,2167573.0510547385,1749712.7637546398,2629884.8105590385,3085825.643972172
2026-05-29,2334512.3789275,1011122.9427396246,3715734.863677162,2221814.821031361,1751061.3642111784,2633223.184463765,3159955.29647647
2026-06-01,2340788.1097275,1019523.8904475024,3737086.904151547,2241993.1590337134,1742873.4328679089,2640223.0007156115,3145916.744468855
2026-06-02,2353359.0671274997,1046217.8164465273,3756279.74952178,2228807.3143985122,1750194.4067748322,2644530.579947517,3167664.1527163787
2026-06-03,2342790.7820275,1029957.6059975991,3744764.0422996404,2284247.7975237896,1725630.6127450243,2624931.0944423475,3120769.130635693
2026-06-04,2335434.1938275,1015120.2042189691,3726051.0180636626,2253680.6122330963,1734203.8585044474,2636238.489926099,3126155.6125833667
2026-06-05,2290717.1215275,1003941.2692793137,3546358.0032848534,2223812.6762791183,1721392.1541673315,2564624.9851956717,3125785.637408212
2026-06-08,2263717.7276275,992084.7450589188,3603216.8076941697,2136006.9381401665,1702126.433359639,2573778.591063471,3018631.020112519
2026-06-09,2261978.7741275,988222.7437972127,3560032.905611145,2181358.252264267,1687580.8141498314,2564948.0536380652,3031255.6428965307
2026-06-10,2223154.7632275,981515.1251949097,3488779.467174154,2139003.721011803,1671108.622859254,2522949.156126987,2937095.623560005
2026-06-11,2235345.2897274997,976230.9593591796,3603456.718261298,2134508.546704348,1672649.8805238693,2567317.2222156124,2874109.801632654
2026-06-12,2268133.3314274997,994930.3623995156,3624328.937601426,2197041.4159591645,1704919.9628767546,2578947.6861417573,2910837.1926949327
2026-06-15,2324055.2857275,999605.2131595996,3733488.245644628,2307822.48944733,1725148.9697248316,2621485.0310568227,3006881.856658632
2026-06-16,2310047.7180275,985851.1813146239,3663674.270610404,2305325.170387633,1725052.6411207933,2607054.6406299397,3016443.2632936533
2026-06-17,2301877.5440275,978534.2476366748,3626967.953839834,2323405.7603798406,1729676.4141146396,2574209.3489866615,3012235.352867798
2026-06-18,2316958.0656274995,963425.6813264943,3719093.611616953,2360366.082463358,1723126.0690400242,2604147.024648404,3001563.1292008674
2026-06-22,2312691.7664274997,957328.021896112,3712855.9368716273,2399224.367032246,1723607.712060216,2595316.487222998,2932349.243240672
2026-06-23,2259943.2370275,939780.2629945234,3590501.5476363897,2304326.2427637544,1702608.0763798314,2558378.995309409,2882929.474904473
2026-06-24,2250283.2673275,943100.5792894027,3575867.0030415873,2285446.510672444,1686906.5139215621,2556871.342578242,2868251.712774965
2026-06-25,2265546.0742275002,930024.1367251666,3604176.449962681,2390433.803942112,1702319.0905677162,2556979.03205904,2805770.483496138
2026-06-26,2235025.4202274997,913018.7068866796,3561232.4584467844,2290141.4705046746,1681415.7834913696,2553748.347635111,2833712.0785315516
2026-06-29,2255223.5134275,927246.149493389,3642322.2301360196,2292039.4329900444,1681608.4406994467,2584439.8496624366,2843407.2111334954
2026-06-30,2270027.44764034,921148.4900630066,3700380.587380976,2310120.022982252,1708869.4356423316,2602208.613994046,2818528.832247073
2026-07-01,2259484.24414034,920403.2706734478,3640642.856166125,2314515.304527319,1710121.7074948316,2594885.7292998075,2785840.8568923254
2026-07-02,2264703.52714034,929550.0818671585,3581864.7672197856,2260972.7838874115,1742102.8040356012,2594885.7292998075,2844114.1757452968
2026-07-03,2286742.44514034,940729.0168068139,3579705.5721156336,2308521.7387840454,1761272.1962392554,2593270.387087843,2920869.3147335243
2026-07-06,2299726.8776403395,951636.7872149184,3626008.3115713215,2303427.2079022634,1765799.6406290631,2612977.56207381,2910501.0947647323
2026-07-07,2275013.65614034,946894.3063460153,3560512.7267454006,2246088.7622916168,1743162.4186800243,2600700.9612628794,2893769.3017832804
2026-07-08,2271798.04564034,975146.945329251,3571548.6128332843,2200437.7698803525,1700681.5042990623,2594562.6608574144,2888922.181235532
2026-07-09,2284896.27114034,968439.326726948,3627687.6855412167,2227708.494012246,1717442.6814017547,2614377.5253241793,2881448.6826974084
2026-07-10,2291801.49364034,973994.657094229,3637044.197659206,2251582.8642229503,1714552.8232806008,2623746.510153573,2876566.793398259
2026-07-13,2270832.9726403398,974875.7807977003,3566990.312057854,2206231.5500988504,1710699.6791190624,2601993.2350324513,2841824.7871915693
2026-07-14,2279525.09814034,980634.6455877128,3607295.2873353446,2220815.8934074813,1712240.936783678,2612762.183112215,2820683.6033274313
2026-07-15,2286067.7531403396,993101.1289800283,3592420.8321734136,2250983.507648623,1705016.2914807932,2619654.309883263,2814624.0340129104
2026-07-16,2275548.66614034,1006109.2973391709,3533882.6537942025,2191547.3140278314,1703186.0480040621,2606300.8142643566,2812368.522704136
2026-07-17,2245715.12364034,988087.4835795745,3482061.971294572,2119524.632346165,1696539.3743254084,2580778.4073153175,2796748.4382610414
2026-07-20,2255198.64914034,1011935.7922380025,3483981.255831595,2118026.2409103466,1696057.7313052157,2576147.759641018,2798296.984958014
2026-07-21,2277802.4326403397,1011054.6685345311,3549716.7512246445,2165275.517519817,1703571.3624202162,2597901.034762141,2842935.604223479
2026-07-22,2275877.22964034,1001502.0766879058,3531483.548122923,2154686.884706701,1712144.6081796396,2594778.0398190096,2881549.422925824
2026-07-23,2261305.24964034,1014103.8202978596,3463828.7681928505,2163077.8767472836,1686135.8850892542,2560963.542848552,2870911.0765038473
2026-07-24,2246880.90864034,1004347.6940285028,3425203.166885256,2099945.6509181396,1705883.2489171391,2563225.0219453024,2832163.531834579
2026-07-27,2258404.62414034,1013765.0256574898,3412487.906827477,2110833.9620184195,1724763.655308678,2562148.127137326,2865086.8648911114
2026-07-28,2245804.28014034,1018236.341994842,3379380.248563824,2025225.8646520008,1728520.470866178,2568178.738061994,2830783.47985593
2026-07-29,2235484.60714034,1037613.3343159177,3308366.720693961,2000052.8885302537,1729387.428302524,2528225.9406860718,2826541.6921851207
2026-07-30,2261657.8751403396,1039713.7322669558,3418965.4921399304,2010741.4141057576,1748653.1491102166,2570224.838197149,2822400.6447427277
2026-07-31,2284687.28914034,1040594.8559704272,3439357.890345803,2130912.4072583844,1756070.4516211783,2588208.981490354,2835933.712595372
2026-08-03,2308149.6686403397,1045811.3916973383,3500295.174396294,2137505.3295759847,1785932.318873102,2626654.1261351095,2829739.5258074817
2026-08-04,2332133.3476403398,1039646.1021581367,3617851.3522889726,2151789.9945974527,1797395.4227536789,2674575.9450900573,2833442.8435848127
2026-08-05,2343155.2931403397,1041881.7603268131,3585943.2468609596,2226010.317051652,1793927.5930082945,2668653.023646187,2899660.3763794783
2026-08-06,2339783.06414034,1026366.7692674436,3572268.3445346686,2208029.619821832,1797973.3943779096,2664022.375971889,2965979.540909006
2026-08-07,2352617.7591403397,1031854.4695259053,3614732.5149163096,2197940.4508206556,1807220.9403656023,2680929.6244571176,2981532.762368639
2026-08-10,2366576.0916403397,1042424.0893899143,3601537.4337242744,2250284.2583119078,1809629.1554665638,2678452.766398772,3026913.1149973064
2026-08-11,2358643.500640339,1030973.9899187083,3590501.5476363897,2235000.6656665616,1813771.2854402177,2670376.055338949,3033477.2769603515
2026-08-12,2362482.3031403404,1022030.7131477294,3616171.9783190773,2252881.4701339933,1808184.2264059866,2676837.424186807,3062328.2085708445
2026-08-13,2369585.27864034,1020675.53458625,3658156.327566462,2277055.5186318615,1804042.0964323329,2694713.877999215,3041523.1226369073
2026-08-14,2363336.3901403397,1009225.435115044,3653118.2056567757,2285646.2961972198,1813674.9568361791,2689652.4724017256,3014086.1202500174
2026-08-17,2371102.6566403396,1022640.67231965,3646640.620344322,2301529.245416893,1812904.3280038715,2675760.529378831,3051487.49018559
2026-08-18,2353277.1736403396,1024063.4809899481,3586423.0679952153,2243091.97941998,1800381.6094788713,2658099.4545280193,3060139.5602455316
2026-08-19,2341090.94364034,1024334.0014252245,3575387.181907331,2173466.724035624,1796721.1225254098,2662299.3442791267,3028259.289731002
2026-08-20,2349349.38214034,1032260.894275094,3547797.466687621,2211625.7592677963,1799996.2950627175,2638176.9005804565,3101614.22313359
2026-08-21,2364961.8196403394,1044659.7475585905,3560032.905611145,2198140.2363454313,1812422.684983679,2650345.811910589,3150933.2512413734
2026-08-24,2356254.28064034,1025486.2896602466,3525965.605078981,2183755.678561576,1809340.1696544485,2643669.064101136,3216949.303579208
2026-08-25,2362747.71514034,1026909.098330545,3548757.108956133,2192146.6706021586,1818684.0442461793,2652607.2910073395,3203416.2357265633
2026-08-26,2372824.9766403395,1031854.4695259053,3549716.7512246445,2258675.25035249,1820321.630514833,2650991.948795375,3205503.252317014
2026-08-27,2372055.5571403396,1028467.1672184813,3600337.8808886344,2200437.7698803525,1824078.446072333,2670591.4343005447,3178604.719823602
2026-08-28,2372042.84214034,1028670.0575449388,3573707.8079374363,2204233.6948510925,1836986.4790134872,2662730.102202317,3187290.667128498
2026-08-31,2351873.1261403398,1027924.8381553799,3577066.555877227,2196442.0593848373,1807798.911989833,2654761.080623292,3081348.498599577
2026-09-01,2333022.93114034,1018711.0409491245,3530044.084720155,2193245.4909884254,1789014.8342023327,2635484.6635605153,3068185.4059220874
2026-09-02,2319549.95364034,1018778.6710579435,3538920.7757038884,2125917.76913899,1777070.0873015632,2648622.780217827,3002673.946232777
2026-09-03,2337546.17014034,1014577.8751558677,3578985.84041425,2135707.2598530026,1786895.6049134864,2675975.9083404266,3066636.859225115
2026-09-04,2354699.23214034,1032125.6340574559,3578985.84041425,2194544.0968994675,1786895.6049134864,2675975.9083404266,3093702.9949304042
