date,159920.SZ_shares,159941.SZ_shares,513000.SH_shares,513030.SH_shares,513500.SH_shares,518880.SH_shares,159920.SZ_value,159941.SZ_value,513000.SH_value,513030.SH_value,513500.SH_value,518880.SH_value,cash,total_value
2019-06-12,107300.0,100000.0,166500.0,160600.0,89700.0,148600.0,166411.3554,166550.0,166500.0,166542.19999999998,166411.44,166505.40840000001,7.22,998927.62387886
2019-06-13,107300.0,100000.0,166500.0,160600.0,89700.0,148600.0,166580.6748,167620.0,166500.0,166863.4,167138.01,166948.6822,7.22,1001657.9870788602
2019-06-14,107300.0,100000.0,166500.0,160600.0,89700.0,148600.0,165305.1997,166810.0,166533.3,165739.2,166895.82,169513.07239999998,7.22,1000803.8121788601
2019-06-17,107300.0,100000.0,166500.0,160600.0,89700.0,148600.0,166005.0103,168010.0,166533.3,164936.19999999998,167039.34,167464.9186,7.22,999995.98897886
2019-06-18,107300.0,100000.0,166500.0,160600.0,89700.0,148600.0,167641.54989999998,170620.0,166533.3,167987.6,168671.88,168710.6324,7.22,1010172.1823788601
2019-06-19,107300.0,100000.0,166500.0,160600.0,89700.0,148600.0,171919.279,171200.0,166533.3,167184.59999999998,169048.62,167936.2778,7.22,1013829.2968788601
2019-06-20,107300.0,100000.0,166500.0,160600.0,89700.0,148600.0,174154.0161,172650.0,166566.6,167987.6,170430.0,171477.1186,7.22,1023272.5547788601
2019-06-21,107300.0,100000.0,166500.0,160600.0,89700.0,148600.0,173081.7672,171560.0,166549.94999999998,167666.4,169389.48,172823.7318,7.22,1021078.54907886
2019-06-24,107300.0,100000.0,166500.0,160600.0,89700.0,148600.0,173296.2599,171460.0,166433.4,168148.19999999998,169174.19999999998,174075.09240000002,7.22,1022594.37237886
2019-06-25,107300.0,100000.0,166500.0,160600.0,89700.0,148600.0,171930.5455,168360.0,166350.15,167987.6,167739.0,177750.5648,7.22,1020125.0803788601
2019-06-26,107300.0,100000.0,166500.0,160600.0,89700.0,148600.0,172438.3964,169560.0,166383.44999999998,167987.6,167828.7,174714.81540000002,7.22,1018920.18187886
2019-06-27,107300.0,100000.0,166500.0,160600.0,89700.0,148600.0,175079.4786,170450.0,166783.05000000002,168630.0,168680.85,174400.5264,7.22,1024031.1250788601
2019-06-28,107300.0,100000.0,166500.0,160600.0,89700.0,148600.0,174402.30829999998,170620.0,166466.7,170236.0,169550.94,174703.5218,7.22,1025986.6901788601
2019-06-30,105200.0,100200.0,171000.0,161300.0,90500.0,145400.0,170989.0292,170931.18,170965.80000000002,170978.0,171054.05,170936.0204,46.64,1025900.7219788601
2019-07-01,105200.0,100200.0,171000.0,161300.0,90500.0,145400.0,171044.3644,172935.18,173582.09999999998,172429.69999999998,172284.85,167218.8694,46.64,1029541.7061788599
2019-07-02,105200.0,100200.0,171000.0,161300.0,90500.0,145400.0,172991.932,173195.69999999998,172744.2,170816.69999999998,172275.8,168393.8468,46.64,1030464.8211788599
2019-07-03,105200.0,100200.0,171000.0,161300.0,90500.0,145400.0,173534.1328,174768.84,173137.5,172268.40000000002,173968.15,172868.67719999998,46.64,1040592.34237886
2019-07-04,105200.0,100200.0,171000.0,161300.0,90500.0,145400.0,173390.32439999998,174909.12,173941.2,172591.0,173968.15,171243.396,46.64,1040089.83277886
2019-07-05,105200.0,100200.0,171000.0,161300.0,90500.0,145400.0,173357.0812,174508.32,173889.9,171784.5,173787.15,171622.30839999998,46.64,1038995.90197886
2019-07-08,105200.0,100200.0,171000.0,161300.0,90500.0,145400.0,170911.602,173636.58000000002,171684.0,170978.0,173407.05,170721.8462,46.64,1031385.7205788601
2019-07-09,105200.0,100200.0,171000.0,161300.0,90500.0,145400.0,169417.6568,174498.30000000002,171119.69999999998,169365.0,173606.15,169321.7896,46.64,1027375.2387788601
2019-07-10,105200.0,100200.0,171000.0,161300.0,90500.0,145400.0,169793.9572,176191.68,170948.7,168235.9,174402.55000000002,169129.57080000002,46.64,1028749.00037886
2019-07-11,105200.0,100200.0,171000.0,161300.0,90500.0,145400.0,170568.5448,175600.5,172094.4,168074.6,174348.25,172044.9862,46.64,1032777.9233788601
2019-07-12,105200.0,100200.0,171000.0,161300.0,90500.0,145400.0,170723.5044,176622.53999999998,172060.2,167913.3,175117.5,171001.88660000003,46.64,1033485.5733788601
2019-07-15,105200.0,100200.0,171000.0,161300.0,90500.0,145400.0,171055.4104,177103.5,172060.2,169042.4,175171.8,171221.4406,46.64,1035701.3933788601
2019-07-16,105200.0,100200.0,171000.0,161300.0,90500.0,145400.0,171564.4732,176281.86000000002,172111.5,169526.3,174665.0,171419.1846,46.64,1035614.9601788601
2019-07-17,105200.0,100200.0,171000.0,161300.0,90500.0,145400.0,171940.6684,175630.56,171256.5,167913.3,173805.25,170535.1526,46.64,1031128.07337886
2019-07-18,105200.0,100200.0,171000.0,161300.0,90500.0,145400.0,171033.3184,175901.1,168007.5,166461.6,174275.85,172061.5618,46.64,1027787.57257886
2019-07-19,105200.0,100200.0,171000.0,161300.0,90500.0,145400.0,172549.3556,174197.69999999998,172008.9,166945.5,172891.2,174180.9122,46.64,1032820.21017886
2019-07-22,105200.0,100200.0,171000.0,161300.0,90500.0,145400.0,170690.2612,176111.52000000002,171222.30000000002,167106.80000000002,173678.55,173082.706,46.64,1031938.77957886
2019-07-23,105200.0,100200.0,171000.0,161300.0,90500.0,145400.0,171210.37,177343.98,172846.8,169687.6,174999.85,171995.6956,46.64,1038130.93797886
2019-07-24,105200.0,100200.0,171000.0,161300.0,90500.0,145400.0,171641.9004,178596.48,173034.9,169365.0,175922.94999999998,172588.6368,46.64,1041196.50957886
2019-07-25,105200.0,100200.0,171000.0,161300.0,90500.0,145400.0,171675.1436,176552.4,173376.9,166784.2,174701.19999999998,172638.0728,46.64,1035774.55877886
2019-07-26,105200.0,100200.0,171000.0,161300.0,90500.0,145400.0,170612.834,178556.4,171803.69999999998,167752.0,176113.0,172182.3892,46.64,1037066.96557886
2019-07-29,105200.0,100200.0,171000.0,161300.0,90500.0,145400.0,168853.364,177985.26,171547.2,167590.69999999998,175886.75,172336.077,46.64,1034245.9933788601
2019-07-30,105200.0,100200.0,171000.0,161300.0,90500.0,145400.0,169118.8888,177263.81999999998,172162.8,164364.69999999998,175533.8,173060.7506,46.64,1031551.40177886
2019-07-31,105200.0,100200.0,171000.0,161300.0,90500.0,145400.0,166772.9288,175099.5,171102.59999999998,165009.9,173579.0,173856.961,46.64,1025467.53217886
2019-08-01,105200.0,100200.0,171000.0,161300.0,90500.0,145400.0,165599.9488,174267.84,171085.5,164848.6,172257.7,171292.832,46.64,1019399.06317886
2019-08-02,105200.0,100200.0,171000.0,161300.0,90500.0,145400.0,162014.6276,172023.36000000002,169495.19999999998,160009.6,171171.7,175328.40899999999,46.64,1010089.5389788599
2019-08-05,105200.0,100200.0,171000.0,161300.0,90500.0,145400.0,157765.3892,166402.14,168469.19999999998,158074.0,166592.4,180379.605,46.64,997729.37657886
2019-08-06,105200.0,100200.0,171000.0,161300.0,90500.0,145400.0,157433.378,169849.02000000002,169956.9,159687.0,169859.45,180978.0714,46.64,1007810.4617788602
2019-08-07,105200.0,100200.0,171000.0,161300.0,90500.0,145400.0,158340.8332,171171.66,169392.6,161138.7,170701.1,184892.821,46.64,1015684.35657886
2019-08-08,105200.0,100200.0,171000.0,161300.0,90500.0,145400.0,159104.37480000002,175059.42,170914.5,164203.4,174058.65,186534.53240000003,46.64,1029921.5195788601
2019-08-09,105200.0,100200.0,171000.0,161300.0,90500.0,145400.0,158196.9196,173636.58000000002,171872.1,161945.2,173126.5,186578.44319999998,46.64,1025402.38517886
2019-08-12,105200.0,100200.0,171000.0,161300.0,90500.0,145400.0,157533.0024,171893.1,171872.1,162267.8,171244.1,185359.55500000002,46.64,1020216.29977886
2019-08-13,105200.0,100200.0,171000.0,161300.0,90500.0,145400.0,154434.54679999998,175941.18,171222.30000000002,163396.9,174049.6,190147.2862,46.64,1029238.45537886
2019-08-14,105200.0,100200.0,171000.0,161300.0,90500.0,145400.0,154478.83599999998,170570.46,171136.8,159687.0,168945.4,185606.5896,46.64,1010471.7279788599
2019-08-15,105200.0,100200.0,171000.0,161300.0,90500.0,145400.0,155895.2488,170279.88,169461.0,157590.1,169280.25,187215.2952,46.64,1009768.41637886
2019-08-16,105200.0,100200.0,171000.0,161300.0,90500.0,145400.0,157400.24,172995.3,169649.1,159203.1,171850.45,187813.7616,46.64,1018958.59397886
2019-08-19,105200.0,100200.0,171000.0,161300.0,90500.0,145400.0,160830.6016,175670.64,170367.3,161138.7,174022.45,187034.12680000003,46.64,1029110.46077886
2019-08-20,105200.0,100200.0,171000.0,161300.0,90500.0,145400.0,160675.7472,174668.64,171239.40000000002,160332.2,172864.05,186397.2748,46.64,1026223.9543788602
2019-08-21,105200.0,100200.0,171000.0,161300.0,90500.0,145400.0,160896.9828,176151.6,171153.9,162590.4,174257.75,186067.7984,46.64,1031165.07357886
2019-08-22,105200.0,100200.0,171000.0,161300.0,90500.0,145400.0,159668.6676,175630.56,170794.80000000002,161783.9,174293.94999999998,186770.66199999998,46.64,1028989.18197886
2019-08-23,105200.0,100200.0,171000.0,161300.0,90500.0,145400.0,160731.0824,170420.16,172145.69999999998,160332.2,169995.2,186320.35820000002,46.64,1019991.34297886
2019-08-26,105200.0,100200.0,171000.0,161300.0,90500.0,145400.0,157588.3376,172724.76,170897.4,161461.3,171850.45,192876.008,46.64,1027444.89797886
2019-08-27,105200.0,100200.0,171000.0,161300.0,90500.0,145400.0,157953.4868,172995.3,171820.8,162913.0,171814.25,193221.91460000002,46.64,1030765.39377886
2019-08-28,105200.0,100200.0,171000.0,161300.0,90500.0,145400.0,157533.0024,173566.44,172761.3,162590.4,173017.9,194018.125,46.64,1033533.8097788601
2019-08-29,105200.0,100200.0,171000.0,161300.0,90500.0,145400.0,158307.59,176201.69999999998,172282.5,164526.0,175271.35,194940.5426,46.64,1041576.32497886
2019-08-30,105200.0,100200.0,171000.0,161300.0,90500.0,145400.0,158373.9712,175961.22,173718.9,165332.5,175389.0,192332.5028,46.64,1041154.7363788601
2019-09-02,105200.0,100200.0,171000.0,161300.0,90500.0,145400.0,157876.0596,175911.12,173411.1,164526.0,175389.0,191722.98599999998,46.64,1038882.9079788601
2019-09-03,105200.0,100200.0,171000.0,161300.0,90500.0,145400.0,157278.5236,174037.38,173530.8,163719.49999999997,174185.35,192919.91879999998,46.64,1035718.1147788599
2019-09-04,105200.0,100200.0,171000.0,161300.0,90500.0,145400.0,163408.9484,176462.22,174197.69999999998,165171.2,176067.75,193847.8616,46.64,1049202.32237886
2019-09-05,105200.0,100200.0,171000.0,161300.0,90500.0,145400.0,163353.6132,179678.63999999998,176489.1,167106.80000000002,178294.05,194451.8532,46.64,1059420.6987788603
2019-09-06,105200.0,100200.0,171000.0,161300.0,90500.0,145400.0,164471.258,179398.08,176506.2,168235.9,178484.1,189411.56220000001,46.64,1056553.7425788601
2019-09-09,105200.0,100200.0,171000.0,161300.0,90500.0,145400.0,164415.9228,178947.18,177258.6,168235.9,178447.9,189104.0412,46.64,1056456.1863788601
2019-09-10,105200.0,100200.0,171000.0,161300.0,90500.0,145400.0,164449.166,178586.46,177395.40000000002,169203.69999999998,178484.1,186474.04599999997,46.64,1054639.5143788601
2019-09-11,105200.0,100200.0,171000.0,161300.0,90500.0,145400.0,167326.2808,180279.84,178318.8,170332.80000000002,179769.19999999998,186863.8634,46.64,1062937.42657886
2019-09-12,105200.0,100200.0,171000.0,161300.0,90500.0,145400.0,167138.1832,180901.08,179532.90000000002,170655.4,180321.25,187231.87079999998,46.64,1065827.3263788603
2019-09-16,105200.0,100200.0,171000.0,161300.0,90500.0,145400.0,167138.1832,178917.12,179532.90000000002,170494.09999999998,179180.95,187023.2218,46.64,1062333.11737886
2019-09-17,105200.0,100200.0,171000.0,161300.0,90500.0,145400.0,165478.23239999998,179838.96,180319.5,169365.0,179823.5,186627.8792,46.64,1061499.71397886
2019-09-18,105200.0,100200.0,171000.0,161300.0,90500.0,145400.0,165079.94520000002,179859.0,180148.50000000003,170655.4,179868.75,187253.82619999998,46.64,1062912.0637788603
2019-09-19,105200.0,100200.0,171000.0,161300.0,90500.0,145400.0,163276.186,180099.48,180678.6,171139.3,179886.85,186540.0576,46.64,1061667.11597886
2019-09-20,105200.0,100200.0,171000.0,161300.0,90500.0,145400.0,163032.7532,178325.94,181225.80000000002,171461.9,178990.9,187407.514,46.64,1060491.4495788603
2019-09-23,105200.0,100200.0,171000.0,161300.0,90500.0,145400.0,161538.808,178155.6,181225.80000000002,169203.69999999998,178999.95,189334.64560000002,46.64,1058505.14597886
2019-09-24,105200.0,100200.0,171000.0,161300.0,90500.0,145400.0,161970.4436,175690.68,182696.4,168558.5,177470.5,189971.4976,46.64,1056404.66357886
2019-09-25,105200.0,100200.0,171000.0,161300.0,90500.0,145400.0,159779.338,177794.88,182268.90000000002,167590.69999999998,178538.40000000002,191190.3858,46.64,1057209.24617886
2019-09-26,105200.0,100200.0,171000.0,161300.0,90500.0,145400.0,160376.87399999998,176983.26,182115.0,167913.3,178122.1,188511.1,46.64,1054068.27637886
2019-09-27,105200.0,100200.0,171000.0,161300.0,90500.0,145400.0,159790.384,174969.24,181721.69999999998,168558.5,177199.0,187440.3744,46.64,1049725.84077886
2019-09-30,109000.0,62000.0,283600.0,130000.0,66200.0,163300.0,166387.846,109169.59999999999,298971.12,136370.0,130261.74,210010.33200000002,114.31,1051284.94685706
2019-10-08,109000.0,62000.0,283600.0,130000.0,66200.0,163300.0,165069.273,107080.20000000001,298857.68,131820.0,126614.12000000001,209702.0216,114.31,1039257.60345706
2019-10-09,109000.0,62000.0,283600.0,130000.0,66200.0,163300.0,163670.476,108270.59999999999,297553.12,133120.0,127805.72,212390.5928,114.31,1042924.81765706
2019-10-10,109000.0,62000.0,283600.0,130000.0,66200.0,163300.0,164071.814,108965.0,298318.84,134160.0,128639.84,211175.8041,114.31,1045445.60695706
2019-10-11,109000.0,62000.0,283600.0,130000.0,66200.0,163300.0,167935.646,110403.4,299226.36,138060.0,130036.65999999999,210047.40110000002,114.31,1055823.77595706
2019-10-14,109000.0,62000.0,283600.0,130000.0,66200.0,163300.0,169150.996,110316.6,297354.6,137800.0,129838.06,207167.6056,114.31,1051742.17045706
2019-10-15,109000.0,62000.0,283600.0,130000.0,66200.0,163300.0,168967.549,111717.8,302998.24,139230.0,131095.86,207932.17620000002,114.31,1062055.93405706
2019-10-16,109000.0,62000.0,283600.0,130000.0,66200.0,163300.0,170045.34100000001,111451.20000000001,305692.44,139880.0,130903.88,207346.4191,114.31,1065433.5889570601
2019-10-17,109000.0,62000.0,283600.0,130000.0,66200.0,163300.0,171375.359,111810.79999999999,306032.76,140270.0,131347.42,208154.2642,114.31,1069104.91205706
2019-10-18,109000.0,62000.0,283600.0,130000.0,66200.0,163300.0,170320.566,110614.2,306401.44,140530.0,130652.32,207482.1214,114.31,1066114.9562570602
2019-10-21,109000.0,62000.0,283600.0,130000.0,66200.0,163300.0,170354.90099999998,111550.4,307620.92,142090.0,131526.16,207716.4569,114.31,1070973.14675706
2019-10-22,109000.0,62000.0,283600.0,130000.0,66200.0,163300.0,170653.016,110645.2,306968.64,142090.0,131029.66,207334.1716,114.31,1068834.99645706
2019-10-23,109000.0,62000.0,283600.0,130000.0,66200.0,163300.0,169391.777,111017.2,309067.28,142480.0,131565.88,207599.2075,114.31,1071235.65335706
2019-10-24,109000.0,62000.0,283600.0,130000.0,66200.0,163300.0,170882.352,111934.79999999999,310088.24,143260.0,131757.86,207210.7168,114.31,1075248.27765706
2019-10-25,109000.0,62000.0,283600.0,130000.0,66200.0,163300.0,170160.00900000002,112889.59999999999,310598.72,143130.0,132333.80000000002,209529.41350000002,114.31,1078755.85135706
2019-10-28,109000.0,62000.0,283600.0,130000.0,66200.0,163300.0,171593.25,114018.0,311421.16000000003,143390.0,133081.86,209430.617,114.31,1083049.1958570601
2019-10-29,109000.0,62000.0,283600.0,130000.0,66200.0,163300.0,170504.013,112858.6,311534.60000000003,143260.0,132697.90000000002,207611.61829999997,114.31,1078581.0401570601
2019-10-30,109000.0,62000.0,283600.0,130000.0,66200.0,163300.0,169678.44700000001,113267.8,310144.95999999996,143130.0,133081.86,207081.2199,114.31,1076498.59575706
2019-10-31,109000.0,62000.0,283600.0,130000.0,66200.0,163300.0,171191.91199999998,113212.0,310995.76,143000.0,132578.74,207383.4882,114.31,1078476.20905706
2019-11-01,109000.0,62000.0,283600.0,130000.0,66200.0,163300.0,172189.371,114154.4,311392.80000000005,143650.0,133671.04,209190.2394,114.31,1084362.1592570601
2019-11-04,109000.0,62000.0,283600.0,130000.0,66200.0,163300.0,174815.072,114774.4,310797.24000000005,145730.0,134055.0,208727.7738,114.31,1089013.7946570602
2019-11-05,109000.0,62000.0,283600.0,130000.0,66200.0,163300.0,175651.974,114774.4,315505.0,145470.0,133896.12000000002,207784.22639999999,114.31,1093196.02925706
2019-11-06,109000.0,62000.0,283600.0,130000.0,66200.0,163300.0,175124.632,114073.8,313179.48000000004,144560.0,133432.72,204781.13940000001,114.31,1085266.08025706
2019-11-07,109000.0,62000.0,283600.0,130000.0,66200.0,163300.0,176087.647,114328.0,313519.8,145470.0,133710.76,204694.917,114.31,1087925.4328570599
2019-11-08,109000.0,62000.0,283600.0,130000.0,66200.0,163300.0,174711.84900000002,114768.2,313009.31999999995,144430.0,133942.46,201938.413,114.31,1082914.55085706
2019-11-11,109000.0,62000.0,283600.0,130000.0,66200.0,163300.0,170056.786,114514.0,312725.72000000003,143650.0,133651.18,201642.5134,114.31,1076354.50825706
2019-11-12,109000.0,62000.0,283600.0,130000.0,66200.0,163300.0,170974.021,114923.2,316043.84,144820.0,133968.94,199749.3765,114.31,1080593.68635706
2019-11-13,109000.0,62000.0,283600.0,130000.0,66200.0,163300.0,167924.201,114941.8,313860.12,144040.0,134141.06,201617.85510000002,114.31,1076639.3449570602
2019-11-14,109000.0,62000.0,283600.0,130000.0,66200.0,163300.0,166502.514,114948.0,312016.72000000003,143520.0,134386.0,202277.5871,114.31,1073765.1299570599
2019-11-15,109000.0,62000.0,283600.0,130000.0,66200.0,163300.0,166491.06900000002,115766.4,315221.39999999997,144430.0,135451.82,201747.352,114.31,1079222.34985706
2019-11-18,109000.0,62000.0,283600.0,130000.0,66200.0,163300.0,168669.543,115816.0,315419.92000000004,144300.0,135418.72,201556.1277,114.31,1081294.61955706
2019-11-19,109000.0,62000.0,283600.0,130000.0,66200.0,163300.0,171260.691,115890.4,314200.44,144820.0,135326.04,202567.4446,114.31,1084179.32445706
2019-11-20,109000.0,62000.0,283600.0,130000.0,66200.0,163300.0,170137.119,115301.4,312980.95999999996,144300.0,135008.28,203258.0403,114.31,1081100.10815706
2019-11-21,109000.0,62000.0,283600.0,130000.0,66200.0,163300.0,167775.198,115245.6,311903.28,144300.0,134988.41999999998,203153.2017,114.31,1077480.00855706
2019-11-22,109000.0,62000.0,283600.0,130000.0,66200.0,163300.0,168875.88,115481.2,312952.6,144560.0,135445.19999999998,203393.7426,114.31,1080822.93145706
2019-11-25,109000.0,62000.0,283600.0,130000.0,66200.0,163300.0,171524.362,116987.8,315419.92000000004,145080.0,136630.18,201568.5385,114.31,1087325.1093570602
2019-11-26,109000.0,62000.0,283600.0,130000.0,66200.0,163300.0,170939.68600000002,117062.2,315448.28,144690.0,136835.40000000002,201549.9223,114.31,1086639.7971570601
2019-11-27,109000.0,62000.0,283600.0,130000.0,66200.0,163300.0,171157.468,117868.2,316469.24,145340.0,137411.34,201919.9601,114.31,1090280.51695706
2019-11-28,109000.0,62000.0,283600.0,130000.0,66200.0,163300.0,170549.793,117725.6,314313.88,144560.0,137411.34,201377.3142,114.31,1086052.23605706
2019-11-29,109000.0,62000.0,283600.0,130000.0,66200.0,163300.0,167156.078,117192.40000000001,312839.16,144560.0,136782.43999999997,202024.79869999998,114.31,1080669.18555706
2019-12-02,109000.0,62000.0,283600.0,130000.0,66200.0,163300.0,167752.199,115785.0,315590.08,141700.0,135524.64,201802.874,114.31,1078269.10185706
2019-12-03,109000.0,62000.0,283600.0,130000.0,66200.0,163300.0,167247.747,115022.4,314597.48,142610.0,134544.88,202814.0276,114.31,1076950.84345706
2019-12-04,109000.0,62000.0,283600.0,130000.0,66200.0,163300.0,165527.945,115785.0,312697.36,144430.0,135676.9,206587.8906,114.31,1080819.40445706
2019-12-05,109000.0,62000.0,283600.0,130000.0,66200.0,163300.0,166823.519,116169.4,315533.36,143910.0,136173.4,204947.7054,114.31,1083671.6932570601
2019-12-06,109000.0,62000.0,283600.0,130000.0,66200.0,163300.0,168291.095,117111.8,316157.28,145210.0,137146.53999999998,203800.6862,114.31,1087831.7100570602
2019-12-09,109000.0,62000.0,283600.0,130000.0,66200.0,163300.0,168268.205,116603.40000000001,317433.48,143910.0,136749.34,202400.8786,114.31,1085479.61245706
2019-12-10,109000.0,62000.0,283600.0,130000.0,66200.0,163300.0,167901.311,116516.59999999999,317660.36000000004,143650.0,136603.69999999998,203048.3631,114.31,1085494.64295706
2019-12-11,109000.0,62000.0,283600.0,130000.0,66200.0,163300.0,169254.219,117130.4,316214.0,144820.0,136967.8,202622.96659999999,114.31,1087123.69445706
2019-12-12,109000.0,62000.0,283600.0,130000.0,66200.0,163300.0,171512.917,117762.8,317036.43999999994,145860.0,137887.98,203831.54989999998,114.31,1094005.99575706
2019-12-13,109000.0,62000.0,283600.0,130000.0,66200.0,163300.0,175743.752,117905.4,321942.72,147030.0,137742.34000000003,202024.79869999998,114.31,1102503.31955706
2019-12-16,109000.0,62000.0,283600.0,130000.0,66200.0,163300.0,174276.176,118624.6,320439.63999999996,147030.0,138245.46,203498.58120000002,114.31,1102228.76605706
2019-12-17,109000.0,62000.0,283600.0,130000.0,66200.0,163300.0,176592.208,118767.2,321375.52,145990.0,138377.86000000002,203233.38199999998,114.31,1104450.47885706
2019-12-18,109000.0,62000.0,283600.0,130000.0,66200.0,163300.0,176970.547,118823.0,319617.2,145470.0,138338.14,203560.30860000002,114.31,1102893.50445706
2019-12-19,109000.0,62000.0,283600.0,130000.0,66200.0,163300.0,176500.43,119697.20000000001,318823.12000000005,144950.0,139053.09999999998,203122.5013,114.31,1102260.66015706
2019-12-20,109000.0,62000.0,283600.0,130000.0,66200.0,163300.0,176775.655,120143.59999999999,318879.84,146250.0,139715.1,203930.1831,114.31,1105808.68695706
2019-12-23,109000.0,62000.0,283600.0,130000.0,66200.0,163300.0,177142.549,120583.8,318766.4,145600.0,140013.0,204657.8479,114.31,1106877.90575706
2019-12-24,109000.0,62000.0,283600.0,130000.0,66200.0,163300.0,177176.884,120590.0,319390.32,145860.0,139993.14,205200.4938,114.31,1108325.14665706
2019-12-25,109000.0,62000.0,283600.0,130000.0,66200.0,163300.0,176993.437,120490.8,318482.8,145600.0,139993.14,206168.69950000002,114.31,1107843.18535706
2019-12-26,109000.0,62000.0,283600.0,130000.0,66200.0,163300.0,176316.983,121222.40000000001,318652.95999999996,145210.0,140085.81999999998,206908.61179999998,114.31,1108511.08365706
2019-12-27,109000.0,62000.0,283600.0,130000.0,66200.0,163300.0,178816.462,121216.2,318454.44,145730.0,140224.84,207315.5554,114.31,1111871.80625706
2019-12-30,109000.0,62000.0,283600.0,130000.0,66200.0,163300.0,179194.91,120261.4,316157.28,145860.0,139284.80000000002,207284.6917,114.31,1108157.3905570603
2019-12-31,100000.0,63500.0,265200.0,121200.0,69000.0,191800.0,163589.0,123412.25,296997.48,136107.6,145507.2,243772.62139999997,177.21,1109563.3610899101
2020-01-02,100000.0,63500.0,265200.0,121200.0,69000.0,191800.0,165187.90000000002,125202.95,296864.88,137319.6,146431.8,244489.76160000003,177.21,1115674.10128991
2020-01-03,100000.0,63500.0,265200.0,121200.0,69000.0,191800.0,164840.69999999998,124148.85,297421.8,135259.2,145548.6,248328.25499999998,177.21,1115724.61468991
2020-01-06,100000.0,63500.0,265200.0,121200.0,69000.0,191800.0,163746.8,124910.85,293337.72000000003,134289.6,146114.4,253521.24000000002,177.21,1116097.8196899102
2020-01-07,100000.0,63500.0,265200.0,121200.0,69000.0,191800.0,164430.5,124853.7,296705.76,135501.6,145665.9,251232.4906,177.21,1118567.16028991
2020-01-08,100000.0,63500.0,265200.0,121200.0,69000.0,191800.0,162505.6,125355.34999999999,291985.2,135501.6,145907.4,255005.96380000003,177.21,1116438.32348991
2020-01-09,100000.0,63500.0,265200.0,121200.0,69000.0,191800.0,165324.6,126511.05,295936.68,136834.8,146970.0,247292.535,177.21,1119046.87468991
2020-01-10,100000.0,63500.0,265200.0,121200.0,69000.0,191800.0,165661.2,125945.90000000001,295698.0,136350.0,146266.2,247951.7516,177.21,1118050.2612899102
2020-01-13,100000.0,63500.0,265200.0,121200.0,69000.0,191800.0,167239.0,127076.2,295167.6,135986.40000000002,147094.2,247183.9762,177.21,1119924.58588991
2020-01-14,100000.0,63500.0,265200.0,121200.0,69000.0,191800.0,165903.1,126123.7,294478.08,135744.0,146245.5,245185.03660000002,177.21,1113856.6262899102
2020-01-15,100000.0,63500.0,265200.0,121200.0,69000.0,191800.0,164967.0,125863.34999999999,293072.52,135138.0,146280.0,246640.7986,177.21,1112138.87828991
2020-01-16,100000.0,63500.0,265200.0,121200.0,69000.0,191800.0,165682.2,126911.09999999999,293576.4,135380.4,147404.69999999998,246981.2436,177.21,1116113.25328991
2020-01-17,100000.0,63500.0,265200.0,121200.0,69000.0,191800.0,166786.7,127634.99999999999,294027.24,136228.80000000002,148129.19999999998,246481.4128,177.21,1119465.56248991
2020-01-20,100000.0,63500.0,265200.0,121200.0,69000.0,191800.0,164819.69999999998,127241.3,293947.68,135501.6,148129.19999999998,246792.896,177.21,1116609.58568991
2020-01-21,100000.0,63500.0,265200.0,121200.0,69000.0,191800.0,160002.1,127133.35,290526.6,135501.6,147128.69999999998,248936.64460000003,177.21,1109406.2042899102
2020-01-22,100000.0,63500.0,265200.0,121200.0,69000.0,191800.0,162652.8,127704.84999999999,294584.16,135380.4,147701.4,247249.1882,177.21,1115450.0078899101
2020-01-23,100000.0,63500.0,265200.0,121200.0,69000.0,191800.0,160096.7,128181.1,291852.60000000003,134289.6,147929.1,248668.7,177.21,1111195.00968991
2020-02-03,100000.0,63500.0,265200.0,121200.0,69000.0,191800.0,152218.1,127501.65,286972.92000000004,131502.0,145314.0,254527.99819999997,177.21,1098213.87788991
2020-02-04,100000.0,63500.0,265200.0,121200.0,69000.0,191800.0,155289.6,131356.1,290049.24,134532.0,148605.30000000002,253050.56279999999,177.21,1113060.01248991
2020-02-05,100000.0,63500.0,265200.0,121200.0,69000.0,191800.0,155920.8,131895.85,291110.04,136350.0,150364.8,251355.6262,177.21,1117174.32588991
2020-02-06,100000.0,63500.0,265200.0,121200.0,69000.0,191800.0,160433.3,133299.2,297687.0,136956.0,151234.2,249704.42,177.21,1129491.32968991
2020-02-07,100000.0,63500.0,265200.0,121200.0,69000.0,191800.0,159423.5,132346.7,295618.44,135744.0,149964.6,251428.1266,177.21,1124702.5762899101
2020-02-10,100000.0,63500.0,265200.0,121200.0,69000.0,191800.0,158634.6,134112.0,295644.96,135380.4,151296.3,252268.2106,177.21,1127513.6802899102
2020-02-11,100000.0,63500.0,265200.0,121200.0,69000.0,191800.0,160780.5,134112.0,295220.64,136228.80000000002,151620.6,251855.457,177.21,1129995.20668991
2020-02-12,100000.0,63500.0,265200.0,121200.0,69000.0,191800.0,161758.7,135128.0,296493.60000000003,137198.4,152220.90000000002,250761.81339999998,177.21,1133738.62308991
2020-02-13,100000.0,63500.0,265200.0,121200.0,69000.0,191800.0,161253.8,134981.95,295353.24,136713.59999999998,152158.80000000002,252586.9822,177.21,1133225.5818899102
2020-02-14,100000.0,63500.0,265200.0,121200.0,69000.0,191800.0,161948.1,135451.85,294690.24,136350.0,152579.7,252833.25340000002,177.21,1134030.35308991
2020-02-17,100000.0,63500.0,265200.0,121200.0,69000.0,191800.0,162610.69999999998,135356.6,292542.12,136592.4,152579.7,253890.6468,177.21,1133749.37648991
2020-02-18,100000.0,63500.0,265200.0,121200.0,69000.0,191800.0,160191.4,135502.65,288511.08,135622.8,152076.0,255266.81179999997,177.21,1127347.95148991
2020-02-19,100000.0,63500.0,265200.0,121200.0,69000.0,191800.0,161306.4,137090.15,291454.8,136592.4,153214.5,258033.33500000002,177.21,1137868.79468991
2020-02-20,100000.0,63500.0,265200.0,121200.0,69000.0,191800.0,160938.3,135826.5,289147.56,135501.6,152648.69999999998,258873.61080000002,177.21,1133113.48048991
2020-02-21,100000.0,63500.0,265200.0,121200.0,69000.0,191800.0,159423.5,133623.05,286442.52,134774.40000000002,151448.1,264204.1164,177.21,1130092.89608991
2020-02-24,100000.0,63500.0,265200.0,121200.0,69000.0,191800.0,156404.6,128511.3,287874.6,130047.59999999999,146445.59999999998,269281.2542,177.21,1118742.16388991
2020-02-25,100000.0,63500.0,265200.0,121200.0,69000.0,191800.0,156825.4,125101.34999999999,280395.95999999996,127744.8,141995.1,264015.7688,177.21,1096255.5884899101
2020-02-26,100000.0,63500.0,265200.0,121200.0,69000.0,191800.0,155457.9,125437.90000000001,279016.92,127744.8,141222.3,265594.66640000005,177.21,1094651.69608991
2020-02-27,100000.0,63500.0,265200.0,121200.0,69000.0,191800.0,156457.2,119487.95,273421.19999999995,123987.59999999999,135150.30000000002,265261.5098,177.21,1073942.9694899102
2020-02-28,100000.0,63500.0,265200.0,121200.0,69000.0,191800.0,152375.9,119907.05,263370.12,120230.4,133825.5,261017.35940000002,177.21,1050903.5390899102
2020-03-02,100000.0,63500.0,265200.0,121200.0,69000.0,191800.0,152796.7,125272.8,270928.32,120109.2,139352.4,256476.3026,177.21,1065112.93228991
2020-03-03,100000.0,63500.0,265200.0,121200.0,69000.0,191800.0,152397.0,120777.0,265173.48,121805.99999999999,134970.9,256179.2044,177.21,1051480.79408991
2020-03-04,100000.0,63500.0,265200.0,121200.0,69000.0,191800.0,152176.1,125710.95,268408.92,123502.79999999999,140642.7,260727.7414,177.21,1071346.42108991
2020-03-05,100000.0,63500.0,265200.0,121200.0,69000.0,191800.0,155037.2,121621.55,269071.92,121078.8,135702.3,261785.1348,177.21,1064474.1144899102
2020-03-06,100000.0,63500.0,265200.0,121200.0,69000.0,191800.0,151271.4,119449.85,263874.0,117806.4,133273.5,266014.7084,177.21,1051867.06808991
2020-03-09,100000.0,63500.0,265200.0,121200.0,69000.0,191800.0,144718.19999999998,111245.65,255069.36,110049.6,123096.0,266760.8104,177.21,1011116.83008991
2020-03-10,100000.0,63500.0,265200.0,121200.0,69000.0,191800.0,147021.8,117360.7,262123.68,109080.0,129319.8,262154.5416,177.21,1027237.73128991
2020-03-11,100000.0,63500.0,265200.0,121200.0,69000.0,191800.0,146569.5,112623.6,251011.8,107989.2,123447.9,264276.6168,177.21,1006095.82648991
2020-03-12,100000.0,63500.0,265200.0,121200.0,69000.0,191800.0,141162.80000000002,102171.5,241597.2,94899.6,111773.09999999999,261763.4614,177.21,953544.87108991
2020-03-13,100000.0,63500.0,265200.0,121200.0,69000.0,191800.0,140205.6,113226.84999999999,228125.03999999998,95263.2,122847.6,254267.15019999997,177.21,954112.6498899099
2020-03-16,100000.0,63500.0,265200.0,121200.0,69000.0,191800.0,134767.4,99129.84999999999,217888.32,90172.8,108185.1,246387.239,177.21,896707.9186899101
2020-03-17,100000.0,63500.0,265200.0,121200.0,69000.0,191800.0,135924.5,105429.05,218577.84000000003,92112.0,114636.6,236414.2144,177.21,903271.41408991
2020-03-18,100000.0,63500.0,265200.0,121200.0,69000.0,191800.0,130801.79999999999,102006.40000000001,213671.63999999998,85809.59999999999,109171.8,241636.16119999997,177.21,883274.61088991
2020-03-19,100000.0,63500.0,265200.0,121200.0,69000.0,191800.0,127709.19999999998,103695.5,210807.48,87142.8,109923.9,240006.4366,177.21,879462.5262899101
2020-03-20,100000.0,63500.0,265200.0,121200.0,69000.0,191800.0,135272.3,100183.95000000001,207147.72,88597.2,105990.9,242773.1516,177.21,880142.43128991
2020-03-23,100000.0,63500.0,265200.0,121200.0,69000.0,191800.0,128235.2,100215.7,210754.44,86779.2,102734.09999999999,242193.72379999998,177.21,871089.57348991
2020-03-24,100000.0,63500.0,265200.0,121200.0,69000.0,191800.0,134252.0,107848.4,226083.0,96838.8,112449.29999999999,254716.34579999998,177.21,932365.0554899101
2020-03-25,100000.0,63500.0,265200.0,121200.0,69000.0,191800.0,138922.30000000002,106387.9,242048.03999999998,98535.59999999999,113353.2,259228.44079999998,177.21,958652.69048991
2020-03-26,100000.0,63500.0,265200.0,121200.0,69000.0,191800.0,137618.0,112001.3,231917.40000000002,100596.0,120315.3,258511.4924,177.21,961136.70208991
2020-03-27,100000.0,63500.0,265200.0,121200.0,69000.0,191800.0,138038.7,107562.65,240324.24,97929.6,115844.1,260981.1092,177.21,960857.6088899099
2020-03-30,100000.0,63500.0,265200.0,121200.0,69000.0,191800.0,136166.4,111467.90000000001,244832.64,100474.79999999999,119770.2,259902.04239999998,177.21,972791.1920899099
2020-03-31,127600.0,58400.0,184500.0,127400.0,55500.0,237700.0,178056.7404,102246.72,169094.25,106506.4,95349.0,322359.9451,67.54,973680.59820828
2020-04-01,127600.0,58400.0,184500.0,127400.0,55500.0,237700.0,173560.37159999998,97913.44,162729.0,102429.6,91025.54999999999,318473.3124,67.54,946198.81670828
2020-04-02,127600.0,58400.0,184500.0,127400.0,55500.0,237700.0,175667.6856,100191.04,161308.35,102174.8,93434.25,318976.0479,67.54,951819.7162082801
2020-04-03,127600.0,58400.0,184500.0,127400.0,55500.0,237700.0,175587.16999999998,98958.79999999999,160496.55,100900.8,92185.5,320771.1583,67.54,948967.52100828
2020-04-07,127600.0,58400.0,184500.0,127400.0,55500.0,237700.0,182942.4168,105347.76000000001,168725.25,108672.2,98235.0,328346.895,67.54,992337.06450828
2020-04-08,127600.0,58400.0,184500.0,127400.0,55500.0,237700.0,179506.404,106965.43999999999,171529.65,108799.59999999999,100948.95,327503.06,67.54,995320.6467082798
2020-04-09,127600.0,58400.0,184500.0,127400.0,55500.0,237700.0,182177.3272,107152.31999999999,171086.85,110838.0,102508.5,327655.66339999996,67.54,1001486.20330828
2020-04-10,127600.0,58400.0,184500.0,127400.0,55500.0,237700.0,181707.6316,106883.68000000001,172544.4,111220.2,102508.5,329289.3755,67.54,1004221.3298082801
2020-04-13,127600.0,58400.0,184500.0,127400.0,55500.0,237700.0,181559.87079999998,107987.44,168854.4,111220.2,101148.75,329100.87940000003,67.54,999939.08290828
2020-04-14,127600.0,58400.0,184500.0,127400.0,55500.0,237700.0,182861.9012,112530.96,175625.55,112494.2,104401.05,333570.8279,67.54,1021552.0318082799
2020-04-15,127600.0,58400.0,184500.0,127400.0,55500.0,237700.0,180674.0716,111316.23999999999,175736.25,108799.59999999999,102086.7,330967.77520000003,67.54,1009648.17950828
2020-04-16,127600.0,58400.0,184500.0,127400.0,55500.0,237700.0,180418.9992,113792.4,173596.05,108672.2,103119.0,334692.7719,67.54,1014358.96380828
2020-04-17,127600.0,58400.0,184500.0,127400.0,55500.0,237700.0,183251.0812,114674.24,178042.5,111729.8,105910.65000000001,327323.59650000004,67.54,1020999.4104082801
2020-04-20,127600.0,58400.0,184500.0,127400.0,55500.0,237700.0,182700.87,113266.8,176584.94999999998,112112.0,103884.9,327601.94320000004,67.54,1016219.0059082801
2020-04-21,127600.0,58400.0,184500.0,127400.0,55500.0,237700.0,178888.94759999998,109453.28,173356.2,107907.8,100865.7,331416.5528,67.54,1001956.02310828
2020-04-22,127600.0,58400.0,184500.0,127400.0,55500.0,237700.0,180016.4212,112852.15999999999,172212.3,109691.4,103379.85,330420.35209999996,67.54,1008640.02600828
2020-04-23,127600.0,58400.0,184500.0,127400.0,55500.0,237700.0,180606.954,112525.12000000001,174518.55,110328.4,103285.5,335132.5169,67.54,1016464.5836082799
2020-04-24,127600.0,58400.0,184500.0,127400.0,55500.0,237700.0,179278.1276,114212.88,173337.75,107907.8,104617.5,337188.1465,67.54,1016609.74680828
2020-04-27,127600.0,58400.0,184500.0,127400.0,55500.0,237700.0,182419.0016,114697.59999999999,177839.55,111475.0,105988.34999999999,336541.84020000004,67.54,1029028.8845082801
2020-04-28,127600.0,58400.0,184500.0,127400.0,55500.0,237700.0,184673.8212,112735.36,178134.75,113003.8,105472.20000000001,333525.9026,67.54,1027613.3765082799
2020-04-29,127600.0,58400.0,184500.0,127400.0,55500.0,237700.0,185089.9248,116496.31999999999,179020.35,116188.8,108258.29999999999,334459.3505,67.54,1039580.5880082799
2020-04-30,127600.0,58400.0,184500.0,127400.0,55500.0,237700.0,184767.86239999998,116519.68000000001,182839.5,113768.2,107037.3,336954.7251,67.54,1041954.8102082801
2020-05-06,127600.0,58400.0,184500.0,127400.0,55500.0,237700.0,181237.80839999998,116467.12,178429.94999999998,110965.4,104856.15,336362.37669999996,67.54,1028386.34780828
2020-05-07,127600.0,58400.0,184500.0,127400.0,55500.0,237700.0,180633.75,118289.20000000001,179739.9,112239.4,106487.85,335967.3193,67.54,1033424.96200828
2020-05-08,127600.0,58400.0,184500.0,127400.0,55500.0,237700.0,182311.5624,119585.68,183780.45,114023.0,108086.25,339180.7856,67.54,1047035.2707082801
2020-05-11,127600.0,58400.0,184500.0,127400.0,55500.0,237700.0,185036.2052,120490.88,184721.40000000002,113131.2,108052.95,337197.1791,67.54,1048697.35700828
2020-05-12,127600.0,58400.0,184500.0,127400.0,55500.0,237700.0,182741.06399999998,118388.48000000001,183909.6,113003.8,106049.40000000001,336945.6925,67.54,1041105.5792082801
2020-05-13,127600.0,58400.0,184500.0,127400.0,55500.0,237700.0,182150.5312,116922.64,183485.25,110583.2,104162.4,337044.5757,67.54,1034416.13960828
2020-05-14,127600.0,58400.0,184500.0,127400.0,55500.0,237700.0,179640.6392,118184.07999999999,180662.4,108290.0,105488.85,339153.6878,67.54,1031487.1997082799
2020-05-15,127600.0,58400.0,184500.0,127400.0,55500.0,237700.0,179398.9648,118849.84,181326.6,109436.59999999999,105844.05,343857.0577,67.54,1038780.6552082801
2020-05-18,127600.0,58400.0,184500.0,127400.0,55500.0,237700.0,180808.3068,121250.08,182747.25,115679.2,109351.65,352150.8861,67.54,1062054.9156082799
2020-05-19,127600.0,58400.0,184500.0,127400.0,55500.0,237700.0,184096.6864,120631.04,184795.2,116571.0,108036.3,347007.7712,67.54,1061205.5403082801
2020-05-20,127600.0,58400.0,184500.0,127400.0,55500.0,237700.0,184378.5548,123072.16,185459.40000000002,118354.6,109923.29999999999,350831.4134,67.54,1072086.97090828
2020-05-21,127600.0,58400.0,184500.0,127400.0,55500.0,237700.0,183130.3716,121594.64,185256.45,117080.6,108913.2,346657.6391,67.54,1062700.44340828
2020-05-22,127600.0,58400.0,184500.0,127400.0,55500.0,237700.0,172969.8388,122108.56,183854.25,116953.20000000001,109312.8,346639.81159999996,67.54,1051906.00310828
2020-05-25,127600.0,58400.0,184500.0,127400.0,55500.0,237700.0,173989.8732,122564.08,187470.45,120138.2,109312.8,346020.3654,67.54,1059563.31130828
2020-05-26,127600.0,58400.0,184500.0,127400.0,55500.0,237700.0,177519.9272,122435.59999999999,192765.59999999998,121412.2,111210.9,347636.0123,67.54,1073047.78220828
2020-05-27,127600.0,58400.0,184500.0,127400.0,55500.0,237700.0,176338.73400000003,122768.48,193854.15,123578.0,112531.8,344817.6034,67.54,1073956.3101082803
2020-05-28,127600.0,58400.0,184500.0,127400.0,55500.0,237700.0,175560.2464,122774.32,198392.84999999998,125616.4,112615.05,346944.7807,67.54,1081971.1898082802
2020-05-29,127600.0,58400.0,184500.0,127400.0,55500.0,237700.0,174365.78280000002,124532.16,198116.1,124215.0,113203.34999999999,346523.10089999996,67.54,1081023.03640828
2020-06-01,127600.0,58400.0,184500.0,127400.0,55500.0,237700.0,180298.2896,125046.08,199665.90000000002,124724.59999999999,113625.15,350104.2891,67.54,1093531.85140828
2020-06-02,127600.0,58400.0,184500.0,127400.0,55500.0,237700.0,182110.2096,125513.28,202101.3,129183.6,114313.34999999999,349054.13049999997,67.54,1102343.41280828
2020-06-03,127600.0,58400.0,184500.0,127400.0,55500.0,237700.0,184566.5096,125916.23999999999,202248.90000000002,134407.0,115728.59999999999,345876.7946,67.54,1108811.58690828
2020-06-04,127600.0,58400.0,184500.0,127400.0,55500.0,237700.0,184928.8936,124911.76,202082.84999999998,134279.6,115267.95000000001,342887.7171,67.54,1104426.31340828
2020-06-05,127600.0,58400.0,184500.0,127400.0,55500.0,237700.0,187908.6088,127276.95999999999,202986.90000000002,139885.2,118209.45000000001,342896.7497,67.54,1119231.4112082801
2020-06-08,127600.0,58400.0,184500.0,127400.0,55500.0,237700.0,187720.654,128071.2,204628.94999999998,139120.80000000002,119491.5,339638.5958,67.54,1118739.24250828
2020-06-09,127600.0,58400.0,184500.0,127400.0,55500.0,237700.0,189371.5428,128614.32,205809.75,136318.0,118281.6,339988.4902,67.54,1118451.24570828
2020-06-10,127600.0,58400.0,184500.0,127400.0,55500.0,237700.0,189425.2624,130179.43999999999,207322.65,135935.8,117637.8,343767.4448,67.54,1124335.93990828
2020-06-11,127600.0,58400.0,184500.0,127400.0,55500.0,237700.0,184834.8524,123644.48,202913.10000000003,130202.8,110583.75,346415.1851,67.54,1098661.71020828
2020-06-12,127600.0,58400.0,184500.0,127400.0,55500.0,237700.0,184177.202,125028.55999999998,202636.35,129565.79999999999,112431.9,345760.08389999997,67.54,1099667.43860828
2020-06-15,127600.0,58400.0,184500.0,127400.0,55500.0,237700.0,180298.2896,126459.36,194795.1,128674.0,113447.54999999999,343480.06549999997,67.54,1087221.90780828
2020-06-16,127600.0,58400.0,184500.0,127400.0,55500.0,237700.0,184284.6412,128386.56,203171.4,133642.6,115356.75,344368.82580000005,67.54,1109278.31970828
2020-06-17,127600.0,58400.0,184500.0,127400.0,55500.0,237700.0,185559.748,129005.6,202599.45,133770.0,115112.55,345167.7355,67.54,1111282.62620828
2020-06-18,127600.0,58400.0,184500.0,127400.0,55500.0,237700.0,185532.82439999998,129414.40000000001,202728.6,132496.0,115206.90000000001,344611.0421,67.54,1110057.3092082802
2020-06-19,127600.0,58400.0,184500.0,127400.0,55500.0,237700.0,186968.9624,129379.35999999999,203466.6,132496.0,114529.8,345311.3063,67.54,1112219.57140828
2020-06-22,127600.0,58400.0,184500.0,127400.0,55500.0,237700.0,186177.0768,130810.16,203189.84999999998,131222.0,115256.85,348120.6826,67.54,1114844.16210828
2020-06-23,127600.0,58400.0,184500.0,127400.0,55500.0,237700.0,188794.408,131464.24000000002,203226.75,134661.8,115428.90000000001,348677.1383,67.54,1122320.77900828
2020-06-24,127600.0,58400.0,184500.0,127400.0,55500.0,237700.0,187479.1072,128614.32,203798.7,130457.6,112270.95,350849.47860000003,67.54,1113537.69850828
2020-06-29,127600.0,58400.0,184500.0,127400.0,55500.0,237700.0,184432.2744,128538.40000000001,198780.3,131349.4,112781.54999999999,350974.9842,67.54,1106924.45130828
2020-06-30,136500.0,54200.0,166100.0,112900.0,54100.0,260900.0,198344.4645,121581.43999999999,180201.88999999998,117303.09999999999,111597.48000000001,385831.965,56.01,1114916.3510642801
2020-07-01,136500.0,54200.0,166100.0,112900.0,54100.0,260900.0,198114.735,122865.98000000001,177992.76,116512.8,112014.05,388748.0443,56.01,1116304.3808642803
2020-07-02,136500.0,54200.0,166100.0,112900.0,54100.0,260900.0,204245.6325,123364.62,178906.31,119786.9,112333.24,384147.3337,56.01,1122840.04776428
2020-07-03,136500.0,54200.0,166100.0,112900.0,54100.0,260900.0,206356.332,123489.28,179985.96,118883.7,112333.24,385595.3287,56.01,1126699.85226428
2020-07-06,136500.0,54200.0,166100.0,112900.0,54100.0,260900.0,214368.1995,126632.87999999999,183291.34999999998,121028.8,114242.97,385014.3044,56.01,1144634.51546428
2020-07-07,136500.0,54200.0,166100.0,112900.0,54100.0,260900.0,210821.6565,125039.4,181530.69,120012.7,112430.62,385487.0552,56.01,1135378.1332642802
2020-07-08,136500.0,54200.0,166100.0,112900.0,54100.0,260900.0,211611.4455,126529.9,179670.37000000002,118319.20000000001,113144.74,387349.09849999996,56.01,1136680.7655642803
2020-07-09,136500.0,54200.0,166100.0,112900.0,54100.0,260900.0,211999.1055,127315.80000000002,180650.36,118545.0,112327.82999999999,389871.2188,56.01,1140765.32586428
2020-07-10,136500.0,54200.0,166100.0,112900.0,54100.0,260900.0,207648.57749999998,128009.56000000001,178706.99000000002,119222.40000000001,113279.99,387664.2657,56.01,1134587.79476428
2020-07-13,136500.0,54200.0,166100.0,112900.0,54100.0,260900.0,207993.1035,125310.4,182743.22,121028.8,112235.86000000002,389043.64400000003,56.01,1138411.0390642802
2020-07-14,136500.0,54200.0,166100.0,112900.0,54100.0,260900.0,205796.2725,126367.3,180882.9,120464.29999999999,113793.94,388216.0692,56.01,1135576.79326428
2020-07-15,136500.0,54200.0,166100.0,112900.0,54100.0,260900.0,205724.4735,126497.37999999999,183623.55,123399.7,114811.01999999999,388294.861,56.01,1142406.9960642802
2020-07-16,136500.0,54200.0,166100.0,112900.0,54100.0,260900.0,201273.4815,125462.16,182726.61000000002,122722.3,114286.24999999999,387684.0941,56.01,1134210.90716428
2020-07-17,136500.0,54200.0,166100.0,112900.0,54100.0,260900.0,202651.8585,125917.44,181597.12999999998,123061.00000000001,114838.07,385388.435,56.01,1133509.9450642802
2020-07-20,136500.0,54200.0,166100.0,112900.0,54100.0,260900.0,201977.0025,129310.36,181896.11,124641.6,115600.88,386610.22969999997,56.01,1140092.19376428
2020-07-21,136500.0,54200.0,166100.0,112900.0,54100.0,260900.0,206514.2625,127809.01999999999,182809.66,125883.5,115682.03,389457.4314,56.01,1148211.9154642802
2020-07-22,136500.0,54200.0,166100.0,112900.0,54100.0,260900.0,201546.34499999997,127949.94,181962.55,125770.6,116087.78,398008.9507,56.01,1151382.1772642802
2020-07-23,136500.0,54200.0,166100.0,112900.0,54100.0,260900.0,203656.908,124968.93999999999,181746.62000000002,126335.1,115005.78,400126.93690000003,56.01,1151896.2964642802
2020-07-24,136500.0,54200.0,166100.0,112900.0,54100.0,260900.0,199234.581,123868.68000000001,182660.16999999998,124415.80000000002,114324.12,405161.5242,56.01,1149720.8867642803
2020-07-27,136500.0,54200.0,166100.0,112900.0,54100.0,260900.0,198688.9905,126220.96,183689.99000000002,124980.3,115319.56000000001,413821.31700000004,56.01,1162777.1290642803
2020-07-28,136500.0,54200.0,166100.0,112900.0,54100.0,260900.0,199665.375,124329.37999999999,184304.56,125996.40000000001,114361.99,412284.3551,56.01,1160998.07166428
2020-07-29,136500.0,54200.0,166100.0,112900.0,54100.0,260900.0,200770.8885,126020.42,182826.27,125544.80000000002,115898.43000000001,414067.6066,56.01,1165184.4266642802
2020-07-30,136500.0,54200.0,166100.0,112900.0,54100.0,260900.0,199162.782,126540.74,182327.96999999997,121932.00000000001,115384.48,409220.3455,56.01,1154624.32906428
2020-07-31,136500.0,54200.0,166100.0,112900.0,54100.0,260900.0,198114.735,128692.48000000001,177693.78000000003,121932.00000000001,116168.93,415850.8581,56.01,1158508.7946642803
2020-08-03,136500.0,54200.0,166100.0,112900.0,54100.0,260900.0,197324.946,130654.52,179770.03,124415.80000000002,117213.06,414609.4959,56.01,1164043.8634642803
2020-08-04,136500.0,54200.0,166100.0,112900.0,54100.0,260900.0,200814.02250000002,130779.18000000001,182327.96999999997,123512.6,117332.08,414993.54069999995,56.01,1169815.40476428
2020-08-05,136500.0,54200.0,166100.0,112900.0,54100.0,260900.0,201876.5385,131023.08000000002,182028.99000000002,124528.7,117970.46,426087.0087,56.01,1183570.78876428
2020-08-06,136500.0,54200.0,166100.0,112900.0,54100.0,260900.0,199579.24349999998,132123.34,180567.31,123964.20000000001,118186.86,429436.7038,56.01,1183913.6688642802
2020-08-07,136500.0,54200.0,166100.0,112900.0,54100.0,260900.0,196276.76249999998,130589.48000000001,179902.91,124754.5,118230.14,432382.2648,56.01,1182192.0688642801
2020-08-10,136500.0,54200.0,166100.0,112900.0,54100.0,260900.0,195788.6385,130453.98,179952.74,124302.9,118955.07999999999,428352.9252,56.01,1177862.2752642801
2020-08-11,136500.0,54200.0,166100.0,112900.0,54100.0,260900.0,200067.3675,128117.95999999999,183391.01,126448.00000000001,118127.35,419732.5283,56.01,1175940.22736428
2020-08-12,136500.0,54200.0,166100.0,112900.0,54100.0,260900.0,202580.0595,131164.0,182776.44,127351.19999999998,119582.64,394491.7578,56.01,1158002.1088642802
2020-08-13,136500.0,54200.0,166100.0,112900.0,54100.0,260900.0,201905.20349999997,131131.48,185234.72,127012.5,119084.92,399851.1656,56.01,1164276.0006642803
2020-08-14,136500.0,54200.0,166100.0,112900.0,54100.0,260900.0,201488.8785,130920.1,185118.45,126335.1,119014.59,403457.06450000004,56.01,1166390.19456428
2020-08-17,136500.0,54200.0,166100.0,112900.0,54100.0,260900.0,202709.325,132215.48,184387.61000000002,126673.80000000002,119268.86,407703.212,56.01,1173014.2985642802
2020-08-18,136500.0,54200.0,166100.0,112900.0,54100.0,260900.0,202809.78900000002,133445.82,184786.25,126560.9,119496.08,416757.2247,56.01,1183912.0752642802
2020-08-19,136500.0,54200.0,166100.0,112900.0,54100.0,260900.0,200857.1565,132264.26,185899.12,127915.7,118722.45000000001,410934.7194,56.01,1176649.4174642803
2020-08-20,136500.0,54200.0,166100.0,112900.0,54100.0,260900.0,198028.467,134323.86,183042.2,125657.7,119268.86,402777.1591,56.01,1163154.25766428
2020-08-21,136500.0,54200.0,166100.0,112900.0,54100.0,260900.0,200196.633,134952.58,183789.65,124980.3,119393.29000000001,402225.6165,56.01,1165594.0810642804
2020-08-24,136500.0,54200.0,166100.0,112900.0,54100.0,260900.0,203915.439,135971.54,184022.19000000003,127351.19999999998,120740.37999999999,402728.10990000004,56.01,1174784.8704642802
2020-08-25,136500.0,54200.0,166100.0,112900.0,54100.0,260900.0,203384.181,137006.76,186214.71,127125.4,121162.35999999999,400264.95300000004,56.01,1175214.3755642802
2020-08-26,136500.0,54200.0,166100.0,112900.0,54100.0,260900.0,203096.985,139657.14,185052.01,128705.99999999999,122211.9,399851.1656,56.01,1178631.2121642802
2020-08-27,136500.0,54200.0,166100.0,112900.0,54100.0,260900.0,201115.551,138817.04,184636.75999999998,127351.19999999998,122109.11,404678.5983,56.01,1178764.2708642802
2020-08-28,136500.0,54200.0,166100.0,112900.0,54100.0,260900.0,202335.9975,139559.58,181231.71,126560.9,122909.79000000001,405210.5734,56.01,1177864.5624642803
2020-08-31,136500.0,54200.0,166100.0,112900.0,54100.0,260900.0,199665.375,140307.53999999998,184254.72999999998,126109.3,122141.56999999999,406067.8908,56.01,1178602.41736428
2020-09-01,136500.0,54200.0,166100.0,112900.0,54100.0,260900.0,199607.9085,142199.12,183241.52,126560.9,122871.92,410816.5317,56.01,1185353.9117642802
2020-09-02,136500.0,54200.0,166100.0,112900.0,54100.0,260900.0,198918.72,143380.68,183723.21000000002,128593.1,124527.38,405407.8138,56.01,1184606.91536428
2020-09-03,136500.0,54200.0,166100.0,112900.0,54100.0,260900.0,197482.87649999998,135884.82,184769.64,125996.40000000001,120080.35999999999,401555.6253,56.01,1165825.73336428
2020-09-04,136500.0,54200.0,166100.0,112900.0,54100.0,260900.0,195085.1175,134231.72,183108.64,124077.09999999999,119139.01999999999,401841.3108,56.01,1157538.9198642801
2020-09-07,136500.0,54200.0,166100.0,112900.0,54100.0,260900.0,194367.1275,134269.66,182062.21000000002,126448.00000000001,119139.01999999999,400402.9691,56.01,1156744.99816428
2020-09-08,136500.0,54200.0,166100.0,112900.0,54100.0,260900.0,194539.527,127933.68,183341.18,124980.3,115860.56,401595.0212,56.01,1148306.2797642802
2020-09-09,136500.0,54200.0,166100.0,112900.0,54100.0,260900.0,193534.34100000001,131776.46,182161.87,127125.4,118295.06,401811.82910000003,56.01,1154760.9716642802
2020-09-10,136500.0,54200.0,166100.0,112900.0,54100.0,260900.0,192055.5,128838.81999999999,183058.81000000003,127012.5,116060.73000000001,404412.7412,56.01,1151495.11276428
2020-09-11,136500.0,54200.0,166100.0,112900.0,54100.0,260900.0,193735.40550000002,128090.86000000002,184487.27,127238.3,116201.39,403309.13420000003,56.01,1153118.3712642803
2020-09-14,136500.0,54200.0,166100.0,112900.0,54100.0,260900.0,194697.45750000002,130220.92,185816.07,127238.3,117662.09,402580.17960000003,56.01,1158271.0286642802
2020-09-15,136500.0,54200.0,166100.0,112900.0,54100.0,260900.0,195171.249,131836.08,185218.11,127576.99999999999,118051.61000000002,404057.91719999997,56.01,1161967.97776428
2020-09-16,136500.0,54200.0,166100.0,112900.0,54100.0,260900.0,194137.39800000002,128925.54,184869.3,126899.6,116828.95,403466.9787,56.01,1155183.7782642802
2020-09-17,136500.0,54200.0,166100.0,112900.0,54100.0,260900.0,190720.257,126757.54,183872.7,125770.6,115595.46999999999,400757.53219999996,56.01,1143530.1107642802
2020-09-18,136500.0,54200.0,166100.0,112900.0,54100.0,260900.0,191423.778,124941.84000000001,184503.88,125206.09999999999,114167.23000000001,402491.4736,56.01,1142790.31316428
2020-09-21,136500.0,54200.0,166100.0,112900.0,54100.0,260900.0,187446.57749999998,125483.84,184952.34999999998,119899.8,112841.78,402274.6657,56.01,1132955.02476428
2020-09-22,136500.0,54200.0,166100.0,112900.0,54100.0,260900.0,186326.595,128253.45999999999,185201.5,119899.8,114459.37,392905.4858,56.01,1127102.2223642801
2020-09-23,136500.0,54200.0,166100.0,112900.0,54100.0,260900.0,186843.52049999998,124399.84,185068.62000000002,119899.8,111959.95000000001,388206.155,56.01,1116433.8970642802
2020-09-24,136500.0,54200.0,166100.0,112900.0,54100.0,260900.0,183555.5085,125202.0,182560.50999999998,119335.29999999999,112360.29000000001,382876.22890000005,56.01,1105945.8489642802
2020-09-25,136500.0,54200.0,166100.0,112900.0,54100.0,260900.0,183167.712,128253.45999999999,183590.33,118206.29999999999,114286.24999999999,387467.2862,56.01,1115027.34976428
2020-09-28,136500.0,54200.0,166100.0,112900.0,54100.0,260900.0,185378.8755,130968.87999999999,185699.80000000002,121819.09999999999,116352.87000000001,386708.589,56.01,1126984.12606428
2020-09-29,136500.0,54200.0,166100.0,112900.0,54100.0,260900.0,183684.63749999998,130340.15999999999,187144.87,121706.20000000001,115665.79999999999,391122.4952,56.01,1129720.1742642801
2020-09-30,145600.0,51200.0,164600.0,110300.0,53600.0,261200.0,197262.8112,123980.8,182113.44,118903.40000000001,115406.15999999999,390852.1052,34.62,1128553.34096428
2020-10-09,145600.0,51200.0,164600.0,110300.0,53600.0,261200.0,201887.94079999998,126771.2,184236.78,121330.00000000001,118847.27999999998,392183.70279999997,34.62,1145291.5281642799
2020-10-12,145600.0,51200.0,164600.0,110300.0,53600.0,261200.0,204506.99360000002,129525.76,182327.41999999998,121109.40000000001,119608.40000000001,396326.33479999995,34.62,1153438.93296428
2020-10-13,145600.0,51200.0,164600.0,110300.0,53600.0,261200.0,204981.7952,129725.44,183347.93999999997,120227.00000000001,119142.07999999999,394284.5344,34.62,1151743.4141642798
2020-10-14,145600.0,51200.0,164600.0,110300.0,53600.0,261200.0,205579.04640000002,128977.92,184039.26,120116.7,118665.04000000001,390536.5756,34.62,1147949.16656428
2020-10-15,145600.0,51200.0,164600.0,110300.0,53600.0,261200.0,201060.9328,127877.12,183446.7,117028.29999999999,118311.28,390063.01999999996,34.62,1137821.97736428
2020-10-16,145600.0,51200.0,164600.0,110300.0,53600.0,261200.0,202883.5536,127252.48,182426.18000000002,118351.9,118225.52000000002,391641.1904,34.62,1140815.44856428
2020-10-19,145600.0,51200.0,164600.0,110300.0,53600.0,261200.0,203281.7696,124380.16,183232.72,117359.20000000001,115770.64,392025.93799999997,34.62,1136085.05216428
2020-10-20,145600.0,51200.0,164600.0,110300.0,53600.0,261200.0,203220.472,124661.76000000001,182195.74,116697.40000000001,116167.28,388879.5228,34.62,1131856.79936428
2020-10-21,145600.0,51200.0,164600.0,110300.0,53600.0,261200.0,204277.2368,124308.48000000001,182228.66,115373.8,115679.51999999999,391729.99840000004,34.62,1133632.3197642802
2020-10-22,145600.0,51200.0,164600.0,110300.0,53600.0,261200.0,204047.47999999998,123832.32,181915.91999999998,115042.9,115893.92,391641.1904,34.62,1132408.35496428
2020-10-23,145600.0,51200.0,164600.0,110300.0,53600.0,261200.0,205487.1728,124405.76000000001,182212.2,115815.0,116526.4,390388.4752,34.62,1134869.63256428
2020-10-26,145600.0,51200.0,164600.0,110300.0,53600.0,261200.0,205548.47040000002,122470.4,182245.12,111954.49999999999,114403.84,388632.95,34.62,1125289.90496428
2020-10-27,145600.0,51200.0,164600.0,110300.0,53600.0,261200.0,205134.8208,123919.36,182607.24,110961.8,114500.32,391621.33920000005,34.62,1128779.5045642802
2020-10-28,145600.0,51200.0,164600.0,110300.0,53600.0,261200.0,205027.65920000002,119296.0,183430.24000000002,106439.5,110785.84,392183.70279999997,34.62,1117197.5665642798
2020-10-29,145600.0,51200.0,164600.0,110300.0,53600.0,261200.0,204215.9392,121620.48,183084.58000000002,106660.09999999999,112216.95999999999,387173.1032,34.62,1115005.78696428
2020-10-30,145600.0,51200.0,164600.0,110300.0,53600.0,261200.0,200233.92479999998,118456.32,179973.63999999998,105557.09999999999,110828.71999999999,384953.948,34.62,1100038.2773642798
2020-11-02,145600.0,51200.0,164600.0,110300.0,53600.0,261200.0,202485.3376,118415.36000000002,181965.3,107101.3,111884.64000000001,387577.44080000004,34.62,1109464.00296428
2020-11-03,145600.0,51200.0,164600.0,110300.0,53600.0,261200.0,206452.06399999998,120309.76000000001,181438.58000000002,109527.9,113723.12000000001,389195.0524,34.62,1120681.10096428
2020-11-04,145600.0,51200.0,164600.0,110300.0,53600.0,261200.0,205395.2992,125327.36,184384.92,112175.09999999999,115910.0,390240.636,34.62,1133467.93976428
2020-11-05,145600.0,51200.0,164600.0,110300.0,53600.0,261200.0,212455.5888,128855.04000000001,188582.22,114601.7,118402.40000000001,390003.9888,34.62,1152935.56216428
2020-11-06,145600.0,51200.0,164600.0,110300.0,53600.0,261200.0,210724.9872,127841.28,189421.68,113498.7,117325.04,394392.9324,34.62,1153239.2441642801
2020-11-09,145600.0,51200.0,164600.0,110300.0,53600.0,261200.0,212777.2192,124846.08,193865.88,119454.9,118402.40000000001,393742.022,34.62,1163123.12576428
2020-11-10,145600.0,51200.0,164600.0,110300.0,53600.0,261200.0,214431.38079999998,122275.84,189981.31999999998,118903.40000000001,117855.68,384381.92,34.62,1147864.1653642799
2020-11-11,145600.0,51200.0,164600.0,110300.0,53600.0,261200.0,214155.61440000002,125327.36,193981.1,119675.5,119061.68,384007.098,34.62,1156242.97696428
2020-11-12,145600.0,51200.0,164600.0,110300.0,53600.0,261200.0,214186.336,124876.8,195149.76,118131.29999999999,118177.28,382182.35480000003,34.62,1152738.4553642801
2020-11-13,145600.0,51200.0,164600.0,110300.0,53600.0,261200.0,214201.624,126085.12000000001,194935.78,118682.8,119881.76000000001,383622.35040000005,34.62,1157444.0589642802
2020-11-16,145600.0,51200.0,164600.0,110300.0,53600.0,261200.0,215273.67680000002,126438.4,199182.46,119234.3,120841.20000000001,383671.7172,34.62,1164676.3785642802
2020-11-17,145600.0,51200.0,164600.0,110300.0,53600.0,261200.0,214645.704,125568.0,199248.3,118793.09999999999,119774.56,383464.5856,34.62,1161528.8741642798
2020-11-18,145600.0,51200.0,164600.0,110300.0,53600.0,261200.0,215181.8032,124426.24,197306.02000000002,119124.00000000001,118112.95999999999,381422.78520000004,34.62,1155608.43296428
2020-11-19,145600.0,51200.0,164600.0,110300.0,53600.0,261200.0,213359.32799999998,125122.56,196532.4,117800.40000000001,118391.68000000001,379312.02800000005,34.62,1150553.0205642802
2020-11-20,145600.0,51200.0,164600.0,110300.0,53600.0,261200.0,215059.3536,124830.72,196960.36000000002,118903.40000000001,118107.6,379874.3916,34.62,1153770.4497642799
2020-11-23,145600.0,51200.0,164600.0,110300.0,53600.0,261200.0,215151.2272,124661.76000000001,196762.84,118682.8,118659.68,379469.7928,34.62,1153422.72456428
2020-11-24,145600.0,51200.0,164600.0,110300.0,53600.0,261200.0,216284.5776,126607.36,200614.48,120116.7,120734.0,371411.51159999997,34.62,1155803.25376428
2020-11-25,145600.0,51200.0,164600.0,110300.0,53600.0,261200.0,216728.6576,127242.23999999999,200877.84,120447.6,120433.84000000001,366667.336,34.62,1152432.13816428
2020-11-26,145600.0,51200.0,164600.0,110300.0,53600.0,261200.0,218061.0432,127293.44,203396.22,120778.5,120433.84000000001,367032.2324,34.62,1157029.9001642799
2020-11-27,145600.0,51200.0,164600.0,110300.0,53600.0,261200.0,218627.71839999998,128291.84,204235.68,121109.40000000001,120739.36000000002,365819.2196,34.62,1158857.84256428
2020-11-30,145600.0,51200.0,164600.0,110300.0,53600.0,261200.0,214247.6336,128430.08,203248.08,121330.00000000001,120246.23999999999,358885.1432,34.62,1146421.80136428
2020-12-01,145600.0,51200.0,164600.0,110300.0,53600.0,261200.0,216422.3152,130611.20000000001,205931.06000000003,121991.80000000002,121848.87999999999,361281.9144,34.62,1158121.7941642802
2020-12-02,145600.0,51200.0,164600.0,110300.0,53600.0,261200.0,215166.5152,130048.0,204861.15999999997,122102.09999999999,121511.2,366549.0124,34.62,1160272.61216428
2020-12-03,145600.0,51200.0,164600.0,110300.0,53600.0,261200.0,216698.0816,130104.32,204745.94,121991.80000000002,121414.72,370898.776,34.62,1165888.26216428
2020-12-04,145600.0,51200.0,164600.0,110300.0,53600.0,261200.0,217218.74719999998,130549.76,205289.12000000002,122653.6,122336.64,371273.598,34.62,1169356.08976428
2020-12-07,145600.0,51200.0,164600.0,110300.0,53600.0,261200.0,214017.8768,130949.12,202507.38,121881.5,121822.08,370474.5872,34.62,1161687.16856428
2020-12-08,145600.0,51200.0,164600.0,110300.0,53600.0,261200.0,212287.1296,131240.96,202079.42,121771.20000000001,122090.08,374646.7348,34.62,1164150.14896428
2020-12-09,145600.0,51200.0,164600.0,110300.0,53600.0,261200.0,213879.9936,128430.08,204334.44,122212.40000000001,121103.84,372683.81680000003,34.62,1162679.1949642801
2020-12-10,145600.0,51200.0,164600.0,110300.0,53600.0,261200.0,213588.93920000002,129126.4,204104.0,121771.20000000001,121237.84,369468.4448,34.62,1159331.44856428
2020-12-11,145600.0,51200.0,164600.0,110300.0,53600.0,261200.0,214125.0384,128711.68000000001,203132.86,120668.20000000001,120948.4,369567.1784,34.62,1157187.98136428
2020-12-14,145600.0,51200.0,164600.0,110300.0,53600.0,261200.0,213052.9856,129515.51999999999,204268.6,121440.3,120353.44,368531.5204,34.62,1157196.9905642802
2020-12-15,145600.0,51200.0,164600.0,110300.0,53600.0,261200.0,211827.7616,131072.0,204021.7,122984.5,122041.84,371707.4512,34.62,1163689.87736428
2020-12-16,145600.0,51200.0,164600.0,110300.0,53600.0,261200.0,213665.5248,131645.44,205009.30000000002,124749.3,122111.52,373354.5784,34.62,1170570.28776428
2020-12-17,145600.0,51200.0,164600.0,110300.0,53600.0,261200.0,215380.83839999998,132490.24,205898.13999999998,126183.19999999998,122824.40000000001,376412.18559999997,34.62,1179223.62856428
2020-12-18,145600.0,51200.0,164600.0,110300.0,53600.0,261200.0,213772.83200000002,132234.24,205898.13999999998,126403.79999999999,122325.92,378069.23840000003,34.62,1178738.7949642802
2020-12-21,145600.0,51200.0,164600.0,110300.0,53600.0,261200.0,212807.94079999998,132183.04,205536.02,122653.6,122240.16,383474.25,34.62,1178929.63536428
2020-12-22,145600.0,51200.0,164600.0,110300.0,53600.0,261200.0,210893.44640000002,132244.48,203116.4,124308.1,121768.48,377940.9892,34.62,1170306.52016428
2020-12-23,145600.0,51200.0,164600.0,110300.0,53600.0,261200.0,213221.44480000003,131932.16,203873.56,125521.4,122170.48000000001,377684.752,34.62,1174438.4213642802
2020-12-24,145600.0,51200.0,164600.0,110300.0,53600.0,261200.0,212991.688,132126.72,204482.58,125300.79999999999,122256.23999999999,378000.2816,34.62,1175192.9341642798
2020-12-25,145600.0,51200.0,164600.0,110300.0,53600.0,261200.0,212884.5264,132065.28,204350.9,125190.5,122256.23999999999,379755.8068,34.62,1176537.8777642802
2020-12-28,145600.0,51200.0,164600.0,110300.0,53600.0,261200.0,212011.5088,133447.68,205536.02,127065.59999999999,123081.68000000001,379193.7044,34.62,1180370.8177642801
2020-12-29,145600.0,51200.0,164600.0,110300.0,53600.0,261200.0,214691.71360000002,133852.16,211675.6,127396.5,123199.6,378187.56200000003,34.62,1189037.7601642802
2020-12-30,145600.0,51200.0,164600.0,110300.0,53600.0,261200.0,219025.9344,133493.76,210803.22,127175.90000000001,123140.64,377970.766,34.62,1191644.84496428
2020-12-31,139200.0,50300.0,148700.0,109400.0,53300.0,284700.0,209705.9136,131388.63,190901.06,126357.0,123107.01,411815.1336,95.31,1193370.0534978802
2021-01-04,139200.0,50300.0,148700.0,109400.0,53300.0,284700.0,212048.6496,129733.76000000001,189979.12000000002,126247.59999999999,121571.97,420028.72860000003,95.31,1199705.13449788
2021-01-05,139200.0,50300.0,148700.0,109400.0,53300.0,284700.0,211331.2128,129522.50000000001,187257.91,124387.8,121262.83,423146.4783,95.31,1197004.03739788
2021-01-06,139200.0,50300.0,148700.0,109400.0,53300.0,284700.0,211184.7744,127339.48000000001,187049.73,126575.8,121667.91,422802.276,95.31,1196715.2766978801
2021-01-07,139200.0,50300.0,148700.0,109400.0,53300.0,284700.0,210115.99680000002,130563.70999999999,189176.14,127779.2,123501.43,420437.2731,95.31,1201669.0561978803
2021-01-08,139200.0,50300.0,148700.0,109400.0,53300.0,284700.0,212883.2928,132470.08,192521.88999999998,127997.99999999999,124386.20999999999,417792.6948,95.31,1208147.4738978802
2021-01-11,139200.0,50300.0,148700.0,109400.0,53300.0,284700.0,213337.224,130402.74999999999,192328.58000000002,126357.0,123661.33,406192.5933,95.31,1192374.78359788
2021-01-12,139200.0,50300.0,148700.0,109400.0,53300.0,284700.0,216280.3296,130437.95999999999,192819.29,125919.40000000001,123815.9,409310.343,95.31,1198678.52889788
2021-01-13,139200.0,50300.0,148700.0,109400.0,53300.0,284700.0,215284.632,130850.42,194588.82,126028.79999999999,123693.31,407826.7713,95.31,1198368.05959788
2021-01-14,139200.0,50300.0,148700.0,109400.0,53300.0,284700.0,217715.20320000002,130287.06,196521.92,126247.59999999999,123496.1,404966.9598,95.31,1199330.1492978802
2021-01-15,139200.0,50300.0,148700.0,109400.0,53300.0,284700.0,217964.23200000002,129089.91999999998,194930.83,124278.4,122403.45,406654.9461,95.31,1195417.0843978801
2021-01-18,139200.0,50300.0,148700.0,109400.0,53300.0,284700.0,220819.3632,129502.38,193815.58,124387.8,122403.45,405805.68600000005,95.31,1196829.56549788
2021-01-19,139200.0,50300.0,148700.0,109400.0,53300.0,284700.0,226910.61599999998,131514.38,196834.19,124169.0,123853.21,406138.785,95.31,1209515.48729788
2021-01-20,139200.0,50300.0,148700.0,109400.0,53300.0,284700.0,229194.7488,134612.86000000002,195659.46000000002,125700.6,125494.84999999999,408020.08259999997,95.31,1218777.9076978802
2021-01-21,139200.0,50300.0,148700.0,109400.0,53300.0,284700.0,228404.09279999998,135513.23,197324.9,125044.2,125270.98999999999,410922.8838,95.31,1222575.6028978801
2021-01-22,139200.0,50300.0,148700.0,109400.0,53300.0,284700.0,224494.6608,135065.56,196254.26,125044.2,124737.99,409460.6646,95.31,1215152.64169788
2021-01-25,139200.0,50300.0,148700.0,109400.0,53300.0,284700.0,230483.3232,136795.87999999998,197592.56,123403.19999999998,125574.79999999999,407246.268,95.31,1221191.33749788
2021-01-26,139200.0,50300.0,148700.0,109400.0,53300.0,284700.0,224743.5504,136997.08,195956.86000000002,125263.0,125436.22000000002,408719.0211,95.31,1217211.0377978801
2021-01-27,139200.0,50300.0,148700.0,109400.0,53300.0,284700.0,223352.52479999998,132872.48,196358.35,122856.2,121859.79000000001,406547.3295,95.31,1203941.9805978802
2021-01-28,139200.0,50300.0,148700.0,109400.0,53300.0,284700.0,218183.7504,133923.75,192581.37,122965.6,123400.15999999999,403354.41900000005,95.31,1194504.3556978803
2021-01-29,139200.0,50300.0,148700.0,109400.0,53300.0,284700.0,215723.9472,130694.49,188283.94,120777.6,120772.46999999999,405622.9086,95.31,1181970.6620978802
2021-02-01,139200.0,50300.0,148700.0,109400.0,53300.0,284700.0,219984.8592,133908.66,190261.65000000002,122418.6,122542.03000000001,409794.0483,95.31,1199005.1537978803
2021-02-02,139200.0,50300.0,148700.0,109400.0,53300.0,284700.0,223103.63520000002,136172.16,192283.97,123840.79999999999,124460.83000000002,406063.62419999996,95.31,1206020.3256978802
2021-02-03,139200.0,50300.0,148700.0,109400.0,53300.0,284700.0,223308.5376,135588.68000000002,193800.71,124278.4,124455.5,403332.7818,95.31,1204859.91569788
2021-02-04,139200.0,50300.0,148700.0,109400.0,53300.0,284700.0,221683.2384,136981.99,191718.90999999997,125153.59999999999,125702.72,400279.659,95.31,1201615.42369788
2021-02-05,139200.0,50300.0,148700.0,109400.0,53300.0,284700.0,223323.1536,137666.07,193726.36,124497.19999999998,126411.61,396850.1628,95.31,1202569.86269788
2021-02-08,139200.0,50300.0,148700.0,109400.0,53300.0,284700.0,223337.9088,138420.57,197815.61000000002,125263.0,127264.41,399269.25869999995,95.31,1211466.0637978802
2021-02-09,139200.0,50300.0,148700.0,109400.0,53300.0,284700.0,224143.1808,137982.96,198588.84999999998,124606.6,126859.33,403655.3469,95.31,1215931.57399788
2021-02-10,139200.0,50300.0,148700.0,109400.0,53300.0,284700.0,227935.54559999998,137248.58000000002,200075.84999999998,124278.4,126539.53,403924.1037,95.31,1220097.3155978802
2021-02-18,139200.0,50300.0,148700.0,109400.0,53300.0,284700.0,232591.78559999997,137273.72999999998,202678.1,123403.19999999998,126997.90999999999,392410.26629999996,95.31,1215450.29819788
2021-02-19,139200.0,50300.0,148700.0,109400.0,53300.0,284700.0,233279.99039999998,136795.87999999998,201414.15,125044.2,126933.95,390915.87600000005,95.31,1214479.35269788
2021-02-22,139200.0,50300.0,148700.0,109400.0,53300.0,284700.0,230483.3232,133008.29,202678.1,124715.99999999999,125825.31,394979.6838,95.31,1211786.01329788
2021-02-23,139200.0,50300.0,148700.0,109400.0,53300.0,284700.0,232782.07200000001,132620.98,203600.04,124387.8,125894.6,398667.1182,95.31,1218047.9164978801
2021-02-24,139200.0,50300.0,148700.0,109400.0,53300.0,284700.0,226178.424,133873.45,199793.31999999998,125372.4,127525.57999999999,397882.20029999997,95.31,1210720.6805978802
2021-02-25,139200.0,50300.0,148700.0,109400.0,53300.0,284700.0,228535.9152,128913.87,202157.65,124497.19999999998,124247.63,393453.12240000005,95.31,1201900.6938978801
2021-02-26,139200.0,50300.0,148700.0,109400.0,53300.0,284700.0,220892.5824,130090.89,194083.24,123950.2,124023.77,388335.6399,95.31,1181471.6285978802
2021-03-01,139200.0,50300.0,148700.0,109400.0,53300.0,284700.0,224421.4416,134014.29,197889.96,125372.4,127040.55,387325.23960000003,95.31,1196159.1874978803
2021-03-02,139200.0,50300.0,148700.0,109400.0,53300.0,284700.0,221302.5264,131494.25999999998,195659.46000000002,124934.79999999999,125766.68,380003.8944,95.31,1179256.9270978803
2021-03-03,139200.0,50300.0,148700.0,109400.0,53300.0,284700.0,227013.0672,127601.04,196254.26,125481.8,124013.11000000002,381777.8601,95.31,1182236.4435978802
2021-03-04,139200.0,50300.0,148700.0,109400.0,53300.0,284700.0,222796.14239999998,125875.75,192328.58000000002,125372.4,122733.91,378509.5041,95.31,1167711.5927978803
2021-03-05,139200.0,50300.0,148700.0,109400.0,53300.0,284700.0,222107.9376,128194.58,190692.88,123512.6,125398.91,375015.6657,95.31,1165017.8795978802
2021-03-08,139200.0,50300.0,148700.0,109400.0,53300.0,284700.0,217524.91679999998,124170.58,188551.6,126903.99999999999,124514.13,378466.51440000004,95.31,1160227.0474978802
2021-03-09,139200.0,50300.0,148700.0,109400.0,53300.0,284700.0,221068.2528,130342.39,191451.25,127669.8,127312.37999999999,377165.72010000004,95.31,1175105.0991978804
2021-03-10,139200.0,50300.0,148700.0,109400.0,53300.0,284700.0,221434.3488,129431.95999999999,191659.43,128654.4,127637.51,380692.01430000004,95.31,1179604.9693978801
2021-03-11,139200.0,50300.0,148700.0,109400.0,53300.0,284700.0,224992.44,132238.7,192313.71,128982.6,128703.51,384702.0138,95.31,1192028.2800978802
2021-03-12,139200.0,50300.0,148700.0,109400.0,53300.0,284700.0,219706.5984,130739.76000000001,194975.44,128763.8,128618.23,379176.2715,95.31,1182075.4061978802
2021-03-15,139200.0,50300.0,148700.0,109400.0,53300.0,284700.0,220819.3632,132545.53,195034.92,128326.20000000001,129769.51,382562.49330000003,95.31,1189153.32279788
2021-03-16,139200.0,50300.0,148700.0,109400.0,53300.0,284700.0,222298.224,133305.06,195659.46000000002,128873.2,129604.28,382992.675,95.31,1192828.20529788
2021-03-17,139200.0,50300.0,148700.0,109400.0,53300.0,284700.0,222151.7856,133712.49000000002,196001.47,128873.2,129865.45000000001,384487.06529999996,95.31,1195186.76719788
2021-03-18,139200.0,50300.0,148700.0,109400.0,53300.0,284700.0,224655.7152,129155.31,198187.36,131061.2,127728.12,386733.9177,95.31,1197616.92919788
2021-03-19,139200.0,50300.0,148700.0,109400.0,53300.0,284700.0,222210.3888,130357.48000000001,195867.63999999998,129529.59999999999,128106.55000000002,386465.1609,95.31,1192632.12599788
2021-03-22,139200.0,50300.0,148700.0,109400.0,53300.0,284700.0,221668.6224,132847.33,191733.78000000003,129639.0,129188.54,384142.863,95.31,1189315.4416978802
2021-03-23,139200.0,50300.0,148700.0,109400.0,53300.0,284700.0,218227.7376,131936.90000000002,190559.05000000002,129857.8,127914.67000000001,386002.8081,95.31,1184594.2719978802
2021-03-24,139200.0,50300.0,148700.0,109400.0,53300.0,284700.0,214318.30560000002,130080.83,187674.27,128873.2,127594.87,384347.27760000003,95.31,1172984.0594978803
2021-03-25,139200.0,50300.0,148700.0,109400.0,53300.0,284700.0,214347.53759999998,129939.98999999999,189547.88999999998,128654.4,128357.06,385454.47589999996,95.31,1176396.65979788
2021-03-26,139200.0,50300.0,148700.0,109400.0,53300.0,284700.0,217949.4768,131982.16999999998,191837.87,129639.0,130675.61000000002,384841.8015,95.31,1187021.2345978802
2021-03-29,139200.0,50300.0,148700.0,109400.0,53300.0,284700.0,218139.9024,131972.11,192462.41,130404.79999999999,130622.31,385131.9108,95.31,1188828.7494978802
2021-03-30,139200.0,50300.0,148700.0,109400.0,53300.0,284700.0,220541.2416,131700.49,194321.16,132374.0,130659.62,380154.5007,95.31,1189846.3185978802
2021-03-31,125500.0,58200.0,150200.0,115300.0,61300.0,263300.0,197621.085,154934.22,194313.74000000002,139051.8,150988.03,347821.1431,50.92,1184780.93982224
2021-04-01,125500.0,58200.0,150200.0,115300.0,61300.0,263300.0,201145.878,157425.18,194478.96,139743.6,152465.36000000002,355288.0678,50.92,1200597.96752224
2021-04-02,125500.0,58200.0,150200.0,115300.0,61300.0,263300.0,201291.0815,157570.68,198158.86,140435.4,152465.36000000002,358738.0877,50.92,1208710.39092224
2021-04-06,125500.0,58200.0,150200.0,115300.0,61300.0,263300.0,200908.181,160457.4,197543.03999999998,141588.4,154384.05,357077.7179,50.92,1212009.71062224
2021-04-07,125500.0,58200.0,150200.0,115300.0,61300.0,263300.0,198611.1545,160707.66,197858.46,141588.4,154279.84,358777.84599999996,50.92,1211874.28222224
2021-04-08,125500.0,58200.0,150200.0,115300.0,61300.0,263300.0,201040.207,162622.44,197903.52000000002,141934.30000000002,155138.04,359811.8251,50.92,1218501.2538222403
2021-04-09,125500.0,58200.0,150200.0,115300.0,61300.0,263300.0,198862.02899999998,163687.5,199030.02,142741.4,156204.66,360746.5401,50.92,1221323.07082224
2021-04-12,125500.0,58200.0,150200.0,115300.0,61300.0,263300.0,197673.9205,163757.34,197227.62,142741.4,156566.33000000002,359225.1927,50.92,1217242.72492224
2021-04-13,125500.0,58200.0,150200.0,115300.0,61300.0,263300.0,197739.9335,165579.0,199015.0,142741.4,156787.01,356272.2832,50.92,1218185.5484222402
2021-04-14,125500.0,58200.0,150200.0,115300.0,61300.0,263300.0,200261.354,163082.22,198098.78,142741.4,155941.06999999998,359215.4506,50.92,1219391.1963222402
2021-04-15,125500.0,58200.0,150200.0,115300.0,61300.0,263300.0,199482.501,165555.72,198669.54,143433.2,157510.35,359115.9232,50.92,1223818.15592224
2021-04-16,125500.0,58200.0,150200.0,115300.0,61300.0,263300.0,200657.432,165724.5,199120.14,145162.69999999998,158049.79,362307.3825,50.92,1231072.86622224
2021-04-19,125500.0,58200.0,150200.0,115300.0,61300.0,263300.0,201277.90399999998,164112.36,198894.84,144240.3,157068.99,365121.2696,50.92,1230766.58532224
2021-04-20,125500.0,58200.0,150200.0,115300.0,61300.0,263300.0,201264.601,162645.72,195650.52,142395.5,155695.87,361939.5524,50.92,1219642.68512224
2021-04-21,125500.0,58200.0,150200.0,115300.0,61300.0,263300.0,197634.388,163937.76,191384.84,142972.0,157001.56,365061.50049999997,50.92,1218042.97022224
2021-04-22,125500.0,58200.0,150200.0,115300.0,61300.0,263300.0,198268.0375,161464.26,195500.32,143779.1,155223.86,365598.3692,50.92,1219884.86842224
2021-04-23,125500.0,58200.0,150200.0,115300.0,61300.0,263300.0,200644.129,163699.13999999998,194478.96,143202.6,156989.3,364226.3129,50.92,1223291.36362224
2021-04-26,125500.0,58200.0,150200.0,115300.0,61300.0,263300.0,199733.25,164630.34,195455.25999999998,144125.0,157209.98,363242.0975,50.92,1224446.84922224
2021-04-27,125500.0,58200.0,150200.0,115300.0,61300.0,263300.0,199627.7045,163862.1,194058.4,143663.8,157197.72,363381.3832,50.92,1221842.02942224
2021-04-28,125500.0,58200.0,150200.0,115300.0,61300.0,263300.0,200274.53149999998,163006.56,193172.22,143894.4,156897.35,360487.9795,50.92,1217783.96272224
2021-04-29,125500.0,58200.0,150200.0,115300.0,61300.0,263300.0,201489.1205,163396.5,193142.18,142741.4,157626.82,362854.25659999996,50.92,1221301.1988222399
2021-04-30,125500.0,58200.0,150200.0,115300.0,61300.0,263300.0,197357.15850000002,162098.64,191129.5,142280.2,156394.69,361402.6837,50.92,1210713.79392224
2021-05-06,125500.0,58200.0,150200.0,115300.0,61300.0,263300.0,197396.691,159671.7,194358.80000000002,141819.0,157694.25,365638.1275,50.92,1216629.49022224
2021-05-07,125500.0,58200.0,150200.0,115300.0,61300.0,263300.0,196604.6605,160352.63999999998,194584.1,143779.1,158350.16,369963.3566,50.92,1223684.93882224
2021-05-10,125500.0,58200.0,150200.0,115300.0,61300.0,263300.0,195825.8075,155458.02,195620.48,144586.2,156088.19,370808.28630000004,50.92,1218437.90552224
2021-05-11,125500.0,58200.0,150200.0,115300.0,61300.0,263300.0,191310.94499999998,154829.46,188606.14,141011.90000000002,154328.87999999998,370808.28630000004,50.92,1200946.53302224
2021-05-12,125500.0,58200.0,150200.0,115300.0,61300.0,263300.0,192749.928,150743.82,185767.36,141473.1,151037.07,371365.1658,50.92,1193187.36552224
2021-05-13,125500.0,58200.0,150200.0,115300.0,61300.0,263300.0,190254.86250000002,152868.12,180570.44,141819.0,153722.00999999998,369545.76279999997,50.92,1188831.11702224
2021-05-14,125500.0,58200.0,150200.0,115300.0,61300.0,263300.0,192155.81100000002,155981.82,184761.02,143548.5,155812.34,371206.13259999995,50.92,1203516.54532224
2021-05-17,125500.0,58200.0,150200.0,115300.0,61300.0,263300.0,192736.75050000002,154555.92,182598.14,143779.1,154886.71,375511.35089999996,50.92,1204118.89312224
2021-05-18,125500.0,58200.0,150200.0,115300.0,61300.0,263300.0,195720.1365,153496.68,186938.91999999998,143894.4,153697.49,378076.4195,50.92,1211874.96772224
2021-05-19,125500.0,58200.0,150200.0,115300.0,61300.0,263300.0,195442.907,153444.3,184791.06,141819.0,153023.19,378682.7994,50.92,1207254.17812224
2021-05-20,125500.0,58200.0,150200.0,115300.0,61300.0,263300.0,195112.9675,156849.0,184971.30000000002,144125.0,155138.04,378981.11830000003,50.92,1215228.3475222401
2021-05-21,125500.0,58200.0,150200.0,115300.0,61300.0,263300.0,194782.9025,155423.1,186818.76,144932.09999999998,154635.38,379229.67350000003,50.92,1215872.83772224
2021-05-24,125500.0,58200.0,150200.0,115300.0,61300.0,263300.0,194796.08,158397.12,187269.36,144701.5,156425.34,380581.9823,50.92,1222222.30402224
2021-05-25,125500.0,58200.0,150200.0,115300.0,61300.0,263300.0,198003.98549999998,158298.18,188215.62000000002,145047.4,155800.08,379458.4812,50.92,1224874.66842224
2021-05-26,125500.0,58200.0,150200.0,115300.0,61300.0,263300.0,199258.10700000002,158368.02,188395.86,144816.8,155646.83,382878.7482,50.92,1229415.28692224
2021-05-27,125500.0,58200.0,150200.0,115300.0,61300.0,263300.0,198954.397,157611.41999999998,186999.00000000003,143663.8,155677.48,380253.9105,50.92,1223210.92922224
2021-05-28,125500.0,58200.0,150200.0,115300.0,61300.0,263300.0,198545.267,157425.18,188921.56,144240.3,155395.5,378613.2882,50.92,1223192.0169222401
2021-05-31,125500.0,58200.0,150200.0,115300.0,61300.0,263300.0,198149.189,156994.5,186728.64,142972.0,155395.5,380810.5267,50.92,1221101.27742224
2021-06-01,125500.0,58200.0,150200.0,115300.0,61300.0,263300.0,200036.96,156336.84,186818.76,144470.9,154616.99,383137.3088,50.92,1225468.68052224
2021-06-02,125500.0,58200.0,150200.0,115300.0,61300.0,263300.0,199495.6785,157017.78,188380.84,145162.69999999998,155340.33,377758.3531,50.92,1223206.60332224
2021-06-03,125500.0,58200.0,150200.0,115300.0,61300.0,263300.0,197462.704,155394.0,188906.54,145393.3,154886.71,375292.54860000004,50.92,1217386.72432224
2021-06-04,125500.0,58200.0,150200.0,115300.0,61300.0,263300.0,197832.30149999997,158833.62,187885.18,145623.9,156878.96000000002,372409.1503,50.92,1219514.0335222401
2021-06-07,125500.0,58200.0,150200.0,115300.0,61300.0,263300.0,196683.851,158967.47999999998,189011.68,145623.9,156486.63999999998,374149.0367,50.92,1220973.50942224
2021-06-08,125500.0,58200.0,150200.0,115300.0,61300.0,263300.0,196432.9765,159014.04,189417.22000000003,145508.6,156382.43,375133.51540000003,50.92,1221939.7036222403
2021-06-09,125500.0,58200.0,150200.0,115300.0,61300.0,263300.0,196327.431,159223.56,188561.08000000002,144816.8,156210.78999999998,375799.6644,50.92,1220990.24712224
2021-06-10,125500.0,58200.0,150200.0,115300.0,61300.0,263300.0,196261.418,160905.54,188380.84,144816.8,156977.04,374566.63049999997,50.92,1221959.19022224
2021-06-11,125500.0,58200.0,150200.0,115300.0,61300.0,263300.0,196723.509,161039.4,188726.3,145623.9,157001.56,377748.3477,50.92,1226913.93842224
2021-06-15,125500.0,58200.0,150200.0,115300.0,61300.0,263300.0,195825.8075,162063.72,191084.44,145739.2,157516.47999999998,371862.2762,50.92,1224142.84542224
2021-06-16,125500.0,58200.0,150200.0,115300.0,61300.0,263300.0,194479.318,161638.86,190408.54,145623.9,156658.28,370987.33030000003,50.92,1219847.1500222401
2021-06-17,125500.0,58200.0,150200.0,115300.0,61300.0,263300.0,195891.8205,164298.6,188230.64,144701.5,157124.16,364097.0326,50.92,1214394.6748222401
2021-06-18,125500.0,58200.0,150200.0,115300.0,61300.0,263300.0,197819.124,163152.06,188996.66,141357.8,155211.6,361144.1231,50.92,1207732.2888222402
2021-06-21,125500.0,58200.0,150200.0,115300.0,61300.0,263300.0,196261.418,164676.9,183138.86000000002,142741.4,157829.11,360726.5293,50.92,1205425.13902224
2021-06-22,125500.0,58200.0,150200.0,115300.0,61300.0,263300.0,195152.5,166417.08,188651.2,143663.8,158797.65,361680.99179999996,50.92,1214414.14352224
2021-06-23,125500.0,58200.0,150200.0,115300.0,61300.0,263300.0,198650.8125,166516.02,188470.96,142280.2,158638.27,362039.0798,50.92,1216646.26402224
2021-06-24,125500.0,58200.0,150200.0,115300.0,61300.0,263300.0,199746.553,167953.56,188185.58,143894.4,160066.56,360497.98490000004,50.92,1220395.55962224
2021-06-25,125500.0,58200.0,150200.0,115300.0,61300.0,263300.0,202386.69650000002,167406.47999999998,189672.56,143894.4,160403.71,360845.8042,50.92,1224660.5724222402
2021-06-28,125500.0,58200.0,150200.0,115300.0,61300.0,263300.0,202030.2765,169065.18,189026.69999999998,143087.30000000002,160348.54,361243.6505,50.92,1224852.56872224
2021-06-29,125500.0,58200.0,150200.0,115300.0,61300.0,263300.0,200116.15050000002,169600.62,187765.02,144125.0,160373.06,359424.2475,50.92,1221455.01972224
2021-06-30,115200.0,49100.0,165700.0,142400.0,70200.0,238500.0,182662.272,143018.47999999998,207323.84000000003,175864.0,184001.22,322499.223,92.24,1215461.27085812
2021-07-01,115200.0,49100.0,165700.0,142400.0,70200.0,238500.0,182928.8448,143337.62999999998,205915.38999999998,176291.2,185271.84000000003,326398.9365,92.24,1220236.0771581202
2021-07-02,115200.0,49100.0,165700.0,142400.0,70200.0,238500.0,179657.0496,145144.51,205699.98,176718.40000000002,186682.86,327128.2695,92.24,1221123.30495812
2021-07-05,115200.0,49100.0,165700.0,142400.0,70200.0,238500.0,178590.75840000002,145090.5,205385.15,177003.2,186682.86,328362.2685,92.24,1221206.97275812
2021-07-06,115200.0,49100.0,165700.0,142400.0,70200.0,238500.0,177851.52,145645.33,206130.8,175152.0,186008.94,331424.37,92.24,1222305.19585812
2021-07-07,115200.0,49100.0,165700.0,142400.0,70200.0,238500.0,178069.7088,146347.46,204556.65,177003.2,187061.94,330901.8165,92.24,1224033.01115812
2021-07-08,115200.0,49100.0,165700.0,142400.0,70200.0,238500.0,172774.1952,145365.46,202849.94,173443.19999999998,185328.0,331433.1945,92.24,1211286.2255581198
2021-07-09,115200.0,49100.0,165700.0,142400.0,70200.0,238500.0,174095.0784,146460.38999999998,202949.36000000002,177288.00000000003,187553.34,332036.5995,92.24,1220475.00375812
2021-07-12,115200.0,49100.0,165700.0,142400.0,70200.0,238500.0,175306.86719999998,147015.22,206263.36,178854.4,188276.4,331090.94700000004,92.24,1226899.43005812
2021-07-13,115200.0,49100.0,165700.0,142400.0,70200.0,238500.0,178069.7088,146971.03,207108.43,178711.99999999997,187532.28000000003,332180.65349999996,92.24,1230666.33815812
2021-07-14,115200.0,49100.0,165700.0,142400.0,70200.0,238500.0,177112.3968,147457.12,205965.1,177572.80000000002,187904.34,332919.288,92.24,1229023.28065812
2021-07-15,115200.0,49100.0,165700.0,142400.0,70200.0,238500.0,177984.8064,146033.22,204208.68,176148.80000000002,186823.26,335368.9215,92.24,1226659.92375812
2021-07-16,115200.0,49100.0,165700.0,142400.0,70200.0,238500.0,178190.78399999999,145007.03,202999.07,174867.2,185587.74,334261.089,92.24,1221005.14885812
2021-07-19,115200.0,49100.0,165700.0,142400.0,70200.0,238500.0,174931.19999999998,143504.57,200115.88999999998,170310.4,182625.30000000002,331838.6445,92.24,1203418.24035812
2021-07-20,115200.0,49100.0,165700.0,142400.0,70200.0,238500.0,173792.1024,145620.78,199552.50999999998,171449.6,185826.42,333576.594,92.24,1209910.24225812
2021-07-21,115200.0,49100.0,165700.0,142400.0,70200.0,238500.0,173489.12639999998,146700.98,199734.78,173443.19999999998,187265.52000000002,332297.757,92.24,1213023.59925812
2021-07-22,115200.0,49100.0,165700.0,142400.0,70200.0,238500.0,176142.9888,147255.81,198574.87999999998,174155.2,187132.14,330505.668,92.24,1213858.92265812
2021-07-23,115200.0,49100.0,165700.0,142400.0,70200.0,238500.0,173634.62399999998,148998.86000000002,198823.43,175579.2,189027.53999999998,331676.4645,92.24,1217832.3543581201
2021-07-26,115200.0,49100.0,165700.0,142400.0,70200.0,238500.0,166739.5584,149391.66,200596.41999999998,175294.40000000002,189792.71999999997,332811.2475,92.24,1214718.24175812
2021-07-27,115200.0,49100.0,165700.0,142400.0,70200.0,238500.0,159517.44,147619.15,201574.05,174582.4,188809.92,331748.4915,92.24,1203943.68735812
2021-07-28,115200.0,49100.0,165700.0,142400.0,70200.0,238500.0,162304.4736,148669.88999999998,200480.43,175864.0,189315.36000000002,333045.4545,92.24,1209771.8439581199
2021-07-29,115200.0,49100.0,165700.0,142400.0,70200.0,238500.0,167818.0608,148984.13,201888.87999999998,177145.6,190164.78,333774.78750000003,92.24,1219868.47415812
2021-07-30,115200.0,49100.0,165700.0,142400.0,70200.0,238500.0,164861.3376,147319.63999999998,197878.94,175721.6,188178.12,335639.142,92.24,1209691.01545812
2021-08-02,115200.0,49100.0,165700.0,142400.0,70200.0,238500.0,166703.27039999998,147476.76,201126.66,175864.0,187981.56,331541.235,92.24,1210785.7212581201
2021-08-03,115200.0,49100.0,165700.0,142400.0,70200.0,238500.0,166267.008,148331.1,200811.83,175579.2,189371.52,332108.6265,92.24,1212561.52035812
2021-08-04,115200.0,49100.0,165700.0,142400.0,70200.0,238500.0,167830.1568,148669.88999999998,201076.95,177145.6,188620.38,332586.10349999997,92.24,1216021.31615812
2021-08-05,115200.0,49100.0,165700.0,142400.0,70200.0,238500.0,166497.2928,149745.18,201242.65,177430.4,189855.9,331964.5725,92.24,1216828.23115812
2021-08-06,115200.0,49100.0,165700.0,142400.0,70200.0,238500.0,166194.3168,148881.02,201358.64,177288.00000000003,190003.32,330181.308,92.24,1213998.84065812
2021-08-09,115200.0,49100.0,165700.0,142400.0,70200.0,238500.0,167284.91520000002,149617.52000000002,201143.23,176433.6,190445.58,321994.7955,92.24,1207011.87655812
2021-08-10,115200.0,49100.0,165700.0,142400.0,70200.0,238500.0,169272.2304,148797.55,201441.49,176576.0,190642.14,320274.7335,92.24,1207096.37975812
2021-08-11,115200.0,49100.0,165700.0,142400.0,70200.0,238500.0,169611.4944,148498.04,202336.27000000002,176860.8,191077.38,319284.0045,92.24,1207760.22475812
2021-08-12,115200.0,49100.0,165700.0,142400.0,70200.0,238500.0,168557.2992,148949.75999999998,201988.30000000002,178284.8,191456.46,323174.65499999997,92.24,1212503.5100581201
2021-08-13,115200.0,49100.0,165700.0,142400.0,70200.0,238500.0,167830.1568,149534.05000000002,202054.58000000002,178711.99999999997,191898.72,323958.1275,92.24,1214079.87015812
2021-08-16,115200.0,49100.0,165700.0,142400.0,70200.0,238500.0,166254.91199999998,149376.93,199552.50999999998,178711.99999999997,192151.44,326984.2155,92.24,1213124.2433581199
2021-08-17,115200.0,49100.0,165700.0,142400.0,70200.0,238500.0,163576.8576,148115.06,199685.07,178569.6,190944.0,330118.344,92.24,1211101.16745812
2021-08-18,115200.0,49100.0,165700.0,142400.0,70200.0,238500.0,164497.8816,147034.86000000002,200894.68,178569.6,189336.41999999998,329677.119,92.24,1210102.79645812
2021-08-19,115200.0,49100.0,165700.0,142400.0,70200.0,238500.0,161044.3008,147663.34,198011.5,176148.80000000002,189399.6,328506.3225,92.24,1200866.0991581199
2021-08-20,115200.0,49100.0,165700.0,142400.0,70200.0,238500.0,158402.6496,149553.69,196586.47999999998,176433.6,191316.06,329839.299,92.24,1202224.0144581199
2021-08-23,115200.0,49100.0,165700.0,142400.0,70200.0,238500.0,160026.3936,151714.09,199883.90999999997,177145.6,192902.58,329181.7545,92.24,1210946.56395812
2021-08-24,115200.0,49100.0,165700.0,142400.0,70200.0,238500.0,163552.6656,151777.92,201375.21000000002,178000.0,192713.04,331622.325,92.24,1219133.39645812
2021-08-25,115200.0,49100.0,165700.0,142400.0,70200.0,238500.0,163370.88,151704.27000000002,201010.67,177430.4,192909.6,329812.11,92.24,1216330.1658581202
2021-08-26,115200.0,49100.0,165700.0,142400.0,70200.0,238500.0,161710.7328,150786.1,200530.13999999998,177003.2,191793.41999999998,328812.5565,92.24,1210728.38515812
2021-08-27,115200.0,49100.0,165700.0,142400.0,70200.0,238500.0,161856.1152,152632.26,200082.75,177715.2,193871.34,331541.235,92.24,1217791.13605812
2021-08-30,115200.0,49100.0,165700.0,142400.0,70200.0,238500.0,162243.8784,153903.95,201010.67,178284.8,194159.16,332505.0135,92.24,1222199.70775812
2021-08-31,115200.0,49100.0,165700.0,142400.0,70200.0,238500.0,164461.4784,153692.82,203081.92,177572.80000000002,193920.48,332550.08999999997,92.24,1225371.82425812
2021-09-01,115200.0,49100.0,165700.0,142400.0,70200.0,238500.0,165600.576,154016.88,205633.7,177715.2,193990.68,332387.91,92.24,1229437.1818581198
2021-09-02,115200.0,49100.0,165700.0,142400.0,70200.0,238500.0,165939.84,153746.83,205749.69,178142.4,194306.58000000002,332306.81999999995,92.24,1230284.3958581202
2021-09-03,115200.0,49100.0,165700.0,142400.0,70200.0,238500.0,164800.7424,154198.55,210057.89,177857.6,194194.26,332009.64900000003,92.24,1233210.9272581202
2021-09-06,115200.0,49100.0,165700.0,142400.0,70200.0,238500.0,166327.6032,154075.8,214167.25,179566.4,194194.26,334171.1745,92.24,1242594.7235581202
2021-09-07,115200.0,49100.0,165700.0,142400.0,70200.0,238500.0,167490.8928,154350.76,216122.51,178427.19999999998,193393.98,333351.45,92.24,1243229.02865812
2021-09-08,115200.0,49100.0,165700.0,142400.0,70200.0,238500.0,167624.1792,154115.08,217116.71,175721.6,193548.41999999998,330145.2945,92.24,1238363.51955812
2021-09-09,115200.0,49100.0,165700.0,142400.0,70200.0,238500.0,163673.856,153398.22,216337.92,175294.40000000002,192502.44,328659.4395,92.24,1229958.51135812
2021-09-10,115200.0,49100.0,165700.0,142400.0,70200.0,238500.0,166666.8672,152097.07,219469.65,175152.0,190880.82,329461.038,92.24,1233819.68105812
2021-09-13,115200.0,49100.0,165700.0,142400.0,70200.0,238500.0,164025.216,151876.12,219767.91,175864.0,191084.4,328443.12,92.24,1231153.00185812
2021-09-14,115200.0,49100.0,165700.0,142400.0,70200.0,238500.0,162037.9008,151394.94,221259.21,176006.4,190031.4,328488.19649999996,92.24,1229310.28315812
2021-09-15,115200.0,49100.0,165700.0,142400.0,70200.0,238500.0,159081.1776,152519.33000000002,220381.0,174724.80000000002,191617.92,329451.97500000003,92.24,1227868.4384581202
2021-09-16,115200.0,49100.0,165700.0,142400.0,70200.0,238500.0,156342.6432,152278.74,219221.1,174867.2,190859.75999999998,326804.148,92.24,1220465.8270581202
2021-09-17,115200.0,49100.0,165700.0,142400.0,70200.0,238500.0,158354.1504,150913.75999999998,220463.85,172731.2,189659.34000000003,323841.024,92.24,1216055.56025812
2021-09-22,115200.0,49100.0,165700.0,142400.0,70200.0,238500.0,154197.7344,149740.27,215658.55000000002,172731.2,188515.08,327776.751,92.24,1208711.82125812
2021-09-23,115200.0,49100.0,165700.0,142400.0,70200.0,238500.0,156197.1456,151218.18,214763.77000000002,173870.40000000002,190965.06,324534.582,92.24,1211641.37345812
2021-09-24,115200.0,49100.0,165700.0,142400.0,70200.0,238500.0,153822.1824,151011.96,217895.5,173016.0,190810.62000000002,322877.484,92.24,1209525.98225812
2021-09-27,115200.0,49100.0,165700.0,142400.0,70200.0,238500.0,154137.1392,149995.59,217000.72000000003,173443.19999999998,190543.86000000002,323778.06,92.24,1208990.80505812
2021-09-28,115200.0,49100.0,165700.0,142400.0,70200.0,238500.0,155869.97759999998,145556.95,215559.13,169171.19999999998,186430.13999999998,321040.3185,92.24,1193719.95195812
2021-09-29,115200.0,49100.0,165700.0,142400.0,70200.0,238500.0,156984.8832,145502.94,211930.3,170452.80000000002,186886.44,320166.69299999997,92.24,1192016.29205812
2021-09-30,121300.0,49300.0,147100.0,145300.0,68500.0,250200.0,165195.3162,145888.56,187714.31,172035.19999999998,180716.69999999998,334493.631,264.66,1186308.3725201199
2021-10-08,121300.0,49300.0,147100.0,145300.0,68500.0,250200.0,166343.6633,146603.41,178241.07,169710.4,183566.30000000002,337942.1376,264.66,1182671.6362201201
2021-10-11,121300.0,49300.0,147100.0,145300.0,68500.0,250200.0,169278.39549999998,145277.24,179785.62,169565.1,181942.85,337242.8286,264.66,1183356.6894201199
2021-10-12,121300.0,49300.0,147100.0,145300.0,68500.0,250200.0,166841.35720000003,144680.71,176343.48,168548.0,181415.4,339274.2024,264.66,1177367.8049201202
2021-10-13,121300.0,49300.0,147100.0,145300.0,68500.0,250200.0,167236.7952,146105.48,176078.7,169855.7,182415.5,339075.7938,264.66,1181032.62432012
2021-10-14,121300.0,49300.0,147100.0,145300.0,68500.0,250200.0,166803.0264,148422.58000000002,178358.75,172471.1,184984.25,343535.1084,264.66,1194839.47012012
2021-10-15,121300.0,49300.0,147100.0,145300.0,68500.0,250200.0,169201.7339,149295.19,180609.38,173924.1,186278.9,342713.20139999996,264.66,1202287.1606201201
2021-10-18,121300.0,49300.0,147100.0,145300.0,68500.0,250200.0,169533.4894,150606.57,179520.84,172471.1,186648.80000000002,338329.4472,264.66,1197374.90192012
2021-10-19,121300.0,49300.0,147100.0,145300.0,68500.0,250200.0,172072.6623,151691.17,180521.12000000002,173197.6,188046.2,339708.79980000004,264.66,1205502.20742012
2021-10-20,121300.0,49300.0,147100.0,145300.0,68500.0,250200.0,173846.1896,150961.53,180035.69,172761.7,188046.2,338565.636,264.66,1204481.60092012
2021-10-21,121300.0,49300.0,147100.0,145300.0,68500.0,250200.0,172608.5657,151538.34,176446.45,172180.5,188101.0,340011.0414,264.66,1201150.55242012
2021-10-22,121300.0,49300.0,147100.0,145300.0,68500.0,250200.0,173693.109,150552.34,177843.90000000002,172907.0,188306.5,341560.53,264.66,1205128.0343201202
2021-10-25,121300.0,49300.0,147100.0,145300.0,68500.0,250200.0,173488.96110000001,151829.21,176902.46,173488.19999999998,188875.05,341173.2204,264.66,1206021.75682012
2021-10-26,121300.0,49300.0,147100.0,145300.0,68500.0,250200.0,172723.3155,152189.1,179873.88,174505.30000000002,189114.80000000002,342042.4152,264.66,1210713.46602012
2021-10-27,121300.0,49300.0,147100.0,145300.0,68500.0,250200.0,169890.83920000002,152489.83000000002,178491.14,173778.8,188066.75,339302.47500000003,264.66,1202284.4895201202
2021-10-28,121300.0,49300.0,147100.0,145300.0,68500.0,250200.0,169584.5567,154461.83000000002,178108.68000000002,173924.1,190203.94999999998,343147.7988,264.66,1209695.5708201202
2021-10-29,121300.0,49300.0,147100.0,145300.0,68500.0,250200.0,168308.602,155048.5,178594.11,174795.90000000002,190443.69999999998,341796.7188,264.66,1209252.1861201199
2021-11-01,121300.0,49300.0,147100.0,145300.0,68500.0,250200.0,167517.6047,156241.56,182933.56,175086.5,191601.35,340294.518,264.66,1213939.74802012
2021-11-02,121300.0,49300.0,147100.0,145300.0,68500.0,250200.0,166560.5477,156478.19999999998,181992.12000000002,176830.1,191772.59999999998,341815.73400000005,264.66,1215713.95702012
2021-11-03,121300.0,49300.0,147100.0,145300.0,68500.0,250200.0,166330.9268,158322.02,182374.58000000002,176830.1,193204.25,339160.8618,264.66,1216487.39392012
2021-11-04,121300.0,49300.0,147100.0,145300.0,68500.0,250200.0,167275.126,159978.5,183404.28,177701.90000000002,193628.95,338272.6518,264.66,1220526.0631201202
2021-11-05,121300.0,49300.0,147100.0,145300.0,68500.0,250200.0,165029.4991,160220.06999999998,182948.27000000002,177120.7,194471.5,342410.9598,264.66,1222465.65422012
2021-11-08,121300.0,49300.0,147100.0,145300.0,68500.0,250200.0,164302.1843,159924.27,182433.41999999998,177266.0,194560.55000000002,345840.4512,264.66,1224591.5308201201
2021-11-09,121300.0,49300.0,147100.0,145300.0,68500.0,250200.0,164378.72460000002,158642.47,181227.2,177266.0,193724.85,347021.39519999997,264.66,1222525.29512012
2021-11-10,121300.0,49300.0,147100.0,145300.0,68500.0,250200.0,165693.0101,156443.69,181227.2,177847.19999999998,192293.19999999998,346813.479,264.66,1220582.43442012
2021-11-11,121300.0,49300.0,147100.0,145300.0,68500.0,250200.0,167759.9621,157370.53,181183.07,176975.4,192971.35,352822.53239999997,264.66,1229347.49982012
2021-11-12,121300.0,49300.0,147100.0,145300.0,68500.0,250200.0,168117.1906,158834.74,182786.46,176248.90000000002,194149.55,352784.7522,264.66,1233186.24812012
2021-11-15,121300.0,49300.0,147100.0,145300.0,68500.0,250200.0,168104.45409999997,158395.97,183551.38,176394.19999999998,193642.65000000002,351414.657,264.66,1231767.96642012
2021-11-16,121300.0,49300.0,147100.0,145300.0,68500.0,250200.0,170311.8715,159618.61,183213.05000000002,176394.19999999998,194471.5,352992.4182,264.66,1237266.30502012
2021-11-17,121300.0,49300.0,147100.0,145300.0,68500.0,250200.0,169967.3795,159638.33000000002,181756.76,175667.7,194033.09999999998,352340.6472,264.66,1233668.57202012
2021-11-18,121300.0,49300.0,147100.0,145300.0,68500.0,250200.0,167440.9431,161043.38,181830.31,174941.19999999998,194300.25,353077.4862,264.66,1232898.2246201201
2021-11-19,121300.0,49300.0,147100.0,145300.0,68500.0,250200.0,165667.41580000002,161989.94,182683.49,175086.5,194094.75,353238.11460000003,264.66,1233024.86572012
2021-11-22,121300.0,49300.0,147100.0,145300.0,68500.0,250200.0,165373.9911,160402.48,183330.72999999998,173633.5,193848.15,349411.80600000004,264.66,1226265.31242012
2021-11-23,121300.0,49300.0,147100.0,145300.0,68500.0,250200.0,163294.1813,159643.26,182095.09,171163.4,194101.6,343837.6002,264.66,1214399.7868201202
2021-11-24,121300.0,49300.0,147100.0,145300.0,68500.0,250200.0,163447.2619,160165.84,178961.86,170582.19999999998,194471.5,341437.6818,264.66,1209330.9990201201
2021-11-25,121300.0,49300.0,147100.0,145300.0,68500.0,250200.0,163906.625,160353.18000000002,179579.68000000002,170436.9,194471.5,341305.5762,264.66,1210318.1165201203
2021-11-26,121300.0,49300.0,147100.0,145300.0,68500.0,250200.0,159389.77690000003,156902.18,175578.56,163462.5,190156.0,343506.8358,264.66,1189260.50802012
2021-11-29,121300.0,49300.0,147100.0,145300.0,68500.0,250200.0,157692.7899,160363.04,174475.31,164479.59999999998,192464.44999999998,340984.3194,264.66,1190724.1646201198
2021-11-30,121300.0,49300.0,147100.0,145300.0,68500.0,250200.0,155026.13069999998,157656.47,171356.79,162590.7,188635.3,340115.1246,264.66,1175645.1706201201
2021-12-01,121300.0,49300.0,147100.0,145300.0,68500.0,250200.0,155970.32989999998,154920.32,172518.88,166804.4,186114.5,339009.741,264.66,1175602.82622012
2021-12-02,121300.0,49300.0,147100.0,145300.0,68500.0,250200.0,157003.8059,156054.22,172121.71,164334.3,188861.35,337384.692,264.66,1176024.73322012
2021-12-03,121300.0,49300.0,147100.0,145300.0,68500.0,250200.0,156901.7926,153416.66999999998,173607.41999999998,163171.9,187326.95,337016.14739999996,264.66,1171705.53532012
2021-12-06,121300.0,49300.0,147100.0,145300.0,68500.0,250200.0,153928.8509,154644.24,172916.05,165351.4,189409.35,339614.22420000006,264.66,1176128.77042012
2021-12-07,121300.0,49300.0,147100.0,145300.0,68500.0,250200.0,158228.69329999998,159406.62,176343.48,169855.7,193430.3,339132.339,264.66,1196661.78762012
2021-12-08,121300.0,49300.0,147100.0,145300.0,68500.0,250200.0,158152.153,159939.06,177770.34999999998,168112.1,193841.30000000002,339359.2704,264.66,1197438.88872012
2021-12-09,121300.0,49300.0,147100.0,145300.0,68500.0,250200.0,159377.0404,157109.24,176196.38,168112.1,191950.7,338376.735,264.66,1191386.8507201201
2021-12-10,121300.0,49300.0,147100.0,145300.0,68500.0,250200.0,158203.2203,159352.38999999998,174828.34999999998,167385.59999999998,194375.6,337620.8808,264.66,1192030.6964201198
2021-12-13,121300.0,49300.0,147100.0,145300.0,68500.0,250200.0,157858.7283,156803.58000000002,176446.45,168112.1,192498.7,339151.3542,264.66,1191135.5678201201
2021-12-14,121300.0,49300.0,147100.0,145300.0,68500.0,250200.0,155638.5744,155186.54,175166.68000000002,165932.59999999998,191101.30000000002,339245.9298,264.66,1182536.27952012
2021-12-15,121300.0,49300.0,147100.0,145300.0,68500.0,250200.0,154349.8832,158933.34,175299.07,165932.59999999998,194327.65,335835.2034,264.66,1184942.4019201202
2021-12-16,121300.0,49300.0,147100.0,145300.0,68500.0,250200.0,154515.8216,154560.43,178167.52000000002,167821.5,192402.80000000002,338971.9608,264.66,1186704.68772012
2021-12-17,121300.0,49300.0,147100.0,145300.0,68500.0,250200.0,152640.15970000002,153968.83,175549.14,167240.30000000002,190450.55,343251.63180000003,264.66,1183365.2668201202
2021-12-20,121300.0,49300.0,147100.0,145300.0,68500.0,250200.0,150368.93850000002,152948.31999999998,172651.27,163607.8,189080.55,342335.3994,264.66,1171256.9332201201
2021-12-21,121300.0,49300.0,147100.0,145300.0,68500.0,250200.0,151389.67799999999,155995.06,175505.01,165642.0,191841.1,340389.0936,264.66,1181026.59692012
2021-12-22,121300.0,49300.0,147100.0,145300.0,68500.0,250200.0,152206.2696,157957.2,175196.1,167385.59999999998,193711.15,339378.0354,264.66,1186099.01032012
2021-12-23,121300.0,49300.0,147100.0,145300.0,68500.0,250200.0,152716.69999999998,159155.19,176152.25,169565.1,194759.19999999998,343062.7308,264.66,1195675.82612012
2021-12-24,121300.0,49300.0,147100.0,145300.0,68500.0,250200.0,152997.38820000002,159248.86,176063.99000000002,169710.4,194759.19999999998,343837.6002,264.66,1196882.09372012
2021-12-27,121300.0,49300.0,147100.0,145300.0,68500.0,250200.0,152971.9152,161753.30000000002,175563.85,170436.9,197512.9,343440.783,264.66,1201944.30352012
2021-12-28,121300.0,49300.0,147100.0,145300.0,68500.0,250200.0,153494.9608,161112.4,177211.37000000002,172035.19999999998,197444.4,344612.2194,264.66,1206175.20552012
2021-12-29,121300.0,49300.0,147100.0,145300.0,68500.0,250200.0,152193.5331,161146.91,176475.87,170582.19999999998,197732.1,342826.54199999996,264.66,1201221.81042012
2021-12-30,121300.0,49300.0,147100.0,145300.0,68500.0,250200.0,152231.8639,160313.74,175416.74999999997,171308.7,196958.05000000002,341144.94779999997,264.66,1197638.70702012
2021-12-31,124800.0,46500.0,143000.0,156900.0,67100.0,250200.0,158777.2992,150376.35,170684.8,184828.19999999998,192670.94,344876.6808,67.21,1202281.47632012
2022-01-04,124800.0,46500.0,143000.0,156900.0,67100.0,250200.0,158107.74719999998,150329.85,173187.30000000002,187652.4,193878.74000000002,342514.7928,67.21,1205738.03632012
2022-01-05,124800.0,46500.0,143000.0,156900.0,67100.0,250200.0,155547.84960000002,145526.4,172300.7,188593.8,190080.88,343931.9256,67.21,1196048.76152012
2022-01-06,124800.0,46500.0,143000.0,156900.0,67100.0,250200.0,156440.544,145256.7,167567.4,186397.19999999998,189752.09,342089.703,67.21,1187570.84332012
2022-01-07,124800.0,46500.0,143000.0,156900.0,67100.0,250200.0,159276.1248,143624.55,167624.59999999998,184985.1,189054.25,339812.63279999996,67.21,1184444.46392012
2022-01-10,124800.0,46500.0,143000.0,156900.0,67100.0,250200.0,160798.9344,143675.69999999998,167724.7,183573.0,188504.03,340256.7378,67.21,1184600.30852012
2022-01-11,124800.0,46500.0,143000.0,156900.0,67100.0,250200.0,160890.7872,145819.35,166895.30000000002,185298.9,190322.43999999997,343185.579,67.21,1192479.56252012
2022-01-12,124800.0,46500.0,143000.0,156900.0,67100.0,250200.0,165314.8224,146400.6,169855.4,186554.1,190772.01,344338.2504,67.21,1203302.38912012
2022-01-13,124800.0,46500.0,143000.0,156900.0,67100.0,250200.0,165341.0304,142280.7,168639.9,187495.5,187732.38,345245.2254,67.21,1196801.94212012
2022-01-14,124800.0,46500.0,143000.0,156900.0,67100.0,250200.0,165406.6752,143624.55,167767.6,186397.19999999998,188275.88999999998,345131.8848,67.21,1196671.0063201198
2022-01-17,124800.0,46500.0,143000.0,156900.0,67100.0,250200.0,164107.008,143447.85,168597.0,186083.4,188275.88999999998,343931.9256,67.21,1194510.27992012
2022-01-18,124800.0,46500.0,143000.0,156900.0,67100.0,250200.0,163096.25280000002,139625.55,167410.1,184043.7,184357.25,342779.25419999997,67.21,1181379.3133201199
2022-01-19,124800.0,46500.0,143000.0,156900.0,67100.0,250200.0,163424.352,138225.9,163148.7,183416.1,182860.92,342921.1176,67.21,1174064.29592012
2022-01-20,124800.0,46500.0,143000.0,156900.0,67100.0,250200.0,168727.9776,136063.65,164807.5,184357.5,180465.44999999998,347144.2434,67.21,1181633.52732012
2022-01-21,124800.0,46500.0,143000.0,156900.0,67100.0,250200.0,168846.0384,132269.25,164021.0,180278.1,177070.19,347370.9246,67.21,1169922.70932012
2022-01-24,124800.0,46500.0,143000.0,156900.0,67100.0,250200.0,166575.05279999998,132673.80000000002,164450.0,173845.2,177325.17,346511.23740000004,67.21,1161447.66652012
2022-01-25,124800.0,46500.0,143000.0,156900.0,67100.0,250200.0,163805.1168,129395.55,161303.99999999997,174786.6,175177.97,347049.918,67.21,1151586.36112012
2022-01-26,124800.0,46500.0,143000.0,156900.0,67100.0,250200.0,163700.03519999998,129358.34999999999,160417.4,177767.7,174433.16,347352.1596,67.21,1153096.01112012
2022-01-27,124800.0,46500.0,143000.0,156900.0,67100.0,250200.0,160628.208,127972.65,154711.7,177610.8,173876.22999999998,341466.2046,67.21,1136332.99892012
2022-01-28,124800.0,46500.0,143000.0,156900.0,67100.0,250200.0,159709.3056,132883.05,157929.2,174786.6,179163.71000000002,340313.5332,67.21,1144852.60512012
2022-02-07,124800.0,46500.0,143000.0,156900.0,67100.0,250200.0,166273.0368,133771.19999999998,160088.5,176669.4,180780.82,342401.4522,67.21,1160051.61532012
2022-02-08,124800.0,46500.0,143000.0,156900.0,67100.0,250200.0,164540.18879999997,135403.35,161175.3,177610.8,182263.72999999998,344016.9936,67.21,1165077.56872012
2022-02-09,124800.0,46500.0,143000.0,156900.0,67100.0,250200.0,168110.9664,138421.19999999998,162519.5,180278.1,185169.15999999997,345632.535,67.21,1180198.66772012
2022-02-10,124800.0,46500.0,143000.0,156900.0,67100.0,250200.0,168688.54080000002,134989.5,163091.5,180435.0,181679.96,346397.8968,67.21,1175349.60392012
2022-02-11,124800.0,46500.0,143000.0,156900.0,67100.0,250200.0,168570.3552,130878.9,162676.8,179336.7,178465.87,344687.77979999996,67.21,1164683.61132012
2022-02-14,124800.0,46500.0,143000.0,156900.0,67100.0,250200.0,166062.99839999998,131018.40000000001,159688.1,175257.3,177727.77,350252.7282,67.21,1160074.50292012
2022-02-15,124800.0,46500.0,143000.0,156900.0,67100.0,250200.0,164658.3744,134226.9,158100.8,177610.8,180378.22,354060.02160000004,67.21,1169102.32232012
2022-02-16,124800.0,46500.0,143000.0,156900.0,67100.0,250200.0,166666.9056,133803.75,161289.69999999998,177453.9,180156.78999999998,349364.5182,67.21,1168802.7701201201
2022-02-17,124800.0,46500.0,143000.0,156900.0,67100.0,250200.0,166811.2992,129511.8,159816.8,176355.6,175963.03999999998,352435.2228,67.21,1160960.9683201201
2022-02-18,124800.0,46500.0,143000.0,156900.0,67100.0,250200.0,163778.78399999999,128061.0,159959.80000000002,173531.40000000002,174782.08,355364.064,67.21,1155544.33432012
2022-02-21,124800.0,46500.0,143000.0,156900.0,67100.0,250200.0,162833.67359999998,128158.65,158930.19999999998,169452.0,174782.08,355174.9128,67.21,1149398.7227201199
2022-02-22,124800.0,46500.0,143000.0,156900.0,67100.0,250200.0,158659.11359999998,127010.09999999999,156685.09999999998,168981.3,173386.4,359898.939,67.21,1144688.15892012
2022-02-23,124800.0,46500.0,143000.0,156900.0,67100.0,250200.0,159144.8352,123327.3,155569.7,168196.80000000002,169729.45,356204.73600000003,67.21,1132240.0275201201
2022-02-24,124800.0,46500.0,143000.0,156900.0,67100.0,250200.0,153920.0832,127507.65000000001,153110.1,161136.3,172185.31,364207.1328,67.21,1132133.7823201201
2022-02-25,124800.0,46500.0,143000.0,156900.0,67100.0,250200.0,153079.9296,129572.25000000001,155426.69999999998,165686.4,176224.73,359124.3198,67.21,1139181.53572012
2022-02-28,124800.0,46500.0,143000.0,156900.0,67100.0,250200.0,152384.16960000002,129837.29999999999,155269.40000000002,163960.5,175453.08,356422.1598,67.21,1133393.81572012
2022-03-01,124800.0,46500.0,143000.0,156900.0,67100.0,250200.0,152082.27839999998,127349.55,157114.1,157527.6,172178.59999999998,357518.03579999995,67.21,1123837.37052012
2022-03-02,124800.0,46500.0,143000.0,156900.0,67100.0,250200.0,150047.41439999998,130134.9,155784.19999999998,158312.09999999998,176305.25,363734.7552,67.21,1134385.8259201199
2022-03-03,124800.0,46500.0,143000.0,156900.0,67100.0,250200.0,150086.8512,127582.05,155155.0,153762.0,174426.44999999998,361231.0038,67.21,1122310.56132012
2022-03-04,124800.0,46500.0,143000.0,156900.0,67100.0,250200.0,146857.5264,126303.3,152352.19999999998,146858.4,173822.55,363101.7492,67.21,1109362.93192012
2022-03-07,124800.0,46500.0,143000.0,156900.0,67100.0,250200.0,141540.7968,121918.35,149106.1,142151.4,169179.23,369998.7624,67.21,1093961.84552012
2022-03-08,124800.0,46500.0,143000.0,156900.0,67100.0,250200.0,139007.232,120900.0,145459.6,141210.0,167132.68000000002,377755.4628,67.21,1091532.18112012
2022-03-09,124800.0,46500.0,143000.0,156900.0,67100.0,250200.0,138022.6848,125247.74999999999,144544.4,152820.6,171433.79,382498.254,67.21,1114634.68512012
2022-03-10,124800.0,46500.0,143000.0,156900.0,67100.0,250200.0,139873.5936,123713.25,149549.40000000002,150310.19999999998,170507.81,370527.9354,67.21,1104549.39532012
2022-03-11,124800.0,46500.0,143000.0,156900.0,67100.0,250200.0,137970.144,121416.15,147018.3,152036.1,168830.31,371907.288,67.21,1099245.49832012
2022-03-14,124800.0,46500.0,143000.0,156900.0,67100.0,250200.0,131419.51679999998,119416.65,146131.7,154546.5,168112.34,369205.128,67.21,1088899.0411201199
2022-03-15,124800.0,46500.0,143000.0,156900.0,67100.0,250200.0,124304.4192,123731.84999999999,146231.8,155174.1,172359.77000000002,362761.7274,67.21,1084630.8729201201
2022-03-16,124800.0,46500.0,143000.0,156900.0,67100.0,250200.0,135791.0112,128400.45,148720.0,161763.9,176338.80000000002,360550.96020000003,67.21,1111632.32772012
2022-03-17,124800.0,46500.0,143000.0,156900.0,67100.0,250200.0,144599.52,129121.20000000001,152037.59999999998,160979.4,177439.24000000002,363101.7492,67.21,1127345.91552012
2022-03-18,124800.0,46500.0,143000.0,156900.0,67100.0,250200.0,144021.9456,131994.9,153639.2,162391.5,179559.6,364528.3896,67.21,1136202.74152012
2022-03-21,124800.0,46500.0,143000.0,156900.0,67100.0,250200.0,143155.584,132180.9,153353.2,161293.2,180156.78999999998,362695.4244,67.21,1132902.30472012
2022-03-22,124800.0,46500.0,143000.0,156900.0,67100.0,250200.0,147592.59840000002,134798.84999999998,155226.5,162391.5,182156.37,365066.82,67.21,1147299.84472012
2022-03-23,124800.0,46500.0,143000.0,156900.0,67100.0,250200.0,149102.304,132692.4,157457.3,160194.9,179613.28,362818.27259999997,67.21,1141945.66292012
2022-03-24,124800.0,46500.0,143000.0,156900.0,67100.0,250200.0,147973.3632,135831.15,158243.80000000002,160038.0,182397.93000000002,366673.104,67.21,1151224.55352012
2022-03-25,124800.0,46500.0,143000.0,156900.0,67100.0,250200.0,144520.7712,135947.4,157199.9,160665.6,183599.02000000002,368487.054,67.21,1150486.95152012
2022-03-28,124800.0,46500.0,143000.0,156900.0,67100.0,250200.0,146319.26400000002,138193.35,156270.4,161607.0,184867.21000000002,365255.9712,67.21,1152580.4015201202
2022-03-29,124800.0,46500.0,143000.0,156900.0,67100.0,250200.0,147723.888,140309.1,156484.9,166000.2,186860.08000000002,362950.6284,67.21,1160396.0027201201
2022-03-30,124800.0,46500.0,143000.0,156900.0,67100.0,250200.0,149627.3376,138583.95,156413.40000000002,164745.0,185491.24000000002,362790.0,67.21,1157718.13392012
2022-03-31,116800.0,45500.0,165400.0,133900.0,63700.0,264700.0,138377.2816,133292.25,180666.42,139523.80000000002,173136.6,384104.8465,65.26,1149166.4606008702
2022-04-01,116800.0,45500.0,165400.0,133900.0,63700.0,264700.0,138623.0288,133533.4,180401.78,138720.4,173773.6,385134.5295,65.26,1150252.0008008701
2022-04-06,116800.0,45500.0,165400.0,133900.0,63700.0,264700.0,139421.59040000002,130776.1,176581.04,134569.5,172091.92,383165.4262,65.26,1136670.83910087
2022-04-07,116800.0,45500.0,165400.0,133900.0,63700.0,264700.0,137369.8816,130762.45,173140.72,133498.3,172461.37999999998,384224.75560000003,65.26,1131522.74970087
2022-04-08,116800.0,45500.0,165400.0,133900.0,63700.0,264700.0,137775.2944,128846.9,173223.41999999998,135105.09999999998,171977.26,385024.4143,65.26,1132017.65120087
2022-04-11,116800.0,45500.0,165400.0,133900.0,63700.0,264700.0,133499.7136,125680.1,171817.52,134435.6,169047.06,388192.87330000004,65.26,1122738.12940087
2022-04-12,116800.0,45500.0,165400.0,133900.0,63700.0,264700.0,134544.0224,125525.4,167533.65999999997,133900.0,168868.69999999998,390032.27359999996,65.26,1120469.31850087
2022-04-13,116800.0,45500.0,165400.0,133900.0,63700.0,264700.0,134802.0336,127927.79999999999,170792.04,132694.9,170665.03999999998,391611.47380000004,65.26,1128558.54990087
2022-04-14,116800.0,45500.0,165400.0,133900.0,63700.0,264700.0,135244.35520000002,124538.04999999999,172231.02,133900.0,168027.86,393070.7649,65.26,1127077.31260087
2022-04-15,116800.0,45500.0,165400.0,133900.0,63700.0,264700.0,135920.04320000001,125215.99999999999,171784.44,133632.2,168027.86,394110.24179999996,65.26,1128756.0475008702
2022-04-18,116800.0,45500.0,165400.0,133900.0,63700.0,264700.0,135625.24000000002,125161.4,168972.64,133498.3,168562.94,396369.1916,65.26,1128254.97410087
2022-04-19,116800.0,45500.0,165400.0,133900.0,63700.0,264700.0,132443.1408,127763.99999999999,169468.84,132828.8,171161.9,394410.1469,65.26,1128142.09020087
2022-04-20,116800.0,45500.0,165400.0,133900.0,63700.0,264700.0,132492.3136,126371.7,168625.30000000002,135239.0,171786.16,389582.2836,65.26,1124162.0197008702
2022-04-21,116800.0,45500.0,165400.0,133900.0,63700.0,264700.0,131005.6832,124087.59999999999,172594.90000000002,137649.2,169531.18,393310.5831,65.26,1128244.40880087
2022-04-22,116800.0,45500.0,165400.0,133900.0,63700.0,264700.0,131681.37120000002,121735.25,170907.82,135239.0,166104.12,395299.8036,65.26,1121032.6273008701
2022-04-25,116800.0,45500.0,165400.0,133900.0,63700.0,264700.0,127319.82559999998,123946.55,167930.62000000002,133364.4,167849.5,393540.6074,65.26,1114016.76550087
2022-04-26,116800.0,45500.0,165400.0,133900.0,63700.0,264700.0,129052.2032,120288.34999999999,171255.16,132025.4,164830.12,389822.3665,65.26,1107338.8622008702
2022-04-27,116800.0,45500.0,165400.0,133900.0,63700.0,264700.0,129138.16799999999,120247.4,170014.66,131489.8,165199.58,390282.1504,65.26,1106437.02090087
2022-04-28,116800.0,45500.0,165400.0,133900.0,63700.0,264700.0,131325.1312,124492.55,171767.9,132159.3,169365.56,389592.3422,65.26,1118768.04590087
2022-04-29,116800.0,45500.0,165400.0,133900.0,63700.0,264700.0,137713.8576,119901.6,170130.44,133766.1,164588.06,394699.99340000004,65.26,1120865.31350087
2022-05-05,116800.0,45500.0,165400.0,133900.0,63700.0,264700.0,134728.3328,118923.35,170477.78,131757.6,163925.58,392241.1951,65.26,1112119.10040087
2022-05-06,116800.0,45500.0,165400.0,133900.0,63700.0,264700.0,130833.6368,118718.59999999999,172247.56000000003,130150.8,164626.28,392531.0416,65.26,1109173.1809008701
2022-05-09,116800.0,45500.0,165400.0,133900.0,63700.0,264700.0,131902.5904,114914.79999999999,168691.46,128276.2,160689.62000000002,393300.7892,65.26,1097840.72210087
2022-05-10,116800.0,45500.0,165400.0,133900.0,63700.0,264700.0,129899.9376,116803.05,168774.16,130418.59999999999,161645.12,391891.2617,65.26,1099497.39180087
2022-05-11,116800.0,45500.0,165400.0,133900.0,63700.0,264700.0,131497.0608,113458.79999999999,169501.91999999998,133096.6,159351.91999999998,389932.217,65.26,1096903.7803008698
2022-05-12,116800.0,45500.0,165400.0,133900.0,63700.0,264700.0,128523.9168,113231.3,167269.02000000002,132025.4,159199.04,392201.2254,65.26,1092515.16470087
2022-05-13,116800.0,45500.0,165400.0,133900.0,63700.0,264700.0,133131.20959999997,118454.70000000001,174662.4,134301.69999999998,164460.66,388572.7178,65.26,1113648.64990087
2022-05-16,116800.0,45500.0,165400.0,133900.0,63700.0,264700.0,133450.5408,117026.0,174083.5,133766.1,163734.47999999998,385933.9235,65.26,1108059.80680087
2022-05-17,116800.0,45500.0,165400.0,133900.0,63700.0,264700.0,137775.2944,120042.65000000001,175257.84000000003,136310.2,166995.91999999998,386823.58019999997,65.26,1123270.7471008701
2022-05-18,116800.0,45500.0,165400.0,133900.0,63700.0,264700.0,137173.1904,113240.4,175158.59999999998,135105.09999999998,159288.22,384484.69100000005,65.26,1104515.46390087
2022-05-19,116800.0,45500.0,165400.0,133900.0,63700.0,264700.0,133966.5632,112830.9,173835.4,133096.6,158600.25999999998,384564.63039999997,65.26,1096959.61610087
2022-05-20,116800.0,45500.0,165400.0,133900.0,63700.0,264700.0,137947.224,112307.65000000001,176514.87999999998,135239.0,158549.3,386264.0044,65.26,1106887.32090087
2022-05-23,116800.0,45500.0,165400.0,133900.0,63700.0,264700.0,134887.9984,112880.95000000001,176366.02000000002,135640.69999999998,159746.86000000002,387823.08739999996,65.26,1107410.8783008698
2022-05-24,116800.0,45500.0,165400.0,133900.0,63700.0,264700.0,132344.7952,110041.75,174199.28,134033.9,158001.48,388862.829,65.26,1097549.2967008702
2022-05-25,116800.0,45500.0,165400.0,133900.0,63700.0,264700.0,132799.3808,111666.1,175108.97999999998,135640.69999999998,159453.84,388892.7401,65.26,1103627.00340087
2022-05-26,116800.0,45500.0,165400.0,133900.0,63700.0,264700.0,132836.2896,115124.09999999999,174645.86000000002,137649.2,163135.69999999998,390352.0312,65.26,1113808.44330087
2022-05-27,116800.0,45500.0,165400.0,133900.0,63700.0,264700.0,137984.1328,119997.15000000001,177441.12,141666.2,168741.3,391931.2314,65.26,1137826.39670087
2022-05-30,116800.0,45500.0,165400.0,133900.0,63700.0,264700.0,140121.9232,119401.1,180286.0,142067.9,167874.98,388612.6875,65.26,1138429.85320087
2022-05-31,116800.0,45500.0,165400.0,133900.0,63700.0,264700.0,141264.4608,118277.25,177623.06000000003,139791.6,165747.4,387883.17429999996,65.26,1130652.2076008702
2022-06-01,116800.0,45500.0,165400.0,133900.0,63700.0,264700.0,140662.4736,117476.45,177738.84,138854.3,164613.54,385224.2628,65.26,1124635.1289008702
2022-06-02,116800.0,45500.0,165400.0,133900.0,63700.0,264700.0,140183.36,121466.8,176746.44,140193.3,168792.26,387743.148,65.26,1135190.57050087
2022-06-06,116800.0,45500.0,165400.0,133900.0,63700.0,264700.0,143181.1488,117986.05,178086.18,141934.0,165530.81999999998,386543.79230000003,65.26,1133327.25360087
2022-06-07,116800.0,45500.0,165400.0,133900.0,63700.0,264700.0,142308.7696,118964.29999999999,176399.1,140327.2,166995.91999999998,385864.0427,65.26,1130924.59480087
2022-06-08,116800.0,45500.0,165400.0,133900.0,63700.0,264700.0,145478.6048,118045.2,177308.80000000002,139389.9,165161.36,386533.73370000004,65.26,1131982.8610008701
2022-06-09,116800.0,45500.0,165400.0,133900.0,63700.0,264700.0,145048.5472,115124.09999999999,175902.9,137649.2,161670.59999999998,387793.1763,65.26,1123253.7860008702
2022-06-10,116800.0,45500.0,165400.0,133900.0,63700.0,264700.0,145024.0192,111352.15,173636.92,132561.0,157389.96000000002,386713.7297,65.26,1106743.04140087
2022-06-13,116800.0,45500.0,165400.0,133900.0,63700.0,264700.0,140453.63520000002,106542.8,168674.92,128142.29999999999,151707.92,392371.1628,65.26,1087958.00050087
2022-06-14,116800.0,45500.0,165400.0,133900.0,63700.0,264700.0,141067.8864,107234.4,167665.98,126535.5,151860.8,386004.06899999996,65.26,1080433.8979008698
2022-06-15,116800.0,45500.0,165400.0,133900.0,63700.0,264700.0,142763.3552,109937.09999999999,164639.16,128544.0,154154.0,383915.0566,65.26,1084017.9343008702
2022-06-16,116800.0,45500.0,165400.0,133900.0,63700.0,264700.0,138905.568,104863.85,165681.18,123857.5,148191.68,384744.62639999995,65.26,1066309.66690087
2022-06-17,116800.0,45500.0,165400.0,133900.0,63700.0,264700.0,140072.7504,105878.5,164076.8,125330.40000000001,148127.98,387553.3581,65.26,1071105.05100087
2022-06-20,116800.0,45500.0,165400.0,133900.0,63700.0,264700.0,141129.3232,106197.0,160173.36000000002,126401.59999999999,148561.13999999998,386183.8003,65.26,1068711.4860008701
2022-06-21,116800.0,45500.0,165400.0,133900.0,63700.0,264700.0,143205.6768,108367.34999999999,162703.98,126401.59999999999,151567.78,384984.4446,65.26,1077296.09390087
2022-06-22,116800.0,45500.0,165400.0,133900.0,63700.0,264700.0,140072.7504,108599.40000000001,161083.06,125598.2,151962.72,385414.3174,65.26,1072795.71030087
2022-06-23,116800.0,45500.0,165400.0,133900.0,63700.0,264700.0,141805.128,110137.29999999999,161744.66,123723.6,153338.64,385574.1962,65.26,1076388.78670087
2022-06-24,116800.0,45500.0,165400.0,133900.0,63700.0,264700.0,144581.69759999998,113813.7,164920.34,125062.6,157861.34000000003,383375.0686,65.26,1089680.00870087
2022-06-27,116800.0,45500.0,165400.0,133900.0,63700.0,264700.0,147665.4512,112648.9,166508.18,125866.0,157020.5,385544.28510000004,65.26,1095318.57880087
2022-06-28,116800.0,45500.0,165400.0,133900.0,63700.0,264700.0,149164.3456,109322.84999999999,167252.48,126669.4,154052.08000000002,383375.0686,65.26,1089901.48670087
2022-06-29,116800.0,45500.0,165400.0,133900.0,63700.0,264700.0,146977.49920000002,109682.3,165581.94,123991.40000000001,154166.74,382215.6826,65.26,1082680.82430087
2022-06-30,98300.0,43100.0,175200.0,132600.0,56200.0,291300.0,123035.9171,102659.89,172256.63999999998,120003.0,135003.64,419569.0029,76.94,1072605.0338081801
2022-07-01,98300.0,43100.0,175200.0,132600.0,56200.0,291300.0,122601.62770000001,103000.38,169821.36000000002,120135.6,135914.08000000002,416082.1419,76.94,1067632.13340818
2022-07-04,98300.0,43100.0,175200.0,132600.0,56200.0,291300.0,123025.59560000002,103302.07999999999,172291.68000000002,119737.8,136318.72,418348.1646,76.94,1073100.9840081802
2022-07-05,98300.0,43100.0,175200.0,132600.0,56200.0,291300.0,122973.8898,104922.64,172817.28,116025.0,136386.16,417732.0651,76.94,1070933.9787081801
2022-07-06,98300.0,43100.0,175200.0,132600.0,56200.0,291300.0,121981.25639999998,105957.04000000001,171696.0,116422.8,137375.28,409845.1176,76.94,1063354.43780818
2022-07-07,98300.0,43100.0,175200.0,132600.0,56200.0,291300.0,122384.483,108077.56,173342.88,117616.2,139241.12,404103.30329999997,76.94,1064842.49010818
2022-07-08,98300.0,43100.0,175200.0,132600.0,56200.0,291300.0,122736.00379999999,108146.51999999999,173991.12,118809.6,139038.80000000002,402926.16,76.94,1065725.14760818
2022-07-11,98300.0,43100.0,175200.0,132600.0,56200.0,291300.0,119096.348,105560.51999999999,174481.68,116953.2,137150.47999999998,403245.1335,76.94,1056564.30530818
2022-07-12,98300.0,43100.0,175200.0,132600.0,56200.0,291300.0,118041.6873,105043.31999999999,171187.91999999998,116820.6,136532.28,404048.2476,76.94,1051750.99870818
2022-07-13,98300.0,43100.0,175200.0,132600.0,56200.0,291300.0,117783.15830000001,104888.16,172642.08000000002,115362.0,135914.08000000002,401309.15369999997,76.94,1047975.57580818
2022-07-14,98300.0,43100.0,175200.0,132600.0,56200.0,291300.0,117472.92349999999,105215.71999999999,172834.80000000002,113240.4,135486.96,400891.1382,76.94,1045218.8855081799
2022-07-15,98300.0,43100.0,175200.0,132600.0,56200.0,291300.0,115291.25330000001,107508.64000000001,172712.16,116422.8,138544.24,398284.29449999996,76.94,1048840.3316081802
2022-07-18,98300.0,43100.0,175200.0,132600.0,56200.0,291300.0,118310.53779999999,106457.00000000001,173237.76,118014.0,137274.12,400517.109,76.94,1053887.47060818
2022-07-19,98300.0,43100.0,175200.0,132600.0,56200.0,291300.0,117266.19859999999,109767.08,174341.52,121726.8,141062.0,398834.2689,76.94,1063074.81130818
2022-07-20,98300.0,43100.0,175200.0,132600.0,56200.0,291300.0,118589.70980000001,111491.08000000002,179142.0,122655.0,141927.47999999998,398812.1301,76.94,1072694.3437081801
2022-07-21,98300.0,43100.0,175200.0,132600.0,56200.0,291300.0,117049.0539,113370.23999999999,179807.76,121992.0,143647.2,395776.20149999997,76.94,1071719.39920818
2022-07-22,98300.0,43100.0,175200.0,132600.0,56200.0,291300.0,117100.75970000001,111215.24,181997.75999999998,122389.8,142107.32,402299.2824,76.94,1077187.10590818
2022-07-25,98300.0,43100.0,175200.0,132600.0,56200.0,291300.0,116852.55219999999,110629.08,181717.43999999997,121726.8,142332.12,403773.26039999997,76.94,1077108.19640818
2022-07-26,98300.0,43100.0,175200.0,132600.0,56200.0,291300.0,118693.12139999999,108370.64000000001,181209.36,120798.6,140556.19999999998,403872.3024,76.94,1073577.16760818
2022-07-27,98300.0,43100.0,175200.0,132600.0,56200.0,291300.0,117772.8368,113335.76,181647.36,120798.6,144748.72,402684.0897,76.94,1081064.31030818
2022-07-28,98300.0,43100.0,175200.0,132600.0,56200.0,291300.0,116966.2853,113835.72,182190.48,122124.6,145839.0,406347.1872,76.94,1087380.21630818
2022-07-29,98300.0,43100.0,175200.0,132600.0,56200.0,291300.0,114339.9059,115939.0,184590.72000000003,123848.40000000001,147974.6,411121.0116,76.94,1097890.58130818
2022-08-01,98300.0,43100.0,175200.0,132600.0,56200.0,291300.0,114464.0588,115921.76,187131.12,124113.6,147603.68,412363.9887,76.94,1101675.15130818
2022-08-02,98300.0,43100.0,175200.0,132600.0,56200.0,291300.0,111723.9463,115542.48,187376.4,124511.4,146614.56,414542.0388,76.94,1100387.76890818
2022-08-03,98300.0,43100.0,175200.0,132600.0,56200.0,291300.0,112747.54419999999,119300.79999999999,186482.88,125041.79999999999,149649.36,412848.12930000003,76.94,1106147.45730818
2022-08-04,98300.0,43100.0,175200.0,132600.0,56200.0,291300.0,114784.51680000001,119542.16,186272.63999999998,125439.59999999999,149154.8,414387.9411,76.94,1109658.60170818
2022-08-05,98300.0,43100.0,175200.0,132600.0,56200.0,291300.0,114536.4076,118231.92,189128.4,125174.4,148435.44,417753.9126,76.94,1113337.42400818
2022-08-08,98300.0,43100.0,175200.0,132600.0,56200.0,291300.0,114122.76120000001,118283.64000000001,187148.64,125837.4,148862.56,415422.0561,76.94,1109754.00110818
2022-08-09,98300.0,43100.0,175200.0,132600.0,56200.0,291300.0,113709.21310000001,116732.04000000001,185501.75999999998,124511.4,147997.08,416808.0615,76.94,1105336.49840818
2022-08-10,98300.0,43100.0,175200.0,132600.0,56200.0,291300.0,111506.8016,120076.6,184065.12,126235.2,151211.72,417820.0377,76.94,1110992.4231081798
2022-08-11,98300.0,43100.0,175200.0,132600.0,56200.0,291300.0,113750.5974,118835.32,186377.76,126765.59999999999,150503.6,416147.9757,76.94,1112457.79690818
2022-08-12,98300.0,43100.0,175200.0,132600.0,56200.0,291300.0,114546.7291,121421.32,191125.68,128091.59999999999,153324.84,417699.1482,76.94,1126286.26110818
2022-08-15,98300.0,43100.0,175200.0,132600.0,56200.0,291300.0,113833.2677,122300.56000000001,192842.64,127561.2,153920.56,418194.06690000003,76.94,1128729.23840818
2022-08-16,98300.0,43100.0,175200.0,132600.0,56200.0,291300.0,113119.8063,122576.4,194226.72,127826.4,154943.4,417787.1208,76.94,1130556.79090818
2022-08-17,98300.0,43100.0,175200.0,132600.0,56200.0,291300.0,113833.2677,121369.59999999999,195032.63999999998,125572.2,154134.12,416137.1976,76.94,1126155.96910818
2022-08-18,98300.0,43100.0,175200.0,132600.0,56200.0,291300.0,112871.69709999999,121559.23999999999,192106.80000000002,126102.59999999999,154358.91999999998,414509.12189999997,76.94,1121585.32280818
2022-08-19,98300.0,43100.0,175200.0,132600.0,56200.0,291300.0,113316.308,119645.59999999999,191598.71999999997,124113.6,152965.16,413365.18679999997,76.94,1115081.51860818
2022-08-22,98300.0,43100.0,175200.0,132600.0,56200.0,291300.0,112830.3128,116697.56,189408.72,120798.6,150009.04,412220.9604,76.94,1102042.1370081801
2022-08-23,98300.0,43100.0,175200.0,132600.0,56200.0,291300.0,112468.3722,117163.04,187393.92,119870.40000000001,150379.96000000002,414618.94200000004,76.94,1101971.57800818
2022-08-24,98300.0,43100.0,175200.0,132600.0,56200.0,291300.0,110917.3948,117249.24,187323.84,120268.2,150514.84,416279.9346,76.94,1102630.3932081799
2022-08-25,98300.0,43100.0,175200.0,132600.0,56200.0,291300.0,115187.8417,119542.16,188585.28,121196.40000000001,152976.4,417478.9254,76.94,1115043.95090818
2022-08-26,98300.0,43100.0,175200.0,132600.0,56200.0,291300.0,116252.8239,114577.04,189881.76,118279.2,147704.84,417940.92720000003,76.94,1104713.53490818
2022-08-29,98300.0,43100.0,175200.0,132600.0,56200.0,291300.0,115746.18569999999,113818.48,183697.2,117616.2,147176.56,414751.1922,76.94,1092882.76170818
2022-08-30,98300.0,43100.0,175200.0,132600.0,56200.0,291300.0,115529.041,112697.87999999999,185887.19999999998,119340.0,145782.8,416247.01769999997,76.94,1095560.8825081799
2022-08-31,98300.0,43100.0,175200.0,132600.0,56200.0,291300.0,115694.47989999999,112215.16,185133.84,118544.40000000001,144883.6,414024.9813,76.94,1090573.40500818
2022-09-01,98300.0,43100.0,175200.0,132600.0,56200.0,291300.0,113585.15849999999,112111.72,181261.91999999998,116555.4,145153.36000000002,411275.1093,76.94,1080019.61160818
2022-09-02,98300.0,43100.0,175200.0,132600.0,56200.0,291300.0,112882.0186,110646.32,180683.76,119737.8,143793.32,411341.2344,76.94,1079161.39680818
2022-09-05,98300.0,43100.0,175200.0,132600.0,56200.0,291300.0,111703.205,110767.0,180000.48,116688.0,143950.68,414322.1073,76.94,1077508.41610818
2022-09-06,98300.0,43100.0,175200.0,132600.0,56200.0,291300.0,111910.0282,110129.12000000001,180280.8,118279.2,143568.52000000002,416048.93370000005,76.94,1080293.5457081802
2022-09-07,98300.0,43100.0,175200.0,132600.0,56200.0,291300.0,111082.8337,112456.52,176846.88,118544.40000000001,146299.84,414586.0251,76.94,1079893.44260818
2022-09-08,98300.0,43100.0,175200.0,132600.0,56200.0,291300.0,110017.8515,113025.43999999999,179229.59999999998,119340.0,147210.28,417083.0487,76.94,1085983.16400818
2022-09-09,98300.0,43100.0,175200.0,132600.0,56200.0,291300.0,112964.68890000001,115387.32,180543.6,121196.40000000001,149357.12,417501.06419999996,76.94,1097027.13690818
2022-09-13,98300.0,43100.0,175200.0,132600.0,56200.0,291300.0,112478.6937,110025.68,183609.6,123052.8,144063.08000000002,416676.1026,76.94,1089982.9001081802
2022-09-14,98300.0,43100.0,175200.0,132600.0,56200.0,291300.0,109966.1457,111232.48,177267.36000000002,120135.6,144951.04,413783.2023,76.94,1077412.77180818
2022-09-15,98300.0,43100.0,175200.0,132600.0,56200.0,291300.0,110441.72110000001,109318.84,179439.84,119605.2,143276.28,412386.1275,76.94,1074544.95240818
2022-09-16,98300.0,43100.0,175200.0,132600.0,56200.0,291300.0,109759.32250000001,109008.51999999999,177390.0,118014.0,142635.59999999998,411605.1522,76.94,1068489.53850818
2022-09-19,98300.0,43100.0,175200.0,132600.0,56200.0,291300.0,108725.3048,109991.2,178353.6,119074.8,143737.12,411231.123,76.94,1071190.09160818
2022-09-20,98300.0,43100.0,175200.0,132600.0,56200.0,291300.0,110100.52180000002,109163.68,179036.88,118146.6,142219.72,412594.98960000003,76.94,1071339.3352081801
2022-09-21,98300.0,43100.0,175200.0,132600.0,56200.0,291300.0,108197.9253,107301.76,176636.63999999998,118544.40000000001,139893.03999999998,413837.9667,76.94,1064488.6758081801
2022-09-22,98300.0,43100.0,175200.0,132600.0,56200.0,291300.0,106791.74380000001,106439.76,175760.64,115362.0,139151.2,412716.1704,76.94,1056298.4580081801
2022-09-23,98300.0,43100.0,175200.0,132600.0,56200.0,291300.0,105664.63600000001,104853.68,178318.56,113240.4,136981.87999999998,415092.0132,76.94,1054228.11300818
2022-09-26,98300.0,43100.0,175200.0,132600.0,56200.0,291300.0,105695.69880000001,104905.40000000001,172904.88,111649.2,136273.75999999998,412804.14300000004,76.94,1044310.0256081801
2022-09-27,98300.0,43100.0,175200.0,132600.0,56200.0,291300.0,106305.7486,105698.44,173272.8,110588.4,136768.32,412969.01879999996,76.94,1045679.67120818
2022-09-28,98300.0,43100.0,175200.0,132600.0,56200.0,291300.0,103193.374,108387.88,170522.16,110986.2,140196.52000000002,412793.0736,76.94,1046156.1514081801
2022-09-29,98300.0,43100.0,175200.0,132600.0,56200.0,291300.0,102676.4143,105267.44,174236.40000000002,110588.4,137217.92,416170.1145,76.94,1046233.6326081802
2022-09-30,120900.0,39800.0,161900.0,134000.0,52800.0,294200.0,126511.45259999999,95392.64,157480.13,114034.0,126793.92000000001,421390.8976,14.95,1041617.9917212601
2022-10-10,120900.0,39800.0,161900.0,134000.0,52800.0,294200.0,126435.1647,94962.8,163632.33,114436.0,127733.76,424046.05260000005,14.95,1051261.05882126
2022-10-11,120900.0,39800.0,161900.0,134000.0,52800.0,294200.0,123751.7892,93896.16,159277.22,113766.0,127216.32,423512.668,14.95,1041435.1087212601
2022-10-12,120900.0,39800.0,161900.0,134000.0,52800.0,294200.0,122848.908,93880.24,159406.74,113498.0,126910.08,424112.5418,14.95,1040671.4613212601
2022-10-13,120900.0,39800.0,161900.0,134000.0,52800.0,294200.0,120559.7874,95997.59999999999,157350.61,115240.0,130215.36000000002,424390.2666,14.95,1043768.57552126
2022-10-14,120900.0,39800.0,161900.0,134000.0,52800.0,294200.0,121984.1103,93020.56000000001,161770.48,116580.0,127121.28,423968.0896,14.95,1044459.47142126
2022-10-17,120900.0,39800.0,161900.0,134000.0,52800.0,294200.0,122123.99160000001,96220.48000000001,159018.18,118456.0,130479.36,422368.5242,14.95,1048681.48732126
2022-10-18,120900.0,39800.0,161900.0,134000.0,52800.0,294200.0,124336.8243,96952.8,160426.71,120466.0,131947.2,422179.6478,14.95,1056324.1336212598
2022-10-19,120900.0,39800.0,161900.0,134000.0,52800.0,294200.0,121373.68620000001,96570.72,160977.16999999998,120600.0,131102.4,421324.1142,14.95,1051963.04192126
2022-10-20,120900.0,39800.0,161900.0,134000.0,52800.0,294200.0,119771.2776,96188.64,159471.5,120198.0,130151.99999999999,419791.038,14.95,1045587.4071212601
2022-10-21,120900.0,39800.0,161900.0,134000.0,52800.0,294200.0,119237.1414,98465.20000000001,158111.54,119796.0,133203.84,420146.4316,14.95,1048975.10452126
2022-10-24,120900.0,39800.0,161900.0,134000.0,52800.0,294200.0,111556.0017,99547.76,160426.71,122610.0,134861.75999999998,424868.04740000004,14.95,1053885.23062126
2022-10-25,120900.0,39800.0,161900.0,134000.0,52800.0,294200.0,112051.93350000001,102238.24,161802.86,124620.0,137871.36000000002,425223.441,14.95,1063822.7860212598
2022-10-26,120900.0,39800.0,161900.0,134000.0,52800.0,294200.0,113018.4081,99882.07999999999,164328.49999999997,127166.0,136762.56,425523.52499999997,14.95,1066696.02462126
2022-10-27,120900.0,39800.0,161900.0,134000.0,52800.0,294200.0,113667.03659999999,97939.84,164749.44,128238.0,135791.04,424667.9914,14.95,1065068.29952126
2022-10-28,120900.0,39800.0,161900.0,134000.0,52800.0,294200.0,109648.3206,101187.52,164166.6,127568.0,139392.0,424001.62840000005,14.95,1065979.02052126
2022-10-31,120900.0,39800.0,161900.0,134000.0,52800.0,294200.0,108465.6768,100057.2,165753.22,127836.0,138494.40000000002,423123.7356,14.95,1063745.18392126
2022-11-01,120900.0,39800.0,161900.0,134000.0,52800.0,294200.0,114671.7156,99452.24,165769.41,127836.0,138536.64,423368.2158,14.95,1069649.1729212601
2022-11-02,120900.0,39800.0,161900.0,134000.0,52800.0,294200.0,117622.1592,96220.48000000001,166578.90999999997,127166.0,135305.28,424023.6934,14.95,1066931.47412126
2022-11-03,120900.0,39800.0,161900.0,134000.0,52800.0,294200.0,114455.54639999999,94692.16,167210.31999999998,125424.0,134386.56,423346.1508,14.95,1059529.6887212598
2022-11-04,120900.0,39800.0,161900.0,134000.0,52800.0,294200.0,120661.5852,96284.16,164571.35,128104.0,136392.96000000002,424112.5418,14.95,1070141.54852126
2022-11-07,120900.0,39800.0,161900.0,134000.0,52800.0,294200.0,123561.009,96984.64,166757.0,130382.0,137163.84,426045.73000000004,14.95,1080909.17052126
2022-11-08,120900.0,39800.0,161900.0,134000.0,52800.0,294200.0,123039.6882,97525.92,169023.6,132928.0,137628.47999999998,426778.8764,14.95,1086939.51612126
2022-11-09,120900.0,39800.0,161900.0,134000.0,52800.0,294200.0,121628.0598,95297.12000000001,169412.16,133196.0,134925.12,435799.6368,14.95,1090273.04812126
2022-11-10,120900.0,39800.0,161900.0,134000.0,52800.0,294200.0,119936.6688,102636.24,167404.6,137618.0,142855.68,434711.0968,14.95,1105177.2371212598
2022-11-11,120900.0,39800.0,161900.0,134000.0,52800.0,294200.0,128457.2172,103814.32,176568.14,139896.0,143172.47999999998,439732.5024,14.95,1131655.6111212599
2022-11-14,120900.0,39800.0,161900.0,134000.0,52800.0,294200.0,128864.1666,101458.16,175127.23,140700.0,139909.44,434633.1338,14.95,1120707.0819212599
2022-11-15,120900.0,39800.0,161900.0,134000.0,52800.0,294200.0,133264.3221,102286.0,173249.19,140164.0,140184.0,437321.8276,14.95,1126484.2912212599
2022-11-16,120900.0,39800.0,161900.0,134000.0,52800.0,294200.0,132704.79690000002,100757.68000000001,174690.1,138958.0,138948.48,439232.3624,14.95,1125306.37082126
2022-11-17,120900.0,39800.0,161900.0,134000.0,52800.0,294200.0,131763.7113,100948.72,174155.83000000002,140432.0,139106.88,439821.3508,14.95,1126243.4436212599
2022-11-18,120900.0,39800.0,161900.0,134000.0,52800.0,294200.0,132043.4739,101521.84000000001,173864.41,142442.0,140616.96,439054.66559999995,14.95,1129558.30102126
2022-11-21,120900.0,39800.0,161900.0,134000.0,52800.0,294200.0,130034.11589999999,100662.15999999999,174625.34,141772.0,140395.19999999998,436999.3844,14.95,1124503.1518212599
2022-11-22,120900.0,39800.0,161900.0,134000.0,52800.0,294200.0,129398.3028,102652.16,174609.15,141772.0,143098.56,437232.685,14.95,1128777.80932126
2022-11-23,120900.0,39800.0,161900.0,134000.0,52800.0,294200.0,129169.43910000002,103145.68000000001,174835.81000000003,142040.0,143193.6,436599.5666,14.95,1128999.04722126
2022-11-24,120900.0,39800.0,161900.0,134000.0,52800.0,294200.0,130034.11589999999,103034.24,178300.47,144452.0,143035.2,438265.9154,14.95,1137136.89282126
2022-11-25,120900.0,39800.0,161900.0,134000.0,52800.0,294200.0,129767.0478,102492.96,179029.02,144586.0,143267.52,438666.0274,14.95,1137823.52672126
2022-11-28,120900.0,39800.0,161900.0,134000.0,52800.0,294200.0,128177.45460000001,101410.40000000001,177944.29,143112.0,141577.92,439277.0808,14.95,1131514.09692126
2022-11-29,120900.0,39800.0,161900.0,134000.0,52800.0,294200.0,135540.7482,101155.68,178705.21999999997,143112.0,142074.24,439054.66559999995,14.95,1139657.5053212598
2022-11-30,120900.0,39800.0,161900.0,134000.0,52800.0,294200.0,138071.42700000003,105406.32,177782.39,142844.0,146044.8,438054.974,14.95,1148218.86252126
2022-12-01,120900.0,39800.0,161900.0,134000.0,52800.0,294200.0,138274.9017,104833.2,179530.91,143916.0,144872.63999999998,439887.84,14.95,1151330.44322126
2022-12-02,120900.0,39800.0,161900.0,134000.0,52800.0,294200.0,136952.3766,103464.08,178122.38,144452.0,143352.0,442587.4192,14.95,1148945.20732126
2022-12-05,120900.0,39800.0,161900.0,134000.0,52800.0,294200.0,142649.6682,101458.16,178899.5,143514.0,140469.12,438477.151,14.95,1145482.55072126
2022-12-06,120900.0,39800.0,161900.0,134000.0,52800.0,294200.0,141060.07499999998,98640.32,175305.32,140700.0,137248.32,435655.1846,14.95,1128624.17112126
2022-12-07,120900.0,39800.0,161900.0,134000.0,52800.0,294200.0,136761.5964,98481.12000000001,174042.5,139896.0,137427.84,434411.01279999997,14.95,1121035.02072126
2022-12-08,120900.0,39800.0,161900.0,134000.0,52800.0,294200.0,140475.0399,99181.6,173233.0,139762.0,137755.2,435499.847,14.95,1125921.63842126
2022-12-09,120900.0,39800.0,161900.0,134000.0,52800.0,294200.0,143756.145,98528.88,174787.24,141370.0,136709.76,436899.6506,14.95,1132066.62712126
2022-12-12,120900.0,39800.0,161900.0,134000.0,52800.0,294200.0,140513.2443,99691.04,174269.16,140164.0,138600.0,435788.4572,14.95,1129040.85302126
2022-12-13,120900.0,39800.0,161900.0,134000.0,52800.0,294200.0,142077.4485,100996.48,174479.63,142576.0,139972.8,437177.37539999996,14.95,1137294.68542126
2022-12-14,120900.0,39800.0,161900.0,134000.0,52800.0,294200.0,142153.7364,99913.92000000001,177604.3,142978.0,138726.72,441476.51999999996,14.95,1142868.14792126
2022-12-15,120900.0,39800.0,161900.0,134000.0,52800.0,294200.0,139572.1587,96331.92,176713.84999999998,138690.0,134882.88,436521.89780000004,14.95,1122727.65802126
2022-12-16,120900.0,39800.0,161900.0,134000.0,52800.0,294200.0,140983.7871,96045.35999999999,171727.33,138020.0,134238.72,435755.21259999997,14.95,1116785.36122126
2022-12-19,120900.0,39800.0,161900.0,134000.0,52800.0,294200.0,140080.785,94708.08,171354.96,137618.0,132950.4,438010.5498,14.95,1114737.72632126
2022-12-20,120900.0,39800.0,161900.0,134000.0,52800.0,294200.0,138516.5808,94771.76000000001,166902.71,137484.0,133298.88,437999.37019999995,14.95,1108988.25252126
2022-12-21,120900.0,39800.0,161900.0,134000.0,52800.0,294200.0,138427.5984,95918.0,171176.87,139494.0,134893.44,442498.5708,14.95,1122423.43072126
2022-12-22,120900.0,39800.0,161900.0,134000.0,52800.0,294200.0,142293.6177,93721.04,171516.86,137618.0,133056.0,442465.3262,14.95,1120685.79542126
2022-12-23,120900.0,39800.0,161900.0,134000.0,52800.0,294200.0,141708.58260000002,94055.36,170059.76,137886.0,134006.4,441432.09579999995,14.95,1119163.1499212598
2022-12-26,120900.0,39800.0,161900.0,134000.0,52800.0,294200.0,141556.0068,94071.28,170545.46,138154.0,134027.52000000002,439821.3508,14.95,1118190.56912126
2022-12-27,120900.0,39800.0,161900.0,134000.0,52800.0,294200.0,141072.7695,92383.76000000001,170254.04,138422.0,132960.96000000002,440310.017,14.95,1115418.49802126
2022-12-28,120900.0,39800.0,161900.0,134000.0,52800.0,294200.0,143628.95820000002,91317.12,169217.87999999998,137886.0,131619.84,441398.8512,14.95,1115083.60092126
2022-12-29,120900.0,39800.0,161900.0,134000.0,52800.0,294200.0,142815.0594,93736.95999999999,167501.74,139494.0,134133.12,439465.663,14.95,1117161.49392126
2022-12-30,120900.0,39800.0,161900.0,134000.0,52800.0,294200.0,142738.7715,93466.31999999999,168149.34,138154.0,133520.63999999998,443009.5962,14.95,1119053.61922126
2022-12-31,107100.0,42600.0,162600.0,121700.0,53000.0,308100.0,126446.00850000001,100024.79999999999,168876.36,125472.7,134015.8,463928.9694,176.64,1118941.27474368
2023-01-03,107100.0,42600.0,162600.0,121700.0,53000.0,308100.0,128282.23800000001,99104.64,171055.2,127663.29999999999,133189.0,465918.37110000005,176.64,1125389.38594368
2023-01-04,107100.0,42600.0,162600.0,121700.0,53000.0,308100.0,131650.7472,99206.88,167234.1,128271.8,133496.4,467698.2648,176.64,1127734.82884368
2023-01-05,107100.0,42600.0,162600.0,121700.0,53000.0,308100.0,132889.8942,97383.6,167282.87999999998,128271.8,131577.80000000002,466453.5408,176.64,1124036.15184368
2023-01-06,107100.0,42600.0,162600.0,121700.0,53000.0,308100.0,132473.061,100075.92000000001,166177.2,128758.6,134535.2,462637.4142,176.64,1124834.0320436799
2023-01-09,107100.0,42600.0,162600.0,121700.0,53000.0,308100.0,133847.4753,99769.2,166274.75999999998,130705.8,132860.4,467209.61819999997,176.64,1130843.89034368
2023-01-10,107100.0,42600.0,162600.0,121700.0,53000.0,308100.0,132236.47710000002,99735.12000000001,166128.42,130097.29999999999,132192.6,468012.5268,176.64,1128579.08074368
2023-01-11,107100.0,42600.0,162600.0,121700.0,53000.0,308100.0,133126.4781,101643.6,167770.68000000002,132044.5,134217.2,468989.82,176.64,1137968.91494368
2023-01-12,107100.0,42600.0,162600.0,121700.0,53000.0,308100.0,133430.6421,102018.48,168063.36000000002,133261.5,134503.4,468279.95759999997,176.64,1139733.9765436798
2023-01-13,107100.0,42600.0,162600.0,121700.0,53000.0,308100.0,134106.6573,102188.88,167949.53999999998,133870.0,134185.4,468349.89629999996,176.64,1140827.01044368
2023-01-16,107100.0,42600.0,162600.0,121700.0,53000.0,308100.0,133802.4933,101950.32,167689.38,133626.6,133856.8,471467.86830000003,176.64,1142570.09844368
2023-01-17,107100.0,42600.0,162600.0,121700.0,53000.0,308100.0,132946.2288,102205.92,169104.0,134235.1,133761.4,472573.023,176.64,1145002.30864368
2023-01-18,107100.0,42600.0,162600.0,121700.0,53000.0,308100.0,134106.6573,101439.12000000001,174258.42,134356.80000000002,132415.2,472608.14639999997,176.64,1149360.98054368
2023-01-19,107100.0,42600.0,162600.0,121700.0,53000.0,308100.0,134016.4791,100553.04,171624.30000000002,132287.9,131567.2,473701.5933,176.64,1143927.14924368
2023-01-20,107100.0,42600.0,162600.0,121700.0,53000.0,308100.0,136371.0726,103398.72,172827.53999999998,133870.0,134100.59999999998,477319.91969999997,176.64,1158064.4891436798
2023-01-30,107100.0,42600.0,162600.0,121700.0,53000.0,308100.0,136348.4745,105869.51999999999,176372.22,134965.3,135457.4,477529.4277,176.64,1166718.97904368
2023-01-31,107100.0,42600.0,162600.0,121700.0,53000.0,308100.0,134782.56540000002,107471.28000000001,174860.03999999998,134600.2,137397.2,472654.6695,176.64,1161942.59174368
2023-02-01,107100.0,42600.0,162600.0,121700.0,53000.0,308100.0,135897.9048,109567.2,175364.1,134965.3,138595.0,476389.1496,176.64,1170955.2912436798
2023-02-02,107100.0,42600.0,162600.0,121700.0,53000.0,308100.0,134523.49049999999,112821.84,176632.38,139103.1,139867.0,481089.5232,176.64,1184213.97054368
2023-02-03,107100.0,42600.0,162600.0,121700.0,53000.0,308100.0,133081.4961,111254.16,177868.14,138007.8,138944.8,473980.7319,176.64,1173313.76484368
2023-02-06,107100.0,42600.0,162600.0,121700.0,53000.0,308100.0,130997.33009999999,110811.12,175916.94,136060.6,138828.2,467814.7266,176.64,1160605.5535436799
2023-02-07,107100.0,42600.0,162600.0,121700.0,53000.0,308100.0,131921.0676,113418.23999999999,175266.54,135452.1,141086.0,466639.6332,176.64,1163960.2176436798
2023-02-08,107100.0,42600.0,162600.0,121700.0,53000.0,308100.0,131380.3197,111049.68,176209.62000000002,135817.2,139082.6,467139.98760000005,176.64,1160856.04414368
2023-02-09,107100.0,42600.0,162600.0,121700.0,53000.0,308100.0,133791.1407,110265.84,176209.62000000002,136912.5,138181.6,468349.89629999996,176.64,1163887.23384368
2023-02-10,107100.0,42600.0,162600.0,121700.0,53000.0,308100.0,131042.31210000001,109584.24,176469.78,135208.7,138457.2,466232.325,176.64,1157171.1939436798
2023-02-13,107100.0,42600.0,162600.0,121700.0,53000.0,308100.0,131369.0742,111697.2,175250.28000000003,135695.5,140619.6,467546.9877,176.64,1162355.2787436799
2023-02-14,107100.0,42600.0,162600.0,121700.0,53000.0,308100.0,131019.8211,112429.92000000001,175575.48,136182.3,140556.0,466697.8641,176.64,1162638.0220436798
2023-02-15,107100.0,42600.0,162600.0,121700.0,53000.0,308100.0,129307.3992,113418.23999999999,174193.37999999998,137521.0,141075.4,465941.4786,176.64,1161633.5346436799
2023-02-16,107100.0,42600.0,162600.0,121700.0,53000.0,308100.0,130997.33009999999,111799.44,175136.46,137764.4,139824.6,465487.9554,176.64,1161186.8223436798
2023-02-17,107100.0,42600.0,162600.0,121700.0,53000.0,308100.0,129521.4921,111271.2,174079.56,137277.59999999998,139739.8,464754.9855,176.64,1156821.27444368
2023-02-20,107100.0,42600.0,162600.0,121700.0,53000.0,308100.0,130670.568,111237.12000000001,173721.84,137521.0,139697.4,466767.49470000004,176.64,1159792.05954368
2023-02-21,107100.0,42600.0,162600.0,121700.0,53000.0,308100.0,128327.32710000001,108459.59999999999,173266.56000000003,136669.1,136729.4,465255.0318,176.64,1148883.65574368
2023-02-22,107100.0,42600.0,162600.0,121700.0,53000.0,308100.0,127932.98490000001,108800.4,170892.59999999998,136547.40000000002,136909.6,467721.6804,176.64,1148981.30214368
2023-02-23,107100.0,42600.0,162600.0,121700.0,53000.0,308100.0,127978.074,110163.59999999999,171526.74,137277.59999999998,138181.6,466348.7868,176.64,1151653.0376436799
2023-02-24,107100.0,42600.0,162600.0,121700.0,53000.0,308100.0,125589.74399999999,108152.88,173656.80000000002,134600.2,136559.8,467686.8651,176.64,1146422.92594368
2023-02-27,107100.0,42600.0,162600.0,121700.0,53000.0,308100.0,126254.4066,109856.88,173055.18,136912.5,138224.0,466593.1101,176.64,1151072.7135436798
2023-02-28,107100.0,42600.0,162600.0,121700.0,53000.0,308100.0,125184.26340000001,109635.36,172990.14,137399.3,137715.19999999998,466209.21749999997,176.64,1149310.11774368
2023-03-01,107100.0,42600.0,162600.0,121700.0,53000.0,308100.0,130208.7528,108527.76000000001,173266.56000000003,136182.3,136835.4,468512.88119999995,176.64,1153710.29084368
2023-03-02,107100.0,42600.0,162600.0,121700.0,53000.0,308100.0,128214.6579,108612.95999999999,172030.80000000002,136304.0,136708.2,468000.819,176.64,1150048.07374368
2023-03-03,107100.0,42600.0,162600.0,121700.0,53000.0,308100.0,129622.91580000002,111271.2,174713.7,138251.19999999998,139538.4,470153.2056,176.64,1163727.25824368
2023-03-06,107100.0,42600.0,162600.0,121700.0,53000.0,308100.0,129555.33570000001,111117.84,177103.91999999998,138981.4,139294.6,474690.5943,176.64,1170920.3268436799
2023-03-07,107100.0,42600.0,162600.0,121700.0,53000.0,308100.0,129510.2466,110061.36,178144.56,139224.8,137566.80000000002,474132.009,176.64,1168816.41244368
2023-03-08,107100.0,42600.0,162600.0,121700.0,53000.0,308100.0,127144.4076,111186.0,178112.03999999998,138981.4,138510.2,469024.6353,176.64,1163135.3197436798
2023-03-09,107100.0,42600.0,162600.0,121700.0,53000.0,308100.0,126603.6597,109396.8,179689.26,139224.8,136241.80000000002,469280.66640000005,176.64,1160613.62294368
2023-03-10,107100.0,42600.0,162600.0,121700.0,53000.0,308100.0,122750.84430000001,107880.24,177835.62,137764.4,134249.0,471840.05309999996,176.64,1152496.7942436798
2023-03-13,107100.0,42600.0,162600.0,121700.0,53000.0,308100.0,124643.4084,108306.24,177282.78,134356.80000000002,133507.0,476016.96479999996,176.64,1154289.83004368
2023-03-14,107100.0,42600.0,162600.0,121700.0,53000.0,308100.0,121263.76079999999,110146.56,173835.66,136425.7,134885.0,482264.6166,176.64,1158997.93424368
2023-03-15,107100.0,42600.0,162600.0,121700.0,53000.0,308100.0,122491.6623,110180.63999999998,171916.97999999998,131557.69999999998,133432.8,481775.97000000003,176.64,1151532.3891436798
2023-03-16,107100.0,42600.0,162600.0,121700.0,53000.0,308100.0,121151.09160000001,113827.20000000001,173315.34000000003,132774.69999999998,136708.2,485987.3889,176.64,1163940.55734368
2023-03-17,107100.0,42600.0,162600.0,121700.0,53000.0,308100.0,122987.4282,113094.48,174583.62000000002,131314.3,135022.80000000002,488372.391,176.64,1165551.6560436802
2023-03-20,107100.0,42600.0,162600.0,121700.0,53000.0,308100.0,119089.5237,112975.20000000001,173071.44,132774.69999999998,135510.4,507243.2079,176.64,1180841.10844368
2023-03-21,107100.0,42600.0,162600.0,121700.0,53000.0,308100.0,120993.3333,114679.20000000001,174274.68000000002,135938.9,137418.4,498436.1694,176.64,1181917.3195436802
2023-03-22,107100.0,42600.0,162600.0,121700.0,53000.0,308100.0,122863.51349999999,113026.32,176079.54,136790.80000000002,135065.2,490280.4543,176.64,1174282.46464368
2023-03-23,107100.0,42600.0,162600.0,121700.0,53000.0,308100.0,125713.6587,114440.64,177217.74000000002,137886.1,135457.4,494852.6583,176.64,1185744.83384368
2023-03-24,107100.0,42600.0,162600.0,121700.0,53000.0,308100.0,124249.1733,114253.2,176648.64,134478.5,135542.19999999998,496469.87519999995,176.64,1181818.2253436798
2023-03-27,107100.0,42600.0,162600.0,121700.0,53000.0,308100.0,122683.2642,113946.48,178274.64,135938.9,136443.19999999998,493712.68830000004,176.64,1181175.8093436798
2023-03-28,107100.0,42600.0,162600.0,121700.0,53000.0,308100.0,124080.16949999999,113452.31999999999,177835.62,136547.40000000002,136294.80000000002,492107.1792,176.64,1180494.12554368
2023-03-29,107100.0,42600.0,162600.0,121700.0,53000.0,308100.0,126682.5924,115582.32,180420.96,138616.3,138277.0,493456.6572,176.64,1193212.46644368
2023-03-30,107100.0,42600.0,162600.0,121700.0,53000.0,308100.0,127606.32989999998,116826.23999999999,179689.26,140685.19999999998,139305.2,493654.4574,176.64,1197943.3241436798
2023-03-31,125800.0,39500.0,166900.0,121400.0,54900.0,293800.0,150204.4452,109873.2,185425.9,141795.19999999998,146023.02000000002,474558.6872,13.15,1207893.6029405799
2023-04-03,125800.0,39500.0,166900.0,121400.0,54900.0,293800.0,150429.3756,109731.0,186277.09000000003,140217.0,146736.72,468989.41439999995,13.15,1202393.75054058
2023-04-04,125800.0,39500.0,166900.0,121400.0,54900.0,293800.0,149291.38880000002,109193.8,187795.88,141431.0,145671.66,473227.4794,13.15,1206624.35874058
2023-04-06,125800.0,39500.0,166900.0,121400.0,54900.0,293800.0,149767.66760000002,108925.2,184524.63999999998,141552.4,145957.13999999998,480948.8372,13.15,1211689.0353405802
2023-04-07,125800.0,39500.0,166900.0,121400.0,54900.0,293800.0,149939.762,109051.6,183756.9,141795.19999999998,146154.78,480094.76060000004,13.15,1210806.15314058
2023-04-10,125800.0,39500.0,166900.0,121400.0,54900.0,293800.0,149780.87660000002,108830.4,183923.80000000002,141552.4,146132.82,476245.0992,13.15,1206478.54634058
2023-04-11,125800.0,39500.0,166900.0,121400.0,54900.0,293800.0,151210.09040000002,108309.0,184240.91,141795.19999999998,146374.38,478242.05779999995,13.15,1210184.78874058
2023-04-12,125800.0,39500.0,166900.0,121400.0,54900.0,293800.0,149833.8384,107282.00000000001,185175.55,142766.4,145704.6,481625.7524,13.15,1212401.29134058
2023-04-13,125800.0,39500.0,166900.0,121400.0,54900.0,293800.0,149701.4968,109162.2,185843.15,143616.2,147219.84,482180.44680000003,13.15,1217736.48414058
2023-04-14,125800.0,39500.0,166900.0,121400.0,54900.0,293800.0,150244.0722,108830.4,188530.24,144951.6,146802.6,483789.00179999997,13.15,1223161.06454058
2023-04-17,125800.0,39500.0,166900.0,121400.0,54900.0,293800.0,152917.0706,108988.4,187178.34999999998,143980.4,147439.44,479562.1012,13.15,1220078.91234058
2023-04-18,125800.0,39500.0,166900.0,121400.0,54900.0,293800.0,152228.9446,109225.40000000001,187679.05000000002,144344.6,147856.68,477687.36340000003,13.15,1219035.1885405802
2023-04-19,125800.0,39500.0,166900.0,121400.0,54900.0,293800.0,149979.389,109051.6,187628.98,144951.6,147659.04,477498.7438,13.15,1216782.50334058
2023-04-20,125800.0,39500.0,166900.0,121400.0,54900.0,293800.0,150733.6858,108593.40000000001,187578.90999999997,144223.19999999998,147329.64,478164.2008,13.15,1216636.18714058
2023-04-21,125800.0,39500.0,166900.0,121400.0,54900.0,293800.0,147875.38400000002,108356.4,187412.01,144708.8,146956.32,476333.8268,13.15,1211655.89134058
2023-04-24,125800.0,39500.0,166900.0,121400.0,54900.0,293800.0,147200.59279999998,108230.00000000001,187745.81,144951.6,147252.78,475457.4214,13.15,1210851.35474058
2023-04-25,125800.0,39500.0,166900.0,121400.0,54900.0,293800.0,144659.93600000002,106223.4,188012.85,145922.8,144957.96,479506.573,13.15,1209296.66954058
2023-04-26,125800.0,39500.0,166900.0,121400.0,54900.0,293800.0,146486.0488,107408.4,188196.44,144951.6,145221.48,480039.23240000004,13.15,1212316.35174058
2023-04-27,125800.0,39500.0,166900.0,121400.0,54900.0,293800.0,147028.49839999998,110283.99999999999,188530.24,145801.4,147988.44,480882.4384,13.15,1220528.16734058
2023-04-28,125800.0,39500.0,166900.0,121400.0,54900.0,293800.0,147491.69400000002,111058.2,190866.84,146651.19999999998,149295.06,477276.631,13.15,1222652.77554058
2023-05-04,125800.0,39500.0,166900.0,121400.0,54900.0,293800.0,147531.321,108546.00000000001,191300.78000000003,144951.6,145023.84,487394.80919999996,13.15,1224761.50074058
2023-05-05,125800.0,39500.0,166900.0,121400.0,54900.0,293800.0,148391.54140000002,110947.6,191851.55,146287.0,147834.72,489680.27939999994,13.15,1235005.84134058
2023-05-08,125800.0,39500.0,166900.0,121400.0,54900.0,293800.0,150323.452,111295.2,189498.25999999998,146165.6,147988.44,484698.90040000004,13.15,1229983.0029405802
2023-05-09,125800.0,39500.0,166900.0,121400.0,54900.0,293800.0,147306.3906,110710.59999999999,191601.19999999998,146044.2,147516.3,485608.5052,13.15,1228800.3463405801
2023-05-10,125800.0,39500.0,166900.0,121400.0,54900.0,293800.0,146803.568,111990.4,190833.46,145194.4,148273.92,487172.9902,13.15,1230281.88874058
2023-05-11,125800.0,39500.0,166900.0,121400.0,54900.0,293800.0,146578.63760000002,112022.0,191918.31,144466.0,147615.12,487450.33739999996,13.15,1230063.55554058
2023-05-12,125800.0,39500.0,166900.0,121400.0,54900.0,293800.0,146260.9926,112243.20000000001,194171.46,144830.2,148230.0,484809.663,13.15,1230558.66614058
2023-05-15,125800.0,39500.0,166900.0,121400.0,54900.0,293800.0,149145.7124,113128.0,194254.91,144344.6,149042.52,486651.4952,13.15,1236580.3881405802
2023-05-16,125800.0,39500.0,166900.0,121400.0,54900.0,293800.0,149000.1618,112970.0,195089.41,144223.19999999998,147779.82,485386.6862,13.15,1234462.42854058
2023-05-17,125800.0,39500.0,166900.0,121400.0,54900.0,293800.0,146340.4982,114755.4,196691.65000000002,145073.0,150074.64,483456.4202,13.15,1236404.75894058
2023-05-18,125800.0,39500.0,166900.0,121400.0,54900.0,293800.0,148219.44700000001,117204.40000000001,199011.56,147015.40000000002,151985.16,482735.14119999995,13.15,1246184.2587405802
2023-05-19,125800.0,39500.0,166900.0,121400.0,54900.0,293800.0,147147.631,117583.59999999999,200296.69,147986.6,152600.03999999998,480815.74580000003,13.15,1246443.45734058
2023-05-22,125800.0,39500.0,166900.0,121400.0,54900.0,293800.0,148523.883,117615.2,202416.32,147622.4,152204.76,482646.41359999997,13.15,1251042.12714058
2023-05-23,125800.0,39500.0,166900.0,121400.0,54900.0,293800.0,147094.6692,116382.8,200964.28999999998,147258.2,150854.22,480039.23240000004,13.15,1242606.56214058
2023-05-24,125800.0,39500.0,166900.0,121400.0,54900.0,293800.0,145083.3788,116177.4,199712.54,144344.6,150239.34,483112.3804,13.15,1238682.7897405801
2023-05-25,125800.0,39500.0,166900.0,121400.0,54900.0,293800.0,142317.6658,118831.8,199328.66999999998,143616.2,151480.08,481758.8438,13.15,1237346.41014058
2023-05-26,125800.0,39500.0,166900.0,121400.0,54900.0,293800.0,142661.7288,122276.20000000001,200012.96,145437.19999999998,153950.58,479218.35520000005,13.15,1243570.17454058
2023-05-29,125800.0,39500.0,166900.0,121400.0,54900.0,293800.0,140809.198,121960.20000000001,200530.35,144708.8,153555.30000000002,478441.548,13.15,1240018.54654058
2023-05-30,125800.0,39500.0,166900.0,121400.0,54900.0,293800.0,141722.2544,122845.0,201898.93,144587.4,154071.36,477587.4714,13.15,1242725.56634058
2023-05-31,125800.0,39500.0,166900.0,121400.0,54900.0,293800.0,138837.53459999998,122023.4,199879.44,142645.0,153171.0,483866.8588,13.15,1240436.38394058
2023-06-01,125800.0,39500.0,166900.0,121400.0,54900.0,293800.0,139062.46500000003,123856.20000000001,202866.95,144223.19999999998,155004.66,483456.4202,13.15,1248483.0457405802
2023-06-02,125800.0,39500.0,166900.0,121400.0,54900.0,293800.0,144620.1832,124693.6,205604.11,146772.6,157200.66,485475.4138,13.15,1264379.71754058
2023-06-05,125800.0,39500.0,166900.0,121400.0,54900.0,293800.0,145625.8284,124709.4,207790.50000000003,145073.0,156805.38,480305.4152,13.15,1260322.67414058
2023-06-06,125800.0,39500.0,166900.0,121400.0,54900.0,293800.0,145903.7206,125025.4,211495.68000000002,145801.4,157530.06,483201.108,13.15,1268970.5191405802
2023-06-07,125800.0,39500.0,166900.0,121400.0,54900.0,293800.0,147372.5614,123097.8,207556.84,145558.6,157189.68,483500.784,13.15,1264289.41594058
2023-06-08,125800.0,39500.0,166900.0,121400.0,54900.0,293800.0,148060.6874,124804.20000000001,205654.18,146044.2,158353.56,481670.1162,13.15,1264600.0941405802
2023-06-09,125800.0,39500.0,166900.0,121400.0,54900.0,293800.0,148616.4718,124914.79999999999,210661.18,146529.80000000002,158177.88,485198.06659999996,13.15,1274111.34894058
2023-06-12,125800.0,39500.0,166900.0,121400.0,54900.0,293800.0,148947.32580000002,127253.2,211529.06000000003,147501.0,159846.84,485797.12480000005,13.15,1280887.70114058
2023-06-13,125800.0,39500.0,166900.0,121400.0,54900.0,293800.0,150482.2116,128738.4,215918.53,149564.8,161570.7,487683.3208,13.15,1293971.1129405801
2023-06-14,125800.0,39500.0,166900.0,121400.0,54900.0,293800.0,149913.2182,129733.8,218205.05999999997,150778.8,161867.16,484465.917,13.15,1294977.10574058
2023-06-15,125800.0,39500.0,166900.0,121400.0,54900.0,293800.0,153075.83020000003,131092.6,217971.4,151021.6,163689.84,480294.5446,13.15,1297158.96534058
2023-06-16,125800.0,39500.0,166900.0,121400.0,54900.0,293800.0,154531.462,129860.2,218739.13999999998,152721.2,162635.76,484310.4968,13.15,1302811.4093405802
2023-06-19,125800.0,39500.0,166900.0,121400.0,54900.0,293800.0,153234.71560000003,129686.4,213932.42,150900.2,162427.14,484576.67960000003,13.15,1294770.70574058
2023-06-20,125800.0,39500.0,166900.0,121400.0,54900.0,293800.0,151871.6726,130255.2,214917.13,150657.40000000002,162536.94,485419.8856,13.15,1295671.37874058
2023-06-21,125800.0,39500.0,166900.0,121400.0,54900.0,293800.0,149185.4652,128849.0,217570.84000000003,150171.80000000002,162130.68,484133.0416,13.15,1292053.97734058
2023-06-26,125800.0,39500.0,166900.0,121400.0,54900.0,293800.0,146313.9544,127774.59999999999,209809.99000000002,148593.6,161329.14,483389.7276,13.15,1277224.1625405801
2023-06-27,125800.0,39500.0,166900.0,121400.0,54900.0,293800.0,149119.29439999998,130065.6,209025.56,149200.6,163261.62000000002,483334.19940000004,13.15,1284020.0243405802
2023-06-28,125800.0,39500.0,166900.0,121400.0,54900.0,293800.0,149317.80680000002,130239.40000000001,212096.52,150536.0,163206.72,480715.8538,13.15,1286125.45114058
2023-06-29,125800.0,39500.0,166900.0,121400.0,54900.0,293800.0,147663.6626,130223.6,213248.13,150778.8,164183.94,481015.5298,13.15,1287126.8129405798
2023-06-30,141500.0,39300.0,155700.0,130600.0,56900.0,280800.0,165973.274,131717.88,198143.82,163511.2,172372.86,461152.50480000005,210.4,1293081.94362192
2023-07-03,141500.0,39300.0,155700.0,130600.0,56900.0,280800.0,169203.153,131780.76,201397.95,163119.40000000002,172327.34,462202.13519999996,210.4,1300241.14302192
2023-07-04,141500.0,39300.0,155700.0,130600.0,56900.0,280800.0,169992.0155,131576.4,199031.31,162597.0,172065.6,462679.4952,210.4,1298152.22552192
2023-07-05,141500.0,39300.0,155700.0,130600.0,56900.0,280800.0,167312.8545,131387.76,198470.78999999998,160768.6,171564.88,463453.38,210.4,1293168.66932192
2023-07-06,141500.0,39300.0,155700.0,130600.0,56900.0,280800.0,163755.54450000002,130617.48,195574.77,156850.6,170506.54,463103.50320000004,210.4,1280618.84252192
2023-07-07,141500.0,39300.0,155700.0,130600.0,56900.0,280800.0,162088.533,130067.28,193768.65,158026.0,169937.54,462584.0232,210.4,1276682.43102192
2023-07-10,141500.0,39300.0,155700.0,130600.0,56900.0,280800.0,162713.68,129941.52,193815.36,159070.8,170039.96,464036.6016,210.4,1279828.32642192
2023-07-11,141500.0,39300.0,155700.0,130600.0,56900.0,280800.0,164157.4045,130507.44,195325.65,160899.2,171098.30000000002,462923.2296,210.4,1285121.62892192
2023-07-12,141500.0,39300.0,155700.0,130600.0,56900.0,280800.0,165720.272,131875.08,194531.58000000002,162988.8,172076.98,463941.1296,210.4,1291344.24642192
2023-07-13,141500.0,39300.0,155700.0,130600.0,56900.0,280800.0,169545.44150000002,133682.88,199218.15000000002,165209.0,172987.38,467663.1336,210.4,1308516.38992192
2023-07-14,141500.0,39300.0,155700.0,130600.0,56900.0,280800.0,169724.0145,133227.0,199171.43999999997,165731.4,172315.96,465224.10480000003,210.4,1305604.32412192
2023-07-17,141500.0,39300.0,155700.0,130600.0,56900.0,280800.0,169858.01499999998,134500.32,197956.98,165209.0,172976.0,466888.968,210.4,1307599.6878219198
2023-07-18,141500.0,39300.0,155700.0,130600.0,56900.0,280800.0,166657.9925,135805.08,199311.57,166645.6,174500.92,469115.712,210.4,1312247.2793219201
2023-07-19,141500.0,39300.0,155700.0,130600.0,56900.0,280800.0,166166.7045,135757.92,201351.24,166515.0,175001.64,475106.58,210.4,1320109.48932192
2023-07-20,141500.0,39300.0,155700.0,130600.0,56900.0,280800.0,166017.84649999999,132708.24,199078.02,168082.19999999998,173795.36,473834.2752,210.4,1313726.3465219198
2023-07-21,141500.0,39300.0,155700.0,130600.0,56900.0,280800.0,167163.99649999998,132346.68,197069.49000000002,166123.2,173806.74000000002,471151.51200000005,210.4,1307872.02332192
2023-07-24,141500.0,39300.0,155700.0,130600.0,56900.0,280800.0,163532.2575,132598.2,196617.96,165862.0,174489.54,471437.92799999996,210.4,1304748.2903219198
2023-07-25,141500.0,39300.0,155700.0,130600.0,56900.0,280800.0,170245.0175,133494.24,197303.04,165600.8,174865.08,468288.4752,210.4,1310007.05752192
2023-07-26,141500.0,39300.0,155700.0,130600.0,56900.0,280800.0,169456.155,132834.0,196182.0,163250.0,174569.2,470737.8936,210.4,1307239.65342192
2023-07-27,141500.0,39300.0,155700.0,130600.0,56900.0,280800.0,172075.7445,132425.28,198657.63,166645.6,173385.68,471628.5912,210.4,1315028.93052192
2023-07-28,141500.0,39300.0,155700.0,130600.0,56900.0,280800.0,174531.61849999998,135034.8,199981.08,166123.2,175240.62,468362.8872,210.4,1319484.6105219198
2023-07-31,141500.0,39300.0,155700.0,130600.0,56900.0,280800.0,175990.342,134987.64,200090.06999999998,166253.8,175411.32,468013.01039999997,210.4,1320956.58722192
2023-08-01,141500.0,39300.0,155700.0,130600.0,56900.0,280800.0,175275.9085,134547.48,199420.56,163641.8,174887.84,469126.3824,210.4,1317110.37572192
2023-08-02,141500.0,39300.0,155700.0,130600.0,56900.0,280800.0,171242.3095,131749.32,194842.98,161944.0,172668.74000000002,469486.9296,210.4,1302144.68392192
2023-08-03,141500.0,39300.0,155700.0,130600.0,56900.0,280800.0,170498.0195,131812.2,191884.68,160246.2,172520.8,467323.6464,210.4,1294495.95072192
2023-08-04,141500.0,39300.0,155700.0,130600.0,56900.0,280800.0,171242.3095,131057.64,192336.21000000002,160638.0,171428.32,466613.2224,210.4,1293526.1067219202
2023-08-07,141500.0,39300.0,155700.0,130600.0,56900.0,280800.0,171078.4525,132079.44,193472.81999999998,161029.80000000002,172873.58,467503.92000000004,210.4,1298248.4173219202
2023-08-08,141500.0,39300.0,155700.0,130600.0,56900.0,280800.0,168458.863,131293.44,193737.50999999998,159593.19999999998,172577.69999999998,467440.4592,210.4,1293311.57702192
2023-08-09,141500.0,39300.0,155700.0,130600.0,56900.0,280800.0,168920.29450000002,129815.76,192694.32,160507.40000000002,171428.32,467641.7928,210.4,1291218.29212192
2023-08-10,141500.0,39300.0,155700.0,130600.0,56900.0,280800.0,168935.152,130035.84000000001,193426.11,161813.40000000002,171451.08,466167.8736,210.4,1292039.86042192
2023-08-11,141500.0,39300.0,155700.0,130600.0,56900.0,280800.0,167446.71349999998,129218.4,192351.78,160638.0,171314.52000000002,467832.7368,210.4,1289012.55512192
2023-08-14,141500.0,39300.0,155700.0,130600.0,56900.0,280800.0,165035.55349999998,130931.87999999999,190389.96000000002,160899.2,172532.18,468574.8912,210.4,1288574.0695219198
2023-08-15,141500.0,39300.0,155700.0,130600.0,56900.0,280800.0,163457.8285,129642.84,190950.47999999998,159593.19999999998,170756.9,468585.5616,210.4,1283197.2149219199
2023-08-16,141500.0,39300.0,155700.0,130600.0,56900.0,280800.0,161656.81650000002,128652.48,189004.23,160246.2,170005.82,469401.8472,210.4,1279177.79852192
2023-08-17,141500.0,39300.0,155700.0,130600.0,56900.0,280800.0,161656.81650000002,127473.48,187416.09,158940.2,168924.72,469306.65599999996,210.4,1273928.3673219199
2023-08-18,141500.0,39300.0,155700.0,130600.0,56900.0,280800.0,158278.0795,127096.2,187322.67,157764.8,168731.25999999998,468670.3632,210.4,1268073.77752192
2023-08-21,141500.0,39300.0,155700.0,130600.0,56900.0,280800.0,155271.48750000002,129218.4,187852.05,158026.0,169835.12,470525.8896,210.4,1270939.35192192
2023-08-22,141500.0,39300.0,155700.0,130600.0,56900.0,280800.0,156611.068,128982.6,189066.50999999998,159593.19999999998,169357.16,470420.028,210.4,1274240.9708219199
2023-08-23,141500.0,39300.0,155700.0,130600.0,56900.0,280800.0,157132.071,131073.36,190483.38,159070.8,171212.1,470939.50800000003,210.4,1280121.62382192
2023-08-24,141500.0,39300.0,155700.0,130600.0,56900.0,280800.0,160093.949,128039.4,192756.6,157895.40000000002,168697.12,472349.68559999997,210.4,1280042.55942192
2023-08-25,141500.0,39300.0,155700.0,130600.0,56900.0,280800.0,157786.93300000002,129061.2,187665.21,157242.4,169835.12,471596.86079999997,210.4,1273398.12862192
2023-08-28,141500.0,39300.0,155700.0,130600.0,56900.0,280800.0,159245.65649999998,129925.8,190156.41,158679.0,170825.18000000002,471713.39280000003,210.4,1280755.8441219202
2023-08-29,141500.0,39300.0,155700.0,130600.0,56900.0,280800.0,162341.53499999997,132802.56,190389.96000000002,160376.8,173294.63999999998,472964.6376,210.4,1292380.53742192
2023-08-30,141500.0,39300.0,155700.0,130600.0,56900.0,280800.0,162237.391,133509.96000000002,191511.0,160768.6,173897.78,474587.10000000003,210.4,1296722.23582192
2023-08-31,141500.0,39300.0,155700.0,130600.0,56900.0,280800.0,161403.8145,133840.08000000002,193052.43,161944.0,173636.04,476834.904,210.4,1300921.6733219202
2023-09-01,141500.0,39300.0,155700.0,130600.0,56900.0,280800.0,161433.5295,133667.16,194858.55000000002,159854.4,173897.78,476463.9672,210.4,1300385.7915219201
2023-09-04,141500.0,39300.0,155700.0,130600.0,56900.0,280800.0,165586.2715,133651.44,194718.41999999998,158417.80000000002,173875.02000000002,478202.6808,210.4,1304662.03712192
2023-09-05,141500.0,39300.0,155700.0,130600.0,56900.0,280800.0,162356.3925,133840.08000000002,194687.28,157764.8,173158.08000000002,478563.228,210.4,1300580.26532192
2023-09-06,141500.0,39300.0,155700.0,130600.0,56900.0,280800.0,162624.252,132881.16,195839.46,157503.6,172395.62,476803.17360000004,210.4,1298257.67042192
2023-09-07,141500.0,39300.0,155700.0,130600.0,56900.0,280800.0,160600.0945,131922.24,194220.18000000002,157242.4,171917.66,477057.5784,210.4,1293170.55772192
2023-09-08,141500.0,39300.0,155700.0,130600.0,56900.0,280800.0,161061.526,132393.84,192818.88,157373.0,172554.94,480419.0352,210.4,1296831.62602192
2023-09-11,141500.0,39300.0,155700.0,130600.0,56900.0,280800.0,160198.2345,134044.44,191915.81999999998,158156.6,173670.18,480832.3728,210.4,1299028.0521219198
2023-09-12,141500.0,39300.0,155700.0,130600.0,56900.0,280800.0,159453.9445,132220.91999999998,193301.55000000002,156850.6,172304.58,482157.74879999994,210.4,1296499.7481219198
2023-09-13,141500.0,39300.0,155700.0,130600.0,56900.0,280800.0,159230.799,132629.64,191962.53000000003,156197.6,172281.82,482995.656,210.4,1295508.44982192
2023-09-14,141500.0,39300.0,155700.0,130600.0,56900.0,280800.0,159498.65850000002,133730.04,194064.47999999998,157111.80000000002,173727.08,487586.73600000003,210.4,1305929.19932192
2023-09-15,141500.0,39300.0,155700.0,130600.0,56900.0,280800.0,160495.9505,131199.12,195808.32,156458.8,171416.94,482380.42319999996,210.4,1297969.95852192
2023-09-18,141500.0,39300.0,155700.0,130600.0,56900.0,280800.0,158218.6495,131293.44,194998.68,155152.8,171428.32,481882.284,210.4,1293184.57832192
2023-09-19,141500.0,39300.0,155700.0,130600.0,56900.0,280800.0,158992.51299999998,130994.76000000001,193348.26,154891.6,171041.4,484013.556,210.4,1293492.4938219201
2023-09-20,141500.0,39300.0,155700.0,130600.0,56900.0,280800.0,157920.9335,129014.04,192164.94,155805.80000000002,169436.81999999998,484798.1112,210.4,1289351.04952192
2023-09-21,141500.0,39300.0,155700.0,130600.0,56900.0,280800.0,155837.20450000002,126624.6,189082.08,153324.4,166660.09999999998,485635.7376,210.4,1277374.52692192
2023-09-22,141500.0,39300.0,155700.0,130600.0,56900.0,280800.0,159498.65850000002,126624.6,188677.26,153193.80000000002,166273.18,484469.29439999996,210.4,1278947.19772192
2023-09-25,141500.0,39300.0,155700.0,130600.0,56900.0,280800.0,156566.4955,127221.96,189518.04,151496.0,166921.84000000003,488530.5048,210.4,1280465.24512192
2023-09-26,141500.0,39300.0,155700.0,130600.0,56900.0,280800.0,154304.052,125241.23999999999,186964.56000000003,149145.19999999998,164475.14,486802.1808,210.4,1267142.77762192
2023-09-27,141500.0,39300.0,155700.0,130600.0,56900.0,280800.0,155450.202,125477.04000000001,186653.16,148753.4,164486.52,475212.7224,210.4,1256243.44922192
2023-09-28,141500.0,39300.0,155700.0,130600.0,56900.0,280800.0,153440.7605,126656.04,184582.35,148884.0,165647.28,459190.836,210.4,1238611.67132192
2023-10-09,141500.0,39300.0,155700.0,130600.0,56900.0,280800.0,154512.4815,129721.44,180347.31000000003,147708.6,167012.88,449859.852,210.4,1229372.96832192
2023-10-10,141500.0,39300.0,155700.0,130600.0,56900.0,280800.0,155911.492,130428.84,184987.16999999998,150451.19999999998,167855.0,461969.0712,210.4,1251813.17802192
2023-10-11,141500.0,39300.0,155700.0,130600.0,56900.0,280800.0,158054.934,131387.76,185765.67,151365.4,168571.94,462520.2816,210.4,1257876.3904219202
2023-10-12,141500.0,39300.0,155700.0,130600.0,56900.0,280800.0,161031.66950000002,130837.56000000001,188474.84999999998,151234.8,167524.97999999998,463188.30480000004,210.4,1262502.56912192
2023-10-13,141500.0,39300.0,155700.0,130600.0,56900.0,280800.0,157236.215,129186.95999999999,186824.43,147839.19999999998,166614.58,466040.6712,210.4,1253952.46102192
2023-10-16,141500.0,39300.0,155700.0,130600.0,56900.0,280800.0,155762.77550000002,130758.95999999999,183258.9,148100.4,168424.0,472572.36,210.4,1259087.80032192
2023-10-17,141500.0,39300.0,155700.0,130600.0,56900.0,280800.0,157057.642,130303.08,185283.0,148361.59999999998,168389.86000000002,474958.0368,210.4,1264563.62362192
2023-10-18,141500.0,39300.0,155700.0,130600.0,56900.0,280800.0,156551.63799999998,128416.68,185500.98,147447.4,166148.0,478446.696,210.4,1262721.7988219198
2023-10-19,141500.0,39300.0,155700.0,130600.0,56900.0,280800.0,152622.18300000002,127300.56,181546.19999999998,146533.2,164736.88,481447.3248,210.4,1254396.7526219198
2023-10-20,141500.0,39300.0,155700.0,130600.0,56900.0,280800.0,151624.89099999997,125351.28,180596.43,144574.2,162654.34,487512.60480000003,210.4,1252524.15062192
2023-10-23,141500.0,39300.0,155700.0,130600.0,56900.0,280800.0,151550.462,125728.56,179195.13,144704.80000000002,162358.46000000002,485020.7856,210.4,1248768.60242192
2023-10-24,141500.0,39300.0,155700.0,130600.0,56900.0,280800.0,149928.1645,126939.0,179880.21,146402.6,163530.6,485837.35199999996,210.4,1252728.33132192
2023-10-25,141500.0,39300.0,155700.0,130600.0,56900.0,280800.0,150821.171,123747.84,180643.13999999998,145749.6,161174.93999999997,483525.8064,210.4,1245872.9022219197
2023-10-26,141500.0,39300.0,155700.0,130600.0,56900.0,280800.0,150434.1685,121264.08,176626.08000000002,143790.6,159251.72,486664.308,210.4,1238241.36132192
2023-10-27,141500.0,39300.0,155700.0,130600.0,56900.0,280800.0,153604.476,121892.87999999999,178728.03,143268.19999999998,158489.26,488329.1712,210.4,1244522.4220219199
2023-10-30,141500.0,39300.0,155700.0,130600.0,56900.0,280800.0,153664.04750000002,123339.12,177638.13,143529.4,160401.1,489506.004,210.4,1248288.20632192
2023-10-31,141500.0,39300.0,155700.0,130600.0,56900.0,280800.0,151074.173,123936.48,179241.84,144966.0,161436.68000000002,489442.2624,210.4,1250307.84022192
2023-11-01,141500.0,39300.0,155700.0,130600.0,56900.0,280800.0,150850.886,126215.87999999999,181156.94999999998,145880.2,163132.3,487947.2832,210.4,1255393.90402192
2023-11-02,141500.0,39300.0,155700.0,130600.0,56900.0,280800.0,152101.18000000002,128463.84000000001,183788.27999999997,147969.8,166261.80000000002,488880.3816,210.4,1267675.68642192
2023-11-03,141500.0,39300.0,155700.0,130600.0,56900.0,280800.0,155822.20549999998,130020.12,183928.41,148884.0,167832.24000000002,489506.004,210.4,1276203.3843219199
2023-11-06,141500.0,39300.0,155700.0,130600.0,56900.0,280800.0,158575.79549999998,130538.88,189128.78999999998,149537.0,168071.22,487130.7168,210.4,1283192.80712192
2023-11-07,141500.0,39300.0,155700.0,130600.0,56900.0,280800.0,155985.921,131765.03999999998,185921.37,149667.59999999998,168526.42,483918.084,210.4,1275994.83982192
2023-11-08,141500.0,39300.0,155700.0,130600.0,56900.0,280800.0,155122.771,131906.52,185111.73,150190.0,168685.74,482454.8352,210.4,1273682.00102192
2023-11-09,141500.0,39300.0,155700.0,130600.0,56900.0,280800.0,154795.1985,130790.4,187213.68,151365.4,167342.9,480121.94879999995,210.4,1271839.93212192
2023-11-10,141500.0,39300.0,155700.0,130600.0,56900.0,280800.0,152235.1805,133761.48,186372.90000000002,149798.2,170005.82,481871.6136,210.4,1274255.5989219202
2023-11-13,141500.0,39300.0,155700.0,130600.0,56900.0,280800.0,154140.3365,133368.48,186077.07,151104.2,169846.5,481299.06240000005,210.4,1276046.05372192
2023-11-14,141500.0,39300.0,155700.0,130600.0,56900.0,280800.0,153887.3345,136150.91999999998,186715.44,153846.8,173112.56000000003,483175.6488,210.4,1287099.1081219201
2023-11-15,141500.0,39300.0,155700.0,130600.0,56900.0,280800.0,159974.9475,136182.36,192164.94,157242.4,173374.30000000002,483971.1552,210.4,1303120.50752192
2023-11-16,141500.0,39300.0,155700.0,130600.0,56900.0,280800.0,157682.789,136355.28,190421.1,157373.0,173533.62,483281.79120000004,210.4,1298857.98502192
2023-11-17,141500.0,39300.0,155700.0,130600.0,56900.0,280800.0,154557.054,136339.56,192211.65,158809.6,173761.22,484045.2864,210.4,1299934.7752219199
2023-11-20,141500.0,39300.0,155700.0,130600.0,56900.0,280800.0,157221.3575,137738.63999999998,191791.26,159201.40000000002,174774.04,478711.7712,210.4,1299648.87352192
2023-11-21,141500.0,39300.0,155700.0,130600.0,56900.0,280800.0,156462.21,136559.64,192850.02,159201.40000000002,173909.16,479040.58800000005,210.4,1298233.4228219201
2023-11-22,141500.0,39300.0,155700.0,130600.0,56900.0,280800.0,156090.2065,136858.32,193099.13999999998,158940.2,174250.56,477958.94639999996,210.4,1297407.77772192
2023-11-23,141500.0,39300.0,155700.0,130600.0,56900.0,280800.0,157519.0735,136779.72,191464.29,158809.6,174136.76,477206.1216,210.4,1296125.96992192
2023-11-24,141500.0,39300.0,155700.0,130600.0,56900.0,280800.0,154289.1945,136433.88,191946.96,159070.8,174091.24000000002,477227.1816,210.4,1293269.6609219199
2023-11-27,141500.0,39300.0,155700.0,130600.0,56900.0,280800.0,154170.0515,136276.68,190748.07,158809.6,173761.22,482104.9584,210.4,1296080.98472192
2023-11-28,141500.0,39300.0,155700.0,130600.0,56900.0,280800.0,152592.32650000002,136701.12,192024.81,159332.0,173852.26,483631.668,210.4,1298344.58932192
2023-11-29,141500.0,39300.0,155700.0,130600.0,56900.0,280800.0,149124.44449999998,136182.36,192725.46,161552.2,173465.34,486547.776,210.4,1299807.98532192
2023-11-30,141500.0,39300.0,155700.0,130600.0,56900.0,280800.0,149303.0175,135805.08,193612.95,161552.2,174136.76,486356.832,210.4,1300977.24432192
2023-12-01,141500.0,39300.0,155700.0,130600.0,56900.0,280800.0,147561.577,136323.84,192569.75999999998,162466.4,175377.18,486642.96719999996,210.4,1301152.12902192
2023-12-04,141500.0,39300.0,155700.0,130600.0,56900.0,280800.0,145745.70750000002,134783.28,192943.44,162074.6,174193.66,492877.8504,210.4,1302828.94272192
2023-12-05,141500.0,39300.0,155700.0,130600.0,56900.0,280800.0,143140.9755,135427.80000000002,189938.43,162858.2,174375.74,486208.2888,210.4,1292159.8391219198
2023-12-06,141500.0,39300.0,155700.0,130600.0,56900.0,280800.0,144286.984,134657.52000000002,193877.64,163641.8,173727.08,485964.55439999996,210.4,1296365.98322192
2023-12-07,141500.0,39300.0,155700.0,130600.0,56900.0,280800.0,143468.4065,136764.0,190623.50999999998,162988.8,175240.62,486728.0496,210.4,1296023.7909219202
2023-12-08,141500.0,39300.0,155700.0,130600.0,56900.0,280800.0,143230.262,137188.44,190825.92,164294.8,175832.38,486367.5024,210.4,1297949.70922192
2023-12-11,141500.0,39300.0,155700.0,130600.0,56900.0,280800.0,142128.82599999997,138115.92,192927.87000000002,164556.0,176606.22,481489.7256,210.4,1296034.96642192
2023-12-12,141500.0,39300.0,155700.0,130600.0,56900.0,280800.0,143780.97999999998,139247.76,191822.4,164686.59999999998,177459.72,479856.87360000005,210.4,1297064.73842192
2023-12-13,141500.0,39300.0,155700.0,130600.0,56900.0,280800.0,142366.9705,140882.64,193068.0,164686.59999999998,179747.09999999998,478064.808,210.4,1299026.52332192
2023-12-14,141500.0,39300.0,155700.0,130600.0,56900.0,280800.0,143855.40899999999,140599.68,194593.86000000002,165339.6,180190.91999999998,487289.9304,210.4,1312079.80422192
2023-12-15,141500.0,39300.0,155700.0,130600.0,56900.0,280800.0,146996.00149999998,141024.12,196524.54,166645.6,179860.9,486250.6896,210.4,1317512.25592192
2023-12-18,141500.0,39300.0,155700.0,130600.0,56900.0,280800.0,145567.1345,141935.88,195138.81000000003,164425.4,180589.22,486049.35599999997,210.4,1313916.2053219199
2023-12-19,141500.0,39300.0,155700.0,130600.0,56900.0,280800.0,144718.7005,142753.32,197521.02,165731.4,181784.12,486218.9592,210.4,1318937.92452192
2023-12-20,141500.0,39300.0,155700.0,130600.0,56900.0,280800.0,145715.85100000002,140536.8,198906.75,166384.4,179075.68000000002,488891.052,210.4,1319720.93782192
2023-12-21,141500.0,39300.0,155700.0,130600.0,56900.0,280800.0,145730.85,142344.6,195932.88,165600.8,181033.04,487809.4104,210.4,1318661.98522192
2023-12-22,141500.0,39300.0,155700.0,130600.0,56900.0,280800.0,143096.26150000002,142391.76,197630.01,166515.0,181169.6,491000.9832,210.4,1322014.01952192
2023-12-25,141500.0,39300.0,155700.0,130600.0,56900.0,280800.0,143066.5465,142486.08,198128.25,166645.6,181294.78,491319.1296,210.4,1323150.79092192
2023-12-26,141500.0,39300.0,155700.0,130600.0,56900.0,280800.0,143081.404,143256.36,198501.93,166906.80000000002,181954.82,492835.4496,210.4,1326747.16842192
2023-12-27,141500.0,39300.0,155700.0,130600.0,56900.0,280800.0,145641.42200000002,143555.04,200541.6,167429.2,182318.98,494553.10319999995,210.4,1334249.75002192
2023-12-28,141500.0,39300.0,155700.0,130600.0,56900.0,280800.0,149228.58849999998,143429.28,201024.27,167951.6,182318.98,494585.1144,210.4,1338748.23772192
2023-12-29,141500.0,39300.0,155700.0,130600.0,56900.0,280800.0,148871.301,142517.52,200868.57,167821.0,181431.34,491902.35120000003,210.4,1333622.48702192
2023-12-31,164400.0,43700.0,151000.0,142400.0,67400.0,233600.0,172964.25360000003,158473.68,194805.1,182984.0,214898.16,409217.9104,109.43,1333452.5303439002
2024-01-02,164400.0,43700.0,151000.0,142400.0,67400.0,233600.0,170214.6636,155676.88,195001.40000000002,182272.0,213482.76,412667.0144,109.43,1329424.1443439
2024-01-03,164400.0,43700.0,151000.0,142400.0,67400.0,233600.0,169298.13360000003,154540.68,194291.69999999998,178854.4,212444.80000000002,410823.4432,109.43,1320362.5831439001
2024-01-04,164400.0,43700.0,151000.0,142400.0,67400.0,233600.0,169436.5584,153701.63999999998,191936.09999999998,179566.4,211730.36,409888.34239999996,109.43,1316368.8271439
2024-01-05,164400.0,43700.0,151000.0,142400.0,67400.0,233600.0,168312.5556,153998.8,190607.3,179566.4,212202.16,409553.12639999995,109.43,1314349.7683439
2024-01-08,164400.0,43700.0,151000.0,142400.0,67400.0,233600.0,165078.6432,157180.16,190260.0,180705.59999999998,215113.84000000003,408688.57279999997,109.43,1317136.2423439
2024-01-09,164400.0,43700.0,151000.0,142400.0,67400.0,233600.0,164767.434,157459.84,193234.7,180563.2,214830.75999999998,408388.864,109.43,1319354.2243439
2024-01-10,164400.0,43700.0,151000.0,142400.0,67400.0,233600.0,163764.4296,158665.96,196979.5,180278.4,216192.24,407903.67679999996,109.43,1323893.6327439002
2024-01-11,164400.0,43700.0,151000.0,142400.0,67400.0,233600.0,165908.8632,158980.6,199063.30000000002,179566.4,216151.8,408000.6208,109.43,1327781.0103439002
2024-01-12,164400.0,43700.0,151000.0,142400.0,67400.0,233600.0,165234.33,158998.08,202279.59999999998,181275.19999999998,216178.75999999998,408829.9008,109.43,1332905.2971439
2024-01-15,164400.0,43700.0,151000.0,142400.0,67400.0,233600.0,164957.6448,159068.0,204544.6,179851.19999999998,216259.64,412437.61919999996,109.43,1337228.1303439
2024-01-16,164400.0,43700.0,151000.0,142400.0,67400.0,233600.0,161429.9496,159155.4,202143.7,179424.0,215612.59999999998,411811.33759999997,109.43,1329686.4135439
2024-01-17,164400.0,43700.0,151000.0,142400.0,67400.0,233600.0,155463.87360000002,158333.84,200029.7,177288.00000000003,214507.24,407215.4912,109.43,1312947.5711439003
2024-01-18,164400.0,43700.0,151000.0,142400.0,67400.0,233600.0,156726.1368,160641.2,198640.49999999997,178711.99999999997,216421.4,406104.0224,109.43,1317354.6855439004
2024-01-19,164400.0,43700.0,151000.0,142400.0,67400.0,233600.0,155878.8192,163735.16,201313.19999999998,178142.4,219076.96,409085.6928,109.43,1327341.6583439002
2024-01-22,164400.0,43700.0,151000.0,142400.0,67400.0,233600.0,152229.96120000002,163735.16,204514.4,179851.19999999998,219360.04,408124.1952,109.43,1327924.3827439002
2024-01-23,164400.0,43700.0,151000.0,142400.0,67400.0,233600.0,156224.7168,164434.36,204408.69999999998,178996.8,220020.56000000003,408221.1392,109.43,1332415.7023439002
2024-01-24,164400.0,43700.0,151000.0,142400.0,67400.0,233600.0,161568.21,165203.48,202219.19999999998,181275.19999999998,220007.08000000002,407780.1024,109.43,1338162.6987439
2024-01-25,164400.0,43700.0,151000.0,142400.0,67400.0,233600.0,164767.434,165343.32,203019.5,181560.0,221152.88,405883.50399999996,109.43,1341836.0643439
2024-01-26,164400.0,43700.0,151000.0,142400.0,67400.0,233600.0,162208.05479999998,164504.28,200361.9,181702.4,221098.96000000002,408821.024,109.43,1338806.0451439002
2024-01-29,164400.0,43700.0,151000.0,142400.0,67400.0,233600.0,163574.2188,166199.84,201509.5,181275.19999999998,222837.88,408759.35360000003,109.43,1344265.4187439
2024-01-30,164400.0,43700.0,151000.0,142400.0,67400.0,233600.0,159700.62600000002,165011.19999999998,202400.4,181560.0,222568.28,409570.88,109.43,1340920.8123439
2024-01-31,164400.0,43700.0,151000.0,142400.0,67400.0,233600.0,157348.7196,161759.92,203336.6,180705.59999999998,218915.2,409447.3056,109.43,1331622.7715439002
2024-02-01,164400.0,43700.0,151000.0,142400.0,67400.0,233600.0,158178.7752,163717.68,202611.80000000002,179708.8,221692.08000000002,409447.3056,109.43,1335465.8671439004
2024-02-02,164400.0,43700.0,151000.0,142400.0,67400.0,233600.0,157711.8792,166497.0,204001.0,181275.19999999998,223956.72,412455.3728,109.43,1346006.5983439
2024-02-05,164400.0,43700.0,151000.0,142400.0,67400.0,233600.0,157556.3568,166357.16,202823.19999999998,179708.8,223431.0,408671.05279999995,109.43,1338656.9959439
2024-02-06,164400.0,43700.0,151000.0,142400.0,67400.0,233600.0,163937.37840000002,166007.56,201554.8,180848.0,223983.68,408406.384,109.43,1344847.2287439
2024-02-07,164400.0,43700.0,151000.0,142400.0,67400.0,233600.0,163314.7956,167668.16,202083.30000000002,179566.4,225722.6,409482.57920000004,109.43,1347947.2611439002
2024-02-08,164400.0,43700.0,151000.0,142400.0,67400.0,233600.0,161308.7868,167930.36,206099.9,180420.8,225924.8,409905.8624,109.43,1351699.9355439001
2024-02-19,164400.0,43700.0,151000.0,142400.0,67400.0,233600.0,163989.3288,166968.96000000002,212109.7,181560.0,226275.28,408962.1184,109.43,1359974.8135439001
2024-02-20,164400.0,43700.0,151000.0,142400.0,67400.0,233600.0,164992.3332,165710.4,211792.6,181275.19999999998,225021.64,409076.816,109.43,1357978.4155439
2024-02-21,164400.0,43700.0,151000.0,142400.0,67400.0,233600.0,167499.76200000002,165011.19999999998,211294.3,182272.0,225183.40000000002,409006.2688,109.43,1360376.3571439001
2024-02-22,164400.0,43700.0,151000.0,142400.0,67400.0,233600.0,169937.97840000002,169940.56,215265.6,185262.4,229928.36,408785.75039999996,109.43,1379230.0751439002
2024-02-23,164400.0,43700.0,151000.0,142400.0,67400.0,233600.0,169816.98,169416.16,215099.50000000003,185832.0,230144.04,407471.2832,109.43,1377889.3895439003
2024-02-26,164400.0,43700.0,151000.0,142400.0,67400.0,233600.0,168865.926,169381.19999999998,215718.6,185974.4,229321.76,409808.91839999997,109.43,1379180.2307439002
2024-02-27,164400.0,43700.0,151000.0,142400.0,67400.0,233600.0,170439.5628,169678.36000000002,216186.69999999998,187683.2,229645.28,410426.3232,109.43,1384168.8523439001
2024-02-28,164400.0,43700.0,151000.0,142400.0,67400.0,233600.0,167810.9712,168804.36,215628.0,188110.4,229335.24,409403.15520000004,109.43,1379201.5527439
2024-02-29,164400.0,43700.0,151000.0,142400.0,67400.0,233600.0,167413.2876,170325.12,215431.7,188680.0,230454.08,410135.2576,109.43,1382548.8715439
2024-03-01,164400.0,43700.0,151000.0,142400.0,67400.0,233600.0,168243.34319999997,172772.31999999998,220233.5,188680.0,232408.68,412217.1008,109.43,1394664.3703439003
2024-03-04,164400.0,43700.0,151000.0,142400.0,67400.0,233600.0,168208.81920000003,171950.76,221079.1,188964.8,231936.87999999998,416980.4384,109.43,1399230.2239439
2024-03-05,164400.0,43700.0,151000.0,142400.0,67400.0,233600.0,163902.85439999998,168926.72,220716.7,189107.2,229591.36000000002,423375.7056,109.43,1395729.9663439002
2024-03-06,164400.0,43700.0,151000.0,142400.0,67400.0,233600.0,166721.49240000002,170010.48,221275.4,189249.6,230764.12,426145.5008,109.43,1404276.0195439002
2024-03-07,164400.0,43700.0,151000.0,142400.0,67400.0,233600.0,165044.11920000002,172615.0,220037.2,191243.19999999998,233109.64,430688.31999999995,109.43,1412846.9055439
2024-03-08,164400.0,43700.0,151000.0,142400.0,67400.0,233600.0,166289.28480000002,169975.52000000002,221743.5,191670.40000000002,231505.52000000002,431314.6016,109.43,1412608.2527439003
2024-03-11,164400.0,43700.0,151000.0,142400.0,67400.0,233600.0,168658.2888,169293.80000000002,218330.9,190958.4,231208.96000000002,432540.76800000004,109.43,1411100.5431439
2024-03-12,164400.0,43700.0,151000.0,142400.0,67400.0,233600.0,173777.0472,171793.44,218300.7,193094.40000000002,233770.16,430803.01759999996,109.43,1421648.1911439002
2024-03-13,164400.0,43700.0,151000.0,142400.0,67400.0,233600.0,173604.09840000002,170342.6,216337.7,192952.0,233204.0,430406.1312,109.43,1416955.9559439002
2024-03-14,164400.0,43700.0,151000.0,142400.0,67400.0,233600.0,172497.3576,169958.04,217213.49999999997,192952.0,232718.72,430758.8672,109.43,1416207.9111439001
2024-03-15,164400.0,43700.0,151000.0,142400.0,67400.0,233600.0,170041.87920000002,168017.76,215733.7,192097.6,231195.48,432373.2768,109.43,1409569.1223439001
2024-03-18,164400.0,43700.0,151000.0,142400.0,67400.0,233600.0,170128.1892,169625.92,220490.19999999998,191955.2,232570.44,429091.8976,109.43,1413971.2731439
2024-03-19,164400.0,43700.0,151000.0,142400.0,67400.0,233600.0,168156.86880000003,170150.32,221577.4,192240.0,234012.8,429762.09599999996,109.43,1416008.9111439001
2024-03-20,164400.0,43700.0,151000.0,142400.0,67400.0,233600.0,168208.81920000003,172090.6,219206.7,192524.80000000002,236061.76,430723.59359999996,109.43,1418925.6991439003
2024-03-21,164400.0,43700.0,151000.0,142400.0,67400.0,233600.0,171407.8788,172754.84,223540.4,194945.6,236749.24,438997.9392,109.43,1438505.3243439002
2024-03-22,164400.0,43700.0,151000.0,142400.0,67400.0,233600.0,167880.1836,173086.96,223615.90000000002,194376.0,236587.48,435786.8736,109.43,1431442.8235439002
2024-03-25,164400.0,43700.0,151000.0,142400.0,67400.0,233600.0,167568.9744,172475.16,221652.9,194233.6,235805.64,435734.08,109.43,1427579.7807439002
2024-03-26,164400.0,43700.0,151000.0,142400.0,67400.0,233600.0,168917.712,171706.03999999998,221048.9,195657.6,234969.88,436898.3424,109.43,1429307.9007439
2024-03-27,164400.0,43700.0,151000.0,142400.0,67400.0,233600.0,166583.232,172352.8,222483.4,196511.99999999997,237005.36,439809.4656,109.43,1434855.6839439003
2024-03-28,164400.0,43700.0,151000.0,142400.0,67400.0,233600.0,168087.6564,172108.08000000002,221079.1,196369.6,237274.96,442235.168,109.43,1437263.9907439002
2024-03-29,164400.0,43700.0,151000.0,142400.0,67400.0,233600.0,168018.44400000002,172108.08000000002,222664.59999999998,195657.6,237288.44,449680.2336,109.43,1445526.8239439002
2024-03-31,156800.0,46400.0,128400.0,157400.0,69000.0,235800.0,160251.168,182741.76,189338.63999999998,216267.6,242907.6,453906.2754,3.54,1445416.5863559
2024-04-01,156800.0,46400.0,128400.0,157400.0,69000.0,235800.0,160218.24000000002,183094.4,186359.76,216582.4,242341.8,459221.91479999997,3.54,1447822.0577559
2024-04-02,156800.0,46400.0,128400.0,157400.0,69000.0,235800.0,164061.2512,181461.12,186462.47999999998,213434.40000000002,240699.6,459266.48099999997,3.54,1445388.8751559
2024-04-03,156800.0,46400.0,128400.0,157400.0,69000.0,235800.0,162032.5728,181832.32,184433.75999999998,214851.0,240989.4,462454.2612,3.54,1446596.8569559
2024-04-08,156800.0,46400.0,128400.0,157400.0,69000.0,235800.0,162098.58560000002,181219.84,183689.04,215165.8,240465.0,476691.8652,3.54,1459333.6737559
2024-04-09,156800.0,46400.0,128400.0,157400.0,69000.0,235800.0,162972.7456,181943.68,185576.52,212962.19999999998,240906.6,477885.01320000004,3.54,1462250.3017559
2024-04-10,156800.0,46400.0,128400.0,157400.0,69000.0,235800.0,166007.4528,180440.31999999998,184793.28,213277.0,238615.80000000002,479941.8966,3.54,1463079.2923559002
2024-04-11,156800.0,46400.0,128400.0,157400.0,69000.0,235800.0,165512.7488,183409.91999999998,183226.80000000002,209656.80000000002,240423.6,476700.8256,3.54,1458934.2373559
2024-04-12,156800.0,46400.0,128400.0,157400.0,69000.0,235800.0,161851.1552,180403.19999999998,183226.80000000002,209027.2,236946.0,487919.9538,3.54,1459377.8519559002
2024-04-15,156800.0,46400.0,128400.0,157400.0,69000.0,235800.0,160696.6368,177452.16,181814.4,209184.6,234117.0,480591.9972,3.54,1443860.3369559
2024-04-16,156800.0,46400.0,128400.0,157400.0,69000.0,235800.0,157529.74719999998,177619.19999999998,177281.88,205564.4,233772.0,483859.71359999996,3.54,1435630.4837559
2024-04-17,156800.0,46400.0,128400.0,157400.0,69000.0,235800.0,157529.74719999998,175410.56,174842.28,205721.8,232405.8,485533.6578,3.54,1431447.3879559
2024-04-18,156800.0,46400.0,128400.0,157400.0,69000.0,235800.0,158832.75519999999,174408.32,175394.40000000002,206508.80000000002,231867.59999999998,484581.02580000006,3.54,1431596.4439559001
2024-04-19,156800.0,46400.0,128400.0,157400.0,69000.0,235800.0,157282.4736,170844.8,170797.68,204934.80000000002,229894.19999999998,486459.8802,3.54,1420217.3767559
2024-04-22,156800.0,46400.0,128400.0,157400.0,69000.0,235800.0,160020.3584,172552.32,172620.96,206508.80000000002,231881.4,478722.10319999995,3.54,1422309.4845559
2024-04-23,156800.0,46400.0,128400.0,157400.0,69000.0,235800.0,163104.6144,175206.4,172826.40000000002,209971.6,234724.2,467930.2446,3.54,1423767.0019558999
2024-04-24,156800.0,46400.0,128400.0,157400.0,69000.0,235800.0,166683.7312,175707.52,176472.96000000002,210129.0,234738.0,471598.821,3.54,1435333.5751559
2024-04-25,156800.0,46400.0,128400.0,157400.0,69000.0,235800.0,167607.43999999997,174742.4,172415.52,208240.19999999998,233661.6,471411.8316,3.54,1428082.5345559
2024-04-26,156800.0,46400.0,128400.0,157400.0,69000.0,235800.0,171203.0208,177656.32,173237.28,211388.19999999998,236049.0,475516.638,3.54,1445054.0017559
2024-04-29,156800.0,46400.0,128400.0,157400.0,69000.0,235800.0,172110.10880000002,178268.80000000002,170746.32,210601.2,236808.0,472141.86840000004,3.54,1440679.8401559002
2024-04-30,156800.0,46400.0,128400.0,157400.0,69000.0,235800.0,172341.0752,174853.76,174752.4,208397.6,233082.0,469372.6332,3.54,1432803.0113559
2024-05-06,156800.0,46400.0,128400.0,157400.0,69000.0,235800.0,180373.31199999998,181331.19999999998,176588.52,211388.19999999998,239499.0,467885.6784,3.54,1457069.4533559
2024-05-07,156800.0,46400.0,128400.0,157400.0,69000.0,235800.0,179251.87840000002,181312.63999999998,178424.63999999998,214536.2,239844.0,468500.17319999996,3.54,1461873.0745559
2024-05-08,156800.0,46400.0,128400.0,157400.0,69000.0,235800.0,177618.9632,181275.52,175253.16,215165.8,239857.8,467921.2842,3.54,1457096.0703559
2024-05-09,156800.0,46400.0,128400.0,157400.0,69000.0,235800.0,180389.9328,181591.04,173866.44,216897.19999999998,241141.2,467271.4194,3.54,1461160.7751559
2024-05-10,156800.0,46400.0,128400.0,157400.0,69000.0,235800.0,184496.68159999998,181999.36000000002,174752.4,218313.8,241500.0,478321.479,3.54,1479387.2635559002
2024-05-13,156800.0,46400.0,128400.0,157400.0,69000.0,235800.0,186014.192,182352.0,174071.87999999998,217999.0,241500.0,475472.0718,3.54,1477412.6867559
2024-05-14,156800.0,46400.0,128400.0,157400.0,69000.0,235800.0,185799.68959999998,183669.76,174418.56,217999.0,242783.40000000002,473450.79420000006,3.54,1478124.7467559
2024-05-15,156800.0,46400.0,128400.0,157400.0,69000.0,235800.0,185783.2256,186416.63999999998,174405.72,220202.6,245681.4,478000.79099999997,3.54,1490493.9195559002
2024-05-16,156800.0,46400.0,128400.0,157400.0,69000.0,235800.0,188801.6256,185989.76,178861.2,219573.0,245088.0,481740.57899999997,3.54,1500057.7075559
2024-05-17,156800.0,46400.0,128400.0,157400.0,69000.0,235800.0,190780.7552,185896.96000000002,177153.47999999998,218785.99999999997,245474.4,482666.5656,3.54,1500761.7037559
2024-05-20,156800.0,46400.0,128400.0,157400.0,69000.0,235800.0,191539.51040000003,187159.03999999998,178321.92,219730.4,245681.4,493244.7894,3.54,1515680.6027559
2024-05-21,156800.0,46400.0,128400.0,157400.0,69000.0,235800.0,187729.4272,187604.47999999998,177140.63999999998,219100.8,246385.2,489095.41680000006,3.54,1507059.5069559
2024-05-22,156800.0,46400.0,128400.0,157400.0,69000.0,235800.0,187350.12800000003,187530.24,175985.04,218471.19999999998,245722.8,488783.6892,3.54,1503846.6401559003
2024-05-23,156800.0,46400.0,128400.0,157400.0,69000.0,235800.0,184232.78720000002,186806.4,177679.91999999998,218156.4,243984.0,478579.68,3.54,1489442.7301559001
2024-05-24,156800.0,46400.0,128400.0,157400.0,69000.0,235800.0,181610.30719999998,188662.4,175253.16,217999.0,245709.0,473994.07739999995,3.54,1483231.4875559001
2024-05-27,156800.0,46400.0,128400.0,157400.0,69000.0,235800.0,183622.5216,188625.28,176357.4,219258.2,245653.8,474127.5402,3.54,1487648.2847559
2024-05-28,156800.0,46400.0,128400.0,157400.0,69000.0,235800.0,183837.024,189349.12,176049.24,218471.19999999998,245778.0,475071.44759999996,3.54,1488559.5745559
2024-05-29,156800.0,46400.0,128400.0,157400.0,69000.0,235800.0,180538.26559999998,188068.48,174328.68,216110.2,243997.8,477689.2992,3.54,1480736.2677559
2024-05-30,156800.0,46400.0,128400.0,157400.0,69000.0,235800.0,178097.2032,186026.88,171914.76,215480.6,242548.80000000002,474207.7122,3.54,1468279.4983559002
2024-05-31,156800.0,46400.0,128400.0,157400.0,69000.0,235800.0,176480.9088,185915.52000000002,174469.92,215795.4,244411.8,475819.40520000004,3.54,1472896.4969559
2024-06-03,156800.0,46400.0,128400.0,157400.0,69000.0,235800.0,179581.6288,186583.68000000002,176100.6,217369.4,244687.8,472008.4056,3.54,1476335.0573559
2024-06-04,156800.0,46400.0,128400.0,157400.0,69000.0,235800.0,180010.4768,187140.47999999998,176627.03999999998,215952.80000000002,245046.6,475694.66699999996,3.54,1480475.6067559
2024-06-05,156800.0,46400.0,128400.0,157400.0,69000.0,235800.0,180109.41760000002,190963.84,176511.48,217684.2,248013.59999999998,472898.7864,3.54,1486184.8669559
2024-06-06,156800.0,46400.0,128400.0,157400.0,69000.0,235800.0,180917.72160000002,190889.6,176639.87999999998,218471.19999999998,247986.0,480716.4996,3.54,1495624.4441559
2024-06-07,156800.0,46400.0,128400.0,157400.0,69000.0,235800.0,179911.536,190685.44,176716.92,217684.2,247737.59999999998,481179.6108,3.54,1493918.8497559002
2024-06-11,156800.0,46400.0,128400.0,157400.0,69000.0,235800.0,178163.216,192838.4,177307.56,213277.0,249186.6,467440.48799999995,3.54,1478216.8069559
2024-06-12,156800.0,46400.0,128400.0,157400.0,69000.0,235800.0,176217.01440000001,195418.24,176280.36000000002,215795.4,251298.0,469176.9192,3.54,1484189.4765559002
2024-06-13,156800.0,46400.0,128400.0,157400.0,69000.0,235800.0,178031.34720000002,196439.04,175651.2,212647.4,251877.59999999998,469417.1994,3.54,1484067.3295559
2024-06-14,156800.0,46400.0,128400.0,157400.0,69000.0,235800.0,176398.432,197348.47999999998,176087.75999999998,208555.0,251946.6,469390.554,3.54,1479730.3689559
2024-06-17,156800.0,46400.0,128400.0,157400.0,69000.0,235800.0,176365.504,199705.6,172120.2,208555.0,253864.8,470316.5406,3.54,1480931.1875559
2024-06-18,156800.0,46400.0,128400.0,157400.0,69000.0,235800.0,176233.47840000002,199779.84,173712.36,209971.6,254485.80000000002,470574.7416,3.54,1484761.3629559001
2024-06-19,156800.0,46400.0,128400.0,157400.0,69000.0,235800.0,181379.4976,199779.84,173725.2,209027.2,254527.2,472640.5854,3.54,1491083.0659559
2024-06-20,156800.0,46400.0,128400.0,157400.0,69000.0,235800.0,180538.26559999998,198295.04,174264.47999999998,211388.19999999998,253961.4,476317.88639999996,3.54,1494768.8149559
2024-06-21,156800.0,46400.0,128400.0,157400.0,69000.0,235800.0,177602.4992,197756.8,173468.4,209814.19999999998,253575.0,477956.2248,3.54,1490176.6669559001
2024-06-24,156800.0,46400.0,128400.0,157400.0,69000.0,235800.0,177602.4992,195473.91999999998,173545.44,211388.19999999998,252843.6,472551.453,3.54,1483408.6551559
2024-06-25,156800.0,46400.0,128400.0,157400.0,69000.0,235800.0,178047.81120000003,197868.16,175176.12,210286.40000000002,253906.2,472311.17280000006,3.54,1487599.4069559001
2024-06-26,156800.0,46400.0,128400.0,157400.0,69000.0,235800.0,178212.76479999998,198443.52,177435.96,209656.80000000002,254389.19999999998,469239.1704,3.54,1487380.9581559
2024-06-27,156800.0,46400.0,128400.0,157400.0,69000.0,235800.0,174815.0656,198851.84,175073.4,209971.6,254692.8,467253.4986,3.54,1480661.7471559
2024-06-28,156800.0,46400.0,128400.0,157400.0,69000.0,235800.0,174831.5296,197738.24,176087.75999999998,210601.2,253657.80000000002,472400.0694,3.54,1485320.1419559
2024-06-30,144500.0,47500.0,144700.0,179000.0,75800.0,202000.0,161101.894,202425.99999999997,198441.58,239323.0,278655.96,404677.912,366.12,1484992.46997206
2024-07-01,144500.0,47500.0,144700.0,179000.0,75800.0,202000.0,161086.72149999999,203737.0,198557.34000000003,240755.0,279398.8,404174.32599999994,366.12,1488075.3114720602
2024-07-02,144500.0,47500.0,144700.0,179000.0,75800.0,202000.0,161603.4535,205845.99999999997,200438.44,239323.0,281233.16,404388.04199999996,366.12,1493198.21947206
2024-07-03,144500.0,47500.0,144700.0,179000.0,75800.0,202000.0,163640.18099999998,207727.0,202883.87,242187.0,282734.0,407812.75,366.12,1507350.9249720601
2024-07-04,144500.0,47500.0,144700.0,179000.0,75800.0,202000.0,164688.962,207708.0,204084.88,244156.00000000003,282688.52,409498.642,366.12,1513191.12797206
2024-07-05,144500.0,47500.0,144700.0,179000.0,75800.0,202000.0,162591.4,209798.0,204070.41,244872.00000000003,284219.68,410604.592,366.12,1516522.20597206
2024-07-08,144500.0,47500.0,144700.0,179000.0,75800.0,202000.0,160585.01750000002,210235.0,204562.38999999998,245051.0,284507.72000000003,411520.056,366.12,1516827.30747206
2024-07-09,144500.0,47500.0,144700.0,179000.0,75800.0,202000.0,160661.0245,210462.99999999997,208527.17,242187.0,284826.08,409071.412,366.12,1516101.8104720602
2024-07-10,144500.0,47500.0,144700.0,179000.0,75800.0,202000.0,160235.472,212857.0,209265.13999999998,244335.0,287888.4,412694.686,366.12,1527641.8219720603
2024-07-11,144500.0,47500.0,144700.0,179000.0,75800.0,202000.0,163564.174,208031.0,210943.66,246483.0,285356.68,413373.60799999995,366.12,1528118.2459720601
2024-07-12,144500.0,47500.0,144700.0,179000.0,75800.0,202000.0,167820.13249999998,209152.0,208715.28,249525.99999999997,286781.72,414471.882,366.12,1536833.13847206
2024-07-15,144500.0,47500.0,144700.0,179000.0,75800.0,202000.0,165266.5285,209702.99999999997,209163.85,248093.99999999997,287600.36,414746.602,366.12,1534940.46447206
2024-07-16,144500.0,47500.0,144700.0,179000.0,75800.0,202000.0,162682.5795,209836.0,209742.65,247377.99999999997,289480.2,420002.036,366.12,1539487.5894720603
2024-07-17,144500.0,47500.0,144700.0,179000.0,75800.0,202000.0,162773.9035,203661.0,208802.1,246483.0,285387.0,424815.292,366.12,1532288.4194720602
2024-07-18,144500.0,47500.0,144700.0,179000.0,75800.0,202000.0,163062.6145,202635.0,206675.00999999998,245767.0,283022.04,424944.976,366.12,1526472.7644720601
2024-07-19,144500.0,47500.0,144700.0,179000.0,75800.0,202000.0,159733.9125,200830.0,205517.40999999997,242903.0,281142.2,413434.61199999996,366.12,1503927.25847206
2024-07-22,144500.0,47500.0,144700.0,179000.0,75800.0,202000.0,161755.4675,203984.00000000003,202030.14,245946.00000000003,284234.84,414449.05600000004,366.12,1512765.6274720603
2024-07-23,144500.0,47500.0,144700.0,179000.0,75800.0,202000.0,160296.3065,203262.00000000003,202753.64,247915.0,283689.08,412000.412,366.12,1510282.5624720603
2024-07-24,144500.0,47500.0,144700.0,179000.0,75800.0,202000.0,158852.318,195966.00000000003,201668.38999999998,244693.0,277200.6,416668.632,366.12,1495415.06397206
2024-07-25,144500.0,47500.0,144700.0,179000.0,75800.0,202000.0,155964.341,193800.0,197732.55000000002,243261.0,275533.0,406378.752,366.12,1473035.7669720603
2024-07-26,144500.0,47500.0,144700.0,179000.0,75800.0,202000.0,156040.348,195624.0,196097.44,244693.0,278383.08,408644.18200000003,366.12,1479848.1739720602
2024-07-29,144500.0,47500.0,144700.0,179000.0,75800.0,202000.0,158077.07549999998,196118.0,200120.1,243619.0,278762.08,411054.64800000004,366.12,1488117.0274720602
2024-07-30,144500.0,47500.0,144700.0,179000.0,75800.0,202000.0,155949.16850000003,193553.0,200800.19,244335.0,277518.96,410970.81799999997,366.12,1483493.2604720602
2024-07-31,144500.0,47500.0,144700.0,179000.0,75800.0,202000.0,159080.339,199272.0,205097.78,245409.0,281839.56,414334.522,366.12,1505399.32497206
2024-08-01,144500.0,47500.0,144700.0,179000.0,75800.0,202000.0,158624.29700000002,194446.00000000003,202768.11,239502.0,277867.64,418263.01800000004,366.12,1491837.18897206
2024-08-02,144500.0,47500.0,144700.0,179000.0,75800.0,202000.0,155432.4365,190019.0,192754.87,233595.0,272955.8,420139.396,366.12,1465262.62647206
2024-08-05,144500.0,47500.0,144700.0,179000.0,75800.0,202000.0,153805.94449999998,184300.0,176620.81999999998,231089.0,264678.44,412419.96599999996,366.12,1423280.2944720602
2024-08-06,144500.0,47500.0,144700.0,179000.0,75800.0,202000.0,153015.674,186086.0,186359.13,231984.0,267316.28,407690.74199999997,366.12,1432817.94997206
2024-08-07,144500.0,47500.0,144700.0,179000.0,75800.0,202000.0,155158.7535,184205.0,195677.81,235027.0,265497.08,407995.96400000004,366.12,1443927.73147206
2024-08-08,144500.0,47500.0,144700.0,179000.0,75800.0,202000.0,155553.96099999998,189981.0,190092.39,236280.0,271909.76,408331.48600000003,366.12,1452514.7209720602
2024-08-09,144500.0,47500.0,144700.0,179000.0,75800.0,202000.0,157256.3155,190969.00000000003,189831.93000000002,236638.0,273137.72000000003,412572.67799999996,366.12,1460771.7674720604
2024-08-12,144500.0,47500.0,144700.0,179000.0,75800.0,202000.0,157377.9845,191310.99999999997,190512.02,236638.0,273183.2,414876.286,366.12,1464264.6144720602
2024-08-13,144500.0,47500.0,144700.0,179000.0,75800.0,202000.0,158168.255,196118.0,196531.54,238249.0,277867.64,417629.74799999996,366.12,1484930.3069720601
2024-08-14,144500.0,47500.0,144700.0,179000.0,75800.0,202000.0,157545.171,196099.0,197457.62,240039.0,278671.12,416790.84200000006,366.12,1486968.8769720602
2024-08-15,144500.0,47500.0,144700.0,179000.0,75800.0,202000.0,157514.68149999998,200849.0,198282.41,244335.0,283203.96,416012.738,366.12,1500563.91347206
2024-08-16,144500.0,47500.0,144700.0,179000.0,75800.0,202000.0,160493.838,201247.99999999997,203636.31,245767.0,284052.92,416363.61199999996,366.12,1511927.80397206
2024-08-19,144500.0,47500.0,144700.0,179000.0,75800.0,202000.0,161740.295,203775.0,201118.53,247915.0,286630.12,420833.46799999994,366.12,1522378.53697206
2024-08-20,144500.0,47500.0,144700.0,179000.0,75800.0,202000.0,161147.41150000002,203053.0,205474.0,247735.99999999997,285705.36,421184.342,366.12,1524666.2374720601
2024-08-21,144500.0,47500.0,144700.0,179000.0,75800.0,202000.0,159946.761,204060.0,207904.96000000002,249883.99999999997,286857.52,422465.83,366.12,1531485.1949720602
2024-08-22,144500.0,47500.0,144700.0,179000.0,75800.0,202000.0,162013.83349999998,200431.0,209019.15,250957.99999999997,283961.96,421275.848,366.12,1528025.9154720602
2024-08-23,144500.0,47500.0,144700.0,179000.0,75800.0,202000.0,161952.99899999998,203129.0,209149.38,252390.0,287751.95999999996,420284.23,366.12,1535023.69297206
2024-08-26,144500.0,47500.0,144700.0,179000.0,75800.0,202000.0,163199.456,200487.99999999997,209742.65,252927.0,285947.92000000004,422694.696,366.12,1535365.8459720602
2024-08-27,144500.0,47500.0,144700.0,179000.0,75800.0,202000.0,164065.87800000003,201438.0,210292.51,253643.0,286842.36,422031.126,366.12,1538678.9979720602
2024-08-28,144500.0,47500.0,144700.0,179000.0,75800.0,202000.0,162257.027,199063.0,211536.93,255254.0,284962.51999999996,421542.892,366.12,1534982.49297206
2024-08-29,144500.0,47500.0,144700.0,179000.0,75800.0,202000.0,163381.815,198948.99999999997,211044.94999999998,256149.0,285280.88,422687.01999999996,366.12,1537858.7889720602
2024-08-30,144500.0,47500.0,144700.0,179000.0,75800.0,202000.0,164901.8105,201020.0,211059.41999999998,254359.0,287463.92000000004,421611.572,366.12,1540781.84647206
2024-09-02,144500.0,47500.0,144700.0,179000.0,75800.0,202000.0,162120.1855,200735.0,209134.91,253643.0,287054.6,419575.008,366.12,1532628.82747206
2024-09-03,144500.0,47500.0,144700.0,179000.0,75800.0,202000.0,162029.006,194636.0,209048.09000000003,251853.0,281324.12,420147.072,366.12,1519403.41197206
2024-09-04,144500.0,47500.0,144700.0,179000.0,75800.0,202000.0,160448.3205,194350.99999999997,202999.63,249525.99999999997,281005.76,417240.898,366.12,1505937.7324720602
2024-09-05,144500.0,47500.0,144700.0,179000.0,75800.0,202000.0,160083.458,194085.0,202030.14,249525.99999999997,279550.4,420352.91,366.12,1505994.0319720602
2024-09-06,144500.0,47500.0,144700.0,179000.0,75800.0,202000.0,159946.761,188784.0,200727.84,246125.0,274486.96,421123.33800000005,366.12,1491560.0229720601
2024-09-09,144500.0,47500.0,144700.0,179000.0,75800.0,202000.0,157849.199,191349.00000000003,200944.89,247735.99999999997,277897.96,419208.782,366.12,1495351.9549720604
2024-09-10,144500.0,47500.0,144700.0,179000.0,75800.0,202000.0,158502.7725,193420.0,199903.05,244872.00000000003,279747.48,421016.48,366.12,1497827.9064720601
2024-09-11,144500.0,47500.0,144700.0,179000.0,75800.0,202000.0,157529.99850000002,197695.0,198658.63,245409.0,282946.24,423221.108,366.12,1505826.10047206
2024-09-12,144500.0,47500.0,144700.0,179000.0,75800.0,202000.0,158943.4975,199690.0,204793.91,247915.0,285189.92,422671.87,366.12,1519570.32147206
2024-09-13,144500.0,47500.0,144700.0,179000.0,75800.0,202000.0,159703.5675,200107.99999999997,204359.81000000003,251137.0,286023.72000000003,428209.49799999996,366.12,1529907.7194720602
2024-09-18,144500.0,47500.0,144700.0,179000.0,75800.0,202000.0,162150.675,197961.0,202189.31,251673.99999999997,285023.16000000003,427774.79400000005,366.12,1527139.0629720602
2024-09-19,144500.0,47500.0,144700.0,179000.0,75800.0,202000.0,165616.21850000002,203338.0,205792.34,255791.0,290344.32,428545.222,366.12,1549793.2244720603
2024-09-20,144500.0,47500.0,144700.0,179000.0,75800.0,202000.0,167136.214,201894.0,208093.06999999998,251853.0,288388.68,432389.68600000005,366.12,1550120.77397206
2024-09-23,144500.0,47500.0,144700.0,179000.0,75800.0,202000.0,166817.01350000003,202160.0,206110.68000000002,253106.0,288676.72,435242.33,366.12,1552478.8674720603
2024-09-24,144500.0,47500.0,144700.0,179000.0,75800.0,202000.0,173763.27300000002,203072.0,207572.15000000002,254001.0,289313.44,435089.82000000007,366.12,1563177.8069720604
2024-09-25,144500.0,47500.0,144700.0,179000.0,75800.0,202000.0,174280.005,202521.0,207022.29,253446.09999999998,287509.4,437751.97799999994,366.12,1562896.89697206
2024-09-26,144500.0,47500.0,144700.0,179000.0,75800.0,202000.0,181895.155,204383.00000000003,210118.87,257008.19999999998,289313.44,438835.102,366.12,1581919.8909720602
2024-09-27,144500.0,47500.0,144700.0,179000.0,75800.0,202000.0,187838.15099999998,202616.0,215009.73,260194.4,287903.56,438842.77800000005,366.12,1592770.74297206
2024-09-30,145400.0,49200.0,129900.0,193900.0,73600.0,202000.0,193672.9454,210320.16,187523.63999999998,279487.46,280622.08,437408.77999999997,114.39,1589149.4558300602
2024-10-08,145400.0,49200.0,129900.0,193900.0,73600.0,202000.0,193412.9702,212583.36000000002,186809.19,273592.9,282565.12,436012.758,114.39,1585090.68863006
2024-10-09,145400.0,49200.0,129900.0,193900.0,73600.0,202000.0,190216.3512,213823.2,188004.27,275609.46,284022.4,432488.86799999996,114.39,1584278.93963006
2024-10-10,145400.0,49200.0,129900.0,193900.0,73600.0,202000.0,196425.949,214039.68,187744.47,274698.13,284184.32,434136.38,114.39,1591343.31943006
2024-10-11,145400.0,49200.0,129900.0,193900.0,73600.0,202000.0,196456.483,214295.52,189329.25,276656.52,285832.96,438835.102,114.39,1601520.22543006
2024-10-14,145400.0,49200.0,129900.0,193900.0,73600.0,202000.0,194865.807,216047.04,188445.93000000002,278246.5,287982.08,441398.078,114.39,1607099.82543006
2024-10-15,145400.0,49200.0,129900.0,193900.0,73600.0,202000.0,188197.4722,213429.6,189809.88,277975.04,286215.68,443175.27400000003,114.39,1598917.3366300599
2024-10-16,145400.0,49200.0,129900.0,193900.0,73600.0,202000.0,188748.102,214610.4,188043.24,278052.6,288997.76,448087.71199999994,114.39,1606654.2044300598
2024-10-17,145400.0,49200.0,129900.0,193900.0,73600.0,202000.0,186759.9024,214866.24000000002,186341.55000000002,279565.02,289071.36,450070.948,114.39,1606789.4108300598
2024-10-18,145400.0,49200.0,129900.0,193900.0,73600.0,202000.0,193672.9454,216420.96,185666.07,280030.38,290440.32,453137.30799999996,114.39,1619482.37383006
2024-10-21,145400.0,49200.0,129900.0,193900.0,73600.0,202000.0,189910.4296,216007.68,186133.71000000002,277044.32,288718.08,458415.77,114.39,1616344.3800300602
2024-10-22,145400.0,49200.0,129900.0,193900.0,73600.0,202000.0,190614.02020000003,216972.0,182431.56,276113.6,289601.28,459102.166,114.39,1614949.01663006
2024-10-23,145400.0,49200.0,129900.0,193900.0,73600.0,202000.0,193137.5826,213646.08,180288.21,275105.32,286995.84,461802.502,114.39,1611089.9250300599
2024-10-24,145400.0,49200.0,129900.0,193900.0,73600.0,202000.0,190812.782,215515.68,179210.03999999998,275861.53,287790.72000000003,457629.99,114.39,1606935.13243006
2024-10-25,145400.0,49200.0,129900.0,193900.0,73600.0,202000.0,191210.451,216224.16,178482.6,276365.67,286907.52,456485.862,114.39,1605790.65343006
2024-10-28,145400.0,49200.0,129900.0,193900.0,73600.0,202000.0,191761.0808,216814.55999999997,181145.55000000002,277490.29,288556.16,458774.11799999996,114.39,1614656.14923006
2024-10-29,145400.0,49200.0,129900.0,193900.0,73600.0,202000.0,192739.9136,218841.6,181561.22999999998,277024.93,288953.60000000003,462328.71199999994,114.39,1621564.3760300598
2024-10-30,145400.0,49200.0,129900.0,193900.0,73600.0,202000.0,190017.5894,217444.32,183639.63,274484.83999999997,288423.68,467645.35199999996,114.39,1621769.8018300598
2024-10-31,145400.0,49200.0,129900.0,193900.0,73600.0,202000.0,189008.0772,211737.12000000002,182652.38999999998,272216.20999999996,282476.8,465623.938,114.39,1603828.92563006
2024-11-01,145400.0,49200.0,129900.0,193900.0,73600.0,202000.0,190415.2584,212937.6,180405.12,275008.37,283212.8,460963.39400000003,114.39,1603056.9328300601
2024-11-04,145400.0,49200.0,129900.0,193900.0,73600.0,202000.0,191118.7036,212366.87999999998,180210.27,273457.17000000004,282682.88,457858.85599999997,114.39,1597809.15003006
2024-11-05,145400.0,49200.0,129900.0,193900.0,73600.0,202000.0,194758.79260000002,214630.08000000002,180431.1,274349.11,285391.36,458064.89599999995,114.39,1607739.7290300599
2024-11-06,145400.0,49200.0,129900.0,193900.0,73600.0,202000.0,190384.579,220396.31999999998,185640.09,271847.8,292515.84,458728.46599999996,114.39,1619627.48543006
2024-11-07,145400.0,49200.0,129900.0,193900.0,73600.0,202000.0,196104.7604,225768.96,183405.81,274523.62,297447.04000000004,447950.3520000001,114.39,1625314.9328300601
2024-11-08,145400.0,49200.0,129900.0,193900.0,73600.0,202000.0,193351.7568,225257.28,185003.58,273205.10000000003,297653.12,450032.77,114.39,1624617.9972300602
2024-11-11,145400.0,49200.0,129900.0,193900.0,73600.0,202000.0,191485.8386,226182.24,186315.56999999998,275861.53,299345.92,450337.79,114.39,1629643.27903006
2024-11-12,145400.0,49200.0,129900.0,193900.0,73600.0,202000.0,186408.0344,226280.63999999998,185094.51,269036.25,299080.96,442656.74,114.39,1608671.52483006
2024-11-13,145400.0,49200.0,129900.0,193900.0,73600.0,202000.0,186255.07359999997,226083.84,182210.73,269365.88,299434.24,442816.926,114.39,1606281.08003006
2024-11-14,145400.0,49200.0,129900.0,193900.0,73600.0,202000.0,182523.2372,224509.44,179950.47,271130.37,297608.95999999996,434037.19800000003,114.39,1589874.0656300602
2024-11-15,145400.0,49200.0,129900.0,193900.0,73600.0,202000.0,182431.4898,219235.2,179768.61,269753.68,293796.48,434639.764,114.39,1579739.61423006
2024-11-18,145400.0,49200.0,129900.0,193900.0,73600.0,202000.0,183639.7638,220494.72,179534.79,269055.64,294635.51999999996,439651.384,114.39,1587126.20823006
2024-11-19,145400.0,49200.0,129900.0,193900.0,73600.0,202000.0,184480.9028,222029.76,180197.28,268473.94,295798.4,445852.784,114.39,1596947.4572300601
2024-11-20,145400.0,49200.0,129900.0,193900.0,73600.0,202000.0,184924.5182,221872.31999999998,180184.29,268124.92,295901.44,446378.994,114.39,1597500.87263006
2024-11-21,145400.0,49200.0,129900.0,193900.0,73600.0,202000.0,183945.68540000002,222679.19999999998,177975.99000000002,268939.3,297491.2,452534.74199999997,114.39,1603680.5078300599
2024-11-22,145400.0,49200.0,129900.0,193900.0,73600.0,202000.0,180473.8242,222954.72,180392.13,269482.22,298551.04,458026.71800000005,114.39,1609995.04263006
2024-11-25,145400.0,49200.0,129900.0,193900.0,73600.0,202000.0,179647.9522,223190.88000000003,182470.53,270645.62,299390.08,452565.244,114.39,1608024.69663006
2024-11-26,145400.0,49200.0,129900.0,193900.0,73600.0,202000.0,179754.96659999999,224411.04,180846.78000000003,268997.47,301068.16000000003,445578.064,114.39,1600770.87103006
2024-11-27,145400.0,49200.0,129900.0,193900.0,73600.0,202000.0,184113.9132,222757.91999999998,180677.91,268939.3,300214.39999999997,450543.82999999996,114.39,1607361.6636300597
2024-11-28,145400.0,49200.0,129900.0,193900.0,73600.0,202000.0,181666.8312,222482.40000000002,183730.56000000003,272759.13,299846.39999999997,449048.82800000004,114.39,1609648.53963006
2024-11-29,145400.0,49200.0,129900.0,193900.0,73600.0,202000.0,182140.98059999998,224391.36000000002,182795.28,275279.83,301480.31999999995,451321.934,114.39,1617524.0950300598
2024-12-02,145400.0,49200.0,129900.0,193900.0,73600.0,202000.0,183303.3082,226831.68000000002,185653.08000000002,278847.58999999997,302157.44,450047.92,114.39,1626955.40863006
2024-12-03,145400.0,49200.0,129900.0,193900.0,73600.0,202000.0,185490.415,227855.03999999998,189913.8,279661.97,302849.27999999997,452641.398,114.39,1638526.29343006
2024-12-04,145400.0,49200.0,129900.0,193900.0,73600.0,202000.0,185245.70679999999,230472.48,190368.45,283113.39,304409.60000000003,452008.32999999996,114.39,1645732.3472300598
2024-12-05,145400.0,49200.0,129900.0,193900.0,73600.0,202000.0,183441.002,229626.24000000002,189446.16,284683.98,303629.44,452107.512,114.39,1643048.7244300598
2024-12-06,145400.0,49200.0,129900.0,193900.0,73600.0,202000.0,186255.07359999997,231535.2,188303.04,286312.74,304291.84,450696.34,114.39,1647508.6240300601
2024-12-09,145400.0,49200.0,129900.0,193900.0,73600.0,202000.0,191547.052,229862.4,189251.31,285537.13999999996,302540.16,452992.272,114.39,1651844.7244300598
2024-12-10,145400.0,49200.0,129900.0,193900.0,73600.0,202000.0,190812.782,229272.0,188718.72,285382.02,301730.56,454731.49199999997,114.39,1650761.96443006
2024-12-11,145400.0,49200.0,129900.0,193900.0,73600.0,202000.0,189069.29059999998,233306.4,187965.30000000002,285556.52999999997,303982.72000000003,458499.60000000003,114.39,1658494.23103006
2024-12-12,145400.0,49200.0,129900.0,193900.0,73600.0,202000.0,191394.0912,231771.36,189887.82,285110.56,302392.96,461451.62799999997,114.39,1662122.80963006
2024-12-13,145400.0,49200.0,129900.0,193900.0,73600.0,202000.0,187402.1342,233444.15999999997,187705.5,284373.74,302481.27999999997,456768.056,114.39,1652289.2606300598
2024-12-16,145400.0,49200.0,129900.0,193900.0,73600.0,202000.0,185704.58920000002,236711.04,186393.51,283830.82,303688.32,453739.87399999995,114.39,1650182.54363006
2024-12-17,145400.0,49200.0,129900.0,193900.0,73600.0,202000.0,184878.5718,235766.4,185367.30000000002,283171.56,302540.16,453640.692,114.39,1645479.07423006
2024-12-18,145400.0,49200.0,129900.0,193900.0,73600.0,202000.0,186515.1942,227323.68,184977.59999999998,282628.64,293546.24,452374.55600000004,114.39,1627480.30063006
2024-12-19,145400.0,49200.0,129900.0,193900.0,73600.0,202000.0,185459.881,226379.04,182691.36000000002,275861.53,293399.04000000004,450909.854,114.39,1614815.09543006
2024-12-20,145400.0,49200.0,129900.0,193900.0,73600.0,202000.0,185123.28000000003,228189.6,178846.32,274639.96,296578.56,448926.61799999996,114.39,1612418.72843006
2024-12-23,145400.0,49200.0,129900.0,193900.0,73600.0,202000.0,186515.1942,230452.80000000002,181717.11000000002,275241.05,298609.92,453724.522,114.39,1626374.98663006
2024-12-24,145400.0,49200.0,129900.0,193900.0,73600.0,202000.0,188625.82059999998,233581.92,180625.95,274950.2,301907.2,452206.69399999996,114.39,1632012.1750300599
2024-12-25,145400.0,49200.0,129900.0,193900.0,73600.0,202000.0,188671.62159999998,233542.56000000003,180859.77000000002,274736.91000000003,301863.04,452519.39,114.39,1632307.68203006
2024-12-26,145400.0,49200.0,129900.0,193900.0,73600.0,202000.0,188748.102,233365.44,182600.43,274659.35000000003,301877.76,453434.652,114.39,1634800.1244300602
2024-12-27,145400.0,49200.0,129900.0,193900.0,73600.0,202000.0,188641.0876,230216.63999999998,185886.9,277083.10000000003,298536.31999999995,453778.052,114.39,1634256.4900300603
2024-12-30,145400.0,49200.0,129900.0,193900.0,73600.0,202000.0,188197.4722,227284.32,184107.27,276307.5,295312.64,452252.34599999996,114.39,1623575.93863006
2024-12-31,152900.0,45200.0,140800.0,214000.0,70300.0,192000.0,198162.3754,207016.0,200752.63999999998,304350.8,280848.5,428681.856,5.87,1619818.03681006
2025-01-02,152900.0,45200.0,140800.0,214000.0,70300.0,192000.0,193996.7678,206582.08000000002,200273.92,304693.2,280187.68,433670.016,5.87,1619409.5292100601
2025-01-03,152900.0,45200.0,140800.0,214000.0,70300.0,192000.0,195219.2033,209963.04,200034.56,300413.2,283744.86,437063.04,5.87,1626443.76871006
2025-01-06,152900.0,45200.0,140800.0,214000.0,70300.0,192000.0,194479.32020000002,212313.43999999997,196908.80000000002,305741.8,285347.7,435265.15199999994,5.87,1630062.07761006
2025-01-07,152900.0,45200.0,140800.0,214000.0,70300.0,192000.0,192195.4529,208607.03999999998,200358.4,309979.0,282184.2,435729.02400000003,5.87,1629058.9823100602
2025-01-08,152900.0,45200.0,140800.0,214000.0,70300.0,192000.0,190522.8798,208733.6,199978.24,309272.8,282620.06,438041.85599999997,5.87,1629175.30121006
2025-01-09,152900.0,45200.0,140800.0,214000.0,70300.0,192000.0,190056.3819,208715.52000000002,198021.12000000002,308245.6,282605.99999999994,439441.15199999994,5.87,1627091.63931006
2025-01-10,152900.0,45200.0,140800.0,214000.0,70300.0,192000.0,188271.1215,205479.2,196049.92,306062.8,278317.7,441833.664,5.87,1616020.27091006
2025-01-13,152900.0,45200.0,140800.0,214000.0,70300.0,192000.0,186341.21769999998,204864.48,196486.4,303601.8,278669.2,443958.14400000003,5.87,1613927.1071100603
2025-01-14,152900.0,45200.0,140800.0,214000.0,70300.0,192000.0,189831.3131,204539.04,192980.48,305592.0,278936.34,440847.744,5.87,1612732.7825100601
2025-01-15,152900.0,45200.0,140800.0,214000.0,70300.0,192000.0,190410.1925,209239.84,192290.56,311477.0,284096.36,442268.736,5.87,1629788.5539100603
2025-01-16,152900.0,45200.0,140800.0,214000.0,70300.0,192000.0,192774.4852,207757.28,194557.44,312226.0,283463.66,444037.824,5.87,1634822.55461006
2025-01-17,152900.0,45200.0,140800.0,214000.0,70300.0,192000.0,193321.4085,211156.31999999998,195247.36000000002,316420.39999999997,286317.84,444451.00800000003,5.87,1646920.2019100604
2025-01-20,152900.0,45200.0,140800.0,214000.0,70300.0,192000.0,196763.1875,211120.16,196359.68000000002,316356.2,286289.72000000003,444298.752,5.87,1651193.5649100603
2025-01-21,152900.0,45200.0,140800.0,214000.0,70300.0,192000.0,198114.2119,211825.28,197415.68,320251.0,288005.04,445335.552,5.87,1660952.6293100603
2025-01-22,152900.0,45200.0,140800.0,214000.0,70300.0,192000.0,194768.91280000002,214537.28000000003,199879.68,323204.2,289762.54000000004,448460.352,5.87,1670618.83021006
2025-01-23,152900.0,45200.0,140800.0,214000.0,70300.0,192000.0,194029.0297,215007.36000000002,200963.84,325772.2,291337.25999999995,448844.73600000003,5.87,1675960.2911100602
2025-01-24,152900.0,45200.0,140800.0,214000.0,70300.0,192000.0,197503.0706,213777.91999999998,201118.71999999997,325622.4,290521.78,449837.95200000005,5.87,1678387.7080100602
2025-01-27,152900.0,45200.0,140800.0,214000.0,70300.0,192000.0,198805.7786,207486.08,199189.76,324937.6,286219.42,448177.72799999994,5.87,1664822.23201006
2025-02-05,152900.0,45200.0,140800.0,214000.0,70300.0,192000.0,202762.21899999998,212132.64,197260.80000000002,327227.39999999997,288567.44,465331.584,5.87,1693287.94841006
2025-02-06,152900.0,45200.0,140800.0,214000.0,70300.0,192000.0,205592.85669999997,213108.96000000002,200541.43999999997,332213.6,289607.88,464990.784,5.87,1706061.38611006
2025-02-07,152900.0,45200.0,140800.0,214000.0,70300.0,192000.0,208069.6838,210342.72,201132.80000000002,330351.8,286922.42000000004,466100.16,5.87,1702925.44921006
2025-02-10,152900.0,45200.0,140800.0,214000.0,70300.0,192000.0,211785.0009,212873.92,201273.6,330073.6,288876.76,473480.832,5.87,1718369.57831006
2025-02-11,152900.0,45200.0,140800.0,214000.0,70300.0,192000.0,209597.61349999998,212295.36,201020.16,332106.60000000003,289003.3,476235.84,5.87,1720264.7389100604
2025-02-12,152900.0,45200.0,140800.0,214000.0,70300.0,192000.0,215017.76559999998,212494.24,200823.03999999998,335273.8,288230.0,473872.31999999995,5.87,1725717.03101006
2025-02-13,152900.0,45200.0,140800.0,214000.0,70300.0,192000.0,214760.43490000002,215549.75999999998,201386.24,343705.4,291295.08,476409.984,5.87,1743112.76431006
2025-02-14,152900.0,45200.0,140800.0,214000.0,70300.0,192000.0,222721.63210000002,216327.19999999998,200710.4,343106.2,291323.2,478302.144,5.87,1752496.64151006
2025-02-17,152900.0,45200.0,140800.0,214000.0,70300.0,192000.0,222689.52310000002,216291.03999999998,201977.6,347728.6,291281.01999999996,471124.608,5.87,1751098.25651006
2025-02-18,152900.0,45200.0,140800.0,214000.0,70300.0,192000.0,226292.1529,216688.8,203315.19999999998,348113.8,291984.02,475663.10400000005,5.87,1762062.9423100601
2025-02-19,152900.0,45200.0,140800.0,214000.0,70300.0,192000.0,226131.3021,216923.84,202414.08,341244.4,292715.14,478468.992,5.87,1757903.6195100602
2025-02-20,152900.0,45200.0,140800.0,214000.0,70300.0,192000.0,222528.6723,215983.68000000002,200668.16,338762.0,291477.86000000004,480034.944,5.87,1749461.1817100602
2025-02-21,152900.0,45200.0,140800.0,214000.0,70300.0,192000.0,231390.60340000002,211517.91999999998,203244.8,339767.8,286416.26,476061.88800000004,5.87,1748405.1368100601
2025-02-24,152900.0,45200.0,140800.0,214000.0,70300.0,192000.0,230232.5388,209095.2,203681.28000000003,342207.39999999997,285038.38,477497.47199999995,5.87,1747758.1362100602
2025-02-25,152900.0,45200.0,140800.0,214000.0,70300.0,192000.0,227048.0905,206491.68,199936.0,341287.2,283702.68,477192.96,5.87,1735664.47591006
2025-02-26,152900.0,45200.0,140800.0,214000.0,70300.0,192000.0,234639.4226,206925.6,200485.12,348884.2,283772.98,473118.33599999995,5.87,1747831.5240100601
2025-02-27,152900.0,45200.0,140800.0,214000.0,70300.0,192000.0,233947.703,201302.72,201541.12,344390.2,279231.6,471146.304,5.87,1731565.51241006
2025-02-28,152900.0,45200.0,140800.0,214000.0,70300.0,192000.0,226227.78199999998,204539.04,195162.88,342143.2,283674.56,467187.64800000004,5.87,1718940.9754100603
2025-03-03,152900.0,45200.0,140800.0,214000.0,70300.0,192000.0,226806.81430000003,200091.36000000002,196852.47999999998,351559.2,278669.2,467782.272,5.87,1721767.19171006
2025-03-04,152900.0,45200.0,140800.0,214000.0,70300.0,192000.0,226163.4111,199368.16,196035.84000000003,341073.2,275280.74,473350.272,5.87,1711277.4885100601
2025-03-05,152900.0,45200.0,140800.0,214000.0,70300.0,192000.0,232661.0495,201971.68,195543.04,356395.6,278219.27999999997,474633.6,5.87,1739430.11491006
2025-03-06,152900.0,45200.0,140800.0,214000.0,70300.0,192000.0,240783.2504,196366.88,198091.52000000002,366624.8,273157.68,473277.88800000004,5.87,1748307.88381006
2025-03-07,152900.0,45200.0,140800.0,214000.0,70300.0,192000.0,239464.335,197831.36000000002,195092.47999999998,360311.8,274732.4,473111.04,5.87,1740549.2804100602
2025-03-10,152900.0,45200.0,140800.0,214000.0,70300.0,192000.0,234977.1787,190400.47999999998,196416.0,356310.0,267393.08,474836.54400000005,5.87,1720339.1481100603
2025-03-11,152900.0,45200.0,140800.0,214000.0,70300.0,192000.0,235105.7676,189894.24,196359.68000000002,351794.6,265396.56,471211.584,5.87,1709768.2970100602
2025-03-12,152900.0,45200.0,140800.0,214000.0,70300.0,192000.0,233191.9183,191919.2,194458.88,358621.2,266563.54,473074.75200000004,5.87,1717835.3557100603
2025-03-13,152900.0,45200.0,140800.0,214000.0,70300.0,192000.0,231969.4828,188393.6,194149.12,356417.0,262936.06,476105.47199999995,5.87,1709976.60021006
2025-03-14,152900.0,45200.0,140800.0,214000.0,70300.0,192000.0,236891.028,193094.40000000002,196190.72,362002.4,268630.36,482369.472,5.87,1739184.2454100603
2025-03-17,152900.0,45200.0,140800.0,214000.0,70300.0,192000.0,238531.4921,193998.4,196570.87999999998,364891.4,270162.9,484138.56000000006,5.87,1748299.4975100602
2025-03-18,152900.0,45200.0,140800.0,214000.0,70300.0,192000.0,244610.949,190888.64,197824.0,369556.60000000003,267421.2,487857.984,5.87,1758165.23841006
2025-03-19,152900.0,45200.0,140800.0,214000.0,70300.0,192000.0,244739.69079999998,193275.19999999998,197443.84000000003,368957.39999999997,270162.9,492621.312,5.87,1767206.20821006
2025-03-20,152900.0,45200.0,140800.0,214000.0,70300.0,192000.0,239480.3895,192841.28,198696.96,363586.0,269811.4,493687.104,5.87,1758108.9989100602
2025-03-21,152900.0,45200.0,140800.0,214000.0,70300.0,192000.0,234140.8157,193636.8,198246.4,360782.6,270106.66000000003,491860.03199999995,5.87,1748779.1731100602
2025-03-24,152900.0,45200.0,140800.0,214000.0,70300.0,192000.0,236392.4211,197831.36000000002,196838.4,359156.19999999995,274915.18,491388.864,5.87,1756528.2905100603
2025-03-25,152900.0,45200.0,140800.0,214000.0,70300.0,192000.0,230779.3092,198898.08000000002,196416.0,362558.8,275365.1,490475.328,5.87,1754498.4826100601
2025-03-26,152900.0,45200.0,140800.0,214000.0,70300.0,192000.0,232001.7447,195191.68,198626.56,357679.6,272145.36,492664.896,5.87,1748315.70611006
2025-03-27,152900.0,45200.0,140800.0,214000.0,70300.0,192000.0,232998.80560000002,194070.71999999997,197063.68,354212.8,271273.64,493658.112,5.87,1743283.62301006
2025-03-28,152900.0,45200.0,140800.0,214000.0,70300.0,192000.0,231390.60340000002,188972.15999999997,193797.12,351987.2,265874.6,501879.744,5.87,1733907.29281006
2025-03-31,147400.0,52800.0,178300.0,179500.0,79200.0,172500.0,220167.695,220788.48,238387.1,292010.6,301340.16000000003,456952.5,35.23,1729681.7647660603
2025-04-01,147400.0,52800.0,178300.0,179500.0,79200.0,172500.0,220943.019,222562.56000000003,236800.23,296767.35,302464.8,460131.33,35.23,1739704.5187660602
2025-04-02,147400.0,52800.0,178300.0,179500.0,79200.0,172500.0,220896.4406,224294.40000000002,238494.08,294451.8,304555.68,458079.4425,35.23,1740807.0728660598
2025-04-03,147400.0,52800.0,178300.0,179500.0,79200.0,172500.0,217702.43,212488.32,234999.40000000002,287666.7,290093.76,461922.56999999995,35.23,1704908.4097660603
2025-04-07,147400.0,52800.0,178300.0,179500.0,79200.0,172500.0,189530.31019999998,200280.96000000002,215939.13,264942.0,272574.72000000003,446947.15499999997,35.23,1590249.5049660602
2025-04-08,147400.0,52800.0,178300.0,179500.0,79200.0,172500.0,192460.7696,196563.84,224729.32,270937.3,268377.12,448627.8225,35.23,1601731.40186606
2025-04-09,147400.0,52800.0,178300.0,179500.0,79200.0,172500.0,194026.74719999998,220007.04,219451.63999999998,264295.8,294085.44,455578.02,35.23,1647479.9169660602
2025-04-10,147400.0,52800.0,178300.0,179500.0,79200.0,172500.0,198321.541,210946.56,236514.95,275586.35000000003,283963.68,463453.33499999996,35.23,1668821.64576606
2025-04-11,147400.0,52800.0,178300.0,179500.0,79200.0,172500.0,200538.73179999998,214853.76,234054.41,279230.2,289095.83999999997,473334.825,35.23,1691142.9965660602
2025-04-14,147400.0,52800.0,178300.0,179500.0,79200.0,172500.0,205438.1604,216142.08000000002,237816.54,290089.95,291471.84,476585.2425,35.23,1717579.0426660602
2025-04-15,147400.0,52800.0,178300.0,179500.0,79200.0,172500.0,205918.8318,216522.24,240580.19,293751.75,290949.12,476897.8125,35.23,1724655.1740660602
2025-04-16,147400.0,52800.0,178300.0,179500.0,79200.0,172500.0,202166.7648,210080.64,238351.44,293518.4,284518.08,488557.60500000004,35.23,1717228.1595660602
2025-04-17,147400.0,52800.0,178300.0,179500.0,79200.0,172500.0,205097.0768,209953.91999999998,243326.01,294505.65,284739.84,491384.70749999996,35.23,1729042.4340660602
2025-04-18,147400.0,52800.0,178300.0,179500.0,79200.0,172500.0,204973.11339999997,209911.68,244770.24,293985.1,284676.48,493000.17000000004,35.23,1731352.0131660602
2025-04-21,147400.0,52800.0,178300.0,179500.0,79200.0,172500.0,205004.0674,204758.4,242933.75,295618.55,277896.96,502627.5675,35.23,1728874.5246660602
2025-04-22,147400.0,52800.0,178300.0,179500.0,79200.0,172500.0,206771.6882,210101.76,243682.61000000002,298490.55,285135.84,516143.80500000005,35.23,1760361.4829660603
2025-04-23,147400.0,52800.0,178300.0,179500.0,79200.0,172500.0,211888.237,214938.24000000002,245857.87,304737.15,290014.56,491990.5275,35.23,1759461.8142660602
2025-04-24,147400.0,52800.0,178300.0,179500.0,79200.0,172500.0,210182.6716,220809.6,245483.44,304898.7,295812.0,495371.1825,35.23,1772592.82386606
2025-04-25,147400.0,52800.0,178300.0,179500.0,79200.0,172500.0,210818.40780000002,223217.28,250725.46,307698.89999999997,297823.68,491104.56749999995,35.23,1781423.52506606
2025-04-28,147400.0,52800.0,178300.0,179500.0,79200.0,172500.0,210725.3984,223090.56,249548.68,307537.35000000003,297902.88,486551.43,35.23,1775391.52816606
2025-04-29,147400.0,52800.0,178300.0,179500.0,79200.0,172500.0,211035.3806,224378.88,251866.58000000002,310427.3,299566.08,487613.1675,35.23,1784922.6178660602
2025-04-30,147400.0,52800.0,178300.0,179500.0,79200.0,172500.0,212322.33,224632.32,253399.96,310894.0,299946.24,487652.1525,35.23,1788882.2322660603
2025-05-06,147400.0,52800.0,178300.0,179500.0,79200.0,172500.0,217655.99899999998,227018.88,256003.13999999998,318074.0,301957.92000000004,495103.98,35.23,1815849.1487660601
2025-05-07,147400.0,52800.0,178300.0,179500.0,79200.0,172500.0,217935.0272,227884.8,256110.12,316727.75,303256.8,499038.36,35.23,1820988.08696606
2025-05-08,147400.0,52800.0,178300.0,179500.0,79200.0,172500.0,218849.7916,230313.6,257055.11,319563.85,305300.16,491593.0875,35.23,1822710.82886606
2025-05-09,147400.0,52800.0,178300.0,179500.0,79200.0,172500.0,219438.9494,230334.72,256181.44,319474.10000000003,305236.8,490830.98250000004,35.23,1821532.2216660604
2025-05-12,147400.0,52800.0,178300.0,179500.0,79200.0,172500.0,225656.4288,239395.19999999998,257821.8,320192.10000000003,315105.12,474435.72,35.23,1832641.5985660602
2025-05-13,147400.0,52800.0,178300.0,179500.0,79200.0,172500.0,220850.00960000002,242922.24,256948.13,317140.6,317100.96,477288.6975,35.23,1832285.86686606
2025-05-14,147400.0,52800.0,178300.0,179500.0,79200.0,172500.0,225749.4382,244210.56000000003,256413.22999999998,316853.4,317291.04,473934.09,35.23,1834486.9879660602
2025-05-15,147400.0,52800.0,178300.0,179500.0,79200.0,172500.0,223981.96480000002,244421.76,256823.31999999998,319653.6,318637.44,459844.635,35.23,1823397.9495660602
2025-05-16,147400.0,52800.0,178300.0,179500.0,79200.0,172500.0,222896.5112,245435.52,258053.59,320425.45,320791.68,466443.105,35.23,1834081.08596606
2025-05-19,147400.0,52800.0,178300.0,179500.0,79200.0,172500.0,222400.3628,245562.24000000002,256716.34,322525.6,320981.76,471406.7925,35.23,1839628.32506606
2025-05-20,147400.0,52800.0,178300.0,179500.0,79200.0,172500.0,225625.4748,244738.56,257786.13999999998,324877.05,319793.76,470794.4175,35.23,1843650.63206606
2025-05-21,147400.0,52800.0,178300.0,179500.0,79200.0,172500.0,226974.33219999998,241528.31999999998,257376.05,327802.9,314661.6,483457.2975,35.23,1851835.7294660602
2025-05-22,147400.0,52800.0,178300.0,179500.0,79200.0,172500.0,224230.039,241781.76,255361.25999999998,326869.5,314360.64,486323.38499999995,35.23,1848961.8137660602
2025-05-23,147400.0,52800.0,178300.0,179500.0,79200.0,172500.0,224803.7198,239606.40000000002,256894.64,321071.64999999997,312333.12,485001.1725,35.23,1839745.9320660601
2025-05-26,147400.0,52800.0,178300.0,179500.0,79200.0,172500.0,221377.11200000002,239310.72,260567.62,327946.5,311937.12,483476.79,35.23,1844651.0917660603
2025-05-27,147400.0,52800.0,178300.0,179500.0,79200.0,172500.0,222477.8952,245013.12,262511.08999999997,331303.14999999997,318542.4,480246.0375,35.23,1860128.9224660601
2025-05-28,147400.0,52800.0,178300.0,179500.0,79200.0,172500.0,221516.69979999997,243978.24,260211.02000000002,327569.55,316847.52,480838.7475,35.23,1850997.00706606
2025-05-29,147400.0,52800.0,178300.0,179500.0,79200.0,172500.0,224586.59960000002,244506.24,262760.71,324105.2,318162.24,476624.2275,35.23,1850780.4468660601
2025-05-30,147400.0,52800.0,178300.0,179500.0,79200.0,172500.0,221687.2416,244104.96,262101.0,327156.7,317845.44,480265.53,35.23,1853196.10136606
2025-06-03,147400.0,52800.0,178300.0,179500.0,79200.0,172500.0,223718.26619999998,247843.2,260692.43,330441.55,321124.32,486375.48,35.23,1870230.4759660603
2025-06-04,147400.0,52800.0,178300.0,179500.0,79200.0,172500.0,225144.8034,248561.28,260407.15,331698.05000000005,321219.36,486903.15750000003,35.23,1873969.03066606
2025-06-05,147400.0,52800.0,178300.0,179500.0,79200.0,172500.0,227485.9576,246428.16,261049.03,333098.14999999997,319429.44,488004.0525,35.23,1875530.01986606
2025-06-06,147400.0,52800.0,178300.0,179500.0,79200.0,172500.0,226509.1378,248772.47999999998,260692.43,333313.55,322660.8,487176.7425,35.23,1879160.3700660602
2025-06-09,147400.0,52800.0,178300.0,179500.0,79200.0,172500.0,230199.29679999998,249321.60000000003,261102.52,330854.39999999997,322993.44,482382.45,35.23,1876888.93656606
2025-06-10,147400.0,52800.0,178300.0,179500.0,79200.0,172500.0,230028.755,250863.36,262029.68,328808.10000000003,324735.84,482603.94,35.23,1879104.9047660602
2025-06-11,147400.0,52800.0,178300.0,179500.0,79200.0,172500.0,232214.9918,249807.36000000002,262635.9,328287.55,323722.07999999996,483874.23,35.23,1880577.3415660602
2025-06-12,147400.0,52800.0,178300.0,179500.0,79200.0,172500.0,229191.523,250419.84,262011.85,327749.05,324894.24,487528.47000000003,35.23,1881830.2027660601
2025-06-13,147400.0,52800.0,178300.0,179500.0,79200.0,172500.0,227703.0778,247209.6,260906.39,326223.3,321029.27999999997,494700.15750000003,35.23,1877807.0350660603
2025-06-16,147400.0,52800.0,178300.0,179500.0,79200.0,172500.0,229393.0188,250694.40000000002,262885.51999999996,327892.65,324197.27999999997,492290.16,35.23,1887388.25856606
2025-06-17,147400.0,52800.0,178300.0,179500.0,79200.0,172500.0,228540.30980000002,248075.52000000002,263990.98,324518.05,321235.2,489137.3775,35.23,1875532.66706606
2025-06-18,147400.0,52800.0,178300.0,179500.0,79200.0,172500.0,226028.4664,248138.88,265167.76,321556.30000000005,321251.04,488297.13,35.23,1870474.8061660603
2025-06-19,147400.0,52800.0,178300.0,179500.0,79200.0,172500.0,221454.6444,248033.28000000003,263580.89,317427.8,321108.48000000004,485528.6775,35.23,1857169.0016660602
2025-06-20,147400.0,52800.0,178300.0,179500.0,79200.0,172500.0,224137.0296,247040.63999999998,262065.34,322148.64999999997,320237.28,485496.075,35.23,1861160.24436606
2025-06-23,147400.0,52800.0,178300.0,179500.0,79200.0,172500.0,225656.4288,249511.68,259907.91,320676.75,323389.44,485841.42000000004,35.23,1865018.8585660602
2025-06-24,147400.0,52800.0,178300.0,179500.0,79200.0,172500.0,230137.24139999997,252933.12,263063.82,328018.3,326826.72,480161.34,35.23,1881175.7711660601
2025-06-25,147400.0,52800.0,178300.0,179500.0,79200.0,172500.0,233036.74680000002,253524.47999999998,265738.32,326474.6,326874.24,481744.2,35.23,1887427.81656606
2025-06-26,147400.0,52800.0,178300.0,179500.0,79200.0,172500.0,231610.2096,255699.84000000003,269589.6,329921.0,329266.08,483079.52249999996,35.23,1899201.4818660603
2025-06-27,147400.0,52800.0,178300.0,179500.0,79200.0,172500.0,231222.695,256608.00000000003,274492.85000000003,335844.5,331024.32,476630.7825,35.23,1905858.3772660603
2025-06-30,148600.0,49500.0,178300.0,165600.0,70100.0,200800.0,231010.4394,241956.0,277470.46,309142.08,294321.86,555599.3432,43.29,1909543.46890485
2025-07-01,148600.0,49500.0,178300.0,165600.0,70100.0,200800.0,230838.5092,239678.99999999997,274350.21,307171.44,293789.1,561733.5824,43.29,1907605.1279048498
2025-07-02,148600.0,49500.0,178300.0,165600.0,70100.0,200800.0,232307.866,241441.2,273761.82,309125.52,295247.18,560163.9288,43.29,1912090.8011048501
2025-07-03,148600.0,49500.0,178300.0,165600.0,70100.0,200800.0,231057.397,243738.00000000003,273280.41,311013.36000000004,297644.60000000003,564099.2072,43.29,1920876.2605048502
2025-07-04,148600.0,49500.0,178300.0,165600.0,70100.0,200800.0,229666.20380000002,243777.6,271675.71,308264.39999999997,297686.66,561005.6823999999,43.29,1912119.5425048498
2025-07-07,148600.0,49500.0,178300.0,165600.0,70100.0,200800.0,229228.5768,241738.2,270160.16000000003,312139.44,295191.10000000003,557972.5984,43.29,1906473.3615048502
2025-07-08,148600.0,49500.0,178300.0,165600.0,70100.0,200800.0,231807.6784,242015.4,269036.87,313199.27999999997,295106.98000000004,560671.9528,43.29,1911881.44750485
2025-07-09,148600.0,49500.0,178300.0,165600.0,70100.0,200800.0,229369.301,243738.00000000003,267967.07,317074.32,296929.58,554780.4808,43.29,1909902.0381048503
2025-07-10,148600.0,49500.0,178300.0,165600.0,70100.0,200800.0,230572.8124,243282.59999999998,267913.58,316080.72000000003,297644.60000000003,559383.0176,43.29,1914920.6163048502
2025-07-11,148600.0,49500.0,178300.0,165600.0,70100.0,200800.0,231557.58459999997,242668.80000000002,266968.59,312288.48,296494.95999999996,559322.376,43.29,1909344.07690485
2025-07-14,148600.0,49500.0,178300.0,165600.0,70100.0,200800.0,232167.14179999998,243460.80000000002,264811.16000000003,310764.96,296929.58,564910.64,43.29,1913087.5681048501
2025-07-15,148600.0,49500.0,178300.0,165600.0,70100.0,200800.0,235887.3428,243777.6,265078.61,309175.2,295807.98000000004,563909.652,43.29,1913679.67110485
2025-07-16,148600.0,49500.0,178300.0,165600.0,70100.0,200800.0,235340.3462,244074.59999999998,263295.61,307204.56,296859.48,561270.9392,43.29,1908088.82170485
2025-07-17,148600.0,49500.0,178300.0,165600.0,70100.0,200800.0,234886.96759999997,245619.0,266398.02999999997,311857.92,298163.34,560186.6192,43.29,1917155.1631048499
2025-07-18,148600.0,49500.0,178300.0,165600.0,70100.0,200800.0,238216.35059999998,245579.4,265078.61,310649.04,298317.56,562052.0512,43.29,1919936.29810485
2025-07-21,148600.0,49500.0,178300.0,165600.0,70100.0,200800.0,239888.8436,246866.4,265025.12,311063.04000000004,298836.3,564819.6776,43.29,1926542.6675048503
2025-07-22,148600.0,49500.0,178300.0,165600.0,70100.0,200800.0,240967.38239999997,245460.6,265898.79000000004,309059.28,298794.24000000005,567003.3776,43.29,1927226.95630485
2025-07-23,148600.0,49500.0,178300.0,165600.0,70100.0,200800.0,244734.541,246351.6,276917.73,312768.72000000003,300869.2,572910.1104,43.29,1954595.18770485
2025-07-24,148600.0,49500.0,178300.0,165600.0,70100.0,200800.0,245859.88880000002,246866.4,281446.55,314043.84,300967.34,563348.6168000001,43.29,1952575.9219048503
2025-07-25,148600.0,49500.0,178300.0,165600.0,70100.0,200800.0,243265.1842,247500.0,277559.61,312752.16000000003,302299.24,562484.1728000001,43.29,1945903.6533048502
2025-07-28,148600.0,49500.0,178300.0,165600.0,70100.0,200800.0,245047.1954,248529.6,273726.16,309837.6,302537.58,560709.904,43.29,1940431.3257048503
2025-07-29,148600.0,49500.0,178300.0,165600.0,70100.0,200800.0,244797.1016,248193.0,270088.83999999997,309274.56,301822.56,557722.4016,43.29,1931941.7495048502
2025-07-30,148600.0,49500.0,178300.0,165600.0,70100.0,200800.0,241264.4338,248351.4,270249.31,308579.04,301135.58,559155.5112,43.29,1928778.56130485
2025-07-31,148600.0,49500.0,178300.0,165600.0,70100.0,200800.0,237544.2328,247183.19999999998,271800.52,303296.39999999997,300252.32,557456.944,43.29,1917576.90310485
2025-08-01,148600.0,49500.0,178300.0,165600.0,70100.0,200800.0,234980.7342,242352.0,267574.81,295215.12,295429.44,557403.9328000001,43.29,1892999.3233048501
2025-08-04,148600.0,49500.0,178300.0,165600.0,70100.0,200800.0,236825.1574,246450.59999999998,270106.67,302137.2,299369.06,563712.6672,43.29,1918644.64090485
2025-08-05,148600.0,49500.0,178300.0,165600.0,70100.0,200800.0,238325.8688,244569.6,272032.31,303462.0,297784.8,566495.3536,43.29,1922713.2187048502
2025-08-06,148600.0,49500.0,178300.0,165600.0,70100.0,200800.0,238529.005,247777.2,272727.68,304505.27999999997,300140.16000000003,565972.0688,43.29,1929694.6801048503
2025-08-07,148600.0,49500.0,178300.0,165600.0,70100.0,200800.0,239998.36179999998,248351.4,274582.0,309787.92,299635.44,568087.6976,43.29,1940486.10570485
2025-08-08,148600.0,49500.0,178300.0,165600.0,70100.0,200800.0,237981.8598,250865.99999999997,280537.22,309738.24,302173.06,568883.8696,43.29,1950223.5357048502
2025-08-11,148600.0,49500.0,178300.0,165600.0,70100.0,200800.0,238497.799,250093.8,279360.44,308529.36,301528.14,563325.9264,43.29,1941378.75170485
2025-08-12,148600.0,49500.0,178300.0,165600.0,70100.0,200800.0,239122.9592,253459.80000000002,284834.25,307105.2,305005.1,561809.284,43.29,1951379.8795048501
2025-08-13,148600.0,49500.0,178300.0,165600.0,70100.0,200800.0,245125.2104,253321.2,288632.04,310284.72,305692.08,562870.9136,43.29,1965969.45030485
2025-08-14,148600.0,49500.0,178300.0,165600.0,70100.0,200800.0,244328.12000000002,253143.0,285493.96,313348.32,305748.16000000003,562939.1856,43.29,1965044.0319048502
2025-08-15,148600.0,49500.0,178300.0,165600.0,70100.0,200800.0,242311.7666,251974.8,289113.45,311791.68,305047.16000000003,561832.1752,43.29,1962114.3181048501
2025-08-18,148600.0,49500.0,178300.0,165600.0,70100.0,200800.0,241577.08820000003,251796.6,292091.06,312586.56,304794.8,562469.1128,43.29,1965358.5073048503
2025-08-19,148600.0,49500.0,178300.0,165600.0,70100.0,200800.0,241389.4064,248430.59999999998,290379.38,313033.68,303196.51999999996,561437.804,43.29,1957910.67670485
2025-08-20,148600.0,49500.0,178300.0,165600.0,70100.0,200800.0,242358.5756,247084.2,286153.67,310466.88,302523.56,559390.648,43.29,1948020.8199048503
2025-08-21,148600.0,49500.0,178300.0,165600.0,70100.0,200800.0,241217.4762,245658.59999999998,284727.27,310831.2,300925.27999999997,560664.3224,43.29,1944067.43490485
2025-08-22,148600.0,49500.0,178300.0,165600.0,70100.0,200800.0,243562.2356,249499.8,283086.91,310582.8,305664.04000000004,560558.2999999999,43.29,1952997.37190485
2025-08-25,148600.0,49500.0,178300.0,165600.0,70100.0,200800.0,247735.6666,248212.80000000002,285600.94,311112.72000000003,303659.18000000005,563401.628,43.29,1959766.2209048504
2025-08-26,148600.0,49500.0,178300.0,165600.0,70100.0,200800.0,245078.4014,249341.40000000002,282088.43,307916.64,305019.12000000005,564296.3928,43.29,1953783.6705048503
2025-08-27,148600.0,49500.0,178300.0,165600.0,70100.0,200800.0,242296.015,249499.8,283069.07999999996,306293.76,305397.66000000003,564993.9720000001,43.29,1951593.5733048501
2025-08-28,148600.0,49500.0,178300.0,165600.0,70100.0,200800.0,240264.05860000002,250767.0,285422.64,306161.28,306168.76,566275.4776,43.29,1955102.5025048503
2025-08-29,148600.0,49500.0,178300.0,165600.0,70100.0,200800.0,240764.2462,247638.59999999998,284762.93,304770.24,304079.77999999997,567609.9944,43.29,1949669.07690485
2025-09-01,148600.0,49500.0,178300.0,165600.0,70100.0,200800.0,246156.94019999998,247757.40000000002,280644.2,306856.8,304248.02,576959.2424,43.29,1962665.88890485
2025-09-02,148600.0,49500.0,178300.0,165600.0,70100.0,200800.0,245172.168,245856.6,282052.77,300464.64,302243.16000000003,580795.928,43.29,1956628.55230485
2025-09-03,148600.0,49500.0,178300.0,165600.0,70100.0,200800.0,243484.072,247856.4,277042.54000000004,300315.6,303883.5,587347.2288,43.29,1959972.62710485
2025-09-04,148600.0,49500.0,178300.0,165600.0,70100.0,200800.0,240795.4522,249955.19999999998,282070.60000000003,302948.64,306182.77999999997,587483.7728,43.29,1969479.7313048504
2025-09-05,148600.0,49500.0,178300.0,165600.0,70100.0,200800.0,244343.723,250232.4,284156.70999999996,300630.24,305299.52,589144.188,43.29,1973850.06730485
2025-09-08,148600.0,49500.0,178300.0,165600.0,70100.0,200800.0,246360.07640000002,251261.99999999997,288186.29000000004,304422.48,305832.28,596142.8712,43.29,1992249.2839048505
2025-09-09,148600.0,49500.0,178300.0,165600.0,70100.0,200800.0,249501.9262,251974.8,288863.83,304472.16,306589.36,603968.0472,43.29,2005413.40970485
2025-09-10,148600.0,49500.0,178300.0,165600.0,70100.0,200800.0,252440.6398,252271.8,291003.43,301938.48,307696.94,602330.1216000001,43.29,2007724.6977048502
2025-09-11,148600.0,49500.0,178300.0,165600.0,70100.0,200800.0,251377.704,253657.8,294765.56,302600.88,310164.45999999996,599987.1872,43.29,2012596.8775048503
2025-09-12,148600.0,49500.0,178300.0,165600.0,70100.0,200800.0,254285.06300000002,254687.4,297493.55,303097.68,309968.18,602792.7648,43.29,2022367.92410485
2025-09-15,148600.0,49500.0,178300.0,165600.0,70100.0,200800.0,255254.2322,256944.6,296816.01,303726.96,311622.54000000004,601170.1,43.29,2025577.72850485
2025-09-16,148600.0,49500.0,178300.0,165600.0,70100.0,200800.0,255097.905,256627.80000000002,297850.15,299156.4,311089.78,608790.46,43.29,2028655.78130485
2025-09-17,148600.0,49500.0,178300.0,165600.0,70100.0,200800.0,259552.6358,256033.8,299205.23,301905.36,310697.22,603801.1824,43.29,2031238.71450485
2025-09-18,148600.0,49500.0,178300.0,165600.0,70100.0,200800.0,256426.5376,258687.0,302129.35,305184.24,312519.82,598516.1264,43.29,2033506.3603048502
2025-09-19,148600.0,49500.0,178300.0,165600.0,70100.0,200800.0,256535.90720000002,260627.4,297939.3,304074.72000000003,314230.25999999995,600040.1984,43.29,2033491.0719048502
2025-09-22,148600.0,49500.0,178300.0,165600.0,70100.0,200800.0,254738.293,261993.59999999998,300970.39999999997,301325.76,315534.12,609283.424,43.29,2043888.8833048502
2025-09-23,148600.0,49500.0,178300.0,165600.0,70100.0,200800.0,252784.50019999998,259934.4,301255.68,303644.16,313543.28,617373.8568000001,43.29,2048579.16330485
2025-09-24,148600.0,49500.0,178300.0,165600.0,70100.0,200800.0,256145.0892,259201.8,302361.14,304554.96,312716.10000000003,621703.5064,43.29,2056725.8819048502
2025-09-25,148600.0,49500.0,178300.0,165600.0,70100.0,200800.0,255879.3924,258211.80000000002,301540.96,301656.96,311328.12,618132.0776,43.29,2046792.5963048502
2025-09-26,148600.0,49500.0,178300.0,165600.0,70100.0,200800.0,252393.6822,259459.2,297618.36,302501.52,313290.92,619034.4728,43.29,2044341.44130485
2025-09-29,148600.0,49500.0,178300.0,165600.0,70100.0,200800.0,257020.49180000002,260310.6,297136.95,303279.83999999997,313823.68,626169.4992000001,43.29,2057784.3473048504
2025-09-30,136300.0,51900.0,203600.0,168900.0,72000.0,185500.0,237624.4659,273554.52,340297.04,311198.25,323467.2,584468.3915,32.24,2070642.10341061
2025-10-09,136300.0,51900.0,203600.0,168900.0,72000.0,185500.0,236893.21639999998,278267.04,359028.24,318680.52,325972.8,610953.3395,32.24,2129827.3919106103
2025-10-10,136300.0,51900.0,203600.0,168900.0,72000.0,185500.0,232577.6858,268364.52,354691.56,312093.42000000004,316929.6,601665.169,32.24,2086354.1908106103
2025-10-13,136300.0,51900.0,203600.0,168900.0,72000.0,185500.0,228864.3286,274011.24,356971.88,314610.03,321681.60000000003,621103.343,32.24,2117274.65761061
2025-10-14,136300.0,51900.0,203600.0,168900.0,72000.0,185500.0,225108.03689999998,272184.36,346751.16000000003,311637.39,321220.80000000005,630503.5555,32.24,2107437.53841061
2025-10-15,136300.0,51900.0,203600.0,168900.0,72000.0,185500.0,229323.1144,273907.44,354406.51999999996,311840.07,322459.2,642740.9905,32.24,2134709.5709106103
2025-10-16,136300.0,51900.0,203600.0,168900.0,72000.0,185500.0,229036.4755,272827.92,360209.12,313883.76,320299.2,648842.0855,32.24,2145130.79701061
2025-10-17,136300.0,51900.0,203600.0,168900.0,72000.0,185500.0,223401.9698,274509.48,356605.4,309357.24,321912.0,668280.2595,32.24,2154098.58531061
2025-10-20,136300.0,51900.0,203600.0,168900.0,72000.0,185500.0,228936.02240000002,278121.72,366907.56,314221.56,325411.19999999995,652932.7315,32.24,2166563.02991061
2025-10-21,136300.0,51900.0,203600.0,168900.0,72000.0,185500.0,230255.1338,277810.32,367823.76,314525.58,325152.0,661527.6885,32.24,2177126.7183106104
2025-10-22,136300.0,51900.0,203600.0,168900.0,72000.0,185500.0,228061.5216,275173.8,365441.64,311147.58,323481.6,635827.22,32.24,2139165.5976106105
2025-10-23,136300.0,51900.0,203600.0,168900.0,72000.0,185500.0,229609.88960000002,277415.88,360412.72,311806.29000000004,325195.2,630713.727,32.24,2135185.9426106103
2025-10-24,136300.0,51900.0,203600.0,168900.0,72000.0,185500.0,231359.0275,280280.76,363711.04,312397.44,327830.4,626952.1579999999,32.24,2142563.06151061
2025-10-27,136300.0,51900.0,203600.0,168900.0,72000.0,185500.0,233710.3388,285200.88,371244.24,313478.4,331646.4,623694.9635,32.24,2159007.45831061
2025-10-28,136300.0,51900.0,203600.0,168900.0,72000.0,185500.0,232893.084,287214.6,369900.48,313377.06,332294.39999999997,600824.483,32.24,2136536.34301061
2025-10-29,136300.0,51900.0,203600.0,168900.0,72000.0,185500.0,232821.3902,288356.4,379591.84,311215.14,332236.8,611688.8470000001,32.24,2155942.65321061
2025-10-30,136300.0,51900.0,203600.0,168900.0,72000.0,185500.0,232276.5991,284183.64,377963.04000000004,310252.41,329011.2,607661.0855,32.24,2141380.2106106104
2025-10-31,136300.0,51900.0,203600.0,168900.0,72000.0,185500.0,229022.164,285595.32,382829.08,307448.67,329947.2,617432.8545,32.24,2152307.52451061
2025-11-03,136300.0,51900.0,203600.0,168900.0,72000.0,185500.0,231101.0116,286799.39999999997,382666.2,308580.3,330480.0,616403.144,32.24,2156062.29161061
2025-11-04,136300.0,51900.0,203600.0,168900.0,72000.0,185500.0,229265.86839999998,280945.08,377148.64,305928.57,326678.4,614042.471,32.24,2134041.26541061
2025-11-05,136300.0,51900.0,203600.0,168900.0,72000.0,185500.0,229179.86310000002,283021.08,368678.88,306587.27999999997,327974.4,609678.5835000001,32.24,2125152.32261061
2025-11-06,136300.0,51900.0,203600.0,168900.0,72000.0,185500.0,234068.8078,277498.92,371732.88,302685.69,324100.80000000005,615016.1605,32.24,2125135.49431061
2025-11-07,136300.0,51900.0,203600.0,168900.0,72000.0,185500.0,231760.43099999998,276585.48,369696.88,301503.38999999996,324403.2,615037.1220000001,32.24,2119018.73901061
2025-11-10,136300.0,51900.0,203600.0,168900.0,72000.0,185500.0,235445.1652,282730.44,372710.16,306688.62,329529.60000000003,626230.7485,32.24,2153366.96971061
2025-11-11,136300.0,51900.0,203600.0,168900.0,72000.0,185500.0,235975.64479999998,281920.80000000005,371081.36,308445.18,330249.60000000003,634272.1735,32.24,2161976.99431061
2025-11-12,136300.0,51900.0,203600.0,168900.0,72000.0,185500.0,237925.41629999998,281609.4,372832.32,312802.8,330321.6,632955.309,32.24,2168479.08131061
2025-11-13,136300.0,51900.0,203600.0,168900.0,72000.0,185500.0,239373.6038,275983.44,373056.28,308681.63999999996,325008.0,642509.672,32.24,2164644.8718106104
2025-11-14,136300.0,51900.0,203600.0,168900.0,72000.0,185500.0,234799.921,276004.19999999995,365889.56,307195.32,324676.80000000005,635084.6635,32.24,2143682.70051061
2025-11-17,136300.0,51900.0,203600.0,168900.0,72000.0,185500.0,233036.4716,273679.08,366215.32,303091.05,321652.8,623898.086,32.24,2121605.04361061
2025-11-18,136300.0,51900.0,203600.0,168900.0,72000.0,185500.0,229093.7215,270585.83999999997,354080.76,297568.02,319176.0,614210.534,32.24,2084747.1115106102
2025-11-19,136300.0,51900.0,203600.0,168900.0,72000.0,185500.0,227932.4455,272142.83999999997,351759.72000000003,297179.55,320472.0,626482.843,32.24,2096001.6345106103
2025-11-20,136300.0,51900.0,203600.0,168900.0,72000.0,185500.0,228075.83310000002,265894.08,356849.72,297804.48000000004,315633.6,622889.5225,32.24,2087179.47161061
2025-11-21,136300.0,51900.0,203600.0,168900.0,72000.0,185500.0,222556.092,267824.76,348807.52,295051.41,318657.6,619183.9745,32.24,2072113.59251061
2025-11-24,136300.0,51900.0,203600.0,168900.0,72000.0,185500.0,226900.2456,274634.04,350151.28,296267.49,323467.2,620192.7235000001,32.24,2091645.2151106102
2025-11-25,136300.0,51900.0,203600.0,168900.0,72000.0,185500.0,228462.9251,276149.52,348970.39999999997,299273.91000000003,326332.8,630573.6745000001,32.24,2109795.4656106103
2025-11-26,136300.0,51900.0,203600.0,168900.0,72000.0,185500.0,228821.3941,278433.12,356483.24,303327.51,328449.6,630314.531,32.24,2125861.63111061
2025-11-27,136300.0,51900.0,203600.0,168900.0,72000.0,185500.0,228850.0171,278370.83999999997,360086.95999999996,304425.36,328363.2,632184.742,32.24,2132313.35511061
2025-11-28,136300.0,51900.0,203600.0,168900.0,72000.0,185500.0,228090.1446,280571.39999999997,360657.04000000004,305354.31,330148.8,634972.6215,32.24,2139826.55211061
2025-12-01,136300.0,51900.0,203600.0,168900.0,72000.0,185500.0,229351.8737,279429.60000000003,354752.64,302094.54,328363.2,641851.3325,32.24,2135875.4222106105
2025-12-02,136300.0,51900.0,203600.0,168900.0,72000.0,185500.0,230011.4294,281900.04000000004,355770.64,303851.1,329313.60000000003,639455.6,32.24,2140334.6454106104
2025-12-03,136300.0,51900.0,203600.0,168900.0,72000.0,185500.0,227315.9606,282315.24000000005,358519.24,303935.55,330134.4,636219.5525,32.24,2138472.17911061
2025-12-04,136300.0,51900.0,203600.0,168900.0,72000.0,185500.0,229007.7162,281962.32,367457.27999999997,306941.97,330364.8,635708.1290000001,32.24,2151474.45121061
2025-12-05,136300.0,51900.0,203600.0,168900.0,72000.0,185500.0,230398.5214,283249.44,365095.51999999996,308816.76,331099.2,640492.3595,32.24,2159184.0369106103
2025-12-08,136300.0,51900.0,203600.0,168900.0,72000.0,185500.0,227559.665,282585.12,365319.48,309002.55,330004.8,638860.3305,32.24,2153364.18151061
2025-12-09,136300.0,51900.0,203600.0,168900.0,72000.0,185500.0,224764.0157,283041.83999999997,364077.52,310488.87,329745.6,634188.142,32.24,2146338.22371061
2025-12-10,136300.0,51900.0,203600.0,168900.0,72000.0,185500.0,225581.13419999997,284142.12,361308.56,309610.58999999997,331862.4,636709.829,32.24,2149246.8692106097
2025-12-11,136300.0,51900.0,203600.0,168900.0,72000.0,185500.0,225351.7413,282896.52,359903.72000000003,312904.14,332208.0,637690.5675,32.24,2150986.9248106102
2025-12-12,136300.0,51900.0,203600.0,168900.0,72000.0,185500.0,229065.09850000002,277332.84,365339.84,312448.11000000004,328420.8,645605.8524999999,32.24,2158244.7770106103
2025-12-15,136300.0,51900.0,203600.0,168900.0,72000.0,185500.0,225996.9855,275983.44,360881.0,313039.26,327988.8,653983.589,32.24,2157905.31051061
2025-12-16,136300.0,51900.0,203600.0,168900.0,72000.0,185500.0,222412.7044,276481.68,356523.96,311181.36,326966.39999999997,646005.0485,32.24,2139603.38891061
2025-12-17,136300.0,51900.0,203600.0,168900.0,72000.0,185500.0,224391.2352,271084.08,357582.68,309323.45999999996,323064.0,651216.671,32.24,2136694.36221061
2025-12-18,136300.0,51900.0,203600.0,168900.0,72000.0,185500.0,224706.6334,275153.04,352533.4,312245.43,325670.4,653100.98,32.24,2143442.1194106103
2025-12-19,136300.0,51900.0,203600.0,168900.0,72000.0,185500.0,226269.3129,278578.44,355689.2,312870.36,328348.8,653065.9205,32.24,2154854.26941061
2025-12-22,136300.0,51900.0,203600.0,168900.0,72000.0,185500.0,227287.3376,279969.36,357338.36000000004,312498.78,330508.8,664581.7605,32.24,2172216.63411061
2025-12-23,136300.0,51900.0,203600.0,168900.0,72000.0,185500.0,226971.9394,281381.04,358621.04000000004,314255.34,331776.0,674009.9835,32.24,2187047.57891061
2025-12-24,136300.0,51900.0,203600.0,168900.0,72000.0,185500.0,227229.9553,281900.04000000004,359537.24,314762.04,332596.8,674556.4665,32.24,2190614.7778106104
2025-12-25,136300.0,51900.0,203600.0,168900.0,72000.0,185500.0,227000.5624,281588.64,359903.72000000003,314221.56,332208.0,671369.2055,32.24,2186323.9239106104
2025-12-26,136300.0,51900.0,203600.0,168900.0,72000.0,185500.0,226900.2456,281318.76,361878.64,313934.43,331992.0,674059.141,32.24,2190115.45261061
2025-12-29,136300.0,51900.0,203600.0,168900.0,72000.0,185500.0,225280.0475,279886.32,359211.48,313647.3,330681.60000000003,672020.6815,32.24,2180759.66501061
2025-12-30,136300.0,51900.0,203600.0,168900.0,72000.0,185500.0,227115.19069999998,279263.52,359252.2,315640.32,330307.2,657212.773,32.24,2168823.43971061
2025-12-31,173000.0,55400.0,195900.0,181600.0,79100.0,150800.0,285338.24199999997,295370.64,344392.2,338102.88,359905.0,530452.2704,302.83,2153864.05959399
2026-01-05,173000.0,55400.0,195900.0,181600.0,79100.0,150800.0,292744.718,296855.36,353795.4,341880.16000000003,362515.3,540559.7912,302.83,2188653.55639399
2026-01-06,173000.0,55400.0,195900.0,181600.0,79100.0,150800.0,296820.94399999996,299337.28,357732.99,341789.36000000004,364476.98,545690.4596000001,302.83,2206150.84079399
2026-01-07,173000.0,55400.0,195900.0,181600.0,79100.0,150800.0,293927.51900000003,299581.04000000004,354422.27999999997,344495.2,363369.58,543873.9228,302.83,2199972.36899399
2026-01-08,173000.0,55400.0,195900.0,181600.0,79100.0,150800.0,290506.444,297919.04000000004,348329.79,344368.08,363385.4,541977.7636,302.83,2186789.34479399
2026-01-09,173000.0,55400.0,195900.0,181600.0,79100.0,150800.0,290906.766,300622.56,353501.55,345330.56,365331.26,545918.3184,302.83,2201913.8415939896
2026-01-12,173000.0,55400.0,195900.0,181600.0,79100.0,150800.0,295001.157,300755.52,351013.62,346619.92,365758.39999999997,556891.4312,302.83,2216342.87539399
2026-01-13,173000.0,55400.0,195900.0,181600.0,79100.0,150800.0,297548.92799999996,300201.52,361474.68,347073.92,364999.04,557603.2072,302.83,2229204.12239399
2026-01-14,173000.0,55400.0,195900.0,181600.0,79100.0,150800.0,299150.216,297054.8,364726.62,345112.64,363069.0,564641.4956,302.83,2234057.59879399
2026-01-15,173000.0,55400.0,195900.0,181600.0,79100.0,150800.0,298313.069,297763.92,364413.18,345548.48,363685.98000000004,562608.5608,302.83,2232636.0169939897
2026-01-16,173000.0,55400.0,195900.0,181600.0,79100.0,150800.0,297403.262,297586.64,363081.06,343750.64,363511.96,561708.888,302.83,2227345.27719399
2026-01-19,173000.0,55400.0,195900.0,181600.0,79100.0,150800.0,294145.845,297453.68,362610.9,339265.12,363353.76,568798.4484,302.83,2225930.5805939897
2026-01-20,173000.0,55400.0,195900.0,181600.0,79100.0,150800.0,293072.207,290827.84,356968.98,336123.44,355633.60000000003,574612.3916,302.83,2207541.28579399
2026-01-21,173000.0,55400.0,195900.0,181600.0,79100.0,150800.0,294164.01,294816.64,355401.78,336395.84,359794.26,591667.2684,302.83,2232542.6255939896
2026-01-22,173000.0,55400.0,195900.0,181600.0,79100.0,150800.0,294819.16099999996,297187.76,361905.66,339610.16000000003,361803.39999999997,589423.666,302.83,2245052.63419399
2026-01-23,173000.0,55400.0,195900.0,181600.0,79100.0,150800.0,295619.978,297808.24000000005,361944.83999999997,341535.12,361471.18,603864.7263999999,302.83,2262546.91159399
2026-01-26,173000.0,55400.0,195900.0,181600.0,79100.0,150800.0,295528.98,298694.64,362101.56,344368.08,362863.33999999997,622405.7372000001,302.83,2286265.16439399
2026-01-27,173000.0,55400.0,195900.0,181600.0,79100.0,150800.0,299496.043,301376.0,367508.39999999997,344858.4,364334.6,622234.8808,302.83,2300111.15099399
2026-01-28,173000.0,55400.0,195900.0,181600.0,79100.0,150800.0,306756.853,301930.0,369624.12,346510.95999999996,363765.07999999996,644391.9248,302.83,2333281.76499399
2026-01-29,173000.0,55400.0,195900.0,181600.0,79100.0,150800.0,308339.97599999997,300356.64,370015.92,338974.56,363322.12000000005,676001.5652000001,302.83,2357313.60839399
2026-01-30,173000.0,55400.0,195900.0,181600.0,79100.0,150800.0,301370.325,296168.4,369878.79,341753.04,361265.51999999996,633031.5576000001,302.83,2303770.45979399
2026-02-02,173000.0,55400.0,195900.0,181600.0,79100.0,150800.0,294473.507,298362.24,361513.86,343024.24,363306.3,560171.3312,302.83,2221154.30539399
2026-02-03,173000.0,55400.0,195900.0,181600.0,79100.0,150800.0,294673.668,293376.24,374247.36000000004,340917.68,359746.8,596957.3324000001,302.83,2260221.90759399
2026-02-04,173000.0,55400.0,195900.0,181600.0,79100.0,150800.0,294382.509,287947.04000000004,370211.82,338302.64,357611.1,619997.0088000001,302.83,2268754.94499399
2026-02-05,173000.0,55400.0,195900.0,181600.0,79100.0,150800.0,295055.825,284135.52,365020.47,336341.36,353371.33999999997,601085.784,302.83,2235313.1261939895
2026-02-06,173000.0,55400.0,195900.0,181600.0,79100.0,150800.0,291525.414,290207.36000000004,367821.83999999997,339065.36,360427.06000000006,594730.7704,302.83,2244080.6315939897
2026-02-09,173000.0,55400.0,195900.0,181600.0,79100.0,150800.0,296311.459,292157.44,380124.36,343532.72,361787.58,606780.1428,302.83,2280996.52899399
2026-02-10,173000.0,55400.0,195900.0,181600.0,79100.0,150800.0,297712.586,290296.0,390702.95999999996,345003.68,360284.68,607144.6264,302.83,2291447.35959399
2026-02-11,173000.0,55400.0,195900.0,181600.0,79100.0,150800.0,298422.40499999997,291049.44,394483.83,342733.68,360158.12000000005,610567.0324,302.83,2297717.33459399
2026-02-12,173000.0,55400.0,195900.0,181600.0,79100.0,150800.0,296002.135,285199.2,397912.08,342043.6,354526.2,610288.0524,302.83,2286274.09459399
2026-02-13,173000.0,55400.0,195900.0,181600.0,79100.0,150800.0,290597.442,285487.28,394131.20999999996,342479.44,354431.28,602879.55,302.83,2270309.02919399
2026-02-24,173000.0,55400.0,195900.0,181600.0,79100.0,150800.0,290761.10000000003,288345.92,392446.47,341535.12,357357.98000000004,623829.2892,302.83,2294578.7063939897
2026-02-25,173000.0,55400.0,195900.0,181600.0,79100.0,150800.0,292180.565,292002.32,397735.77,342570.24,359873.36,622701.7576,302.83,2307366.83979399
2026-02-26,173000.0,55400.0,195900.0,181600.0,79100.0,150800.0,287795.01499999996,288257.27999999997,397050.12000000005,344531.52,357421.26,622081.0648,302.83,2297439.08699399
2026-02-27,173000.0,55400.0,195900.0,181600.0,79100.0,150800.0,290287.945,287393.04,397343.97000000003,343460.08,355807.62,621232.664,302.83,2295828.14619399
2026-03-02,173000.0,55400.0,195900.0,181600.0,79100.0,150800.0,284009.775,287791.92,391094.76,334398.24,355855.08,651868.5888,302.83,2305321.1909939903
2026-03-03,173000.0,55400.0,195900.0,181600.0,79100.0,150800.0,280315.706,284091.2,378184.95,321304.88,351789.34,642421.572,302.83,2258410.47519399
2026-03-04,173000.0,55400.0,195900.0,181600.0,79100.0,150800.0,275347.838,288478.88,363414.08999999997,324973.2,354700.22000000003,626727.816,302.83,2233944.8711939896
2026-03-05,173000.0,55400.0,195900.0,181600.0,79100.0,150800.0,275147.677,287171.44,371308.86,320251.60000000003,352137.38,624780.234,302.83,2231100.01819399
2026-03-06,173000.0,55400.0,195900.0,181600.0,79100.0,150800.0,279951.714,282983.19999999995,372621.38999999996,316365.36,347486.3,619182.6888,302.83,2218893.4799939897
2026-03-09,173000.0,55400.0,195900.0,181600.0,79100.0,150800.0,276894.631,287171.44,352051.88999999996,312297.52,351093.26,619717.878,302.83,2199529.44619399
2026-03-10,173000.0,55400.0,195900.0,181600.0,79100.0,150800.0,282044.495,286373.68,362375.82,321631.76,349511.25999999995,622109.566,302.83,2224349.40819399
2026-03-11,173000.0,55400.0,195900.0,181600.0,79100.0,150800.0,281134.688,286196.4,365921.61,316419.83999999997,348894.28,625167.4884,302.83,2224037.13359399
2026-03-12,173000.0,55400.0,195900.0,181600.0,79100.0,150800.0,279788.056,281454.16,360730.26,314222.48,343784.42,622992.1984,302.83,2203274.4015939897
2026-03-13,173000.0,55400.0,195900.0,181600.0,79100.0,150800.0,277131.12200000003,279902.95999999996,355832.76,311698.24,341949.30000000005,614644.212,302.83,2181461.42119399
2026-03-16,173000.0,55400.0,195900.0,181600.0,79100.0,150800.0,281298.346,283204.8,355225.47,311589.27999999997,345698.64,605652.762,302.83,2182972.12519399
2026-03-17,173000.0,55400.0,195900.0,181600.0,79100.0,150800.0,281316.511,284246.32,355558.5,314803.60000000003,346125.77999999997,606370.2684,302.83,2188723.80659399
2026-03-18,173000.0,55400.0,195900.0,181600.0,79100.0,150800.0,282481.32,279991.60000000003,365529.81,312515.44,341095.01999999996,604143.7064,302.83,2186059.72359399
2026-03-19,173000.0,55400.0,195900.0,181600.0,79100.0,150800.0,277040.124,279459.76,352130.25,302454.8,340525.5,576514.432,302.83,2128427.6931939903
2026-03-20,173000.0,55400.0,195900.0,181600.0,79100.0,150800.0,274365.198,274008.39999999997,355264.64999999997,298441.44,335004.32,565928.4228000001,302.83,2103315.25799399
2026-03-23,173000.0,55400.0,195900.0,181600.0,79100.0,150800.0,265175.265,277797.76,340885.58999999997,302018.96,339639.58,502481.2832,302.83,2028301.26539399
2026-03-24,173000.0,55400.0,195900.0,181600.0,79100.0,150800.0,272217.749,275315.83999999997,347507.01,302709.04000000004,337788.64,532200.344,302.83,2068041.4501939903
2026-03-25,173000.0,55400.0,195900.0,181600.0,79100.0,150800.0,275529.834,276977.84,356400.87,307194.56,339433.92,551669.6796,302.83,2107509.53079399
2026-03-26,173000.0,55400.0,195900.0,181600.0,79100.0,150800.0,270998.61799999996,270972.48000000004,354245.97000000003,301819.2,334308.24,538600.8992,302.83,2071248.23439399
2026-03-27,173000.0,55400.0,195900.0,181600.0,79100.0,150800.0,271999.423,266097.28,353344.83,297297.36,329087.64,539944.8288,302.83,2058074.1889939904
2026-03-30,173000.0,55400.0,195900.0,181600.0,79100.0,150800.0,269961.31,264346.64,344294.25,300184.8,328280.82,547979.6036,302.83,2055350.2507939902
2026-03-31,191300.0,68200.0,177900.0,234400.0,93900.0,93300.0,298638.6213,336280.56,309474.84,388353.92,400859.10000000003,342449.0664,1.85,2076057.9554275002
2026-04-01,191300.0,68200.0,177900.0,234400.0,93900.0,93300.0,304011.2818,339445.04,326464.29,401316.24,402661.98,352179.9765,1.85,2126080.6560275
2026-04-02,191300.0,68200.0,177900.0,234400.0,93900.0,93300.0,301254.64879999997,339144.96,318102.99,398972.24,402211.26,345331.01009999996,1.85,2105018.9566275
2026-04-03,191300.0,68200.0,177900.0,234400.0,93900.0,93300.0,301475.9829,339363.2,320700.33,397612.72,402492.96,347642.1444,1.85,2109289.1850274997
2026-04-07,191300.0,68200.0,177900.0,234400.0,93900.0,93300.0,301174.1115,341136.39999999997,322123.52999999997,392877.83999999997,404145.60000000003,345468.441,1.85,2106927.7702275002
2026-04-08,191300.0,68200.0,177900.0,234400.0,93900.0,93300.0,310007.77160000004,350056.95999999996,340055.85,415520.88,413178.77999999997,356178.72119999997,1.85,2185000.8105274998
2026-04-09,191300.0,68200.0,177900.0,234400.0,93900.0,93300.0,308217.0123,352403.04000000004,337440.72000000003,409660.88,415563.84,348149.5098,1.85,2171436.8498275
2026-04-10,191300.0,68200.0,177900.0,234400.0,93900.0,93300.0,309947.5121,352921.36000000004,342101.7,411114.16,415131.9,351912.2055,1.85,2183130.6853275
2026-04-13,191300.0,68200.0,177900.0,234400.0,93900.0,93300.0,307130.4283,356631.44,339059.61,409848.39999999997,419394.96,350235.2313,1.85,2182301.9173275
2026-04-14,191300.0,68200.0,177900.0,234400.0,93900.0,93300.0,309464.47959999996,362742.16000000003,347349.75,417185.12,423958.49999999994,352264.5063,1.85,2212966.3636275
2026-04-15,191300.0,68200.0,177900.0,234400.0,93900.0,93300.0,310209.0192,367788.96,349609.08,418286.8,427357.68,354561.6456,1.85,2227815.0325275
2026-04-16,191300.0,68200.0,177900.0,234400.0,93900.0,93300.0,315762.8408,369725.83999999997,358539.66000000003,420396.4,428709.83999999997,355618.548,1.85,2248754.9765275
2026-04-17,191300.0,68200.0,177900.0,234400.0,93900.0,93300.0,313247.6284,374527.12,352846.86,429209.83999999997,433968.24,353811.2337,1.85,2257612.7698275
2026-04-20,191300.0,68200.0,177900.0,234400.0,93900.0,93300.0,315521.4202,373545.04,353754.14999999997,423162.31999999995,433104.36,354124.7217,1.85,2253213.8596274997
2026-04-21,191300.0,68200.0,177900.0,234400.0,93900.0,93300.0,316769.07879999996,371690.0,356849.61,421380.88,430118.33999999997,352941.0246,1.85,2249750.7811275
2026-04-22,191300.0,68200.0,177900.0,234400.0,93900.0,93300.0,313046.38080000004,378155.36000000004,357472.25999999995,419013.44,435001.14,352472.3787,1.85,2255162.8072275
2026-04-23,191300.0,68200.0,177900.0,234400.0,93900.0,93300.0,310108.39540000004,376136.64,355123.98,417419.51999999996,433329.72,348568.80000000005,1.85,2240688.9031275
2026-04-24,191300.0,68200.0,177900.0,234400.0,93900.0,93300.0,310893.2993,383393.12,358112.69999999995,416341.28,437029.38,347124.2361,1.85,2252895.8631275
2026-04-27,191300.0,68200.0,177900.0,234400.0,93900.0,93300.0,309786.4375,382738.4,363680.97,415966.24,436973.04,348438.3666,1.85,2257585.3018275
2026-04-28,191300.0,68200.0,177900.0,234400.0,93900.0,93300.0,306788.1926,378973.76,359624.85000000003,415005.2,434850.9,342900.0786,1.85,2238144.8289275
2026-04-29,191300.0,68200.0,177900.0,234400.0,93900.0,93300.0,312040.3341,381210.72,359535.89999999997,413903.52,434813.34,339246.5439,1.85,2240752.2057275
2026-04-30,191300.0,68200.0,177900.0,234400.0,93900.0,93300.0,308096.302,384975.36,354376.8,418661.84,439395.66000000003,340479.5967,1.85,2245987.4064275003
2026-05-06,191300.0,68200.0,177900.0,234400.0,93900.0,93300.0,313328.1657,400606.8,359891.7,429092.64,448503.95999999996,344929.3536,1.85,2296354.4670275
2026-05-07,191300.0,68200.0,177900.0,234400.0,93900.0,93300.0,317916.1136,399706.56,384175.05,425342.24,446325.48,348952.8228,1.85,2322420.1141275
2026-05-08,191300.0,68200.0,177900.0,234400.0,93900.0,93300.0,315279.9996,409172.72000000003,381221.91000000003,418708.72,450250.5,346627.50690000004,1.85,2321263.2042275
2026-05-11,191300.0,68200.0,177900.0,234400.0,93900.0,93300.0,315481.2472,410154.8,380029.98000000004,419529.12,450870.24,344531.2425,1.85,2320598.4774275
2026-05-12,191300.0,68200.0,177900.0,234400.0,93900.0,93300.0,314515.37350000005,406335.60000000003,380599.26,413106.56,449856.12,345433.17360000004,1.85,2309847.9348275
2026-05-13,191300.0,68200.0,177900.0,234400.0,93900.0,93300.0,315118.92500000005,410591.28,382520.57999999996,414653.6,452560.44,345915.81450000004,1.85,2321362.4872275
2026-05-14,191300.0,68200.0,177900.0,234400.0,93900.0,93300.0,315139.2028,413428.4,378642.36,419083.76,455865.72,345471.8931,1.85,2327633.1836274997
2026-05-15,191300.0,68200.0,177900.0,234400.0,93900.0,93300.0,310108.39540000004,407181.27999999997,369943.05,408840.48,450400.74,337861.9719,1.85,2284337.7650274998
2026-05-18,191300.0,68200.0,177900.0,234400.0,93900.0,93300.0,306969.3537,405489.92,365869.14,413575.36,450119.04,335716.3518,1.85,2277741.0132274996
2026-05-19,191300.0,68200.0,177900.0,234400.0,93900.0,93300.0,308096.302,402652.8,364214.67,415989.68,446738.64,335149.08780000004,1.85,2272843.0275274995
2026-05-20,191300.0,68200.0,177900.0,234400.0,93900.0,93300.0,306345.5244,409418.24,359464.74,420443.28,451734.12000000005,330769.8657,1.85,2278177.6178275
2026-05-21,191300.0,68200.0,177900.0,234400.0,93900.0,93300.0,303186.39619999996,409991.12,370405.59,418380.56,452222.39999999997,332926.02869999997,1.85,2287113.9426275
2026-05-22,191300.0,68200.0,177900.0,234400.0,93900.0,93300.0,305822.3189,411846.16000000003,379994.4,422881.04000000004,454044.06,333147.98939999996,1.85,2307737.8160274997
2026-05-25,191300.0,68200.0,177900.0,234400.0,93900.0,93300.0,305621.0713,411518.8,391522.32,431811.68,453668.46,334765.065,1.85,2328909.2440275
2026-05-26,191300.0,68200.0,177900.0,234400.0,93900.0,93300.0,305399.7372,418529.76,389298.57,427990.96,456241.31999999995,333074.0025,1.85,2330536.1974274996
2026-05-27,191300.0,68200.0,177900.0,234400.0,93900.0,93300.0,302260.69550000003,418147.83999999997,389245.2,427873.75999999995,456372.77999999997,329899.6566,1.85,2323801.7798274998
2026-05-28,191300.0,68200.0,177900.0,234400.0,93900.0,93300.0,298517.911,421339.6,386025.21,425764.16,458626.38,322944.9813,1.85,2313220.0900275
2026-05-29,191300.0,68200.0,177900.0,234400.0,93900.0,93300.0,300308.8616,422512.64,395685.18000000005,426092.32,459208.55999999994,330702.9696,1.85,2334512.3789275
2026-06-01,191300.0,68200.0,177900.0,234400.0,93900.0,93300.0,302803.9875,424940.56,399278.76,424099.92,460429.26000000007,329233.7745,1.85,2340788.1097275
2026-06-02,191300.0,68200.0,177900.0,234400.0,93900.0,93300.0,310732.2247,427122.96,396930.48,425881.36,461180.46,331509.7347,1.85,2353359.0671274997
2026-06-03,191300.0,68200.0,177900.0,234400.0,93900.0,93300.0,305902.85620000004,425813.51999999996,406803.93000000005,419904.16000000003,457762.5,326601.9681,1.85,2342790.7820275
2026-06-04,191300.0,68200.0,177900.0,234400.0,93900.0,93300.0,301496.06940000004,423685.68,401360.19,421990.32,459734.39999999997,327165.6867,1.85,2335434.1938275
2026-06-05,191300.0,68200.0,177900.0,234400.0,93900.0,93300.0,298175.8666,403252.95999999996,396040.98,418872.8,447245.7,327126.9672,1.85,2290717.1215275
2026-06-08,191300.0,68200.0,177900.0,234400.0,93900.0,93300.0,294654.4162,409718.32,380403.57,414184.8,448842.0,315912.7737,1.85,2263717.7276275
2026-06-09,191300.0,68200.0,177900.0,234400.0,93900.0,93300.0,293507.3814,404807.92,388480.23,410645.36,447302.04000000004,317233.995,1.85,2261978.7741275
2026-06-10,191300.0,68200.0,177900.0,234400.0,93900.0,93300.0,291515.1832,396705.76,380937.27,406637.12,439977.84,307379.7423,1.85,2223154.7632275
2026-06-11,191300.0,68200.0,177900.0,234400.0,93900.0,93300.0,289945.758,409745.6,380136.72000000003,407012.16,447715.19999999995,300788.004,1.85,2235345.2897274997
2026-06-12,191300.0,68200.0,177900.0,234400.0,93900.0,93300.0,295499.5796,412118.95999999996,391273.25999999995,414864.56,449743.44,304631.68409999995,1.85,2268133.3314274997
2026-06-15,191300.0,68200.0,177900.0,234400.0,93900.0,93300.0,296888.035,424531.36,411002.36999999994,419786.95999999996,457161.54,314683.173,1.85,2324055.2857275
2026-06-16,191300.0,68200.0,177900.0,234400.0,93900.0,93300.0,292803.0148,416592.87999999995,410557.62,419763.51999999996,454645.02,315683.8155,1.85,2310047.7180275
2026-06-17,191300.0,68200.0,177900.0,234400.0,93900.0,93300.0,290629.8468,412419.04000000004,413777.61,420888.64,448917.12,315243.4395,1.85,2301877.5440275
2026-06-18,191300.0,68200.0,177900.0,234400.0,93900.0,93300.0,286142.5227,422894.56,420359.91,419294.72,454137.96,314126.5452,1.85,2316958.0656274995
2026-06-22,191300.0,68200.0,177900.0,234400.0,93900.0,93300.0,284331.4856,422185.28,427280.22000000003,419411.92,452598.0,306883.01310000004,1.85,2312691.7664274997
2026-06-23,191300.0,68200.0,177900.0,234400.0,93900.0,93300.0,279119.7084,408272.48,410379.72,414302.0,446156.46,301711.0209,1.85,2259943.2370275
2026-06-24,191300.0,68200.0,177900.0,234400.0,93900.0,93300.0,280105.8599,406608.39999999997,407017.41000000003,410481.28,445893.54,300174.92970000004,1.85,2250283.2673275
2026-06-25,191300.0,68200.0,177900.0,234400.0,93900.0,93300.0,276222.0873,409827.44,425714.69999999995,414231.68000000005,445912.32,293635.9992,1.85,2265546.0742275002
2026-06-26,191300.0,68200.0,177900.0,234400.0,93900.0,93300.0,271171.3847,404944.32,407853.54000000004,409145.2,445348.92,296560.2078,1.85,2235025.4202274997
2026-06-29,191300.0,68200.0,177900.0,234400.0,93900.0,93300.0,275397.0104,414164.96,408191.55000000005,409192.08,450701.22000000003,297574.8453,1.85,2255223.5134275
2026-06-30,280500.0,60900.0,113800.0,218600.0,113700.0,92500.0,401154.5505,375728.64,263173.88,387796.4,549489.36,292441.98750000005,242.63,2270027.44764034
2026-07-01,280500.0,60900.0,113800.0,218600.0,113700.0,92500.0,400830.012,369663.0,263674.60000000003,388080.58,547943.04,289050.3825,242.63,2259484.24414034
2026-07-02,280500.0,60900.0,113800.0,218600.0,113700.0,92500.0,404813.39249999996,363694.80000000005,257574.91999999998,395338.1,547943.04,295096.64499999996,242.63,2264703.52714034
2026-07-03,280500.0,60900.0,113800.0,218600.0,113700.0,92500.0,409681.7505,363475.56,262991.8,399688.24,547601.9400000001,303060.525,242.63,2286742.44514034
2026-07-06,280500.0,60900.0,113800.0,218600.0,113700.0,92500.0,414432.018,368177.04000000004,262411.42,400715.66,551763.36,301984.75,242.63,2299726.8776403395
2026-07-07,280500.0,60900.0,113800.0,218600.0,113700.0,92500.0,412366.6965,361526.76,255879.3,395578.56,549171.0,300248.70999999996,242.63,2275013.65614034
2026-07-08,280500.0,60900.0,113800.0,218600.0,113700.0,92500.0,424670.5485,362647.32,250678.63999999998,385938.3,547874.82,299745.78750000003,242.63,2271798.04564034
2026-07-09,280500.0,60900.0,113800.0,218600.0,113700.0,92500.0,421749.4215,368347.56,253785.38000000003,389741.94,552058.9800000001,298970.36,242.63,2284896.27114034
2026-07-10,280500.0,60900.0,113800.0,218600.0,113700.0,92500.0,424168.734,369297.6,256505.2,389086.14,554037.36,298463.83,242.63,2291801.49364034
2026-07-13,280500.0,60900.0,113800.0,218600.0,113700.0,92500.0,424552.458,362184.48,251338.68000000002,388211.74,549443.88,294859.105,242.63,2270832.9726403398
2026-07-14,280500.0,60900.0,113800.0,218600.0,113700.0,92500.0,427060.4085,366276.96,253000.15999999997,388561.5,551717.88,292665.56,242.63,2279525.09814034
2026-07-15,280500.0,60900.0,113800.0,218600.0,113700.0,92500.0,432489.486,364766.64,256436.92,386922.0,553173.24,292036.83749999997,242.63,2286067.7531403396
2026-07-16,280500.0,60900.0,113800.0,218600.0,113700.0,92500.0,438154.46400000004,358822.80000000005,249665.82,386506.66,550353.48,291802.8125,242.63,2275548.66614034
2026-07-17,280500.0,60900.0,113800.0,218600.0,113700.0,92500.0,430306.074,353561.04,241460.84,384998.32,544964.1,290182.12,242.63,2245715.12364034
2026-07-20,280500.0,60900.0,113800.0,218600.0,113700.0,92500.0,440691.86699999997,353755.92,241290.13999999998,384889.01999999996,543986.28,290342.79250000004,242.63,2255198.64914034
2026-07-21,280500.0,60900.0,113800.0,218600.0,113700.0,92500.0,440308.143,360430.56,246672.88000000003,386594.1,548579.76,294974.36000000004,242.63,2277802.4326403397
2026-07-22,280500.0,60900.0,113800.0,218600.0,113700.0,92500.0,436148.0475,358579.2,245466.6,388539.64,547920.3,298980.8125,242.63,2275877.22964034
2026-07-23,280500.0,60900.0,113800.0,218600.0,113700.0,92500.0,441636.02999999997,351709.68,246422.52,382637.44,540779.94,297877.01,242.63,2261305.24964034
2026-07-24,280500.0,60900.0,113800.0,218600.0,113700.0,92500.0,437387.2965,347787.72,239230.36,387118.74,541257.48,293856.6825,242.63,2246880.90864034
2026-07-27,280500.0,60900.0,113800.0,218600.0,113700.0,92500.0,441488.48699999996,346496.64,240470.78000000003,391403.3,541030.08,297272.7075,242.63,2258404.62414034
2026-07-28,280500.0,60900.0,113800.0,218600.0,113700.0,92500.0,443435.718,343134.96,230718.12000000002,392255.84,542303.5199999999,293713.4925,242.63,2245804.28014034
2026-07-29,280500.0,60900.0,113800.0,218600.0,113700.0,92500.0,451874.27999999997,335924.4,227850.36000000002,392452.57999999996,533866.98,293273.3775,242.63,2235484.60714034
2026-07-30,280500.0,60900.0,113800.0,218600.0,113700.0,92500.0,452788.99049999996,347154.36,229068.02000000002,396824.57999999996,542735.58,292843.715,242.63,2261657.8751403396
2026-07-31,280500.0,60900.0,113800.0,218600.0,113700.0,92500.0,453172.7145,349224.96,242758.16,398507.8,546533.16,294247.865,242.63,2284687.28914034
2026-08-03,280500.0,60900.0,113800.0,218600.0,113700.0,92500.0,455444.484,355412.4,243509.24000000002,405284.4,554651.34,293605.17500000005,242.63,2308149.6686403397
2026-08-04,280500.0,60900.0,113800.0,218600.0,113700.0,92500.0,452759.53800000006,367348.8,245136.58000000002,407885.74,564770.64,293989.42,242.63,2332133.3476403398
2026-08-05,280500.0,60900.0,113800.0,218600.0,113700.0,92500.0,453733.1535,364108.92,253591.92,407098.78,563519.94,300859.95,242.63,2343155.2931403397
2026-08-06,280500.0,60900.0,113800.0,218600.0,113700.0,92500.0,446976.4695,362720.4,251543.52,408016.9,562542.12,307741.025,242.63,2339783.06414034
2026-08-07,280500.0,60900.0,113800.0,218600.0,113700.0,92500.0,449366.32950000005,367032.12,250394.13999999998,410115.46,566112.3,309354.78,242.63,2352617.7591403397
2026-08-10,280500.0,60900.0,113800.0,218600.0,113700.0,92500.0,453969.3345,365692.32,256357.25999999998,410661.96,565589.28,314063.3075,242.63,2366576.0916403397
2026-08-11,280500.0,60900.0,113800.0,218600.0,113700.0,92500.0,448982.886,364571.76,254616.12,411601.94,563883.7799999999,314744.385,242.63,2358643.500640339
2026-08-12,280500.0,60900.0,113800.0,218600.0,113700.0,92500.0,445088.1435,367178.28,256653.14,410334.06,565248.18,317737.87,242.63,2362482.3031403404
2026-08-13,280500.0,60900.0,113800.0,218600.0,113700.0,92500.0,444497.9715,371441.27999999997,259407.1,409394.08,569023.02,315579.1975,242.63,2369585.27864034
2026-08-14,280500.0,60900.0,113800.0,218600.0,113700.0,92500.0,439511.523,370929.72,260385.78,411580.08,567954.24,312732.4175,242.63,2363336.3901403397
2026-08-17,280500.0,60900.0,113800.0,218600.0,113700.0,92500.0,445353.777,370272.0,262195.19999999995,411405.19999999995,565020.78,316613.07,242.63,2371102.6566403396
2026-08-18,280500.0,60900.0,113800.0,218600.0,113700.0,92500.0,445973.4015,364157.63999999996,255537.9,408563.4,561291.42,317510.7825,242.63,2353277.1736403396
2026-08-19,280500.0,60900.0,113800.0,218600.0,113700.0,92500.0,446091.21150000003,363037.08,247606.04,407732.72,562178.28,314202.9825,242.63,2341090.94364034
2026-08-20,280500.0,60900.0,113800.0,218600.0,113700.0,92500.0,449543.32499999995,360235.68,251953.19999999998,408475.96,557084.52,321814.0675,242.63,2349349.38214034
2026-08-21,280500.0,60900.0,113800.0,218600.0,113700.0,92500.0,454942.94999999995,361478.04,250416.9,411295.89999999997,559654.14,326931.26,242.63,2364961.8196403394
2026-08-24,280500.0,60900.0,113800.0,218600.0,113700.0,92500.0,446593.026,358018.92,248778.18000000002,410596.38,558244.26,333780.885,242.63,2356254.28064034
2026-08-25,280500.0,60900.0,113800.0,218600.0,113700.0,92500.0,447212.6505,360333.12,249734.1,412716.8,560131.68,332376.73500000004,242.63,2362747.71514034
2026-08-26,280500.0,60900.0,113800.0,218600.0,113700.0,92500.0,449366.32950000005,360430.56,257313.18,413088.42,559790.58,332593.2775,242.63,2372824.9766403395
2026-08-27,280500.0,60900.0,113800.0,218600.0,113700.0,92500.0,447891.18,365570.51999999996,250678.63999999998,413940.95999999996,563929.26,329802.3675,242.63,2372055.5571403396
2026-08-28,280500.0,60900.0,113800.0,218600.0,113700.0,92500.0,447979.53750000003,362866.56,251111.08,416870.2,562269.24,330703.59500000003,242.63,2372042.84214034
2026-08-31,280500.0,60900.0,113800.0,218600.0,113700.0,92500.0,447654.999,363207.60000000003,250223.43999999997,410246.62,560586.48,319711.3575,242.63,2351873.1261403398
2026-09-01,280500.0,60900.0,113800.0,218600.0,113700.0,92500.0,443642.44649999996,358433.04000000004,249859.28000000003,405983.92,556516.0199999999,318345.59500000003,242.63,2333022.93114034
2026-09-02,280500.0,60900.0,113800.0,218600.0,113700.0,92500.0,443671.899,359334.36000000004,242189.16,403273.28,559290.2999999999,311548.325,242.63,2319549.95364034
2026-09-03,280500.0,60900.0,113800.0,218600.0,113700.0,92500.0,441842.478,363402.48,243304.4,405503.0,565066.26,318184.9225,242.63,2337546.17014034
2026-09-04,280500.0,60900.0,113800.0,218600.0,113700.0,92500.0,449484.42000000004,363402.48,250007.21999999997,405503.0,565066.26,320993.22250000003,242.63,2354699.23214034
