code,name,date,OpenPrice,HighPrice,LowPrice,close,TurnoverVolume,TurnoverValue,ChangeOF,ChangePCT,TotalMV,pe_ttm,IndexPERatio2,div_yield,IndexDYRatio2,PrevClosePrice
399986,中证银行指数,2016-07-25,5488.5711,5511.5562,5486.9143,5503.1123,668453119.0,4210327130.31,8.1858,0.149,1585090.16,5.95,6.23,5.11,3.78,5494.9265
399986,中证银行指数,2016-07-26,5492.8623,5535.4044,5492.4733,5532.526,743442850.0,5119308137.81,29.4137,0.5345,1593562.35,5.98,6.26,5.08,3.76,5503.1123
399986,中证银行指数,2016-07-27,5532.7235,5541.345,5451.4336,5540.9064,1267550330.0,8590169604.89,8.3804,0.1515,1595976.19,5.98,6.27,5.08,3.76,5532.526
399986,中证银行指数,2016-07-28,5510.0244,5514.9661,5489.7462,5496.0638,681436128.0,4738628211.66,-44.8426,-0.8093,1583059.94,5.94,6.22,5.11,3.79,5540.9064
399986,中证银行指数,2016-07-29,5498.302,5514.5666,5491.0486,5512.768,659577451.0,4778589868.17,16.7042,0.3039,1587871.34,5.96,6.24,4.52,3.89,5496.0638
399986,中证银行指数,2016-08-01,5502.0693,5543.0143,5499.7367,5541.3284,940212284.0,7035641878.06,28.5604,0.5181,1596097.75,5.99,6.27,4.49,3.87,5512.768
399986,中证银行指数,2016-08-02,5533.5296,5539.8444,5510.1074,5526.2769,557504453.0,4093649509.59,-15.0515,-0.2716,1591762.4,5.99,6.26,4.5,3.88,5541.3284
399986,中证银行指数,2016-08-03,5501.6083,5514.0722,5490.6375,5499.9928,613924161.0,4316925757.59,-26.2841,-0.4756,1584191.65,5.96,6.23,4.52,3.9,5526.2769
399986,中证银行指数,2016-08-04,5503.6672,5504.6736,5463.6083,5486.4116,756626544.0,5430575296.0,-13.5812,-0.2469,1580279.77,5.95,6.21,4.53,3.91,5499.9928
399986,中证银行指数,2016-08-05,5485.6613,5553.1659,5477.6309,5530.5889,861546129.0,6838670043.89,44.1773,0.8052,1593004.39,5.98,6.26,4.5,3.88,5486.4116
399986,中证银行指数,2016-08-08,5524.6178,5534.775,5503.0921,5533.2624,654621984.0,4813838712.36,2.6735,0.0483,1593774.47,5.99,6.26,4.5,3.88,5530.5889
399986,中证银行指数,2016-08-09,5533.4655,5552.1307,5525.9058,5551.3896,817837034.0,5672925173.6,18.1272,0.3276,1598995.75,6.01,6.28,4.48,3.87,5533.2624
399986,中证银行指数,2016-08-10,5551.5028,5570.6401,5542.7771,5563.5721,675446808.0,5190503743.57,12.1825,0.2194,1602504.72,6.02,6.3,4.47,3.86,5551.3896
399986,中证银行指数,2016-08-11,5561.9708,5716.1691,5561.3022,5628.4088,1744792071.0,13343291499.16,64.8367,1.1654,1621179.97,6.09,6.37,4.42,3.81,5563.5721
399986,中证银行指数,2016-08-12,5635.9092,5771.2578,5626.3044,5768.1097,1935053183.0,14186991599.01,139.7009,2.4821,1661418.76,6.24,6.53,4.32,3.72,5628.4088
399986,中证银行指数,2016-08-15,5790.3966,5962.8859,5782.9526,5894.1457,2511137355.0,20666948993.59,126.036,2.185,1697721.55,6.36,6.67,4.23,3.64,5768.1097
399986,中证银行指数,2016-08-16,5912.8145,5919.3788,5735.1428,5777.5691,3275061717.0,24227059181.28,-116.5766,-1.9778,1664143.38,6.22,6.54,4.33,3.72,5894.1457
399986,中证银行指数,2016-08-17,5778.2173,5804.284,5750.8818,5763.5431,1147656050.0,9367738617.24,-14.026,-0.2428,1660103.41,6.2,6.52,4.34,3.72,5777.5691
399986,中证银行指数,2016-08-18,5747.855,5793.756,5717.411,5734.043,1163470662.0,9164370521.17,-29.5001,-0.5118,1651606.6,6.18,6.49,4.36,3.74,5763.5431
399986,中证银行指数,2016-08-19,5740.903,5757.138,5723.171,5744.67,710523897.0,5736241879.28,10.627,0.1853,1654667.47,6.19,6.5,4.35,3.74,5734.043
399986,中证银行指数,2016-08-22,5743.059,5759.474,5711.427,5742.286,1035806565.0,7305265039.29,-2.384,-0.0415,1653980.76,6.21,6.5,4.34,3.74,5744.67
399986,中证银行指数,2016-08-23,5734.369,5789.736,5734.131,5757.248,1097303036.0,7671895267.94,14.962,0.2606,1658290.2,6.23,6.52,4.32,3.73,5742.286
399986,中证银行指数,2016-08-24,5757.648,5764.254,5731.609,5746.098,744990871.0,5376885003.62,-11.15,-0.1937,1655078.7,6.22,6.5,4.33,3.74,5757.248
399986,中证银行指数,2016-08-25,5734.052,5750.864,5693.353,5738.711,911326991.0,6678619950.13,-7.387,-0.1286,1652951.06,6.22,6.5,4.33,3.74,5746.098
399986,中证银行指数,2016-08-26,5737.0281,5750.6025,5722.2741,5732.4298,648869353.0,4820093715.19,-6.2812,-0.1095,1651141.68,6.2,6.49,4.34,3.74,5738.711
399986,中证银行指数,2016-08-29,5717.5266,5722.7867,5673.763,5696.9038,878037117.0,6118189232.35,-35.526,-0.6197,1640908.95,6.17,6.45,4.37,3.77,5732.4298
399986,中证银行指数,2016-08-30,5698.684,5748.6877,5698.684,5743.989,825551715.0,6341777700.67,47.0852,0.8265,1654471.14,6.21,6.5,4.33,3.74,5696.9038
399986,中证银行指数,2016-08-31,5732.6378,5780.8363,5727.4231,5761.2018,690926981.0,5549371542.71,17.2128,0.2997,1659429.05,6.23,6.52,4.32,3.73,5743.989
399986,中证银行指数,2016-09-01,5755.9749,5774.4867,5744.3448,5746.6547,775086425.0,5640519093.29,-14.5471,-0.2525,1655238.96,6.22,6.51,4.33,3.74,5761.2018
399986,中证银行指数,2016-09-02,5731.5583,5763.0827,5731.5583,5754.3533,837609687.0,5791600382.49,7.6986,0.134,1657456.44,6.36,6.78,4.33,3.73,5746.6547
399986,中证银行指数,2016-09-05,5753.5932,5775.4354,5741.2904,5759.1072,813220665.0,5746157719.76,4.7539,0.0826,1658825.71,6.36,6.78,4.33,3.73,5754.3533
399986,中证银行指数,2016-09-06,5755.6134,5769.9115,5724.5937,5729.2849,1039355180.0,7009159201.52,-29.8223,-0.5178,1650235.86,6.32,6.75,4.35,3.75,5759.1072
399986,中证银行指数,2016-09-07,5730.4677,5746.0467,5717.7375,5738.9131,774900905.0,5434204714.83,9.6282,0.1681,1653009.11,6.33,6.76,4.35,3.74,5729.2849
399986,中证银行指数,2016-09-08,5736.953,5745.2019,5728.0897,5740.7696,590787561.0,4125002494.25,1.8565,0.0323,1653543.84,6.33,6.76,4.34,3.74,5738.9131
399986,中证银行指数,2016-09-09,5737.415,5742.034,5715.992,5716.226,547865144.0,3922223977.2,-24.5436,-0.4275,1646474.65,6.31,6.73,4.36,3.75,5740.7696
399986,中证银行指数,2016-09-12,5670.0714,5675.1264,5615.3765,5636.3966,1297230316.0,9049709737.05,-79.8294,-1.3965,1623480.75,6.22,6.64,4.42,3.81,5716.226
399986,中证银行指数,2016-09-13,5640.772,5652.1608,5634.8751,5637.2835,665828157.0,4801642531.01,0.8869,0.0157,1623736.2,6.22,6.64,4.43,3.81,5636.3966
399986,中证银行指数,2016-09-14,5628.813,5634.2809,5580.2749,5585.7483,853972042.0,5942267643.0,-51.5352,-0.9142,1608892.26,6.15,6.58,4.48,3.84,5637.2835
399986,中证银行指数,2016-09-19,5590.9813,5623.0549,5590.9136,5619.839,698826031.0,4743901589.28,34.0907,0.6103,1618711.57,6.18,6.62,4.45,3.82,5585.7483
399986,中证银行指数,2016-09-20,5620.9462,5624.1525,5602.7938,5612.5467,560365569.0,4131266134.4,-7.2923,-0.1298,1616611.15,6.18,6.61,4.46,3.82,5619.839
399986,中证银行指数,2016-09-21,5612.9462,5638.2941,5607.3479,5627.2568,584311830.0,3812475574.81,14.7101,0.2621,1620848.15,6.2,6.63,4.44,3.81,5612.5467
399986,中证银行指数,2016-09-22,5642.7221,5676.0328,5631.8066,5658.1095,636641410.0,4425211668.64,30.8527,0.5483,1629734.84,6.23,6.66,4.42,3.79,5627.2568
399986,中证银行指数,2016-09-23,5661.8278,5671.6509,5651.4678,5661.2901,494357604.0,3567269554.17,3.1806,0.0562,1630650.96,6.24,6.67,4.41,3.79,5658.1095
399986,中证银行指数,2016-09-26,5642.3625,5646.2408,5618.631,5619.7389,788713334.0,5304469319.52,-41.5512,-0.734,1618682.74,6.19,6.62,4.45,3.82,5661.2901
399986,中证银行指数,2016-09-27,5613.2886,5644.0449,5609.5886,5642.9561,593562776.0,4052949768.61,23.2172,0.4131,1625370.12,6.22,6.64,4.42,3.8,5619.7389
399986,中证银行指数,2016-09-28,5642.8829,5642.8829,5608.2601,5614.1704,425756170.0,3037266859.8,-28.7857,-0.5101,1617078.82,6.19,6.61,4.44,3.82,5642.9561
399986,中证银行指数,2016-09-29,5621.4367,5642.7174,5620.3815,5636.238,474939256.0,3335713968.4,22.0676,0.3931,1623435.06,6.21,6.64,4.43,3.81,5614.1704
399986,中证银行指数,2016-09-30,5627.9593,5649.0647,5627.0533,5635.4802,404723889.0,2984685229.52,-0.7578,-0.0134,1623216.79,6.21,6.64,4.46,3.91,5636.238
399986,中证银行指数,2016-10-10,5648.6993,5684.4031,5644.6849,5677.9114,722752084.0,4907092846.02,42.4312,0.7529,1635438.46,6.26,6.69,4.43,3.88,5635.4802
399986,中证银行指数,2016-10-11,5680.3871,5683.0083,5661.8638,5672.4173,615262933.0,4296295251.15,-5.4941,-0.0968,1633855.97,6.25,6.68,4.44,3.89,5677.9114
399986,中证银行指数,2016-10-12,5663.4684,5663.5361,5642.6199,5649.3486,510354267.0,3606898974.54,-23.0687,-0.4067,1627211.38,6.23,6.65,4.45,3.9,5672.4173
399986,中证银行指数,2016-10-13,5653.7857,5666.2001,5632.0726,5639.8478,642968326.0,4796000952.84,-9.5008,-0.1682,1624474.8,6.21,6.64,4.46,3.91,5649.3486
399986,中证银行指数,2016-10-14,5636.5219,5651.4002,5627.7716,5649.1899,485453463.0,3494730707.93,9.3421,0.1656,1627165.66,6.22,6.65,4.46,3.9,5639.8478
399986,中证银行指数,2016-10-17,5644.3293,5646.7331,5606.2089,5615.5991,575353305.0,4042889015.45,-33.5908,-0.5946,1617490.33,6.18,6.61,4.48,3.93,5649.1899
399986,中证银行指数,2016-10-18,5609.7939,5652.1289,5609.1962,5646.086,654204168.0,4339711850.15,30.4869,0.5429,1626271.62,6.22,6.65,4.46,3.91,5615.5991
399986,中证银行指数,2016-10-19,5646.6451,5664.6033,5635.6279,5641.2731,518604407.0,3522168984.29,-4.8129,-0.0852,1624885.34,6.21,6.64,4.46,3.91,5646.086
399986,中证银行指数,2016-10-20,5648.6062,5659.5415,5644.2819,5652.3083,457676192.0,3426992670.05,11.0352,0.1956,1628063.89,6.22,6.66,4.46,3.9,5641.2731
399986,中证银行指数,2016-10-21,5649.3458,5678.9781,5645.7593,5678.1381,658965755.0,5095004252.42,25.8298,0.457,1635503.78,6.24,6.69,4.44,3.88,5652.3083
399986,中证银行指数,2016-10-24,5680.3994,5778.7114,5679.1018,5740.2664,1382459103.0,9744081268.23,62.1283,1.0942,1653398.91,6.3,6.76,4.4,3.84,5678.1381
399986,中证银行指数,2016-10-25,5741.3279,5756.039,5719.6804,5727.6036,732461372.0,4807181638.23,-12.6628,-0.2206,1649751.56,6.3,6.74,4.4,3.85,5740.2664
399986,中证银行指数,2016-10-26,5720.5408,5722.5262,5682.6464,5685.3177,619995093.0,4325566342.36,-42.2859,-0.7383,1637571.73,6.25,6.69,4.43,3.88,5727.6036
399986,中证银行指数,2016-10-27,5684.4292,5687.8231,5656.9842,5674.1319,593613867.0,4064144107.52,-11.1858,-0.1967,1634349.85,6.24,6.68,4.44,3.89,5685.3177
399986,中证银行指数,2016-10-28,5668.55,5726.277,5668.55,5701.232,831920028.0,5784999143.24,27.1001,0.4776,1642155.86,6.27,6.71,4.42,3.87,5674.1319
399986,中证银行指数,2016-10-31,5689.698,5689.698,5650.613,5681.402,632157053.0,4752329457.24,-19.83,-0.3478,1636443.99,6.25,6.69,4.44,3.88,5701.232
399986,中证银行指数,2016-11-01,5679.177,5710.042,5667.896,5709.33,703291863.0,4952914644.87,27.928,0.4916,1644488.15,6.27,6.72,4.42,3.86,5681.402
399986,中证银行指数,2016-11-02,5691.604,5694.097,5667.775,5677.712,726936312.0,5458900314.33,-31.618,-0.5538,1635381.14,6.24,6.69,4.44,3.88,5709.33
399986,中证银行指数,2016-11-03,5668.391,5713.918,5664.299,5707.059,788782169.0,6025612955.73,29.347,0.5169,1643834.13,6.25,6.72,4.43,3.86,5677.712
399986,中证银行指数,2016-11-04,5699.425,5733.13,5688.719,5699.491,917612793.0,6771253685.99,-7.568,-0.1326,1641654.03,6.25,6.71,4.44,3.87,5707.059
399986,中证银行指数,2016-11-07,5697.36,5700.901,5684.25,5694.851,697348594.0,5140610431.23,-4.64,-0.0814,1640317.59,6.25,6.71,4.44,3.87,5699.491
399986,中证银行指数,2016-11-08,5699.733,5739.245,5693.293,5726.136,1182729469.0,7538811259.76,31.285,0.5494,1649328.94,6.29,6.74,4.41,3.85,5694.851
399986,中证银行指数,2016-11-09,5722.159,5726.931,5649.854,5680.189,1199725292.0,8362267027.16,-45.947,-0.8024,1636094.47,6.24,6.69,4.44,3.88,5726.136
399986,中证银行指数,2016-11-10,5708.019,5743.951,5706.741,5729.749,844932382.0,6233159388.48,49.56,0.8725,1650369.68,6.29,6.75,4.41,3.85,5680.189
399986,中证银行指数,2016-11-11,5718.911,5744.124,5711.815,5736.208,1294646758.0,8906509076.8,6.459,0.1127,1652229.79,6.29,6.75,4.41,3.85,5729.749
399986,中证银行指数,2016-11-14,5723.708,5782.841,5722.088,5746.331,1358343639.0,9667582974.22,10.123,0.1765,1655145.71,6.3,6.77,4.4,3.84,5736.208
399986,中证银行指数,2016-11-15,5745.225,5750.013,5735.815,5746.468,820117900.0,5815898382.91,0.137,0.0024,1655185.21,6.29,6.77,4.4,3.84,5746.331
399986,中证银行指数,2016-11-16,5748.797,5754.971,5732.171,5743.524,659531883.0,4610523755.8,-2.944,-0.0512,1654337.09,6.29,6.76,4.41,3.84,5746.468
399986,中证银行指数,2016-11-17,5738.022,5745.411,5721.451,5740.249,676217682.0,5002844337.09,-3.275,-0.057,1653393.91,6.29,6.76,4.41,3.84,5743.524
399986,中证银行指数,2016-11-18,5738.401,5741.972,5727.362,5732.925,605052865.0,4458752497.36,-7.324,-0.1276,1651284.21,6.28,6.75,4.41,3.85,5740.249
399986,中证银行指数,2016-11-21,5728.019,5802.737,5723.342,5783.027,1283593331.0,8665275552.78,50.102,0.8739,1665715.44,6.33,6.81,4.38,3.81,5732.925
399986,中证银行指数,2016-11-22,5781.149,5832.191,5780.675,5825.879,1784455192.0,12279065175.3,42.852,0.741,1678058.32,6.37,6.86,4.35,3.79,5783.027
399986,中证银行指数,2016-11-23,5825.85,5954.761,5824.55,5908.122,2434941635.0,17612813190.55,82.243,1.4117,1701747.27,6.45,6.96,4.3,3.73,5825.879
399986,中证银行指数,2016-11-24,5896.343,5930.459,5879.519,5895.453,1210942347.0,8591923961.13,-12.669,-0.2144,1698098.08,6.43,6.94,4.31,3.74,5908.122
399986,中证银行指数,2016-11-25,5902.544,5983.055,5902.238,5981.401,1777524114.0,12482072353.86,85.948,1.4579,1722854.12,6.51,7.04,4.25,3.69,5895.453
399986,中证银行指数,2016-11-28,6004.385,6073.825,5965.577,5971.785,2858117248.0,20243286225.61,-9.616,-0.1608,1720084.53,6.53,7.03,4.24,3.69,5981.401
399986,中证银行指数,2016-11-29,5965.958,6009.212,5951.634,5991.301,1708969606.0,12509737883.38,19.516,0.3268,1725705.6,6.55,7.05,4.23,3.68,5971.785
399986,中证银行指数,2016-11-30,5991.599,6003.35,5919.686,5941.024,1484080109.0,10676863351.36,-50.277,-0.8392,1711224.07,6.49,7.0,4.27,3.71,5991.301
399986,中证银行指数,2016-12-01,5951.855,6010.216,5933.781,5954.049,1418723896.0,10742918127.14,13.025,0.2192,1714975.7,6.5,7.01,4.26,3.7,5941.024
399986,中证银行指数,2016-12-02,5954.783,5956.628,5880.666,5947.587,1806959651.0,12387946718.94,-6.462,-0.1085,1713114.4,6.49,7.0,4.27,3.71,5954.049
399986,中证银行指数,2016-12-05,5900.664,5968.917,5890.145,5965.612,1676172429.0,11822313211.18,18.025,0.3031,1718306.23,6.52,7.02,4.25,3.7,5947.587
399986,中证银行指数,2016-12-06,5951.354,5973.695,5932.245,5935.249,1163524645.0,8254046319.15,-30.363,-0.509,1709561.02,6.5,6.99,4.27,3.72,5965.612
399986,中证银行指数,2016-12-07,5929.049,5932.083,5902.279,5919.769,839967563.0,5772566753.21,-15.48,-0.2608,1705101.9,6.48,6.97,4.28,3.73,5935.249
399986,中证银行指数,2016-12-08,5929.799,5991.918,5921.252,5981.211,1292116505.0,9920613370.64,61.442,1.0379,1722799.45,6.53,7.04,4.24,3.69,5919.769
399986,中证银行指数,2016-12-09,5965.347,6120.048,5962.811,6083.328,2811477932.0,18706193209.31,102.117,1.7073,1752212.7,6.64,7.16,4.18,3.63,5981.211
399986,中证银行指数,2016-12-12,6082.018,6174.592,6029.797,6100.406,2923856312.0,19734580366.64,17.078,0.2807,1755825.16,6.66,7.2,4.16,3.58,6083.328
399986,中证银行指数,2016-12-13,6059.84,6073.742,5994.554,6014.566,1425295612.0,8925798545.75,-85.84,-1.4071,1731118.67,6.56,7.1,4.22,3.63,6100.406
399986,中证银行指数,2016-12-14,6011.336,6102.078,6008.172,6036.798,1455903200.0,10193243793.16,22.232,0.3696,1737517.37,6.58,7.13,4.22,3.62,6014.566
399986,中证银行指数,2016-12-15,6000.418,6000.418,5835.262,5844.712,1891363686.0,13216707723.94,-192.086,-3.1819,1682231.0,6.39,6.9,4.34,3.74,6036.798
399986,中证银行指数,2016-12-16,5833.278,5856.889,5801.99,5808.0487,1273192644.0,8830070018.06,-36.6633,-0.6273,1671678.64,6.35,6.86,4.36,3.76,5844.712
399986,中证银行指数,2016-12-19,5799.2463,5800.379,5771.014,5780.7439,762228806.0,5312760239.15,-27.3048,-0.4701,1663819.73,6.34,6.82,4.37,3.78,5808.0487
399986,中证银行指数,2016-12-20,5786.7803,5792.4575,5688.9821,5726.2441,1197927675.0,8328030813.74,-54.4998,-0.9428,1648133.55,6.27,6.76,4.42,3.81,5780.7439
399986,中证银行指数,2016-12-21,5720.1586,5758.6156,5720.1586,5750.1272,941048624.0,6382516787.48,23.8831,0.4171,1655007.62,6.31,6.79,4.4,3.8,5726.2441
399986,中证银行指数,2016-12-22,5746.681,5751.0772,5701.3026,5719.7572,643659210.0,4677934124.79,-30.37,-0.5282,1646266.49,6.28,6.75,4.41,3.82,5750.1272
399986,中证银行指数,2016-12-23,5717.3185,5718.8713,5669.042,5693.2134,685504775.0,4943291077.26,-26.5438,-0.4641,1638626.63,6.26,6.72,4.43,3.84,5719.7572
399986,中证银行指数,2016-12-26,5672.1411,5712.6208,5638.7668,5710.8819,764415028.0,5021209325.25,17.6685,0.3103,1643711.97,6.28,6.74,4.42,3.82,5693.2134
399986,中证银行指数,2016-12-27,5705.5358,5716.8765,5686.1441,5687.9264,554930801.0,3894574579.66,-22.9555,-0.402,1637104.9,6.24,6.71,4.44,3.84,5710.8819
399986,中证银行指数,2016-12-28,5689.4342,5696.2701,5651.444,5670.375,705614638.0,4869852828.83,-17.5514,-0.3086,1632053.25,6.22,6.69,4.45,3.85,5687.9264
399986,中证银行指数,2016-12-29,5663.829,5680.31,5655.207,5665.705,751228232.0,5036564190.17,-4.67,-0.0824,1630709.12,6.22,6.69,4.46,3.85,5670.375
399986,中证银行指数,2016-12-30,5669.713,5703.463,5666.342,5702.8755,895484415.0,5873206450.42,37.1705,0.6561,1641407.58,6.26,6.73,4.43,3.83,5665.705
399986,中证银行指数,2017-01-03,5705.4263,5772.0513,5704.3895,5765.3209,1152904948.0,7928130354.39,62.4454,1.095,1659380.68,6.33,6.81,4.38,3.79,5702.8755
399986,中证银行指数,2017-01-04,5756.8677,5787.7142,5748.1029,5776.6655,1016697915.0,7114604890.96,11.3446,0.1968,1662645.88,6.33,6.82,4.38,3.78,5765.3209
399986,中证银行指数,2017-01-05,5781.202,5791.8091,5769.7642,5773.587,742665408.0,5183588886.92,-3.0785,-0.0533,1661759.84,6.34,6.82,4.37,3.78,5776.6655
399986,中证银行指数,2017-01-06,5773.174,5775.293,5733.485,5738.3984,785094673.0,5060320364.97,-35.1886,-0.6095,1651631.81,6.31,6.77,4.39,3.81,5773.587
399986,中证银行指数,2017-01-09,5745.6096,5767.6769,5733.8332,5751.822,724447345.0,4781051133.52,13.4236,0.2339,1655495.41,6.33,6.79,4.38,3.8,5738.3984
399986,中证银行指数,2017-01-10,5746.769,5761.61,5739.381,5746.5514,589583854.0,3630819274.83,-5.2706,-0.0916,1653978.41,6.32,6.78,4.39,3.8,5751.822
399986,中证银行指数,2017-01-11,5753.5697,5762.0046,5725.3534,5728.2922,660167502.0,4200451614.05,-18.2592,-0.3177,1648723.03,6.3,6.76,4.4,3.81,5746.5514
399986,中证银行指数,2017-01-12,5730.3273,5747.2823,5718.4132,5725.3446,550439585.0,3589818262.59,-2.9476,-0.0515,1647874.66,6.3,6.76,4.4,3.81,5728.2922
399986,中证银行指数,2017-01-13,5719.8457,5781.8649,5718.4046,5771.4207,1031674503.0,6774037275.02,46.0761,0.8048,1661136.34,6.34,6.81,4.37,3.78,5725.3446
399986,中证银行指数,2017-01-16,5764.5035,5870.9144,5744.8152,5855.194,2647752183.0,17311875422.07,83.7733,1.4515,1685248.05,6.43,6.91,4.31,3.73,5771.4207
399986,中证银行指数,2017-01-17,5831.047,5850.253,5819.803,5828.0545,769838092.0,5515492378.2,-27.1395,-0.4635,1677436.71,6.41,6.88,4.33,3.75,5855.194
399986,中证银行指数,2017-01-18,5831.782,5870.2293,5826.2902,5864.6682,770074338.0,5328134687.25,36.6137,0.6282,1687974.91,6.43,6.92,4.31,3.72,5828.0545
399986,中证银行指数,2017-01-19,5853.9139,5905.4963,5851.4275,5864.1083,845676346.0,5332033062.33,-0.5599,-0.0095,1687813.77,6.44,6.92,4.31,3.72,5864.6682
399986,中证银行指数,2017-01-20,5862.3032,5901.4006,5857.058,5887.4771,684936727.0,5013883269.53,23.3688,0.3985,1694539.8,6.45,6.95,4.3,3.71,5864.1083
399986,中证银行指数,2017-01-23,5898.3974,5905.7662,5861.8077,5875.483,712537457.0,4915539210.76,-11.9941,-0.2037,1691087.65,6.44,6.94,4.3,3.72,5887.4771
399986,中证银行指数,2017-01-24,5879.586,5937.795,5874.853,5930.0379,961678491.0,6426977262.25,54.5549,0.9285,1706789.7,6.49,7.0,4.27,3.68,5875.483
399986,中证银行指数,2017-01-25,5921.101,5933.935,5902.7842,5928.4638,583413314.0,4084584259.93,-1.5741,-0.0265,1706336.64,6.5,7.0,4.27,3.68,5930.0379
399986,中证银行指数,2017-01-26,5932.3488,5983.1768,5932.3488,5961.9744,765680293.0,5191543078.17,33.5106,0.5652,1715981.68,6.54,7.04,4.24,3.66,5928.4638
399986,中证银行指数,2017-02-03,5973.6422,5977.2253,5893.4065,5897.0628,532764059.0,4002309871.3,-64.9116,-1.0888,1697298.77,6.48,6.96,4.28,3.7,5961.9744
399986,中证银行指数,2017-02-06,5919.3737,5921.7739,5881.2892,5890.5243,722758488.0,5429115864.69,-6.5385,-0.1109,1695416.84,6.47,6.95,4.28,3.71,5897.0628
399986,中证银行指数,2017-02-07,5888.8177,5898.897,5868.9753,5881.48,658556476.0,4860654896.58,-9.0443,-0.1535,1692813.71,6.46,6.94,4.29,3.71,5890.5243
399986,中证银行指数,2017-02-08,5872.731,5889.329,5849.84,5886.7802,623147961.0,4527744979.12,5.3002,0.0901,1694339.22,6.47,6.95,4.28,3.71,5881.48
399986,中证银行指数,2017-02-09,5883.7963,5924.0757,5877.2815,5899.3278,685349686.0,4962539483.08,12.5476,0.2131,1697950.67,6.49,6.96,4.27,3.7,5886.7802
399986,中证银行指数,2017-02-10,5912.8937,5934.0451,5906.7965,5928.7862,917763243.0,6890323956.93,29.4584,0.4994,1706429.44,6.52,7.0,4.25,3.68,5899.3278
399986,中证银行指数,2017-02-13,5937.2116,5984.4752,5932.5233,5969.6081,1133097644.0,8453652249.26,40.8219,0.6885,1718178.83,6.57,7.05,4.22,3.66,5928.7862
399986,中证银行指数,2017-02-14,5972.4614,5974.9756,5935.2259,5945.9248,715635891.0,5503582048.61,-23.6833,-0.3967,1711362.27,6.55,7.02,4.23,3.67,5969.6081
399986,中证银行指数,2017-02-15,5955.1815,6030.6489,5946.3174,6006.1566,1917203890.0,13141754422.52,60.2318,1.013,1728698.25,6.64,7.09,4.18,3.64,5945.9248
399986,中证银行指数,2017-02-16,6016.0405,6036.732,5989.2878,6013.2884,1117694589.0,7897788945.62,7.1318,0.1187,1730750.95,6.64,7.1,4.17,3.63,6006.1566
399986,中证银行指数,2017-02-17,6017.2922,6019.0839,5954.3498,5958.4662,968269606.0,6636178168.83,-54.8222,-0.9117,1714971.97,6.58,7.03,4.21,3.67,6013.2884
399986,中证银行指数,2017-02-20,5955.8939,6078.7307,5955.057,6054.8146,2591734168.0,16718190865.28,96.3484,1.617,1742703.05,6.66,7.15,4.16,3.61,5958.4662
399986,中证银行指数,2017-02-21,6060.0546,6108.9581,6051.0705,6058.1521,1459943652.0,9985313845.66,3.3375,0.0551,1743663.65,6.67,7.15,4.16,3.61,6054.8146
399986,中证银行指数,2017-02-22,6056.6626,6062.63,6033.9735,6057.2908,905263443.0,6469185401.23,-0.8613,-0.0142,1743415.76,6.68,7.15,4.15,3.61,6058.1521
399986,中证银行指数,2017-02-23,6055.6428,6078.9462,6031.4218,6051.7704,840361053.0,5714204515.86,-5.5204,-0.0911,1741826.87,6.68,7.14,4.15,3.61,6057.2908
399986,中证银行指数,2017-02-24,6046.7,6053.0845,6019.0068,6037.6426,755230447.0,5512126154.61,-14.1278,-0.2334,1737760.59,6.66,7.13,4.16,3.62,6051.7704
399986,中证银行指数,2017-02-27,6026.9009,6031.7731,5989.4505,6008.2507,841610797.0,6168236789.03,-29.3919,-0.4868,1729300.99,6.63,7.09,4.18,3.63,6037.6426
399986,中证银行指数,2017-02-28,6002.1568,6039.1171,5998.6363,6007.6789,665292073.0,4802310822.01,-0.5718,-0.0095,1729136.41,6.63,7.09,4.14,3.53,6008.2507
399986,中证银行指数,2017-03-01,6011.9727,6043.2816,5995.8022,6003.4951,1179702339.0,8035548529.57,-4.1838,-0.0696,1727932.22,6.62,7.09,4.15,3.54,6007.6789
399986,中证银行指数,2017-03-02,6013.1343,6028.9604,5957.8534,5959.7763,853562097.0,6897583755.89,-43.7188,-0.7282,1715349.04,6.59,7.04,4.16,3.56,6003.4951
399986,中证银行指数,2017-03-03,5948.2517,5959.2535,5928.2293,5937.4776,619827648.0,4637789447.15,-22.2987,-0.3742,1708931.0,6.56,7.01,4.18,3.57,5959.7763
399986,中证银行指数,2017-03-06,5935.1062,5976.0055,5934.8714,5938.5571,1009925461.0,6526704212.84,1.0795,0.0182,1709241.7,6.56,7.01,4.19,3.57,5937.4776
399986,中证银行指数,2017-03-07,5937.9648,5967.095,5929.1849,5962.6028,693974817.0,4747471394.8,24.0457,0.4049,1716162.56,6.58,7.04,4.17,3.56,5938.5571
399986,中证银行指数,2017-03-08,5948.2421,5962.0255,5939.8091,5954.2075,561853230.0,4003704146.22,-8.3953,-0.1408,1713746.22,6.59,7.03,4.17,3.56,5962.6028
399986,中证银行指数,2017-03-09,5943.1934,5946.4345,5901.0522,5910.917,839742619.0,5769862218.64,-43.2905,-0.7271,1701286.3,6.55,6.98,4.19,3.59,5954.2075
399986,中证银行指数,2017-03-10,5909.152,5920.378,5890.491,5904.6547,650250227.0,4552761512.64,-6.2623,-0.1059,1699483.88,6.55,6.97,4.19,3.59,5910.917
399986,中证银行指数,2017-03-13,5899.6951,5946.8286,5881.7736,5946.2444,804805539.0,5610666523.38,41.5897,0.7044,1711454.27,6.6,7.02,4.16,3.57,5904.6547
399986,中证银行指数,2017-03-14,5942.4854,5962.2022,5937.9641,5946.192,741710806.0,5264042833.06,-0.0524,-0.0009,1711439.19,6.61,7.02,4.16,3.57,5946.2444
399986,中证银行指数,2017-03-15,5940.879,5942.683,5921.011,5939.8305,735236343.0,5065460249.1,-6.3615,-0.107,1709608.2,6.6,7.01,4.16,3.57,5946.192
399986,中证银行指数,2017-03-16,5946.6105,5976.0466,5946.475,5954.9365,1236928767.0,8248584403.48,15.106,0.2543,1713956.03,6.6,7.03,4.16,3.56,5939.8305
399986,中证银行指数,2017-03-17,5958.194,5960.6217,5880.5891,5893.0339,1189249866.0,8577625375.17,-61.9026,-1.0395,1696139.17,6.55,6.96,4.19,3.6,5954.9365
399986,中证银行指数,2017-03-20,5895.6781,5903.6565,5844.9113,5868.1665,921573862.0,7045345693.37,-24.8674,-0.422,1688981.79,6.54,6.93,4.2,3.62,5893.0339
399986,中证银行指数,2017-03-21,5865.9546,5868.1144,5839.9248,5854.8087,959623963.0,7104762308.03,-13.3578,-0.2276,1685137.15,6.53,6.91,4.2,3.63,5868.1665
399986,中证银行指数,2017-03-22,5840.4269,5840.888,5769.8124,5779.2698,1202205333.0,9196470932.48,-75.5389,-1.2902,1663395.45,6.46,6.82,4.25,3.67,5854.8087
399986,中证银行指数,2017-03-23,5782.6341,5828.7603,5782.1599,5807.9672,901615574.0,6673488497.57,28.6974,0.4966,1671655.17,6.48,6.86,4.24,3.65,5779.2698
399986,中证银行指数,2017-03-24,5814.3097,5838.2307,5797.8829,5831.9867,929469676.0,6907668341.56,24.0195,0.4136,1678568.5,6.51,6.88,4.22,3.64,5807.9672
399986,中证银行指数,2017-03-27,5824.7372,5886.0386,5824.0172,5873.0853,1329474572.0,9681590560.04,41.0986,0.7047,1690397.54,6.56,6.93,4.18,3.61,5831.9867
399986,中证银行指数,2017-03-28,5887.7388,5889.8954,5842.6426,5852.272,697130787.0,5297844569.66,-20.8133,-0.3544,1684407.02,6.55,6.91,4.19,3.63,5873.0853
399986,中证银行指数,2017-03-29,5857.679,5874.121,5827.162,5839.8115,1051061904.0,7249814069.97,-12.4605,-0.2129,1680820.64,6.55,6.89,4.19,3.63,5852.272
399986,中证银行指数,2017-03-30,5838.1648,5847.1702,5808.2138,5836.1267,1152406120.0,7266436231.11,-3.6848,-0.0631,1679760.07,6.56,6.89,4.18,3.64,5839.8115
399986,中证银行指数,2017-03-31,5830.1726,5901.2031,5827.1563,5890.9446,1434326845.0,8747012978.31,54.8179,0.9393,1695537.83,6.63,6.95,4.14,3.6,5836.1267
399986,中证银行指数,2017-04-05,5905.8845,5925.2484,5885.3919,5919.8677,1390454000.0,9665182885.9,28.9231,0.491,1703862.5,6.64,6.99,4.13,3.59,5890.9446
399986,中证银行指数,2017-04-06,5909.0875,5914.9796,5878.2785,5898.2632,977506025.0,6987738705.34,-21.6045,-0.3649,1697644.28,6.62,6.96,4.15,3.6,5919.8677
399986,中证银行指数,2017-04-07,5893.359,5904.7054,5868.2614,5897.7224,1128684734.0,7736160535.12,-0.5408,-0.0092,1697488.6,6.63,6.96,4.14,3.6,5898.2632
399986,中证银行指数,2017-04-10,5896.7937,5896.7937,5859.1008,5863.7192,922114609.0,6740369512.2,-34.0032,-0.5765,1687701.78,6.59,6.92,4.17,3.62,5897.7224
399986,中证银行指数,2017-04-11,5853.38,5862.2325,5805.1302,5845.6147,1014835336.0,7540354122.76,-18.1045,-0.3088,1682490.93,6.57,6.9,4.18,3.63,5863.7192
399986,中证银行指数,2017-04-12,5837.6348,5838.4434,5765.3053,5825.9906,1106244857.0,8012344986.78,-19.6241,-0.3357,1662779.14,6.57,6.88,4.16,3.6,5845.6147
399986,中证银行指数,2017-04-13,5813.7702,5816.947,5784.4638,5795.3865,829058312.0,6525712549.62,-30.6041,-0.5253,1654044.52,6.54,6.85,4.18,3.62,5825.9906
399986,中证银行指数,2017-04-14,5791.6738,5794.3303,5730.9029,5757.1766,934343399.0,6898725713.94,-38.2099,-0.6593,1643139.15,6.5,6.8,4.2,3.65,5795.3865
399986,中证银行指数,2017-04-17,5743.7278,5767.348,5695.132,5759.8603,1252928045.0,9085292484.84,2.6837,0.0466,1643905.1,6.5,6.81,4.2,3.65,5757.1766
399986,中证银行指数,2017-04-18,5742.4468,5743.5797,5680.7149,5680.8278,913149659.0,7166725527.16,-79.0325,-1.3721,1621348.64,6.43,6.71,4.25,3.7,5759.8603
399986,中证银行指数,2017-04-19,5662.9347,5666.4641,5626.2547,5627.2762,1198652231.0,8436179202.83,-53.5516,-0.9427,1606064.63,6.36,6.65,4.29,3.73,5680.8278
399986,中证银行指数,2017-04-20,5627.7905,5633.7036,5594.6189,5598.2921,914463172.0,6829883175.95,-28.9841,-0.5151,1597792.37,6.34,6.62,4.31,3.75,5627.2762
399986,中证银行指数,2017-04-21,5607.7871,5667.0451,5603.1056,5662.0156,1247680584.0,8042527752.73,63.7235,1.1383,1615979.51,6.42,6.69,4.25,3.71,5598.2921
399986,中证银行指数,2017-04-24,5660.2891,5671.1639,5638.5077,5661.5161,1032723307.0,6653319932.53,-0.4995,-0.0088,1615836.96,6.43,6.69,4.24,3.71,5662.0156
399986,中证银行指数,2017-04-25,5664.1129,5681.7761,5660.4378,5674.6755,819906602.0,5799659851.81,13.1594,0.2324,1619592.75,6.44,6.71,4.24,3.7,5661.5161
399986,中证银行指数,2017-04-26,5673.3908,5679.8103,5642.3324,5650.5906,1271842489.0,8877609744.92,-24.0849,-0.4244,1612718.74,6.45,6.68,4.23,3.72,5674.6755
399986,中证银行指数,2017-04-27,5634.8066,5673.689,5618.6346,5672.8533,1253311513.0,8305618102.6,22.2627,0.394,1619072.67,6.48,6.7,4.22,3.7,5650.5906
399986,中证银行指数,2017-04-28,5671.0842,5673.5702,5635.7863,5673.5664,1048579791.0,8043077140.99,0.7131,0.0126,1619276.19,6.48,6.7,4.22,3.7,5672.8533
399986,中证银行指数,2017-05-02,5657.4303,5662.453,5620.746,5628.8541,767428177.0,5971354396.9,-44.7123,-0.7881,1606514.99,6.32,6.47,4.26,3.73,5673.5664
399986,中证银行指数,2017-05-03,5625.3013,5625.5338,5587.8292,5594.8972,744471554.0,5429436417.23,-33.9569,-0.6033,1596823.45,6.29,6.43,4.28,3.75,5628.8541
399986,中证银行指数,2017-05-04,5590.3706,5592.0219,5541.5945,5566.8225,857627253.0,6524404285.63,-28.0747,-0.5018,1588810.72,6.27,6.39,4.29,3.77,5594.8972
399986,中证银行指数,2017-05-05,5551.6737,5567.7326,5498.6812,5567.5348,1218909666.0,8481634847.5,0.7123,0.0128,1589014.02,6.29,6.39,4.28,3.77,5566.8225
399986,中证银行指数,2017-05-08,5535.4709,5578.4226,5512.2406,5578.4226,1291146155.0,8836197319.83,10.8878,0.1956,1592121.46,6.32,6.41,4.26,3.76,5567.5348
399986,中证银行指数,2017-05-09,5551.3956,5584.617,5545.0381,5576.2792,717513484.0,5090702591.76,-2.1434,-0.0384,1591509.73,6.31,6.4,4.26,3.77,5578.4226
399986,中证银行指数,2017-05-10,5574.0284,5636.624,5574.0284,5590.5853,1089425328.0,7948187519.53,14.3061,0.2566,1595592.81,6.33,6.42,4.25,3.76,5576.2792
399986,中证银行指数,2017-05-11,5585.1483,5638.7692,5579.6688,5636.7298,1200106923.0,8163534448.42,46.1445,0.8254,1608762.77,6.39,6.47,4.21,3.72,5590.5853
399986,中证银行指数,2017-05-12,5631.0838,5791.6261,5625.3245,5790.3572,1925408501.0,14459145425.34,153.6274,2.7255,1652609.1,6.54,6.65,4.11,3.63,5636.7298
399986,中证银行指数,2017-05-15,5796.4591,5844.7362,5784.5076,5789.7358,1198993888.0,9487223500.75,-0.6214,-0.0107,1652431.75,6.55,6.65,4.11,3.63,5790.3572
399986,中证银行指数,2017-05-16,5775.6762,5780.5869,5720.2967,5755.5539,1223553552.0,8766067031.66,-34.1819,-0.5904,1642676.01,6.49,6.61,4.15,3.65,5789.7358
399986,中证银行指数,2017-05-17,5739.9498,5745.5371,5697.1399,5709.9778,1054334411.0,7937268298.57,-45.5761,-0.7919,1629668.27,6.44,6.56,4.18,3.68,5755.5539
399986,中证银行指数,2017-05-18,5679.3274,5707.5528,5671.9722,5687.3277,796699458.0,6067916531.82,-22.6501,-0.3967,1623203.77,6.44,6.53,4.18,3.69,5709.9778
399986,中证银行指数,2017-05-19,5683.9904,5698.017,5675.7615,5692.0023,622855324.0,4971690420.72,4.6746,0.0822,1624537.92,6.44,6.54,4.18,3.69,5687.3277
399986,中证银行指数,2017-05-22,5687.723,5735.4059,5682.7459,5712.475,997697077.0,7773750197.93,20.4727,0.3597,1630380.99,6.48,6.56,4.16,3.68,5692.0023
399986,中证银行指数,2017-05-23,5707.731,5837.791,5704.1855,5825.283,1811752101.0,14047999168.48,112.808,1.9748,1662577.19,6.59,6.69,4.08,3.6,5712.475
399986,中证银行指数,2017-05-24,5816.7211,5849.7691,5760.9914,5821.3385,1310837775.0,10921756096.98,-3.9445,-0.0677,1661451.39,6.59,6.69,4.09,3.61,5825.283
399986,中证银行指数,2017-05-25,5800.7149,6065.8054,5796.977,6013.6279,3576790140.0,27411384832.7,192.2894,3.3032,1716332.16,6.61,6.73,4.0,3.49,5821.3385
399986,中证银行指数,2017-05-26,5999.8092,6032.3195,5972.3233,5998.5568,1805169240.0,15263397694.83,-15.0711,-0.2506,1712030.77,6.62,6.72,3.99,3.5,6013.6279
399986,中证银行指数,2017-05-31,5984.0773,6069.1471,5973.5256,6011.7112,1652809340.0,13022057937.57,13.1544,0.2193,1715785.12,6.65,6.73,4.05,3.59,5998.5568
399986,中证银行指数,2017-06-01,6000.3014,6047.3807,5984.461,6042.3373,1421659828.0,11584958503.43,30.6261,0.5094,1724526.04,6.7,6.77,4.02,3.58,6011.7112
399986,中证银行指数,2017-06-02,6043.529,6068.1563,5989.4079,6001.3951,1419371987.0,11098387699.61,-40.9422,-0.6776,1712840.83,6.66,6.72,4.04,3.6,6042.3373
399986,中证银行指数,2017-06-05,5975.3011,5984.3257,5885.4008,5910.8534,2207595952.0,14536118607.14,-90.5417,-1.5087,1686999.6,6.52,6.62,4.13,3.65,6001.3951
399986,中证银行指数,2017-06-06,5902.5074,5934.3424,5878.4878,5916.8858,939209268.0,7066404065.59,6.0324,0.1021,1688721.27,6.53,6.63,4.12,3.65,5910.8534
399986,中证银行指数,2017-06-07,5919.5105,5993.1673,5913.9422,5975.1526,1414693229.0,11240193559.81,58.2668,0.9848,1705351.03,6.58,6.69,4.09,3.62,5916.8858
399986,中证银行指数,2017-06-08,5959.5743,5993.1372,5926.7043,5984.792,1090587801.0,8891389628.55,9.6394,0.1613,1708102.18,6.59,6.7,4.09,3.61,5975.1526
399986,中证银行指数,2017-06-09,5984.4881,6066.3498,5982.4884,6013.0402,1952425950.0,14680516448.25,28.2482,0.472,1716164.42,6.6,6.73,4.08,3.59,5984.792
399986,中证银行指数,2017-06-12,6002.0241,6046.1164,5977.7389,5982.9035,1467922920.0,12225587959.68,-30.1367,-0.5012,1758701.47,6.75,6.78,3.84,3.51,6013.0402
399986,中证银行指数,2017-06-13,5981.586,5984.6063,5938.8987,5964.124,1026358724.0,9234279775.89,-18.7795,-0.3139,1753181.15,6.74,6.76,3.84,3.52,5982.9035
399986,中证银行指数,2017-06-14,5911.705,5917.7922,5851.0691,5874.413,1135466487.0,9966934184.09,-89.711,-1.5042,1726810.2,6.68,6.65,3.88,3.57,5964.124
399986,中证银行指数,2017-06-15,5863.7365,5881.2863,5824.7087,5829.16,1183530822.0,9914819500.13,-45.253,-0.7703,1713507.88,6.62,6.6,3.92,3.6,5874.413
399986,中证银行指数,2017-06-16,5828.7939,5851.9156,5807.5836,5824.9595,952239592.0,8066269464.21,-4.2005,-0.0721,1712273.13,6.61,6.6,3.92,3.6,5829.16
399986,中证银行指数,2017-06-19,5831.9659,5875.6578,5822.6833,5855.4066,1243353373.0,9179730984.65,30.4471,0.5227,1721223.17,6.61,6.63,3.92,3.58,5824.9595
399986,中证银行指数,2017-06-20,5865.3481,5879.8986,5834.9222,5853.2018,1001555302.0,8181909531.05,-2.2048,-0.0377,1720575.08,6.63,6.63,3.9,3.59,5855.4066
399986,中证银行指数,2017-06-21,5879.7318,5882.836,5836.0007,5874.1422,1010031517.0,8603493258.96,20.9404,0.3578,1726730.58,6.65,6.65,3.89,3.57,5853.2018
399986,中证银行指数,2017-06-22,5864.6549,6062.0173,5863.9636,5978.428,3064434779.0,26022072965.49,104.2858,1.7753,1757385.88,6.75,6.77,3.84,3.51,5874.1422
399986,中证银行指数,2017-06-23,5963.4794,6013.6113,5922.729,6007.5153,1724061792.0,15056053887.32,29.0873,0.4865,1765936.2,6.78,6.81,3.82,3.49,5978.428
399986,中证银行指数,2017-06-26,6005.1818,6100.561,6001.2257,6007.2469,2375170192.0,18500667700.98,-0.2684,-0.0045,1765857.33,6.77,6.81,3.83,3.49,6007.5153
399986,中证银行指数,2017-06-27,6002.6397,6098.6021,5983.0241,6076.7598,1670656536.0,14235202034.81,69.5129,1.1572,1786290.94,6.81,6.88,3.8,3.45,6007.2469
399986,中证银行指数,2017-06-28,6058.4576,6158.4879,6049.0384,6103.0438,2167296667.0,20129735479.1,26.284,0.4325,1794017.24,6.81,6.91,3.8,3.44,6076.7598
399986,中证银行指数,2017-06-29,6111.5085,6141.6018,6085.7304,6128.2265,1272624509.0,11382169882.04,25.1827,0.4126,1801430.55,6.83,6.89,3.77,3.42,6103.0438
399986,中证银行指数,2017-06-30,6099.3535,6112.5033,6068.4935,6104.3562,1234704824.0,10094493527.8,-23.8703,-0.3895,1794413.71,6.84,6.86,3.24,3.23,6128.2265
399986,中证银行指数,2017-07-03,6096.9074,6100.4571,6061.895,6087.6191,1083231686.0,8704147308.76,-16.7371,-0.2742,1789493.74,6.83,6.84,3.25,3.24,6104.3562
399986,中证银行指数,2017-07-04,6085.4661,6085.8203,6010.6283,6044.7315,1488018524.0,12246215889.28,-42.8876,-0.7045,1776886.67,6.8,6.8,3.26,3.27,6087.6191
399986,中证银行指数,2017-07-05,6030.5311,6109.3314,6017.2382,6099.3077,1265094100.0,11252492036.3,54.5762,0.9029,1792929.68,6.83,6.86,3.25,3.24,6044.7315
399986,中证银行指数,2017-07-06,6079.3968,6115.4097,6054.7114,6102.3347,1379165921.0,12082184744.82,3.027,0.0496,1793819.48,6.83,6.86,3.25,3.24,6099.3077
399986,中证银行指数,2017-07-07,6063.6576,6073.1252,6030.4342,6046.0904,1217132968.0,10310907151.78,-56.2443,-0.9217,1777286.13,6.8,6.8,3.26,3.27,6102.3347
399986,中证银行指数,2017-07-10,6042.6327,6058.7647,6024.3419,6042.9752,1133855177.0,9595097843.39,-3.1152,-0.0515,1776370.4,6.8,6.79,3.26,3.27,6046.0904
399986,中证银行指数,2017-07-11,6020.7833,6200.7011,6016.3681,6153.1104,2743131049.0,22871533120.86,110.1352,1.8225,1808743.35,6.83,6.89,3.24,3.21,6042.9752
399986,中证银行指数,2017-07-12,6145.6471,6290.6742,6142.0243,6192.1943,2910959022.0,24493558439.94,39.0839,0.6352,1820232.29,6.85,6.86,3.22,3.19,6153.1104
399986,中证银行指数,2017-07-13,6172.2177,6302.6574,6167.0883,6301.0779,2589411374.0,21290339589.51,108.8836,1.7584,1852239.28,6.92,6.98,3.19,3.13,6192.1943
399986,中证银行指数,2017-07-14,6303.4322,6380.1261,6280.5585,6357.8778,2285735302.0,19230717907.41,56.7999,0.9014,1868935.93,6.94,7.04,3.18,3.11,6301.0779
399986,中证银行指数,2017-07-17,6373.5234,6561.8011,6330.695,6455.4439,4852571998.0,38850941226.99,97.5661,1.5346,1897616.08,7.1,7.15,3.1,3.06,6357.8778
399986,中证银行指数,2017-07-18,6412.052,6460.3185,6336.4907,6396.3644,2570406018.0,20895034747.67,-59.0795,-0.9152,1880256.5,7.01,7.03,3.13,3.09,6455.4439
399986,中证银行指数,2017-07-19,6382.7401,6483.5288,6376.411,6460.0735,2674109847.0,21676756200.06,63.7091,0.996,1898984.24,7.05,7.1,3.12,3.06,6396.3644
399986,中证银行指数,2017-07-20,6448.7767,6466.3819,6394.279,6448.1189,1830589499.0,14998710477.17,-11.9546,-0.1851,1895469.44,7.02,7.07,3.11,3.06,6460.0735
399986,中证银行指数,2017-07-21,6425.93,6438.6009,6375.3456,6387.3526,1567736966.0,13048268969.76,-60.7663,-0.9424,1877606.76,6.99,7.01,3.13,3.09,6448.1189
399986,中证银行指数,2017-07-24,6375.1527,6502.0663,6360.9097,6465.2533,2078339686.0,17135845594.49,77.9007,1.2196,1900506.21,7.05,7.09,3.1,3.05,6387.3526
399986,中证银行指数,2017-07-25,6472.0,6563.4035,6454.7105,6472.2819,2461303619.0,19150351636.58,7.0286,0.1087,1902572.34,7.1,7.1,3.08,3.05,6465.2533
399986,中证银行指数,2017-07-26,6464.5099,6589.5816,6422.1328,6461.0673,2341060851.0,17972547861.94,-11.2146,-0.1733,1899275.71,7.14,7.09,3.06,3.06,6472.2819
399986,中证银行指数,2017-07-27,6455.243,6474.7164,6409.2737,6441.9729,1669560242.0,12909799014.58,-19.0944,-0.2955,1893662.77,7.1,7.07,3.08,3.06,6461.0673
399986,中证银行指数,2017-07-28,6421.3945,6462.6487,6392.081,6455.8512,1262594259.0,9791917734.41,13.8783,0.2154,1897742.42,7.11,7.08,3.07,3.06,6441.9729
399986,中证银行指数,2017-07-31,6447.6582,6484.3852,6417.9314,6433.7213,1588618588.0,12462474100.13,-22.1299,-0.3428,1891237.16,7.09,7.06,3.5,3.07,6455.8512
399986,中证银行指数,2017-08-01,6439.2412,6519.9947,6424.591,6519.453,1866646260.0,16124596895.01,85.7317,1.3325,1916438.6,7.17,7.15,3.46,3.03,6433.7213
399986,中证银行指数,2017-08-02,6518.5968,6619.2047,6516.8544,6579.227,2531832389.0,20510904896.03,59.774,0.9169,1934009.58,7.27,7.22,3.41,3.0,6519.453
399986,中证银行指数,2017-08-03,6570.8428,6607.5843,6463.9106,6477.1898,1950178841.0,15713911040.19,-102.0372,-1.5509,1904015.03,7.18,7.11,3.45,3.05,6579.227
399986,中证银行指数,2017-08-04,6471.1184,6494.3358,6430.1415,6434.2149,1482576627.0,12538840128.94,-42.9749,-0.6635,1891382.27,7.15,7.06,3.47,3.07,6477.1898
399986,中证银行指数,2017-08-07,6417.7858,6447.34,6392.5369,6436.9863,1257956398.0,9586515440.63,2.7714,0.0431,1892196.94,7.14,7.06,3.47,3.07,6434.2149
399986,中证银行指数,2017-08-08,6427.2107,6438.8459,6398.8943,6422.0882,1248614613.0,9217320812.17,-14.8981,-0.2314,1887817.55,7.14,7.05,3.47,3.08,6436.9863
399986,中证银行指数,2017-08-09,6406.8633,6408.0034,6319.9966,6321.2728,1450709956.0,10999878117.72,-100.8154,-1.5698,1858182.15,7.02,6.94,3.53,3.13,6422.0882
399986,中证银行指数,2017-08-10,6313.6222,6361.0905,6252.0884,6299.6561,1472755103.0,11590048799.94,-21.6167,-0.342,1851827.76,7.0,6.91,3.54,3.14,6321.2728
399986,中证银行指数,2017-08-11,6257.3163,6267.2139,6149.7396,6207.1641,2382996383.0,18262919697.41,-92.492,-1.4682,1824639.11,6.94,6.81,3.57,3.18,6299.6561
399986,中证银行指数,2017-08-14,6194.1538,6206.2552,6160.8653,6197.3417,1451646129.0,11254271959.74,-9.8224,-0.1582,1821751.74,6.9,6.8,3.59,3.19,6207.1641
399986,中证银行指数,2017-08-15,6201.9945,6343.1215,6201.8676,6282.0005,2141622299.0,15355110469.16,84.6588,1.3661,1846637.78,7.02,6.89,3.53,3.15,6197.3417
399986,中证银行指数,2017-08-16,6269.7414,6270.1488,6228.5992,6239.8982,1214089237.0,9005840700.58,-42.1023,-0.6702,1834261.51,6.99,6.85,3.55,3.17,6282.0005
399986,中证银行指数,2017-08-17,6240.9414,6258.8455,6218.3521,6258.1391,879650068.0,7214204881.79,18.2409,0.2923,1839623.57,7.0,6.87,3.54,3.16,6239.8982
399986,中证银行指数,2017-08-18,6228.144,6286.2214,6216.3914,6264.8857,962558550.0,8235440505.66,6.7466,0.1078,1841606.75,7.0,6.87,3.54,3.15,6258.1391
399986,中证银行指数,2017-08-21,6259.3326,6281.4257,6225.0475,6257.1759,937353240.0,7370787316.28,-7.7098,-0.1231,1839340.42,7.0,6.86,3.54,3.16,6264.8857
399986,中证银行指数,2017-08-22,6264.5629,6303.6764,6240.9256,6300.8459,1042689560.0,9193284760.5,43.67,0.6979,1852177.51,7.05,6.91,3.52,3.14,6257.1759
399986,中证银行指数,2017-08-23,6303.8869,6422.1326,6296.3669,6396.4464,1801752126.0,15313684252.94,95.6005,1.5173,1880279.96,7.18,7.02,3.45,3.09,6300.8459
399986,中证银行指数,2017-08-24,6393.1338,6458.644,6369.7516,6392.8361,1487090149.0,12044877436.93,-3.6103,-0.0564,1879218.66,7.19,7.01,3.45,3.09,6396.4464
399986,中证银行指数,2017-08-25,6399.5445,6596.2278,6399.4515,6595.4338,3042383752.0,23486331512.31,202.5977,3.1691,1938773.69,7.43,7.24,3.33,3.0,6392.8361
399986,中证银行指数,2017-08-28,6608.9658,6684.205,6576.4883,6605.6998,2909957039.0,23847664970.75,10.266,0.1557,1941791.44,7.41,7.25,3.34,2.99,6595.4338
399986,中证银行指数,2017-08-29,6597.5695,6639.9143,6574.8981,6636.1435,1643928676.0,14215639204.22,30.4437,0.4609,1950740.59,7.46,7.28,3.32,2.98,6605.6998
399986,中证银行指数,2017-08-30,6635.9983,6687.7275,6554.1282,6579.6466,1897893357.0,16265347802.35,-56.4969,-0.8514,1934132.93,7.38,7.22,3.36,3.0,6636.1435
399986,中证银行指数,2017-08-31,6577.1498,6584.637,6462.7964,6508.528,2179754140.0,16123054479.22,-71.1186,-1.0809,1913227.12,7.29,7.14,3.4,3.04,6579.6466
399986,中证银行指数,2017-09-01,6497.5465,6538.2423,6447.8851,6467.0853,2074936861.0,15072664208.09,-41.4427,-0.6367,1901044.74,7.5,7.52,3.43,3.06,6508.528
399986,中证银行指数,2017-09-04,6443.5782,6529.4695,6434.3444,6527.1704,1651137948.0,13179541389.85,60.0851,0.9291,1918707.19,7.57,7.59,3.4,3.03,6467.0853
399986,中证银行指数,2017-09-05,6525.8058,6606.9126,6518.2492,6582.8483,1770625291.0,14164471127.4,55.6779,0.853,1935074.09,7.66,7.65,3.36,3.0,6527.1704
399986,中证银行指数,2017-09-06,6566.5286,6572.8664,6523.6603,6538.2853,1121219275.0,9284812459.94,-44.563,-0.677,1921974.48,7.62,7.6,3.38,3.02,6582.8483
399986,中证银行指数,2017-09-07,6540.6752,6544.0067,6473.5386,6479.8503,990261021.0,8859909053.73,-58.435,-0.8937,1904797.1,7.56,7.53,3.41,3.05,6538.2853
399986,中证银行指数,2017-09-08,6478.4716,6525.6088,6461.2705,6480.2136,960587545.0,8023286451.62,0.3633,0.0056,1904903.91,7.56,7.53,3.41,3.05,6479.8503
399986,中证银行指数,2017-09-11,6510.816,6545.8127,6469.0482,6474.0186,1311366547.0,10535083608.59,-6.195,-0.0956,1903082.85,7.55,7.52,3.41,3.05,6480.2136
399986,中证银行指数,2017-09-12,6484.9309,6497.6582,6440.1715,6496.9994,1269122922.0,10825862891.12,22.9808,0.355,1909838.21,7.58,7.55,3.4,3.04,6474.0186
399986,中证银行指数,2017-09-13,6487.5251,6487.5251,6442.8859,6455.1792,1020317237.0,8332771828.36,-41.8202,-0.6437,1897544.85,7.55,7.5,3.41,3.06,6496.9994
399986,中证银行指数,2017-09-14,6456.2853,6467.4879,6397.1276,6410.5183,1315681536.0,10421016326.14,-44.6609,-0.6919,1884416.48,7.49,7.45,3.44,3.08,6455.1792
399986,中证银行指数,2017-09-15,6394.7658,6400.9808,6362.119,6390.836,1223177615.0,8925717064.78,-19.6823,-0.307,1878630.74,7.43,7.43,3.47,3.09,6410.5183
399986,中证银行指数,2017-09-18,6391.9686,6424.578,6375.7823,6376.2384,1186425123.0,9341932769.48,-14.5976,-0.2284,1874339.67,7.4,7.41,3.48,3.1,6390.836
399986,中证银行指数,2017-09-19,6383.3782,6409.762,6342.077,6392.0382,1379330912.0,10372810170.96,15.7998,0.2478,1878984.13,7.43,7.43,3.47,3.09,6376.2384
399986,中证银行指数,2017-09-20,6380.9024,6411.5311,6363.7705,6385.8611,1070756528.0,8903673134.5,-6.1771,-0.0966,1877168.31,7.43,7.42,3.46,3.09,6392.0382
399986,中证银行指数,2017-09-21,6381.0475,6449.3287,6372.4489,6428.993,1240680694.0,9600104503.95,43.1319,0.6754,1889847.24,7.52,7.47,3.42,3.07,6385.8611
399986,中证银行指数,2017-09-22,6411.224,6466.2548,6408.0523,6429.9992,1192399646.0,9213492436.54,1.0062,0.0157,1890143.02,7.54,7.47,3.42,3.07,6428.993
399986,中证银行指数,2017-09-25,6417.4285,6450.213,6391.6347,6444.9168,1555847907.0,12000757436.01,14.9176,0.232,1894528.16,7.59,7.49,3.39,3.07,6429.9992
399986,中证银行指数,2017-09-26,6417.8282,6433.1337,6401.4468,6410.5589,945361688.0,7519009531.29,-34.3579,-0.5331,1884428.42,7.55,7.45,3.41,3.08,6444.9168
399986,中证银行指数,2017-09-27,6398.1587,6406.2411,6353.0578,6359.9255,1015315738.0,8185671414.17,-50.6334,-0.7898,1869544.39,7.49,7.39,3.44,3.11,6410.5589
399986,中证银行指数,2017-09-28,6365.1349,6368.4463,6321.6849,6345.671,1073204599.0,8225745741.77,-14.2545,-0.2241,1865354.18,7.49,7.37,3.44,3.11,6359.9255
399986,中证银行指数,2017-09-29,6342.197,6376.8517,6339.4435,6362.2867,895281946.0,7404933816.36,16.6157,0.2618,1870238.46,7.48,7.39,3.44,3.11,6345.671
399986,中证银行指数,2017-10-09,6561.16,6580.5268,6408.5302,6427.9876,2729018798.0,20713150584.09,65.7009,1.0327,1889551.7,7.55,7.47,3.41,3.08,6362.2867
399986,中证银行指数,2017-10-10,6428.3382,6476.5603,6407.0866,6469.0316,1555279688.0,13359492776.6,41.044,0.6385,1901616.88,7.58,7.52,3.4,3.06,6427.9876
399986,中证银行指数,2017-10-11,6464.862,6507.5811,6457.1183,6478.6189,1313597573.0,10620552263.28,9.5873,0.1482,1904435.14,7.62,7.53,3.38,3.06,6469.0316
399986,中证银行指数,2017-10-12,6478.449,6507.1156,6465.9941,6475.0234,1108867317.0,8949809515.42,-3.5955,-0.0555,1903378.22,7.61,7.53,3.39,3.06,6478.6189
399986,中证银行指数,2017-10-13,6473.4778,6487.1684,6447.659,6447.659,1014256271.0,8097331044.36,-27.3644,-0.4226,1895334.24,7.56,7.49,3.41,3.07,6475.0234
399986,中证银行指数,2017-10-16,6455.0144,6519.0556,6448.9663,6512.8861,1387573099.0,12316581614.58,65.2271,1.0116,1914508.22,7.63,7.57,3.38,3.04,6447.659
399986,中证银行指数,2017-10-17,6507.2423,6521.2911,6485.9965,6489.0642,974655310.0,8384580929.73,-23.8219,-0.3658,1907505.6,7.59,7.54,3.39,3.05,6512.8861
399986,中证银行指数,2017-10-18,6497.8116,6535.1484,6477.8088,6532.0087,1539949913.0,11705509036.74,42.9445,0.6618,1920129.42,7.67,7.59,3.36,3.03,6489.0642
399986,中证银行指数,2017-10-19,6522.3117,6539.8559,6504.5812,6533.2647,1460599925.0,11532323583.02,1.256,0.0192,1920498.65,7.69,7.59,3.35,3.03,6532.0087
399986,中证银行指数,2017-10-20,6515.1963,6515.2035,6482.219,6489.2679,800744195.0,6314287354.53,-43.9968,-0.6734,1907565.47,7.63,7.54,3.38,3.05,6533.2647
399986,中证银行指数,2017-10-23,6483.7238,6486.2844,6425.7089,6425.7089,1068773631.0,8583570148.34,-63.559,-0.9794,1888881.85,7.55,7.47,3.41,3.08,6489.2679
399986,中证银行指数,2017-10-24,6428.0807,6479.6134,6426.2275,6459.4187,1015819596.0,8235555248.37,33.7098,0.5246,1898791.09,7.59,7.51,3.39,3.07,6425.7089
399986,中证银行指数,2017-10-25,6456.559,6461.9938,6432.9435,6446.5619,988711613.0,7425539073.3,-12.8568,-0.199,1895011.75,7.55,7.49,3.41,3.07,6459.4187
399986,中证银行指数,2017-10-26,6432.3609,6433.646,6379.7048,6388.9778,2022089755.0,14409768188.43,-57.5841,-0.8933,1878084.5,7.45,7.43,3.46,3.1,6446.5619
399986,中证银行指数,2017-10-27,6393.5169,6513.6253,6389.5699,6504.1962,2292481776.0,19166601172.11,115.2184,1.8034,1911953.76,7.57,7.56,3.4,3.04,6388.9778
399986,中证银行指数,2017-10-30,6496.1995,6520.3699,6451.2566,6487.8308,2037452059.0,17224683537.28,-16.3654,-0.2516,1907143.02,7.58,7.54,3.4,3.05,6504.1962
399986,中证银行指数,2017-10-31,6465.8678,6465.8678,6420.702,6424.0476,1528906311.0,11847987260.1,-63.7832,-0.9831,1888393.5,7.48,7.47,3.45,3.08,6487.8308
399986,中证银行指数,2017-11-01,6423.7307,6427.0132,6364.8857,6381.4938,1685775808.0,13389229179.53,-42.5538,-0.6624,1875884.54,7.46,7.44,3.46,3.1,6424.0476
399986,中证银行指数,2017-11-02,6374.0565,6392.8909,6324.5742,6386.1072,1591739540.0,11997069734.5,4.6134,0.0723,1877240.67,7.45,7.45,3.47,3.1,6381.4938
399986,中证银行指数,2017-11-03,6371.8763,6395.0775,6321.2711,6384.9834,1730519884.0,13375925584.34,-1.1238,-0.0176,1876910.31,7.45,7.45,3.47,3.1,6386.1072
399986,中证银行指数,2017-11-06,6362.0077,6363.0494,6295.5932,6318.8834,1330855251.0,11362937923.13,-66.1,-1.0352,1857479.76,7.38,7.37,3.5,3.13,6384.9834
399986,中证银行指数,2017-11-07,6319.718,6424.7548,6312.2409,6399.7985,1992353711.0,16207737270.19,80.9151,1.2805,1881265.32,7.46,7.46,3.46,3.09,6318.8834
399986,中证银行指数,2017-11-08,6396.7661,6455.6271,6382.8363,6419.3068,2037755925.0,17667079319.69,19.5083,0.3048,1886999.92,7.47,7.49,3.46,3.08,6399.7985
399986,中证银行指数,2017-11-09,6412.1336,6444.6386,6379.0177,6393.3398,1360689361.0,11295930581.02,-25.967,-0.4045,1879366.74,7.41,7.46,3.48,3.1,6419.3068
399986,中证银行指数,2017-11-10,6385.7957,6391.1968,6327.6484,6359.0584,2017829294.0,15537522004.5,-34.2814,-0.5362,1869289.48,7.34,7.42,3.52,3.11,6393.3398
399986,中证银行指数,2017-11-13,6370.112,6514.3382,6370.1052,6449.6842,3161830483.0,25969851085.4,90.6258,1.4251,1895929.57,7.45,7.52,3.47,3.07,6359.0584
399986,中证银行指数,2017-11-14,6443.4265,6460.3077,6409.4399,6427.8508,1594004383.0,14164195003.77,-21.8334,-0.3385,1889511.49,7.4,7.5,3.49,3.08,6449.6842
399986,中证银行指数,2017-11-15,6409.2506,6437.4879,6388.3762,6413.858,1323664248.0,11160633015.53,-13.9928,-0.2177,1885398.22,7.39,7.48,3.49,3.09,6427.8508
399986,中证银行指数,2017-11-16,6398.6672,6400.5429,6359.2154,6377.3385,1394370975.0,12246975087.04,-36.5195,-0.5694,1874663.04,7.32,7.44,3.53,3.11,6413.858
399986,中证银行指数,2017-11-17,6379.6448,6563.9983,6379.0737,6559.8572,3714570256.0,31828001714.37,182.5187,2.862,1928315.69,7.51,7.65,3.44,3.02,6377.3385
399986,中证银行指数,2017-11-20,6526.2001,6673.544,6513.7083,6667.5962,2792752224.0,25947058997.2,107.739,1.6424,1959986.33,7.61,7.78,3.39,2.97,6559.8572
399986,中证银行指数,2017-11-21,6642.6758,6782.5982,6631.8924,6693.5472,3294152357.0,29343979335.21,25.951,0.3892,1967614.79,7.63,7.81,3.39,2.96,6667.5962
399986,中证银行指数,2017-11-22,6724.8361,6912.3092,6724.8361,6856.4774,3863552119.0,32754288463.9,162.9302,2.4341,2015509.26,7.81,8.0,3.31,2.89,6693.5472
399986,中证银行指数,2017-11-23,6860.301,6913.1884,6698.9869,6757.5032,3560881896.0,29996549467.37,-98.9742,-1.4435,1986415.11,7.7,7.88,3.36,2.93,6856.4774
399986,中证银行指数,2017-11-24,6762.2252,6823.5376,6700.9058,6778.1092,2204568673.0,19790341318.14,20.606,0.3049,1992472.37,7.7,7.91,3.35,2.92,6757.5032
399986,中证银行指数,2017-11-27,6741.5362,6743.0453,6633.9782,6734.4588,2605926657.0,21959232920.68,-43.6504,-0.644,1979641.05,7.64,7.85,3.38,2.94,6778.1092
399986,中证银行指数,2017-11-28,6692.2115,6697.0007,6602.07,6635.2997,1546820077.0,13637333207.84,-99.1591,-1.4724,1950492.55,7.55,7.74,3.42,2.98,6734.4588
399986,中证银行指数,2017-11-29,6642.6376,6673.9379,6560.9484,6646.1321,1645669878.0,14800859699.71,10.8324,0.1633,1953676.8,7.56,7.75,3.42,2.98,6635.2997
399986,中证银行指数,2017-11-30,6624.6788,6660.7072,6587.543,6615.967,1718496093.0,14557363875.47,-30.1651,-0.4539,1944809.56,7.54,7.72,3.42,2.99,6646.1321
399986,中证银行指数,2017-12-01,6615.8067,6615.8067,6537.2742,6573.0409,1783310122.0,15225906367.59,-42.9261,-0.6488,1932191.13,7.51,7.67,3.44,3.01,6615.967
399986,中证银行指数,2017-12-04,6554.1406,6599.9076,6544.0592,6590.5179,1271757107.0,11128813906.8,17.477,0.2659,1937328.63,7.52,7.69,3.44,3.0,6573.0409
399986,中证银行指数,2017-12-05,6583.776,6740.0985,6583.0768,6709.5218,3225977915.0,25860381989.35,119.0039,1.8057,1972310.63,7.65,7.83,3.38,2.95,6590.5179
399986,中证银行指数,2017-12-06,6686.0721,6688.1503,6582.8835,6634.898,1674091962.0,13897712403.52,-74.6238,-1.1122,1950374.47,7.58,7.74,3.41,2.98,6709.5218
399986,中证银行指数,2017-12-07,6615.1321,6636.0816,6515.5477,6574.4884,1461496925.0,12870937591.93,-60.4096,-0.9105,1932616.63,7.52,7.67,3.44,3.01,6634.898
399986,中证银行指数,2017-12-08,6560.5622,6570.2285,6526.4613,6561.6109,1317652957.0,11412693844.76,-12.8775,-0.1959,1928831.2,7.49,7.65,3.45,3.02,6574.4884
399986,中证银行指数,2017-12-11,6551.8645,6598.5016,6494.2288,6585.0009,1611033125.0,14821146915.29,23.39,0.3565,2012796.57,7.54,7.74,3.42,2.97,6561.6109
399986,中证银行指数,2017-12-12,6567.6824,6582.7937,6489.6654,6491.0189,1210209765.0,10968541785.52,-93.982,-1.4272,1984069.69,7.44,7.63,3.46,3.01,6585.0009
399986,中证银行指数,2017-12-13,6493.4444,6535.3484,6460.5561,6521.0942,1201100559.0,10095247308.34,30.0753,0.4633,1993262.6,7.49,7.66,3.44,2.99,6491.0189
399986,中证银行指数,2017-12-14,6527.3211,6564.9398,6477.1573,6492.3128,1123437815.0,9566866863.45,-28.7814,-0.4414,1984465.18,7.46,7.63,3.45,3.01,6521.0942
399986,中证银行指数,2017-12-15,6487.1009,6487.1009,6414.3957,6414.569,1174960657.0,9787565181.06,-77.7438,-1.1975,1960701.71,7.38,7.54,3.49,3.04,6492.3128
399986,中证银行指数,2017-12-18,6426.503,6455.5083,6412.4572,6434.0603,1032487281.0,8435098457.78,19.4913,0.3039,1966659.51,7.41,7.56,3.48,3.03,6414.569
399986,中证银行指数,2017-12-19,6440.8766,6544.2269,6438.5541,6537.2139,1581682271.0,14311560279.3,103.1536,1.6032,1998189.84,7.51,7.68,3.43,2.99,6434.0603
399986,中证银行指数,2017-12-20,6535.7471,6546.7923,6490.1601,6534.6439,1365394100.0,11453971704.64,-2.57,-0.0393,1997404.27,7.51,7.68,3.43,2.99,6537.2139
399986,中证银行指数,2017-12-21,6515.1321,6584.1093,6500.7381,6545.7203,1280054756.0,11451299794.69,11.0764,0.1695,2000789.92,7.51,7.69,3.43,2.98,6534.6439
399986,中证银行指数,2017-12-22,6538.8785,6543.2979,6496.2401,6502.0481,900739019.0,7887348914.98,-43.6722,-0.6672,1987440.9,7.47,7.64,3.45,3.0,6545.7203
399986,中证银行指数,2017-12-25,6499.9643,6573.823,6485.2853,6498.6033,1409670309.0,12167819955.04,-3.4448,-0.053,1986387.96,7.49,7.64,3.44,3.0,6502.0481
399986,中证银行指数,2017-12-26,6493.249,6575.7682,6493.236,6571.487,1484859833.0,12285476071.24,72.8837,1.1215,2008665.86,7.59,7.72,3.4,2.97,6498.6033
399986,中证银行指数,2017-12-27,6556.6427,6581.9017,6462.9124,6493.2002,1698064352.0,14086616920.51,-78.2868,-1.1913,1984736.44,7.52,7.63,3.43,3.01,6571.487
399986,中证银行指数,2017-12-28,6480.5825,6504.2439,6455.4304,6476.0138,1602092442.0,13007424199.35,-17.1864,-0.2647,1979483.18,7.54,7.61,3.42,3.02,6493.2002
399986,中证银行指数,2017-12-29,6475.8176,6526.2764,6474.9062,6522.5451,1453699322.0,10718418958.14,46.5313,0.7185,1993706.1,7.61,7.66,3.39,2.99,6476.0138
399986,中证银行指数,2018-01-02,6531.3645,6666.483,6531.3645,6607.0794,3078772815.0,22198333192.81,84.5343,1.296,2019545.19,7.66,7.76,3.36,2.96,6522.5451
399986,中证银行指数,2018-01-03,6605.037,6673.8716,6594.6186,6623.29,2133226809.0,18464989811.95,16.2106,0.2454,2025951.78,7.68,7.78,3.34,2.93,6607.0794
399986,中证银行指数,2018-01-04,6637.6831,6646.6367,6587.7334,6603.1634,2209531839.0,17604216123.68,-20.1266,-0.3039,2019795.42,7.65,7.76,3.36,2.94,6623.29
399986,中证银行指数,2018-01-05,6610.6118,6640.5364,6585.1437,6623.6657,1736470898.0,14052639091.86,20.5023,0.3105,2026066.7,7.66,7.78,3.35,2.93,6603.1634
399986,中证银行指数,2018-01-08,6616.5359,6623.1089,6578.8222,6601.1307,1880101837.0,16153939237.33,-22.535,-0.3402,2019173.62,7.65,7.76,3.36,2.94,6623.6657
399986,中证银行指数,2018-01-09,6600.2932,6622.9882,6583.1809,6602.0112,1588782215.0,12772014756.56,0.8805,0.0133,2019442.96,7.64,7.76,3.36,2.94,6601.1307
399986,中证银行指数,2018-01-10,6595.1593,6756.8975,6590.7697,6744.7123,3247388188.0,28057909092.05,142.7011,2.1615,2063092.8,7.78,7.92,3.3,2.87,6602.0112
399986,中证银行指数,2018-01-11,6743.2159,6811.9984,6733.6106,6772.1666,2233164479.0,18511965967.79,27.4543,0.407,2071490.62,7.84,7.96,3.28,2.86,6744.7123
399986,中证银行指数,2018-01-12,6784.2994,6833.0245,6777.7009,6803.1498,1915185331.0,15894279371.66,30.9832,0.4575,2080967.85,7.88,7.99,3.26,2.85,6772.1666
399986,中证银行指数,2018-01-15,6795.4002,6965.2801,6795.4002,6909.9451,3634839097.0,30232553236.0,106.7953,1.5698,2113634.71,8.04,8.12,3.2,2.81,6803.1498
399986,中证银行指数,2018-01-16,6896.5611,6953.8914,6868.247,6934.7313,3307935299.0,26794912018.48,24.7862,0.3587,2121216.4,8.11,8.15,3.17,2.8,6909.9451
399986,中证银行指数,2018-01-17,6957.2128,7186.5716,6957.2128,7007.509,4951231750.0,43069966464.43,72.7777,1.0495,2143477.84,8.21,8.23,3.13,2.77,6934.7313
399986,中证银行指数,2018-01-18,7055.8563,7161.2396,7055.8079,7155.6321,5050016613.0,41900991123.19,148.1231,2.1138,2188786.18,8.48,8.41,3.03,2.71,7007.509
399986,中证银行指数,2018-01-19,7218.7948,7328.3409,7184.5919,7227.4425,6116387454.0,56113189373.0,71.8104,1.0036,2210751.77,8.56,8.49,3.0,2.68,7155.6321
399986,中证银行指数,2018-01-22,7165.4448,7304.4012,7129.7925,7156.2,5171660045.0,46264301592.67,-71.2425,-0.9857,2188959.9,8.5,8.41,3.02,2.71,7227.4425
399986,中证银行指数,2018-01-23,7156.3926,7392.1816,7156.3926,7390.0806,6801199135.0,54697111007.82,233.8806,3.2682,2260500.0,8.82,8.68,2.91,2.62,7156.2
399986,中证银行指数,2018-01-24,7419.9752,7565.3378,7378.9139,7434.1945,6092168093.0,55707050351.23,44.1139,0.5969,2273993.68,8.84,8.73,2.91,2.61,7390.0806
399986,中证银行指数,2018-01-25,7408.8266,7409.1901,7265.8069,7374.0862,4024211674.0,35730567484.08,-60.1083,-0.8085,2255607.57,8.77,8.66,2.93,2.63,7434.1945
399986,中证银行指数,2018-01-26,7344.9174,7495.1377,7344.5484,7388.1412,5803660853.0,48291234923.87,14.055,0.1906,2259906.76,8.77,8.68,2.93,2.62,7374.0862
399986,中证银行指数,2018-01-29,7405.1348,7504.0103,7302.4951,7346.4978,4614863574.0,42509769778.77,-41.6434,-0.5637,2247168.77,8.76,8.63,2.93,2.64,7388.1412
399986,中证银行指数,2018-01-30,7330.3112,7349.7523,7202.3673,7210.6815,3177155296.0,27929264763.86,-135.8163,-1.8487,2205624.87,8.58,8.47,2.99,2.69,7346.4978
399986,中证银行指数,2018-01-31,7185.4322,7337.5371,7179.634,7335.8183,3234296713.0,29450209526.53,125.1368,1.7354,2243902.09,8.74,8.62,2.94,2.64,7210.6815
399986,中证银行指数,2018-02-01,7325.596,7431.3993,7305.6717,7411.6434,4495332061.0,39782100877.31,75.8251,1.0336,2267095.69,8.86,8.71,2.9,2.62,7335.8183
399986,中证银行指数,2018-02-02,7344.4988,7383.975,7253.3168,7381.7235,2692181019.0,23918896352.36,-29.9199,-0.4037,2257943.69,8.82,8.67,2.91,2.63,7411.6434
399986,中证银行指数,2018-02-05,7285.8134,7637.6741,7281.953,7636.0423,4982854036.0,44619777178.77,254.3188,3.4452,2335735.49,9.13,8.97,2.81,2.54,7381.7235
399986,中证银行指数,2018-02-06,7498.472,7565.7514,7422.375,7508.5697,6330651171.0,56230184684.88,-127.4726,-1.6694,2296743.79,8.99,8.82,2.86,2.58,7636.0423
399986,中证银行指数,2018-02-07,7554.5007,7692.8825,7235.3379,7265.4121,6467137754.0,59520527531.93,-243.1576,-3.2384,2222366.03,8.63,8.54,2.98,2.67,7508.5697
399986,中证银行指数,2018-02-08,7181.7417,7205.782,6921.7276,7020.2369,4719210939.0,39373992788.58,-245.1752,-3.3746,2147371.09,8.31,8.25,3.09,2.76,7265.4121
399986,中证银行指数,2018-02-09,6834.4119,6882.9785,6549.3082,6787.9976,5416944212.0,43396976794.0,-232.2393,-3.3081,2076333.04,8.05,7.97,3.19,2.86,7020.2369
399986,中证银行指数,2018-02-12,6756.1296,6774.0521,6660.4059,6715.5452,2823404886.0,22852689842.19,-72.4524,-1.0674,2054171.07,7.95,7.89,3.23,2.89,6787.9976
399986,中证银行指数,2018-02-13,6770.5813,6895.283,6770.5813,6815.8995,2970487029.0,23806501529.02,100.3543,1.4944,2084867.77,8.09,8.01,3.17,2.84,6715.5452
399986,中证银行指数,2018-02-14,6819.995,6846.0466,6764.8076,6832.2068,1524417679.0,12572848097.27,16.3073,0.2393,2089855.87,8.13,8.03,3.16,2.84,6815.8995
399986,中证银行指数,2018-02-22,6949.1383,6990.333,6924.4431,6965.2167,2316137514.0,19243566364.21,133.0099,1.9468,2130541.36,8.31,8.18,3.09,2.78,6832.2068
399986,中证银行指数,2018-02-23,6975.3977,7034.836,6937.0847,7023.9135,1948631240.0,16349741350.01,58.6968,0.8427,2148495.72,8.36,8.25,3.07,2.76,6965.2167
399986,中证银行指数,2018-02-26,7058.9535,7109.7484,6978.4095,7025.3148,2581632981.0,20864503685.22,1.4013,0.02,2148924.34,8.36,8.25,3.07,2.76,7023.9135
399986,中证银行指数,2018-02-27,7035.3278,7035.3278,6854.3472,6881.4815,2712127066.0,21783581981.51,-143.8333,-2.0474,2104928.18,8.16,8.08,3.15,2.82,7025.3148
399986,中证银行指数,2018-02-28,6818.7918,6836.0003,6763.5143,6786.4678,1969368387.0,16120670880.34,-95.0137,-1.3807,2075865.12,8.03,7.97,3.2,2.86,6881.4815
399986,中证银行指数,2018-03-01,6740.2061,6845.0109,6732.0515,6802.8361,1687592836.0,13621399170.04,16.3683,0.2412,2080871.88,8.04,7.99,3.2,2.85,6786.4678
399986,中证银行指数,2018-03-02,6749.2383,6792.5389,6718.6411,6752.2419,1604798340.0,12797568260.55,-50.5942,-0.7437,2065396.0,7.99,7.93,3.22,2.87,6802.8361
399986,中证银行指数,2018-03-05,6746.8362,6803.152,6704.7071,6737.4203,1567478369.0,12002684798.19,-14.8216,-0.2195,2060862.32,7.95,7.92,3.23,2.88,6752.2419
399986,中证银行指数,2018-03-06,6771.8833,6781.5045,6674.6023,6756.2342,2943340405.0,20778600360.31,18.8139,0.2792,2066617.17,7.95,7.94,3.23,2.87,6737.4203
399986,中证银行指数,2018-03-07,6800.8192,6881.4182,6788.6933,6792.912,2755676489.0,22701140579.71,36.6778,0.5429,2077836.29,8.0,7.98,3.21,2.85,6756.2342
399986,中证银行指数,2018-03-08,6803.8573,6814.8601,6743.2183,6791.8902,1627787935.0,12187535622.56,-1.0218,-0.015,2077523.73,7.97,7.98,3.23,2.85,6792.912
399986,中证银行指数,2018-03-09,6813.2894,6835.8391,6776.379,6800.5229,1504874232.0,11867686018.49,8.6327,0.1271,2080164.33,7.97,7.99,3.22,2.85,6791.8902
399986,中证银行指数,2018-03-12,6831.9459,6838.5622,6768.4473,6770.6471,2495127973.0,19335947975.42,-29.8758,-0.4393,2071025.81,7.93,7.95,3.24,2.86,6800.5229
399986,中证银行指数,2018-03-13,6777.6453,6852.5742,6761.6238,6771.9554,2637181518.0,18292361707.35,1.3083,0.0193,2071426.0,7.97,7.96,3.22,2.86,6770.6471
399986,中证银行指数,2018-03-14,6747.4943,6750.4688,6695.875,6709.7185,1511978231.0,11423621187.61,-62.2369,-0.919,2052388.79,7.9,7.88,3.25,2.89,6771.9554
399986,中证银行指数,2018-03-15,6678.6122,6724.3619,6678.2961,6708.1879,1408896588.0,10707613961.73,-1.5306,-0.0228,2051920.62,7.91,7.88,3.25,2.89,6709.7185
399986,中证银行指数,2018-03-16,6704.2624,6715.4218,6637.4361,6640.2453,1475674961.0,11606038183.33,-67.9426,-1.0128,2031138.12,7.82,7.8,3.29,2.92,6708.1879
399986,中证银行指数,2018-03-19,6627.7034,6674.7631,6609.8653,6672.0301,1134729636.0,9076650023.84,31.7848,0.4787,2040860.55,7.85,7.84,3.27,2.91,6640.2453
399986,中证银行指数,2018-03-20,6640.8917,6717.6926,6638.6892,6705.3769,1309142423.0,10185936900.38,33.3468,0.4998,2051060.77,7.92,7.88,3.24,2.89,6672.0301
399986,中证银行指数,2018-03-21,6731.5886,6772.4499,6692.1829,6711.3987,1635385330.0,13230538757.4,6.0218,0.0898,2052902.74,7.92,7.88,3.25,2.89,6705.3769
399986,中证银行指数,2018-03-22,6716.4644,6730.6345,6627.5605,6678.5844,1567153118.0,12272938421.48,-32.8143,-0.4889,2042865.42,7.88,7.85,3.26,2.9,6711.3987
399986,中证银行指数,2018-03-23,6540.4062,6540.4062,6420.738,6511.8355,3291456328.0,24851616707.83,-166.7489,-2.4968,1991859.76,7.69,7.65,3.34,2.98,6678.5844
399986,中证银行指数,2018-03-26,6469.6505,6473.5569,6308.5561,6353.9877,2493804217.0,18438173760.09,-157.8478,-2.424,1943576.81,7.45,7.46,3.45,3.05,6511.8355
399986,中证银行指数,2018-03-27,6426.8493,6443.8804,6307.4554,6341.8265,2260619497.0,16486789191.27,-12.1612,-0.1914,1939856.9,7.44,7.45,3.45,3.06,6353.9877
399986,中证银行指数,2018-03-28,6293.0883,6428.2799,6287.5377,6337.7133,2166470975.0,16163771360.8,-4.1132,-0.0649,1938598.72,7.44,7.45,3.45,3.06,6341.8265
399986,中证银行指数,2018-03-29,6339.9717,6484.8428,6266.7851,6433.3114,2440246166.0,18127207950.49,95.5981,1.5084,1967840.56,7.56,7.56,3.4,3.01,6337.7133
399986,中证银行指数,2018-03-30,6432.5412,6445.0516,6373.0242,6380.7257,1657584808.0,11797653975.79,-52.5857,-0.8174,1951755.51,7.5,7.5,3.42,3.04,6433.3114
399986,中证银行指数,2018-04-02,6377.6464,6434.5733,6332.0298,6334.5631,1870551219.0,13641890665.1,-46.1626,-0.7235,1937635.13,7.41,7.44,3.47,3.06,6380.7257
399986,中证银行指数,2018-04-03,6295.9276,6309.1474,6255.2239,6283.9141,1484219234.0,10461370101.22,-50.649,-0.7996,1922142.46,7.35,7.38,3.49,3.09,6334.5631
399986,中证银行指数,2018-04-04,6298.6293,6336.5777,6269.6261,6280.882,1424544982.0,10781234557.75,-3.0321,-0.0483,1921215.01,7.34,7.38,3.5,3.09,6283.9141
399986,中证银行指数,2018-04-09,6279.7369,6310.052,6253.3865,6282.0122,1174740418.0,8768197300.71,1.1302,0.018,1921560.71,7.34,7.38,3.5,3.09,6280.882
399986,中证银行指数,2018-04-10,6285.4384,6470.8557,6272.3476,6469.4091,2111087125.0,15512741413.75,187.3969,2.9831,1978882.25,7.57,7.6,3.39,3.0,6282.0122
399986,中证银行指数,2018-04-11,6472.9992,6594.9857,6453.4042,6539.1828,2589456895.0,19267405651.12,69.7737,1.0785,2000224.83,7.68,7.68,3.35,2.96,6469.4091
399986,中证银行指数,2018-04-12,6531.4158,6531.4158,6430.5831,6441.5065,1482607818.0,11093352058.13,-97.6763,-1.4937,1970347.29,7.53,7.57,3.41,3.01,6539.1828
399986,中证银行指数,2018-04-13,6477.6583,6497.5919,6388.5179,6394.6891,1257343711.0,9255750231.52,-46.8174,-0.7268,1956026.67,7.48,7.51,3.44,3.03,6441.5065
399986,中证银行指数,2018-04-16,6373.9204,6373.9204,6201.5146,6213.9727,2529148569.0,18402634961.64,-180.7164,-2.826,1900748.58,7.25,7.3,3.54,3.12,6394.6891
399986,中证银行指数,2018-04-17,6225.3336,6259.4366,6178.2247,6185.0855,1522274580.0,11693988978.39,-28.8872,-0.4649,1891912.49,7.22,7.27,3.56,3.13,6213.9727
399986,中证银行指数,2018-04-18,6273.9274,6279.941,6198.6561,6253.0043,1813403732.0,13790852901.06,67.9188,1.0981,1912687.69,7.31,7.35,3.52,3.1,6185.0855
399986,中证银行指数,2018-04-19,6258.0853,6317.106,6245.4374,6272.573,1307807977.0,9644170545.32,19.5687,0.3129,1918673.41,7.33,7.37,3.5,3.09,6253.0043
399986,中证银行指数,2018-04-20,6247.9783,6264.8627,6173.4187,6223.0046,1480741021.0,10744920667.95,-49.5684,-0.7902,1903511.29,7.29,7.31,3.52,3.12,6272.573
399986,中证银行指数,2018-04-23,6188.7721,6270.4865,6188.4915,6243.036,1244592963.0,9354485912.54,20.0314,0.3219,1909638.56,7.33,7.33,3.5,3.11,6223.0046
399986,中证银行指数,2018-04-24,6245.7507,6397.8848,6245.7507,6352.8632,2299913187.0,17054493515.69,109.8272,1.7592,1943232.83,7.45,7.46,3.45,3.05,6243.036
399986,中证银行指数,2018-04-25,6321.6087,6344.4296,6275.5606,6287.6387,1176861474.0,9147662011.02,-65.2245,-1.0267,1923281.76,7.37,7.39,3.48,3.08,6352.8632
399986,中证银行指数,2018-04-26,6312.337,6325.245,6217.4829,6256.7072,1271539784.0,9733095518.41,-30.9315,-0.4919,1913820.35,7.34,7.35,3.5,3.1,6287.6387
399986,中证银行指数,2018-04-27,6271.9614,6291.2942,6208.2511,6290.3889,1437060742.0,12469137967.34,33.6817,0.5383,1924123.01,7.38,7.39,3.48,3.08,6256.7072
399986,中证银行指数,2018-05-02,6330.3516,6340.8095,6249.333,6272.4454,1552922820.0,12554469738.89,-17.9435,-0.2853,1918634.38,7.07,7.04,3.48,3.09,6290.3889
399986,中证银行指数,2018-05-03,6249.6607,6277.028,6198.1471,6250.5775,1227016996.0,9703875149.26,-21.8679,-0.3486,1911945.38,7.05,7.02,3.49,3.1,6272.4454
399986,中证银行指数,2018-05-04,6242.6385,6255.0904,6196.1427,6203.4611,979139436.0,7875002322.77,-47.1164,-0.7538,1897533.26,7.0,6.97,3.52,3.13,6250.5775
399986,中证银行指数,2018-05-07,6209.7282,6246.1107,6182.1711,6241.5876,1296995948.0,10025467707.29,38.1265,0.6146,1909195.53,7.05,7.01,3.49,3.11,6203.4611
399986,中证银行指数,2018-05-08,6242.2252,6355.5848,6233.383,6321.6285,1805241042.0,13913129776.76,80.0409,1.2824,1933678.67,7.12,7.1,3.46,3.07,6241.5876
399986,中证银行指数,2018-05-09,6323.5703,6330.8057,6293.703,6322.3439,912348599.0,6963686276.96,0.7154,0.0113,1933897.5,7.13,7.1,3.46,3.07,6321.6285
399986,中证银行指数,2018-05-10,6343.4429,6363.9752,6296.2508,6331.2136,953139151.0,7528044875.99,8.8697,0.1403,1936610.59,7.13,7.11,3.45,3.06,6322.3439
399986,中证银行指数,2018-05-11,6339.1162,6383.657,6317.4496,6359.3459,1413427462.0,10899118933.66,28.1323,0.4443,1945215.79,7.18,7.14,3.43,3.05,6331.2136
399986,中证银行指数,2018-05-14,6383.4151,6448.4841,6379.6042,6410.4782,1600196860.0,13291099778.8,51.1323,0.804,1960856.27,7.22,7.2,3.41,3.02,6359.3459
399986,中证银行指数,2018-05-15,6418.9581,6422.5879,6351.7474,6389.7154,1226088538.0,9264434533.03,-20.7628,-0.3239,1954505.29,7.21,7.18,3.42,3.03,6410.4782
399986,中证银行指数,2018-05-16,6363.3514,6368.0055,6295.8298,6301.4181,1155508715.0,8770907488.4,-88.2973,-1.3819,1927496.65,7.1,7.08,3.47,3.08,6389.7154
399986,中证银行指数,2018-05-17,6307.7095,6324.1995,6273.5339,6288.2419,871464058.0,6808669806.34,-13.1762,-0.2091,1923466.27,7.09,7.06,3.48,3.08,6301.4181
399986,中证银行指数,2018-05-18,6285.2522,6370.2734,6270.4477,6369.0477,1144616398.0,8814062217.53,80.8058,1.285,1948183.39,7.18,7.15,3.43,3.04,6288.2419
399986,中证银行指数,2018-05-21,6403.4246,6419.2375,6359.1669,6371.8972,1359450160.0,10462482429.32,2.8495,0.0447,1949055.02,7.18,7.16,3.43,3.04,6369.0477
399986,中证银行指数,2018-05-22,6365.4117,6365.8188,6290.8985,6318.4075,1319661236.0,9904666185.89,-53.4897,-0.8395,1932693.42,7.12,7.1,3.46,3.07,6371.8972
399986,中证银行指数,2018-05-23,6308.2896,6308.2896,6242.4854,6242.4854,1357047115.0,10071575033.83,-75.9221,-1.2016,1909470.13,7.02,7.01,3.51,3.11,6318.4075
399986,中证银行指数,2018-05-24,6247.8707,6254.9059,6197.2268,6202.9019,1232081666.0,8942226985.59,-39.5835,-0.6341,1897362.22,6.97,6.97,3.54,3.13,6242.4854
399986,中证银行指数,2018-05-25,6189.2733,6211.2884,6158.8111,6185.3184,1120601436.0,7975793767.77,-17.5835,-0.2835,1891983.72,6.92,6.95,3.56,3.13,6202.9019
399986,中证银行指数,2018-05-28,6180.2292,6186.9863,6140.6767,6163.323,976602295.0,8044417903.29,-21.9954,-0.3556,1885255.69,6.9,6.92,3.57,3.15,6185.3184
399986,中证银行指数,2018-05-29,6144.6901,6155.9573,6078.9374,6150.1055,1614184517.0,11800257151.62,-13.2175,-0.2145,1881212.69,6.89,6.91,3.58,3.15,6163.323
399986,中证银行指数,2018-05-30,6090.7475,6097.9798,6024.7001,6024.7001,1243344581.0,9526318758.26,-125.4054,-2.0391,1842853.33,6.75,6.77,3.65,3.22,6150.1055
399986,中证银行指数,2018-05-31,6055.8142,6107.9425,6034.4579,6083.0434,1436329180.0,10953059711.8,58.3433,0.9684,1860699.53,6.81,6.83,4.37,3.46,6024.7001
399986,中证银行指数,2018-06-01,6075.6457,6118.6092,6055.9889,6081.0921,1106756785.0,7997496159.49,-1.9513,-0.0321,1860102.66,6.8,6.83,4.37,3.46,6083.0434
399986,中证银行指数,2018-06-04,6109.2121,6150.9895,6091.719,6139.6167,1263475534.0,9224829945.14,58.5246,0.9624,1878004.36,6.87,6.89,4.33,3.43,6081.0921
399986,中证银行指数,2018-06-05,6136.6554,6138.7006,6086.8958,6124.8086,1093465636.0,8337029122.04,-14.8081,-0.2412,1873474.81,6.86,6.88,4.33,3.44,6139.6167
399986,中证银行指数,2018-06-06,6115.9787,6115.9787,6066.4999,6075.5743,990908399.0,7478532893.55,-49.2343,-0.8039,1858414.88,6.81,6.82,4.36,3.46,6124.8086
399986,中证银行指数,2018-06-07,6091.5823,6132.4165,6074.0183,6099.2692,1317901652.0,10351981169.95,23.6949,0.39,1865662.75,6.84,6.85,4.34,3.45,6075.5743
399986,中证银行指数,2018-06-08,6082.3656,6083.2052,5975.3922,5989.4751,1540478332.0,11702978524.11,-109.7941,-1.8001,1832078.58,6.72,6.73,4.42,3.51,6099.2692
399986,中证银行指数,2018-06-11,5972.728,6002.4072,5939.5005,6002.3231,1084965995.0,8247037124.54,12.848,0.2145,1921179.86,6.74,6.8,4.39,3.45,5989.4751
399986,中证银行指数,2018-06-12,5994.3631,6013.8031,5965.1216,6001.8545,938472373.0,7403699464.45,-0.4686,-0.0078,1921029.85,6.75,6.8,4.39,3.45,6002.3231
399986,中证银行指数,2018-06-13,5990.972,5998.6279,5957.341,5970.2463,971406370.0,7232028552.81,-31.6082,-0.5266,1910912.95,6.72,6.77,4.41,3.47,6001.8545
399986,中证银行指数,2018-06-14,5948.8863,6007.5647,5945.79,5979.6514,1119130530.0,8138059496.75,9.4051,0.1575,1913923.25,6.74,6.78,4.39,3.47,5970.2463
399986,中证银行指数,2018-06-15,5951.8963,6027.3868,5946.6384,6005.4317,1535004375.0,11374426238.75,25.7803,0.4311,1922174.84,6.79,6.81,4.36,3.45,5979.6514
399986,中证银行指数,2018-06-19,5955.0594,5987.3567,5874.1092,5941.588,3309472083.0,24321071073.47,-63.8437,-1.0631,1901740.2,6.76,6.73,4.38,3.49,6005.4317
399986,中证银行指数,2018-06-20,5915.3437,5926.2769,5877.912,5899.7207,1154930165.0,8455405199.48,-41.8673,-0.7046,1888339.62,6.7,6.69,4.42,3.51,5941.588
399986,中证银行指数,2018-06-21,5900.9453,5955.7375,5879.1671,5892.0194,1141305658.0,8342342814.66,-7.7013,-0.1305,1885874.63,6.69,6.68,4.42,3.52,5899.7207
399986,中证银行指数,2018-06-22,5876.7164,5892.0397,5848.9083,5888.7504,967170002.0,6917993534.33,-3.269,-0.0555,1884828.34,6.69,6.67,4.43,3.52,5892.0194
399986,中证银行指数,2018-06-25,5912.3288,5918.0617,5770.9437,5772.1927,1218331716.0,9183490236.14,-116.5577,-1.9793,1847521.37,6.56,6.54,4.51,3.59,5888.7504
399986,中证银行指数,2018-06-26,5747.2223,5747.2223,5604.8971,5675.4176,1528358187.0,10901696150.86,-96.7751,-1.6766,1816546.31,6.45,6.43,4.59,3.65,5772.1927
399986,中证银行指数,2018-06-27,5649.088,5676.6334,5554.9264,5593.2997,1520406991.0,10138591388.06,-82.1179,-1.4469,1790262.6,6.36,6.34,4.66,3.71,5675.4176
399986,中证银行指数,2018-06-28,5552.4841,5611.9666,5525.9413,5554.6387,1251915466.0,8646538440.85,-38.661,-0.6912,1777888.28,6.29,6.3,4.71,3.73,5593.2997
399986,中证银行指数,2018-06-29,5568.6542,5638.5891,5565.0049,5632.3271,1068161118.0,7244128793.03,77.6884,1.3986,1802754.21,6.39,6.38,4.31,3.08,5554.6387
399986,中证银行指数,2018-07-02,5622.0275,5622.0275,5428.3779,5445.9219,1469661802.0,9824649608.76,-186.4052,-3.3096,1743091.01,6.16,6.17,4.47,3.18,5632.3271
399986,中证银行指数,2018-07-03,5449.0666,5474.0992,5382.6368,5471.2579,1592617306.0,10568915431.24,25.336,0.4652,1751200.37,6.18,6.2,4.46,3.17,5445.9219
399986,中证银行指数,2018-07-04,5456.7926,5509.5005,5446.3479,5454.0674,1101143043.0,7100670709.65,-17.1905,-0.3142,1745692.33,6.17,6.17,4.46,3.18,5471.2579
399986,中证银行指数,2018-07-05,5441.2634,5497.7292,5411.4343,5481.6659,1456117223.0,9414479106.74,27.5985,0.506,1754894.85,6.16,6.06,4.36,3.1,5454.0674
399986,中证银行指数,2018-07-06,5480.1356,5556.5208,5413.4342,5518.7884,1363943345.0,8783220892.93,37.1225,0.6772,1766779.21,6.21,6.1,4.33,3.08,5481.6659
399986,中证银行指数,2018-07-09,5531.9987,5705.5683,5531.9987,5703.5645,1612883889.0,10682859038.4,184.7761,3.3481,1825933.25,6.44,6.3,4.17,2.98,5518.7884
399986,中证银行指数,2018-07-10,5702.9674,5702.9674,5640.0734,5682.7222,1092305753.0,7243649312.28,-20.8423,-0.3654,1819260.8,6.42,6.28,4.19,2.99,5703.5645
399986,中证银行指数,2018-07-11,5579.0983,5625.3128,5571.2383,5612.8822,1157112599.0,7545464955.42,-69.84,-1.229,1796902.33,6.35,6.2,4.23,3.03,5682.7222
399986,中证银行指数,2018-07-12,5568.8517,5702.5279,5563.7397,5670.9078,1536656059.0,10420885368.82,58.0256,1.0338,1815478.57,6.46,6.27,4.16,3.0,5612.8822
399986,中证银行指数,2018-07-13,5663.0285,5663.695,5615.1695,5625.2426,983515540.0,6367284178.23,-45.6652,-0.8053,1800859.37,6.31,6.22,4.25,3.02,5670.9078
399986,中证银行指数,2018-07-16,5592.0525,5615.821,5498.017,5510.2859,1137096322.0,7376753728.4,-114.9567,-2.0436,1764057.23,6.18,6.09,4.34,3.09,5625.2426
399986,中证银行指数,2018-07-17,5498.1334,5502.3972,5444.2396,5473.9764,815889340.0,5268849038.1,-36.3095,-0.6589,1752417.63,6.12,5.99,4.36,3.11,5510.2859
399986,中证银行指数,2018-07-18,5497.9719,5549.3897,5459.0638,5463.7615,886979670.0,5735726853.26,-10.2149,-0.1866,1749147.48,6.11,5.98,4.37,3.11,5473.9764
399986,中证银行指数,2018-07-19,5491.307,5510.2578,5443.4365,5460.1321,901855184.0,5855290151.52,-3.6294,-0.0664,1747985.6,6.08,5.97,4.39,3.11,5463.7615
399986,中证银行指数,2018-07-20,5457.8524,5727.1887,5426.6522,5696.9172,2603384174.0,17984094584.17,236.7851,4.3366,1823789.04,6.36,6.23,4.19,2.99,5460.1321
399986,中证银行指数,2018-07-23,5685.5461,5835.0447,5661.2907,5797.6876,2750214551.0,19755418344.08,100.7704,1.7689,1856049.31,6.48,6.34,4.12,2.93,5696.9172
399986,中证银行指数,2018-07-24,5797.7085,5890.4438,5797.5735,5823.1644,2358395034.0,17458682826.88,25.4768,0.4394,1864205.35,6.5,6.37,4.1,2.92,5797.6876
399986,中证银行指数,2018-07-25,5851.9046,5857.1482,5800.5236,5833.0654,1272574303.0,9227994562.56,9.901,0.17,1867375.0,6.52,6.38,4.09,2.92,5823.1644
399986,中证银行指数,2018-07-26,5850.0457,5879.7659,5785.7478,5798.1878,1337397228.0,9646606578.91,-34.8776,-0.5979,1856209.43,6.46,6.34,4.13,2.93,5833.0654
399986,中证银行指数,2018-07-27,5787.1239,5818.2301,5742.228,5783.0037,915581144.0,6576141897.21,-15.1841,-0.2619,1851348.45,6.45,6.32,4.14,2.94,5798.1878
399986,中证银行指数,2018-07-30,5778.1123,5880.4155,5777.3587,5848.5226,1282786236.0,9050461439.5,65.5189,1.133,1872323.42,6.51,6.4,4.1,2.91,5783.0037
399986,中证银行指数,2018-07-31,5839.774,5890.6452,5783.2873,5862.3166,1451650570.0,10306010039.37,13.794,0.2359,1876739.39,6.55,6.41,3.84,3.39,5848.5226
399986,中证银行指数,2018-08-01,5882.9163,5926.0077,5750.5677,5752.5901,1520133901.0,11050285683.21,-109.7265,-1.8717,1841611.95,6.43,6.29,3.91,3.45,5862.3166
399986,中证银行指数,2018-08-02,5735.5117,5765.2287,5600.3809,5639.1935,1516141225.0,10565954595.47,-113.3966,-1.9712,1805309.62,6.3,6.17,4.0,3.52,5752.5901
399986,中证银行指数,2018-08-03,5644.4549,5714.6467,5636.884,5646.7155,1111946525.0,7230430596.37,7.522,0.1334,1807717.67,6.32,6.18,3.98,3.52,5639.1935
399986,中证银行指数,2018-08-06,5664.746,5761.783,5651.8492,5678.8117,1365333800.0,8977633421.61,32.0962,0.5684,1817992.83,6.36,6.21,3.96,3.5,5646.7155
399986,中证银行指数,2018-08-07,5693.2242,5795.5416,5671.9151,5795.5416,1386074338.0,10054021467.45,116.7299,2.0555,1855362.29,6.48,6.34,3.88,3.43,5678.8117
399986,中证银行指数,2018-08-08,5791.7135,5791.7135,5721.592,5727.0802,959011723.0,6867944761.69,-68.4614,-1.1813,1833445.31,6.4,6.26,3.93,3.47,5795.5416
399986,中证银行指数,2018-08-09,5700.3419,5824.7223,5700.1523,5810.4566,1172275437.0,8513296495.91,83.3764,1.4558,1860137.12,6.48,6.35,3.88,3.42,5727.0802
399986,中证银行指数,2018-08-10,5810.6179,5815.7105,5741.6487,5773.6882,846181777.0,5964662541.28,-36.7684,-0.6328,1848366.22,6.43,6.31,3.91,3.44,5810.4566
399986,中证银行指数,2018-08-13,5729.4698,5729.4698,5623.6003,5687.2426,1331036741.0,9257817449.69,-86.4456,-1.4972,1820691.87,6.33,6.22,3.97,3.49,5773.6882
399986,中证银行指数,2018-08-14,5676.0002,5687.8031,5636.3994,5672.1632,827200667.0,5536621274.42,-15.0794,-0.2651,1815864.4,6.32,6.2,3.98,3.5,5687.2426
399986,中证银行指数,2018-08-15,5666.8708,5669.7801,5563.6658,5567.7836,988473689.0,6700256522.08,-104.3796,-1.8402,1782448.72,6.21,6.09,4.05,3.57,5672.1632
399986,中证银行指数,2018-08-16,5520.3634,5615.215,5499.2156,5582.1665,1112788515.0,7327224917.21,14.3829,0.2583,1787053.21,6.22,6.11,4.04,3.56,5567.7836
399986,中证银行指数,2018-08-17,5621.3868,5626.7626,5533.314,5543.8957,864760723.0,5815871521.84,-38.2708,-0.6856,1774801.33,6.19,6.06,4.07,3.58,5582.1665
399986,中证银行指数,2018-08-20,5589.6287,5637.9831,5555.0444,5628.4394,1036103462.0,7365502938.12,84.5437,1.525,1801866.82,6.29,6.16,4.0,3.53,5543.8957
399986,中证银行指数,2018-08-21,5637.9706,5701.7704,5624.8479,5667.8323,1066194592.0,7714972400.12,39.3929,0.6999,1814477.94,6.33,6.2,3.97,3.5,5628.4394
399986,中证银行指数,2018-08-22,5668.5828,5668.5828,5621.4883,5648.2899,654876388.0,4765696857.96,-19.5424,-0.3448,1808221.68,6.31,6.18,3.99,3.52,5667.8323
399986,中证银行指数,2018-08-23,5653.9278,5690.2209,5620.255,5665.4698,770534094.0,5631051555.54,17.1799,0.3042,1813721.59,6.32,6.2,3.98,3.51,5648.2899
399986,中证银行指数,2018-08-24,5649.5961,5859.7125,5636.0443,5782.0871,1906534423.0,14351995070.84,116.6173,2.0584,1851055.02,6.43,6.32,3.91,3.44,5665.4698
399986,中证银行指数,2018-08-27,5797.6502,5856.8738,5763.5739,5856.8738,1718467076.0,12809410267.13,74.7867,1.2934,1874996.93,6.5,6.41,3.87,3.39,5782.0871
399986,中证银行指数,2018-08-28,5848.624,5886.466,5828.6202,5839.4796,1032715304.0,7927891716.75,-17.3942,-0.297,1869428.41,6.49,6.39,3.88,3.4,5856.8738
399986,中证银行指数,2018-08-29,5831.8671,5850.7293,5805.6923,5829.8903,870907102.0,6531634474.71,-9.5893,-0.1642,1866358.55,6.48,6.38,3.88,3.41,5839.4796
399986,中证银行指数,2018-08-30,5830.8325,5861.198,5758.1185,5758.1185,954602843.0,7018827092.21,-71.7718,-1.2311,1843381.8,6.4,6.3,3.93,3.45,5829.8903
399986,中证银行指数,2018-08-31,5755.8698,5852.2173,5755.8698,5808.1135,1509383353.0,10748389267.66,49.995,0.8683,1859387.0,6.45,6.35,3.95,3.53,5758.1185
399986,中证银行指数,2018-09-03,5796.1462,5827.1751,5769.2291,5799.849,950773620.0,6723181761.96,-8.2645,-0.1423,1856741.23,6.65,6.61,3.95,3.54,5808.1135
399986,中证银行指数,2018-09-04,5801.7201,5889.1182,5773.1774,5866.6996,1173260575.0,8489321775.52,66.8506,1.1526,1878142.53,6.7,6.69,3.92,3.49,5799.849
399986,中证银行指数,2018-09-05,5833.5087,5852.6055,5739.9959,5739.9959,1169221113.0,8454977538.11,-126.7037,-2.1597,1837580.1,6.57,6.54,3.99,3.57,5866.6996
399986,中证银行指数,2018-09-06,5737.3552,5769.0885,5708.6991,5718.4093,804742607.0,5643963038.97,-21.5866,-0.3761,1830669.45,6.54,6.52,4.01,3.59,5739.9959
399986,中证银行指数,2018-09-07,5728.7624,5778.4271,5702.8202,5743.4852,840823899.0,6325415789.68,25.0759,0.4385,1838697.14,6.57,6.55,4.0,3.57,5718.4093
399986,中证银行指数,2018-09-10,5725.444,5752.3121,5699.1657,5718.1653,806000924.0,5522861428.94,-25.3199,-0.4408,1830591.33,6.55,6.52,4.01,3.59,5743.4852
399986,中证银行指数,2018-09-11,5718.7619,5749.6368,5652.6743,5674.1931,848019439.0,6118020947.11,-43.9722,-0.769,1816514.25,6.52,6.47,4.03,3.61,5718.1653
399986,中证银行指数,2018-09-12,5653.9753,5711.9252,5635.4729,5680.6124,801539879.0,5546577109.51,6.4193,0.1131,1818569.29,6.5,6.48,4.04,3.61,5674.1931
399986,中证银行指数,2018-09-13,5741.9945,5756.5175,5689.5117,5754.2391,1065800886.0,7426323048.41,73.6267,1.2961,1842139.87,6.59,6.56,3.98,3.56,5680.6124
399986,中证银行指数,2018-09-14,5769.5625,5769.5625,5730.9376,5745.6644,718377210.0,4905534053.66,-8.5747,-0.149,1839394.8,6.59,6.55,3.99,3.57,5754.2391
399986,中证银行指数,2018-09-17,5729.9245,5729.9245,5686.5807,5692.7381,636960808.0,4307246971.33,-52.9263,-0.9212,1822451.16,6.53,6.49,4.02,3.6,5745.6644
399986,中证银行指数,2018-09-18,5690.962,5788.7447,5690.962,5784.6892,1028668733.0,7431078390.95,91.9511,1.6152,1851888.03,6.62,6.59,3.96,3.54,5692.7381
399986,中证银行指数,2018-09-19,5777.5334,5842.876,5772.633,5814.1959,1327379420.0,9501336028.62,29.5067,0.5101,1861334.19,6.66,6.63,3.94,3.53,5784.6892
399986,中证银行指数,2018-09-20,5829.9328,5871.0085,5819.3863,5838.6659,1174073463.0,7851126727.53,24.47,0.4209,1869167.93,6.69,6.66,3.92,3.51,5814.1959
399986,中证银行指数,2018-09-21,5854.4767,6072.0392,5826.076,6072.0392,2707384866.0,18747158469.59,233.3733,3.997,1943879.17,6.99,6.92,3.75,3.38,5838.6659
399986,中证银行指数,2018-09-25,6002.0142,6022.426,5968.6083,5992.7932,1418550350.0,10268728161.25,-79.246,-1.3051,1918509.66,6.9,6.83,3.8,3.42,6072.0392
399986,中证银行指数,2018-09-26,6007.879,6129.39,5988.3231,6058.3414,2041631929.0,15080307813.1,65.5482,1.0938,1939493.99,6.95,6.91,3.78,3.38,5992.7932
399986,中证银行指数,2018-09-27,6056.3687,6073.9489,6010.0415,6059.0764,1283580452.0,9325750372.26,0.735,0.0121,1939729.3,6.95,6.91,3.78,3.38,6058.3414
399986,中证银行指数,2018-09-28,6075.1684,6190.4613,6072.1861,6136.3227,1958193027.0,14811497049.34,77.2463,1.2749,1964458.63,7.03,7.0,3.68,3.2,6059.0764
399986,中证银行指数,2018-10-08,5996.8922,6017.5189,5899.0556,5918.6488,1864546452.0,13768503275.17,-217.6739,-3.5473,1894773.35,6.8,6.75,3.81,3.31,6136.3227
399986,中证银行指数,2018-10-09,5901.0202,5952.4048,5871.6291,5909.3173,1158398143.0,8779174237.34,-9.3315,-0.1577,1891785.99,6.77,6.74,3.82,3.32,5918.6488
399986,中证银行指数,2018-10-10,5913.1977,5977.4383,5889.2416,5940.909,1034380164.0,7733471768.71,31.5917,0.5346,1901899.64,6.8,6.77,3.81,3.3,5909.3173
399986,中证银行指数,2018-10-11,5796.8551,5837.5005,5668.2466,5718.4621,1983626437.0,14017417770.44,-222.4469,-3.7443,1830686.35,6.57,6.52,3.94,3.43,5940.909
399986,中证银行指数,2018-10-12,5735.7205,5859.8702,5721.8419,5834.1398,1559069434.0,11468045909.21,115.6777,2.0229,1867718.97,6.71,6.65,3.86,3.36,5718.4621
399986,中证银行指数,2018-10-15,5837.9473,5843.442,5749.121,5764.1323,1121900450.0,8096549434.78,-70.0075,-1.2,1845307.02,6.62,6.57,3.91,3.4,5834.1398
399986,中证银行指数,2018-10-16,5769.7925,5871.8478,5769.5244,5801.6254,1141174796.0,8967627430.5,37.4931,0.6505,1857309.93,6.66,6.61,3.89,3.38,5764.1323
399986,中证银行指数,2018-10-17,5856.5544,5877.2044,5759.4526,5844.286,1392245710.0,10393291779.45,42.6606,0.7353,1870967.13,6.7,6.66,3.86,3.36,5801.6254
399986,中证银行指数,2018-10-18,5834.3262,5834.3262,5731.8152,5731.8152,1188441646.0,8733506589.1,-112.4708,-1.9245,1834961.17,6.57,6.53,3.94,3.42,5844.286
399986,中证银行指数,2018-10-19,5726.2281,5928.1616,5699.6907,5911.4237,1970319635.0,14420096461.76,179.6085,3.1335,1892460.34,6.77,6.74,3.82,3.32,5731.8152
399986,中证银行指数,2018-10-22,5938.3245,6136.6525,5937.7882,6072.4999,2622340337.0,19566985119.78,161.0762,2.7248,1944026.65,6.95,6.92,3.72,3.23,5911.4237
399986,中证银行指数,2018-10-23,6064.3738,6080.7874,5921.8635,5933.9206,1687012400.0,12644488696.82,-138.5793,-2.2821,1899662.4,6.79,6.76,3.81,3.31,6072.4999
399986,中证银行指数,2018-10-24,5944.5528,6185.9541,5944.5245,6051.6698,2478662647.0,18185280404.69,117.7492,1.9843,1937358.19,6.93,6.9,3.73,3.24,5933.9206
399986,中证银行指数,2018-10-25,5941.6061,6118.7681,5934.9625,6115.8682,1958409283.0,14563092496.43,64.1984,1.0608,1957910.41,6.98,6.97,3.7,3.21,6051.6698
399986,中证银行指数,2018-10-26,6120.4195,6136.5626,6035.2909,6102.5392,1669139529.0,12200632327.13,-13.329,-0.2179,1953643.3,6.99,6.96,3.7,3.21,6115.8682
399986,中证银行指数,2018-10-29,6140.0203,6165.8389,5944.041,5985.794,1783871222.0,14096972642.18,-116.7452,-1.9131,1916268.96,6.86,6.82,3.77,3.28,6102.5392
399986,中证银行指数,2018-10-30,6024.7568,6124.9642,6013.1568,6080.9244,1969769178.0,15257585457.83,95.1304,1.5893,1946723.63,6.95,6.93,3.72,3.23,5985.794
399986,中证银行指数,2018-10-31,6106.7799,6122.5513,6044.7024,6093.0471,1676427681.0,12692874841.54,12.1227,0.1994,1950604.55,6.96,6.95,3.72,3.22,6080.9244
399986,中证银行指数,2018-11-01,6125.6547,6137.4803,6028.3464,6043.083,1796439765.0,13840117978.17,-49.9641,-0.82,1934609.23,6.9,6.89,3.75,3.25,6093.0471
399986,中证银行指数,2018-11-02,6135.5955,6194.4072,6073.0156,6177.5343,2876007956.0,22462895780.3,134.4513,2.2249,1977651.96,7.02,7.05,3.69,3.18,6043.083
399986,中证银行指数,2018-11-05,6133.5793,6150.2962,6081.2632,6112.738,1654806324.0,11871905453.52,-64.7963,-1.0489,1956908.3,6.94,6.97,3.73,3.21,6177.5343
399986,中证银行指数,2018-11-06,6105.5212,6107.6286,6034.6944,6070.5392,1195576569.0,8682755465.07,-42.1988,-0.6903,1943398.94,6.9,6.92,3.75,3.23,6112.738
399986,中证银行指数,2018-11-07,6081.6973,6129.315,6042.1118,6045.0865,1196829217.0,9243404327.18,-25.4527,-0.4193,1935250.63,6.87,6.89,3.77,3.25,6070.5392
399986,中证银行指数,2018-11-08,6100.3553,6127.0215,6066.9479,6084.9748,1047236100.0,8281738203.22,39.8883,0.6598,1948020.3,6.91,6.94,3.75,3.22,6045.0865
399986,中证银行指数,2018-11-09,6032.3163,6032.3445,5885.6374,5900.2001,2398151694.0,18088655159.12,-184.7747,-3.0366,1888867.25,6.69,6.73,3.87,3.32,6084.9748
399986,中证银行指数,2018-11-12,5886.766,5927.3048,5886.766,5920.0782,1397603051.0,10424910086.28,19.8781,0.3369,1895230.96,6.71,6.75,3.86,3.31,5900.2001
399986,中证银行指数,2018-11-13,5858.9406,5968.6458,5858.5027,5940.9805,1490707265.0,10632408478.29,20.9023,0.3531,1901922.53,6.73,6.78,3.85,3.3,5920.0782
399986,中证银行指数,2018-11-14,5938.574,5938.574,5862.3789,5871.7195,1428841293.0,9930890945.22,-69.261,-1.1658,1879749.58,6.65,6.7,3.89,3.34,5940.9805
399986,中证银行指数,2018-11-15,5873.0026,5924.6189,5867.6439,5921.5446,1215026370.0,8430455126.99,49.8251,0.8486,1895700.41,6.7,6.75,3.86,3.31,5871.7195
399986,中证银行指数,2018-11-16,5923.2047,5966.2828,5889.4371,5923.6103,1619580799.0,11526783280.9,2.0657,0.0349,1896361.71,6.69,6.76,3.87,3.31,5921.5446
399986,中证银行指数,2018-11-19,5945.9519,6012.0972,5931.6887,6005.0683,1733931766.0,12792336761.74,81.458,1.3751,1922439.34,6.78,6.85,3.81,3.27,5923.6103
399986,中证银行指数,2018-11-20,5976.2496,5988.1983,5906.5157,5917.0917,1377842580.0,9746145223.3,-87.9766,-1.465,1894274.88,6.69,6.75,3.87,3.32,6005.0683
399986,中证银行指数,2018-11-21,5881.3855,5929.4736,5880.8358,5922.6366,908191713.0,6675693061.7,5.5449,0.0937,1896049.98,6.7,6.75,3.86,3.31,5917.0917
399986,中证银行指数,2018-11-22,5932.3307,5932.3307,5877.8699,5900.5974,700130767.0,5207412342.41,-22.0392,-0.3721,1888994.44,6.68,6.73,3.87,3.32,5922.6366
399986,中证银行指数,2018-11-23,5891.9923,5912.891,5825.7165,5825.7165,1027494187.0,7411730946.81,-74.8809,-1.269,1865022.37,6.62,6.64,3.91,3.37,5900.5974
399986,中证银行指数,2018-11-26,5855.3637,5885.5266,5829.9673,5851.94,868055982.0,5977526492.36,26.2235,0.4501,1873417.44,6.65,6.67,3.89,3.35,5825.7165
399986,中证银行指数,2018-11-27,5860.339,5875.1228,5809.7872,5821.673,756691568.0,5804432050.21,-30.267,-0.5172,1863727.9,6.61,6.64,3.91,3.37,5851.94
399986,中证银行指数,2018-11-28,5825.5386,5880.7946,5822.9904,5863.2784,785434415.0,5639188584.3,41.6054,0.7147,1877047.28,6.65,6.69,3.89,3.35,5821.673
399986,中证银行指数,2018-11-29,5892.8144,5899.3464,5831.7202,5831.7202,830725095.0,6251400246.84,-31.5582,-0.5382,1866944.35,6.62,6.65,3.91,3.36,5863.2784
399986,中证银行指数,2018-11-30,5835.2216,5881.7747,5834.6343,5881.3012,857416846.0,6307136154.34,49.581,0.8502,1882817.03,6.66,6.71,3.89,3.34,5831.7202
399986,中证银行指数,2018-12-03,5998.674,6011.566,5945.4938,5987.6935,1694317627.0,12708386947.43,106.3923,1.809,1916877.06,6.77,6.83,3.83,3.28,5881.3012
399986,中证银行指数,2018-12-04,5988.9063,6010.1503,5977.4993,6007.746,916445122.0,6855471164.33,20.0525,0.3349,1923296.57,6.78,6.85,3.82,3.27,5987.6935
399986,中证银行指数,2018-12-05,5957.297,5992.487,5950.7999,5965.8742,859819772.0,6211488672.27,-41.8718,-0.697,1909891.9,6.74,6.8,3.84,3.29,6007.746
399986,中证银行指数,2018-12-06,5908.0419,5928.0423,5877.546,5896.3257,1052553388.0,7422949526.44,-69.5485,-1.1658,1887626.93,6.67,6.72,3.88,3.33,5965.8742
399986,中证银行指数,2018-12-07,5912.7462,5924.843,5881.2821,5888.4427,566654522.0,4282853134.4,-7.883,-0.1337,1885103.27,6.67,6.72,3.88,3.33,5896.3257
399986,中证银行指数,2018-12-10,5847.1925,5868.3585,5820.4704,5834.7767,764218267.0,5533051900.8,-53.666,-0.9114,1867922.86,6.62,6.65,3.91,3.36,5888.4427
399986,中证银行指数,2018-12-11,5837.298,5853.8593,5821.7522,5835.2955,602201320.0,4334857307.9,0.5188,0.0089,1868088.95,6.62,6.65,3.91,3.36,5834.7767
399986,中证银行指数,2018-12-12,5879.9812,5879.9812,5822.2519,5843.3298,647540970.0,4631729146.74,8.0343,0.1377,1870661.01,6.63,6.66,3.9,3.36,5835.2955
399986,中证银行指数,2018-12-13,5850.0097,5912.3935,5832.1312,5883.952,1107919616.0,8461910013.04,40.6222,0.6952,1883665.64,6.68,6.71,3.88,3.33,5843.3298
399986,中证银行指数,2018-12-14,5860.8502,5870.5366,5811.7161,5817.9612,1052842341.0,7456959022.55,-65.9908,-1.1215,1862539.62,6.62,6.64,3.91,3.37,5883.952
399986,中证银行指数,2018-12-17,5814.8697,5842.5727,5801.9559,5837.4893,926598249.0,6480708215.55,19.5281,0.3357,1831593.58,6.64,6.66,3.9,3.38,5817.9612
399986,中证银行指数,2018-12-18,5801.2168,5841.0316,5765.3444,5778.3014,889409534.0,6448181890.21,-59.1879,-1.0139,1813022.55,6.59,6.6,3.93,3.42,5837.4893
399986,中证银行指数,2018-12-19,5791.3495,5798.7579,5712.601,5716.0268,858181869.0,7121478780.13,-62.2746,-1.0777,1793483.02,6.53,6.53,3.96,3.45,5778.3014
399986,中证银行指数,2018-12-20,5703.7008,5718.0323,5568.8974,5612.4652,1512877929.0,11269721784.85,-103.5616,-1.8118,1760989.13,6.43,6.41,4.02,3.52,5716.0268
399986,中证银行指数,2018-12-21,5595.0892,5595.936,5507.7762,5553.2142,1389322093.0,9875611256.52,-59.251,-1.0557,1742398.32,6.39,6.34,4.05,3.55,5612.4652
399986,中证银行指数,2018-12-24,5518.6144,5551.2708,5494.599,5540.9852,973537259.0,6997781660.35,-12.229,-0.2202,1738561.29,6.4,6.33,4.05,3.56,5553.2142
399986,中证银行指数,2018-12-25,5486.853,5546.8272,5440.4476,5521.6727,1405204924.0,9440553045.91,-19.3125,-0.3485,1732501.71,6.39,6.3,4.05,3.57,5540.9852
399986,中证银行指数,2018-12-26,5513.4499,5538.8402,5491.2826,5503.8712,921830145.0,6214077037.43,-17.8015,-0.3224,1726916.24,6.4,6.28,4.04,3.59,5521.6727
399986,中证银行指数,2018-12-27,5556.6909,5561.7408,5510.0633,5513.0777,1259733369.0,8501948143.37,9.2065,0.1673,1729804.93,6.41,6.29,4.04,3.58,5503.8712
399986,中证银行指数,2018-12-28,5529.6524,5602.8236,5529.6524,5564.1594,1148825806.0,8050161019.26,51.0817,0.9266,1745832.52,6.45,6.35,4.01,3.55,5513.0777
399986,中证银行指数,2019-01-02,5559.9176,5565.4662,5446.9982,5470.4911,1035128850.0,6994354680.45,-93.6683,-1.6834,1716442.79,6.33,6.25,4.09,3.61,5564.1594
399986,中证银行指数,2019-01-03,5460.3361,5534.3701,5460.3361,5520.8639,899751130.0,5889958297.95,50.3728,0.9208,1732247.94,6.37,6.3,4.06,3.58,5470.4911
399986,中证银行指数,2019-01-04,5491.3297,5638.1032,5485.8672,5633.2327,1460098303.0,10389641243.14,112.3688,2.0353,1767505.23,6.48,6.43,4.0,3.5,5520.8639
399986,中证银行指数,2019-01-07,5661.8069,5661.8069,5601.1944,5620.2626,1183761493.0,8048447334.48,-12.9701,-0.2302,1763435.69,6.45,6.42,4.01,3.51,5633.2327
399986,中证银行指数,2019-01-08,5624.0788,5624.0788,5580.9806,5595.5946,899515471.0,5571340630.87,-24.668,-0.4389,1755695.75,6.41,6.39,4.04,3.53,5620.2626
399986,中证银行指数,2019-01-09,5617.6702,5702.5165,5617.6702,5642.9073,1508224070.0,10390120916.13,47.3127,0.8455,1770540.77,6.47,6.44,4.0,3.5,5595.5946
399986,中证银行指数,2019-01-10,5625.0883,5659.5248,5609.2954,5627.9269,1095603356.0,7261616047.09,-14.9804,-0.2655,1765840.47,6.43,6.43,4.02,3.51,5642.9073
399986,中证银行指数,2019-01-11,5642.3475,5697.5269,5633.7593,5676.7248,909949167.0,6418653086.52,48.7979,0.8671,1779232.1,6.47,6.48,3.98,3.47,5627.9269
399986,中证银行指数,2019-01-14,5672.9606,5683.5075,5633.6501,5639.2401,860361300.0,5517684434.27,-37.4847,-0.6603,1767483.41,6.42,6.44,4.01,3.49,5676.7248
399986,中证银行指数,2019-01-15,5652.0954,5708.5794,5640.7144,5698.9628,983759776.0,6601202942.78,59.7227,1.0591,1786202.05,6.48,6.51,3.98,3.46,5639.2401
399986,中证银行指数,2019-01-16,5692.6052,5714.9035,5682.5929,5710.3076,838044641.0,5640728759.65,11.3448,0.1991,1789757.81,6.48,6.52,3.97,3.45,5698.9628
399986,中证银行指数,2019-01-17,5726.608,5733.1127,5670.1219,5680.6911,1172563056.0,7527204774.71,-29.6165,-0.5186,1780475.23,6.47,6.49,3.98,3.47,5710.3076
399986,中证银行指数,2019-01-18,5710.6998,5793.0061,5704.8188,5783.5607,1654958730.0,10849637143.93,102.8696,1.8109,1812717.23,6.59,6.61,3.91,3.41,5680.6911
399986,中证银行指数,2019-01-21,5779.2954,5825.2115,5778.88,5796.0894,1350854982.0,8838231161.92,12.5287,0.2166,1816644.04,6.61,6.62,3.9,3.4,5783.5607
399986,中证银行指数,2019-01-22,5798.0459,5807.23,5735.7335,5750.6383,875235084.0,5879854698.25,-45.4511,-0.7842,1802398.48,6.56,6.57,3.93,3.43,5796.0894
399986,中证银行指数,2019-01-23,5752.1616,5796.3942,5748.6624,5766.1249,785217139.0,5223196194.53,15.4866,0.2693,1807252.38,6.59,6.59,3.91,3.42,5750.6383
399986,中证银行指数,2019-01-24,5783.8814,5823.0357,5766.3609,5813.4252,888900134.0,6752895809.03,47.3003,0.8203,1822077.52,6.64,6.64,3.88,3.39,5766.1249
399986,中证银行指数,2019-01-25,5836.9502,5928.7815,5835.8393,5906.6661,1653032148.0,12199215080.18,93.2409,1.6039,1851301.62,6.73,6.75,3.83,3.34,5813.4252
399986,中证银行指数,2019-01-28,5935.065,5977.2689,5882.7963,5901.2386,1275312495.0,9579627126.72,-5.4275,-0.0919,1849600.52,6.73,6.74,3.83,3.34,5906.6661
399986,中证银行指数,2019-01-29,5894.2851,5960.0846,5877.3748,5943.3929,1175718139.0,8307166066.49,42.1543,0.7143,1862812.74,6.77,6.79,3.81,3.31,5901.2386
399986,中证银行指数,2019-01-30,5936.1024,5968.9438,5911.3249,5921.9316,990393207.0,7035714960.0,-21.4613,-0.3611,1856086.24,6.76,6.76,3.81,3.33,5943.3929
399986,中证银行指数,2019-01-31,5945.9095,6041.8326,5944.028,6027.9538,1696170526.0,12170059834.4,106.0222,1.7903,1889316.33,6.87,6.88,3.75,3.27,5921.9316
399986,中证银行指数,2019-02-01,6055.4155,6060.1587,5986.3957,6034.2023,1216821487.0,8854854200.98,6.2485,0.1037,1891274.75,6.87,6.89,3.75,3.26,6027.9538
399986,中证银行指数,2019-02-11,5995.5089,6036.1575,5973.2438,6029.6526,1251950800.0,8957553819.94,-4.5497,-0.0754,1889848.78,6.86,6.89,3.76,3.27,6034.2023
399986,中证银行指数,2019-02-12,6037.7922,6051.9216,5990.7964,6034.2865,1266650772.0,9113074620.49,4.6339,0.0769,1891301.14,6.87,6.89,3.75,3.26,6029.6526
399986,中证银行指数,2019-02-13,6038.1645,6140.3447,6010.626,6118.7422,1816434733.0,13307421783.04,84.4557,1.3996,1917771.76,6.96,6.99,3.7,3.22,6034.2865
399986,中证银行指数,2019-02-14,6100.9185,6115.4212,6072.0763,6085.5741,1257804987.0,9261958874.96,-33.1681,-0.5421,1907376.02,6.91,6.95,3.73,3.24,6118.7422
399986,中证银行指数,2019-02-15,6068.4472,6076.0571,5961.4925,5968.451,1462716772.0,10628847389.69,-117.1231,-1.9246,1870666.61,6.77,6.82,3.8,3.3,6085.5741
399986,中证银行指数,2019-02-18,6008.4795,6083.6462,6005.9788,6081.8108,1768947643.0,12347830060.47,113.3598,1.8993,1906196.49,6.89,6.95,3.74,3.24,5968.451
399986,中证银行指数,2019-02-19,6082.8105,6166.0072,6056.1097,6072.7484,1913917044.0,13715204734.0,-9.0624,-0.149,1903356.11,6.87,6.94,3.75,3.24,6081.8108
399986,中证银行指数,2019-02-20,6104.3729,6122.316,6058.4498,6082.4415,1268924451.0,9027503755.26,9.6931,0.1596,1906394.19,6.88,6.95,3.74,3.24,6072.7484
399986,中证银行指数,2019-02-21,6084.8458,6123.1652,6039.5384,6053.9889,1417583303.0,10300052754.6,-28.4526,-0.4678,1897476.4,6.86,6.91,3.76,3.25,6082.4415
399986,中证银行指数,2019-02-22,6046.9678,6136.4858,6006.2417,6135.5551,2123553718.0,14715848341.68,81.5662,1.3473,1923041.35,6.91,7.01,3.73,3.21,6053.9889
399986,中证银行指数,2019-02-25,6180.5832,6574.1598,6180.5832,6545.4305,5669814585.0,41303571950.37,409.8754,6.6803,2051506.88,7.36,7.48,3.5,3.01,6135.5551
399986,中证银行指数,2019-02-26,6520.6865,6574.8107,6385.3842,6393.6932,4268258052.0,31805164182.87,-151.7373,-2.3182,2003948.49,7.19,7.3,3.58,3.08,6545.4305
399986,中证银行指数,2019-02-27,6418.8438,6626.5803,6402.257,6495.6491,4430200295.0,33721345045.01,101.9559,1.5946,2035904.11,7.29,7.42,3.54,3.03,6393.6932
399986,中证银行指数,2019-02-28,6490.1415,6545.6632,6447.2714,6468.1127,2454150069.0,19065663436.1,-27.5364,-0.4239,2027273.48,7.24,7.39,3.56,3.05,6495.6491
399986,中证银行指数,2019-03-01,6505.7986,6676.7435,6433.3147,6676.7435,3378225634.0,27299478504.8,208.6308,3.2255,2092663.78,7.43,7.63,3.47,2.95,6468.1127
399986,中证银行指数,2019-03-04,6717.4907,6892.42,6676.8818,6713.2622,5440365427.0,42886438272.9,36.5187,0.547,2104109.66,7.46,7.67,3.45,2.93,6676.7435
399986,中证银行指数,2019-03-05,6690.352,6727.0013,6649.8926,6685.6893,2753303617.0,21917350340.99,-27.5729,-0.4107,2095467.61,7.42,7.64,3.47,2.95,6713.2622
399986,中证银行指数,2019-03-06,6683.7796,6752.4696,6631.6608,6711.4746,3109955434.0,24001153024.84,25.7853,0.3857,2103549.38,7.45,7.67,3.46,2.94,6685.6893
399986,中证银行指数,2019-03-07,6695.7368,6695.7368,6579.93,6605.7473,3782966996.0,29953711465.97,-105.7273,-1.5753,2070411.71,7.34,7.54,3.51,2.98,6711.4746
399986,中证银行指数,2019-03-08,6507.1534,6507.1534,6351.6044,6357.6756,3726722190.0,28820757697.65,-248.0717,-3.7554,1992659.64,7.08,7.26,3.64,3.1,6605.7473
399986,中证银行指数,2019-03-11,6344.3615,6392.233,6310.9493,6378.9617,2437782368.0,18389741633.87,21.2861,0.3348,1999331.26,7.11,7.29,3.62,3.09,6357.6756
399986,中证银行指数,2019-03-12,6432.3348,6489.4543,6367.0295,6401.3723,2771381788.0,21498690854.32,22.4106,0.3513,2007087.5,7.15,7.31,3.61,3.08,6378.9617
399986,中证银行指数,2019-03-13,6403.7791,6463.7621,6328.3699,6405.3865,2430209845.0,18895774440.71,4.0142,0.0627,2008346.13,7.13,7.32,3.62,3.07,6401.3723
399986,中证银行指数,2019-03-14,6388.6968,6478.7791,6381.0427,6401.8881,1960239324.0,15618153728.83,-3.4984,-0.0546,2007249.24,7.12,7.31,3.62,3.08,6405.3865
399986,中证银行指数,2019-03-15,6404.2278,6483.4832,6395.9396,6427.2636,1930380535.0,15163993050.58,25.3755,0.3964,2015205.48,7.14,7.34,3.61,3.06,6401.8881
399986,中证银行指数,2019-03-18,6437.814,6538.8423,6405.0363,6538.8423,2587444497.0,19604600762.02,111.5787,1.736,2050189.89,7.25,7.47,3.56,3.01,6427.2636
399986,中证银行指数,2019-03-19,6548.1926,6570.3708,6489.3139,6506.9323,1899223550.0,15207710824.44,-31.91,-0.488,2040184.81,7.22,7.43,3.57,3.03,6538.8423
399986,中证银行指数,2019-03-20,6485.3058,6552.2917,6465.5664,6515.5791,1845504285.0,14606064904.58,8.6468,0.1329,2042895.94,7.21,7.44,3.58,3.02,6506.9323
399986,中证银行指数,2019-03-21,6508.5871,6516.8416,6464.4405,6468.6573,1926936840.0,14738467125.46,-46.9218,-0.7201,2028184.07,7.17,7.39,3.6,3.04,6515.5791
399986,中证银行指数,2019-03-22,6479.2848,6487.7637,6403.675,6453.9984,1676368990.0,12880809351.67,-14.6589,-0.2266,2026417.2,7.16,7.38,3.6,3.05,6468.6573
399986,中证银行指数,2019-03-25,6382.5605,6388.8157,6281.6453,6281.6453,2268545035.0,17152227371.04,-172.3531,-2.6705,1972302.03,6.99,7.18,3.68,3.13,6453.9984
399986,中证银行指数,2019-03-26,6326.1179,6326.8733,6245.768,6269.8451,1588000183.0,11958574199.13,-11.8002,-0.1879,1968597.01,6.98,7.17,3.69,3.14,6281.6453
399986,中证银行指数,2019-03-27,6290.904,6366.4122,6281.5012,6327.0108,1559432770.0,12250444142.01,57.1657,0.9118,1986545.8,7.04,7.23,3.66,3.11,6269.8451
399986,中证银行指数,2019-03-28,6299.8832,6302.4821,6246.4086,6291.4146,1364202673.0,10156057254.55,-35.5962,-0.5626,1975369.37,7.0,7.19,3.68,3.13,6327.0108
399986,中证银行指数,2019-03-29,6293.4726,6492.5264,6286.9993,6478.5331,2779946599.0,22784466995.88,187.1185,2.9742,2034120.58,7.18,7.41,3.59,3.04,6291.4146
399986,中证银行指数,2019-04-01,6509.8636,6636.2993,6509.8348,6590.1022,3604584950.0,28692431012.41,111.5691,1.7221,2069150.86,7.29,7.53,3.54,2.99,6478.5331
399986,中证银行指数,2019-04-02,6610.9751,6649.1985,6587.466,6607.0304,2739270505.0,20823986716.25,16.9282,0.2569,2074465.97,7.29,7.55,3.53,2.98,6590.1022
399986,中证银行指数,2019-04-03,6550.8938,6656.0958,6537.2728,6653.1725,2792332406.0,20566916272.68,46.1421,0.6984,2088953.59,7.33,7.61,3.51,2.96,6607.0304
399986,中证银行指数,2019-04-04,6664.8844,6785.3206,6664.8844,6763.0007,3932806131.0,30189223337.21,109.8282,1.6508,2123437.3,7.45,7.73,3.46,2.91,6653.1725
399986,中证银行指数,2019-04-08,6796.6276,6941.6613,6764.216,6813.2407,4147381587.0,33202798013.23,50.24,0.7429,2139211.57,7.49,7.79,3.44,2.89,6763.0007
399986,中证银行指数,2019-04-09,6799.8496,6818.1287,6712.2267,6737.5149,2131848717.0,17258066909.11,-75.7258,-1.1115,2115435.31,7.42,7.7,3.47,2.92,6813.2407
399986,中证银行指数,2019-04-10,6715.6174,6751.0445,6650.2384,6716.5601,2161494517.0,17719831763.17,-20.9548,-0.311,2108855.95,7.39,7.68,3.48,2.93,6737.5149
399986,中证银行指数,2019-04-11,6722.9142,6781.9191,6644.0658,6667.1158,1990967006.0,16020205830.16,-49.4443,-0.7362,2093331.5,7.35,7.62,3.51,2.95,6716.5601
399986,中证银行指数,2019-04-12,6661.2113,6690.9926,6641.4369,6667.7686,1411100501.0,11068568188.7,0.6528,0.0098,2093536.45,7.35,7.62,3.5,2.95,6667.1158
399986,中证银行指数,2019-04-15,6783.6924,6877.9616,6701.7936,6701.7936,3440882845.0,28491582830.52,34.025,0.5103,2104219.58,7.41,7.66,3.48,2.94,6667.7686
399986,中证银行指数,2019-04-16,6679.8929,6973.9717,6673.7795,6973.7052,5007396738.0,41407981507.39,271.9116,4.0573,2189594.0,7.68,7.97,3.36,2.82,6701.7936
399986,中证银行指数,2019-04-17,6944.3542,7015.6066,6907.6045,6933.4008,3098159018.0,24748055690.54,-40.3044,-0.5779,2176937.51,7.66,7.92,3.36,2.84,6973.7052
399986,中证银行指数,2019-04-18,6927.7697,6929.9608,6859.5401,6878.526,1798641908.0,14349009373.76,-54.8748,-0.7915,2159708.02,7.59,7.86,3.39,2.86,6933.4008
399986,中证银行指数,2019-04-19,6895.8264,6978.5205,6855.1585,6930.0029,1856846968.0,16127982267.55,51.4769,0.7484,2175870.65,7.64,7.92,3.37,2.84,6878.526
399986,中证银行指数,2019-04-22,6922.4238,6931.7624,6720.8812,6734.5798,2515972155.0,21856395736.11,-195.4231,-2.82,2114512.04,7.44,7.7,3.46,2.92,6930.0029
399986,中证银行指数,2019-04-23,6728.0656,6797.3837,6724.2567,6745.9095,1787949674.0,14628763507.08,11.3297,0.1682,2118069.33,7.44,7.71,3.46,2.92,6734.5798
399986,中证银行指数,2019-04-24,6789.2634,6805.0439,6673.5633,6762.9353,1900347536.0,16240001116.81,17.0258,0.2524,2123415.06,7.45,7.73,3.46,2.91,6745.9095
399986,中证银行指数,2019-04-25,6738.8058,6764.2512,6679.7476,6692.5617,1885986403.0,15013315632.61,-70.3736,-1.0406,2101319.27,7.37,7.65,3.49,2.94,6762.9353
399986,中证银行指数,2019-04-26,6662.3676,6684.0268,6582.4508,6584.0698,1898278075.0,15189377967.67,-108.4919,-1.6211,2067255.15,7.29,7.52,3.53,2.99,6692.5617
399986,中证银行指数,2019-04-29,6616.8178,6751.4184,6611.903,6698.5002,2097390663.0,16946460457.78,114.4304,1.738,2103183.84,7.39,7.66,3.48,2.94,6584.0698
399986,中证银行指数,2019-04-30,6693.8934,6742.0631,6641.4477,6720.3654,2092017309.0,19751221667.61,21.8652,0.3264,2110049.02,7.41,7.68,3.48,2.93,6698.5002
399986,中证银行指数,2019-05-06,6558.9506,6589.9491,6427.4248,6538.6854,3663433054.0,29754701008.01,-181.68,-2.7034,2053005.44,6.85,7.04,3.57,3.01,6720.3654
399986,中证银行指数,2019-05-07,6559.338,6569.8417,6477.4302,6526.4753,1948043407.0,16188992918.42,-12.2101,-0.1867,2049171.72,6.83,7.02,3.58,3.02,6538.6854
399986,中证银行指数,2019-05-08,6455.5883,6500.3002,6412.3858,6420.3946,1717270745.0,13891437669.68,-106.0807,-1.6254,2015864.7,6.72,6.91,3.63,3.07,6526.4753
399986,中证银行指数,2019-05-09,6395.6041,6416.8279,6271.6526,6295.921,1752300304.0,14891874024.96,-124.4736,-1.9387,1976782.69,6.62,6.78,3.69,3.13,6420.3946
399986,中证银行指数,2019-05-10,6352.4698,6460.016,6291.8825,6431.1591,1934795264.0,15496412337.86,135.2381,2.148,2019244.51,6.75,6.92,3.62,3.06,6295.921
399986,中证银行指数,2019-05-13,6352.6916,6374.3429,6328.0981,6336.5664,1446757749.0,10580384914.63,-94.5927,-1.4708,1989544.47,6.66,6.82,3.67,3.11,6431.1591
399986,中证银行指数,2019-05-14,6282.4858,6374.9811,6282.3822,6312.6385,1447275654.0,11740040169.22,-23.9279,-0.3776,1982031.61,6.63,6.79,3.69,3.12,6336.5664
399986,中证银行指数,2019-05-15,6355.5872,6443.5623,6341.8493,6415.1807,1572562109.0,11871913242.74,102.5422,1.6244,2014227.65,6.72,6.9,3.64,3.07,6312.6385
399986,中证银行指数,2019-05-16,6403.7936,6425.0154,6388.2499,6417.2614,1431700106.0,10135998574.96,2.0807,0.0324,2014880.94,6.74,6.91,3.63,3.07,6415.1807
399986,中证银行指数,2019-05-17,6426.4004,6429.3146,6323.2667,6339.2841,1497287111.0,11064793171.14,-77.9773,-1.2151,1990397.75,6.67,6.82,3.66,3.11,6417.2614
399986,中证银行指数,2019-05-20,6326.1527,6385.2921,6307.3488,6344.8417,1881314817.0,12518164084.56,5.5576,0.0877,1992142.74,6.71,6.83,3.64,3.1,6339.2841
399986,中证银行指数,2019-05-21,6342.7004,6443.2123,6338.7048,6389.8261,1386977640.0,10977679494.78,44.9844,0.709,2007530.26,6.75,6.88,3.62,3.08,6344.8417
399986,中证银行指数,2019-05-22,6390.1367,6406.7057,6355.3102,6372.3091,1131276954.0,8896554737.11,-17.517,-0.2741,2002026.86,6.74,6.86,3.63,3.09,6389.8261
399986,中证银行指数,2019-05-23,6351.47,6367.0184,6300.7689,6335.4129,1495237989.0,10359692983.53,-36.8962,-0.579,1990434.95,6.71,6.82,3.64,3.11,6372.3091
399986,中证银行指数,2019-05-24,6354.5922,6401.8513,6353.6883,6373.5219,1243759088.0,9136014412.62,38.109,0.6015,2002407.89,6.75,6.86,3.62,3.09,6335.4129
399986,中证银行指数,2019-05-27,6343.3931,6403.5369,6279.178,6387.879,1632270753.0,13161235720.43,14.3571,0.2253,2006918.56,6.76,6.88,3.62,3.08,6373.5219
399986,中证银行指数,2019-05-28,6379.9817,6445.9962,6353.3323,6426.6087,1850256817.0,14992627339.52,38.7297,0.6063,2019086.49,6.8,6.92,3.6,3.06,6387.879
399986,中证银行指数,2019-05-29,6379.9113,6425.8895,6356.3309,6372.2126,1272426999.0,10400733010.99,-54.3961,-0.8464,2001996.53,6.75,6.86,3.62,3.09,6426.6087
399986,中证银行指数,2019-05-30,6378.3458,6383.8943,6324.5271,6369.6955,1220529756.0,9349338840.71,-2.5171,-0.0395,2001205.71,6.77,6.86,3.61,3.09,6372.2126
399986,中证银行指数,2019-05-31,6368.2967,6405.9591,6339.0608,6347.5896,1236193298.0,9291169096.2,-22.1059,-0.347,1994260.56,6.73,6.83,2.85,2.77,6369.6955
399986,中证银行指数,2019-06-03,6343.7129,6398.1344,6313.7691,6364.115,1545227237.0,11968672697.1,16.5254,0.2603,1999452.46,6.74,6.85,2.84,2.76,6347.5896
399986,中证银行指数,2019-06-04,6363.5499,6369.1126,6324.0565,6358.7311,1203879726.0,9303055539.0,-5.3839,-0.0846,1997760.97,6.75,6.84,2.84,2.77,6364.115
399986,中证银行指数,2019-06-05,6392.1296,6428.172,6379.0637,6379.8582,1284412164.0,9521012681.72,21.1271,0.3323,2004398.61,6.78,6.87,2.83,2.76,6358.7311
399986,中证银行指数,2019-06-06,6398.2327,6405.4906,6357.8187,6378.0588,1052710661.0,8164462446.45,-1.7994,-0.0282,2003833.26,6.77,6.87,2.83,2.76,6379.8582
399986,中证银行指数,2019-06-10,6400.7762,6495.0249,6400.5605,6463.396,1402471480.0,11496269588.63,85.3372,1.338,2030644.16,6.85,6.96,2.8,2.72,6378.0588
399986,中证银行指数,2019-06-11,6463.7981,6538.8793,6455.3199,6531.1143,1825192830.0,14641986152.21,67.7183,1.0477,2051919.63,6.9,7.03,2.78,2.69,6463.396
399986,中证银行指数,2019-06-12,6519.691,6540.9574,6489.2252,6519.8814,1249566814.0,9540193007.17,-11.2329,-0.172,2048392.16,6.88,7.02,2.79,2.7,6531.1143
399986,中证银行指数,2019-06-13,6516.4134,6535.7794,6468.577,6508.1268,1093441413.0,8314317037.61,-11.7546,-0.1803,2044699.13,6.86,7.0,2.8,2.7,6519.8814
399986,中证银行指数,2019-06-14,6525.1132,6540.6034,6487.792,6500.2053,1276132456.0,10121443338.38,-7.9215,-0.1217,2042210.4,6.85,7.0,2.8,2.71,6508.1268
399986,中证银行指数,2019-06-17,6500.1796,6566.0873,6498.5554,6526.172,1165516434.0,9081396208.47,25.9667,0.3995,2086196.97,6.9,6.96,2.76,2.7,6500.2053
399986,中证银行指数,2019-06-18,6535.8099,6559.0613,6514.2218,6555.0869,1311650441.0,9501393353.42,28.9149,0.4431,2095440.08,6.92,6.99,2.74,2.69,6526.172
399986,中证银行指数,2019-06-19,6623.5753,6633.0927,6569.2271,6575.187,2267115098.0,17280091618.85,20.1001,0.3066,2101865.4,6.91,7.01,2.75,2.68,6555.0869
399986,中证银行指数,2019-06-20,6585.8063,6781.7601,6577.4006,6738.745,3184887427.0,24741331919.43,163.558,2.4875,2154149.39,7.04,7.19,2.7,2.62,6575.187
399986,中证银行指数,2019-06-21,6733.3114,6759.0246,6671.7241,6681.6586,2359584952.0,18779186449.19,-57.0864,-0.8471,2135900.8,7.0,7.13,2.72,2.64,6738.745
399986,中证银行指数,2019-06-24,6679.1542,6706.2543,6667.8377,6696.2712,1306515346.0,10476819132.64,14.6126,0.2187,2140571.93,7.02,7.14,2.71,2.64,6681.6586
399986,中证银行指数,2019-06-25,6682.6552,6682.6724,6485.8468,6554.4871,2274292513.0,23726945222.64,-141.7841,-2.1174,2095248.33,6.91,6.99,2.75,2.69,6696.2712
399986,中证银行指数,2019-06-26,6506.5104,6554.5283,6501.8116,6522.7914,1259026302.0,11542636035.72,-31.6957,-0.4836,2085116.31,6.88,6.96,2.76,2.71,6554.4871
399986,中证银行指数,2019-06-27,6548.7356,6615.8615,6548.7356,6584.951,1613945405.0,14043452657.52,62.1596,0.953,2104986.62,6.94,7.02,2.74,2.68,6522.7914
399986,中证银行指数,2019-06-28,6584.4711,6585.0342,6531.3416,6564.1843,1201934557.0,9632970623.55,-20.7667,-0.3154,2098348.2,6.91,7.0,4.36,3.58,6584.951
399986,中证银行指数,2019-07-01,6650.7701,6677.1851,6629.1725,6649.6423,1962836160.0,16626182538.26,85.458,1.3019,2125666.27,6.98,7.09,4.32,3.53,6564.1843
399986,中证银行指数,2019-07-02,6648.6998,6652.1524,6615.4723,6646.902,1716458068.0,14369556668.99,-2.7403,-0.0412,2124790.27,6.99,7.09,4.31,3.53,6649.6423
399986,中证银行指数,2019-07-03,6614.7485,6614.7657,6577.9677,6605.4143,1494055332.0,11614402613.02,-41.4877,-0.6242,2111522.64,6.87,6.98,4.36,3.56,6646.902
399986,中证银行指数,2019-07-04,6614.5087,6630.6476,6577.5096,6596.763,1377832094.0,11029541517.2,-8.6513,-0.131,2108757.11,6.86,6.97,4.37,3.56,6605.4143
399986,中证银行指数,2019-07-05,6577.8894,6577.8894,6540.0202,6568.8693,1147514864.0,9138054405.92,-27.8937,-0.4228,2099840.44,6.84,6.94,4.38,3.58,6596.763
399986,中证银行指数,2019-07-08,6544.0925,6544.0925,6422.3536,6448.6126,1650735026.0,12565740946.33,-120.2567,-1.8307,2061398.53,6.73,6.82,4.45,3.64,6568.8693
399986,中证银行指数,2019-07-09,6427.3497,6438.2965,6390.9718,6403.9255,989835588.0,7446544602.54,-44.6871,-0.693,2047113.62,6.7,6.77,4.47,3.67,6448.6126
399986,中证银行指数,2019-07-10,6417.1788,6418.7611,6346.291,6364.2424,958529560.0,8365611046.44,-39.6831,-0.6197,2034428.31,6.67,6.73,4.49,3.69,6403.9255
399986,中证银行指数,2019-07-11,6379.5566,6409.4425,6359.4714,6374.9444,957931842.0,8952380595.61,10.702,0.1682,2037849.36,6.69,6.74,4.48,3.68,6364.2424
399986,中证银行指数,2019-07-12,6356.5433,6448.2482,6345.4291,6426.274,1238514174.0,11372079179.9,51.3296,0.8052,2054257.67,6.73,6.79,4.45,3.65,6374.9444
399986,中证银行指数,2019-07-15,6397.0549,6451.3256,6329.0527,6417.493,1330427105.0,10574135130.52,-8.781,-0.1366,2051450.69,6.72,6.78,4.46,3.66,6426.274
399986,中证银行指数,2019-07-16,6416.1896,6429.0433,6397.3095,6406.4306,821044873.0,7006945676.98,-11.0624,-0.1724,2047914.41,6.71,6.77,4.47,3.67,6417.493
399986,中证银行指数,2019-07-17,6385.3741,6413.6637,6368.1616,6381.2134,813873866.0,6461586570.42,-25.2172,-0.3936,2039853.35,6.68,6.75,4.49,3.68,6406.4306
399986,中证银行指数,2019-07-18,6382.6982,6394.2077,6359.2315,6375.7406,931773681.0,7373539988.38,-5.4728,-0.0858,2038103.88,6.67,6.74,4.5,3.68,6381.2134
399986,中证银行指数,2019-07-19,6399.8888,6465.6641,6393.7091,6455.575,1077651136.0,9785390419.8,79.8344,1.2522,2063624.19,6.73,6.82,4.45,3.64,6375.7406
399986,中证银行指数,2019-07-22,6450.8772,6481.1253,6408.9461,6437.5938,1180496204.0,9382289245.48,-17.9812,-0.2785,2057876.2,6.72,6.8,4.46,3.65,6455.575
399986,中证银行指数,2019-07-23,6442.7236,6457.541,6426.4923,6448.853,1005478641.0,7838573667.29,11.2592,0.1749,2061475.38,6.74,6.82,4.45,3.64,6437.5938
399986,中证银行指数,2019-07-24,6472.7877,6528.4282,6467.2302,6486.3418,1296701935.0,10340036928.17,37.4888,0.5813,2073459.26,6.77,6.86,4.43,3.62,6448.853
399986,中证银行指数,2019-07-25,6497.6926,6583.2368,6496.1671,6582.6627,1400799125.0,13216849866.75,96.3209,1.485,2104249.72,6.83,6.96,4.39,3.57,6486.3418
399986,中证银行指数,2019-07-26,6558.1072,6592.0913,6556.0696,6577.653,1113078559.0,9021385606.73,-5.0097,-0.0761,2102648.3,6.83,6.95,4.39,3.57,6582.6627
399986,中证银行指数,2019-07-29,6581.8891,6586.3817,6547.3185,6570.892,1199808183.0,9421531235.7,-6.761,-0.1028,2100487.03,6.82,6.95,4.4,3.57,6577.653
399986,中证银行指数,2019-07-30,6573.6185,6644.7854,6570.2141,6601.4575,1355228933.0,10892704199.28,30.5655,0.4652,2110257.78,6.85,6.98,4.38,3.56,6570.892
399986,中证银行指数,2019-07-31,6575.3672,6580.9477,6530.1758,6550.0897,1176707769.0,9563163142.28,-51.3678,-0.7781,2093837.26,6.81,6.92,4.06,3.83,6601.4575
399986,中证银行指数,2019-08-01,6526.9695,6544.2738,6469.6824,6491.585,1184705525.0,9352534548.09,-58.5047,-0.8932,2075135.34,6.76,6.86,4.09,3.86,6550.0897
399986,中证银行指数,2019-08-02,6406.9232,6437.0278,6396.2618,6416.6491,1599129988.0,12771189663.18,-74.9359,-1.1544,2051180.92,6.68,6.78,4.13,3.91,6491.585
399986,中证银行指数,2019-08-05,6387.9619,6391.5671,6297.179,6297.857,1512450356.0,11813577067.95,-118.7921,-1.8513,2013207.18,6.57,6.66,4.21,3.98,6416.6491
399986,中证银行指数,2019-08-06,6208.2932,6254.8593,6187.3372,6231.5617,1694825570.0,13082247414.14,-66.2953,-1.0527,1992014.85,6.49,6.59,4.26,4.02,6297.857
399986,中证银行指数,2019-08-07,6254.613,6259.7396,6209.4036,6214.5032,1131340137.0,9527012920.99,-17.0585,-0.2737,1986561.85,6.47,6.57,4.27,4.03,6231.5617
399986,中证银行指数,2019-08-08,6258.1974,6333.7001,6254.1622,6320.4471,1467165269.0,12840414770.63,105.9439,1.7048,2020428.47,6.55,6.68,4.22,3.97,6214.5032
399986,中证银行指数,2019-08-09,6337.6389,6358.5725,6296.0299,6313.1033,1304867492.0,11275767422.63,-7.3438,-0.1162,2018080.89,6.56,6.67,4.21,3.97,6320.4471
399986,中证银行指数,2019-08-12,6308.1695,6388.101,6306.6612,6384.0922,1242005879.0,11846676260.64,70.9889,1.1245,2040773.58,6.62,6.75,4.17,3.93,6313.1033
399986,中证银行指数,2019-08-13,6351.71,6353.6349,6301.7117,6314.4097,1004505232.0,8742205131.77,-69.6825,-1.0915,2018498.51,6.57,6.67,4.2,3.97,6384.0922
399986,中证银行指数,2019-08-14,6370.0844,6380.7341,6295.9056,6297.9751,1235057446.0,11151105347.95,-16.4346,-0.2603,2013244.93,6.56,6.66,4.21,3.98,6314.4097
399986,中证银行指数,2019-08-15,6212.8954,6294.1736,6206.3046,6292.1629,1056243056.0,8697215268.75,-5.8122,-0.0923,2011386.99,6.56,6.65,4.21,3.98,6297.9751
399986,中证银行指数,2019-08-16,6291.6423,6315.2611,6254.1778,6275.4362,1107118064.0,9359502797.53,-16.7267,-0.2658,2006040.02,6.54,6.63,4.22,3.99,6292.1629
399986,中证银行指数,2019-08-19,6255.2256,6307.7911,6180.4764,6305.0073,2481752737.0,20109137778.1,29.5711,0.4712,2019761.05,6.56,6.67,4.21,3.97,6275.4362
399986,中证银行指数,2019-08-20,6277.0116,6329.5136,6272.1372,6293.8513,1493319834.0,12582256844.04,-11.156,-0.1769,2016187.3,6.54,6.66,4.22,3.97,6305.0073
399986,中证银行指数,2019-08-21,6281.2319,6296.5842,6267.5054,6273.171,1007635834.0,9344990393.4,-20.6803,-0.3286,2009562.55,6.52,6.64,4.23,3.99,6293.8513
399986,中证银行指数,2019-08-22,6287.5198,6289.5939,6245.3208,6263.6897,984713725.0,8185056314.8,-9.4813,-0.1511,2006525.27,6.51,6.63,4.24,3.99,6273.171
399986,中证银行指数,2019-08-23,6266.1056,6340.5286,6260.5226,6331.2893,1200845532.0,12072837490.81,67.5996,1.0792,2028180.29,6.56,6.7,4.21,3.95,6263.6897
399986,中证银行指数,2019-08-26,6242.069,6271.6964,6205.6039,6226.6088,1343419696.0,12162455863.54,-104.6805,-1.6534,1994646.69,6.47,6.59,4.27,4.02,6331.2893
399986,中证银行指数,2019-08-27,6259.9854,6317.9802,6254.6175,6254.6175,1780803355.0,14882330315.51,28.0087,0.4498,2003619.07,6.51,6.62,4.24,4.0,6226.6088
399986,中证银行指数,2019-08-28,6241.2178,6245.3682,6195.7221,6201.4432,1269734806.0,12898483548.26,-53.1743,-0.8502,1986585.1,6.47,6.56,4.27,4.03,6254.6175
399986,中证银行指数,2019-08-29,6199.1521,6207.5071,6138.8313,6162.7075,1171609507.0,10387158905.55,-38.7357,-0.6246,1974176.41,6.45,6.52,4.28,4.06,6201.4432
399986,中证银行指数,2019-08-30,6203.1008,6217.3088,6155.6213,6175.4963,1252186830.0,10860675262.45,12.7888,0.2075,1978273.19,6.45,6.53,4.23,3.95,6162.7075
399986,中证银行指数,2019-09-02,6184.0786,6234.1768,6172.9596,6210.7594,1435908647.0,11763114189.64,35.2631,0.571,1989569.45,6.53,6.67,4.22,3.92,6175.4963
399986,中证银行指数,2019-09-03,6220.4005,6224.9633,6194.8694,6207.1247,1062903466.0,8528770995.27,-3.6347,-0.0585,1988405.11,6.53,6.67,4.22,3.93,6210.7594
399986,中证银行指数,2019-09-04,6211.7493,6304.5893,6207.3332,6304.5893,1821013631.0,14307092700.07,97.4646,1.5702,2019627.15,6.63,6.77,4.16,3.87,6207.1247
399986,中证银行指数,2019-09-05,6327.2753,6444.5346,6327.1294,6382.6649,2516044956.0,19999499617.05,78.0756,1.2384,2044638.07,6.7,6.85,4.11,3.82,6304.5893
399986,中证银行指数,2019-09-06,6417.3861,6426.6748,6382.0308,6424.188,1379125969.0,11099862253.55,41.5231,0.6506,2057939.68,6.73,6.9,4.09,3.79,6382.6649
399986,中证银行指数,2019-09-09,6470.8819,6486.162,6391.2246,6403.904,1800146880.0,15349231506.77,-20.284,-0.3157,2051441.86,6.72,6.88,4.1,3.81,6424.188
399986,中证银行指数,2019-09-10,6410.3867,6410.6803,6351.6339,6379.1322,1296270460.0,10999845341.76,-24.7718,-0.3868,2043506.41,6.7,6.85,4.11,3.82,6403.904
399986,中证银行指数,2019-09-11,6404.0505,6432.421,6384.9939,6426.4809,1585961049.0,12317123522.88,47.3487,0.7422,2058674.2,6.75,6.9,4.08,3.79,6379.1322
399986,中证银行指数,2019-09-12,6457.1491,6459.9373,6421.6922,6451.9001,1192710009.0,10234905227.44,25.4192,0.3955,2066817.04,6.77,6.93,4.07,3.78,6426.4809
399986,中证银行指数,2019-09-16,6464.2403,6465.5429,6400.894,6417.4886,1043481531.0,8897132711.65,-34.4115,-0.5334,2055793.57,6.75,6.89,4.08,3.8,6451.9001
399986,中证银行指数,2019-09-17,6409.4612,6410.2165,6321.5941,6336.4948,1267705962.0,10034106964.48,-80.9938,-1.2621,2029847.85,6.67,6.8,4.13,3.85,6417.4886
399986,中证银行指数,2019-09-18,6354.4532,6369.0509,6339.9296,6340.8433,932684125.0,7847778008.18,4.3485,0.0686,2043503.99,6.68,6.82,4.12,3.82,6336.4948
399986,中证银行指数,2019-09-19,6360.3055,6361.547,6327.3183,6351.4638,971612043.0,9417515774.07,10.6205,0.1675,2046926.72,6.68,6.83,4.11,3.81,6340.8433
399986,中证银行指数,2019-09-20,6368.1299,6387.3374,6350.9408,6382.7812,1569747164.0,14211024179.77,31.3174,0.4931,2057019.57,6.71,6.87,4.1,3.8,6351.4638
399986,中证银行指数,2019-09-23,6363.4072,6365.9739,6298.8253,6324.498,1142163952.0,10278334342.73,-58.2832,-0.9131,2038236.29,6.65,6.8,4.13,3.83,6382.7812
399986,中证银行指数,2019-09-24,6337.3783,6347.9282,6310.2049,6313.7434,847039359.0,7683104546.34,-10.7546,-0.17,2034770.34,6.65,6.79,4.13,3.84,6324.498
399986,中证银行指数,2019-09-25,6311.2856,6373.5878,6289.3055,6343.5465,1072335013.0,10286171864.62,29.8031,0.472,2044375.15,6.67,6.82,4.12,3.82,6313.7434
399986,中证银行指数,2019-09-26,6364.6289,6481.606,6354.382,6433.2268,2206491179.0,20267677905.23,89.6803,1.4137,2073276.99,6.75,6.92,4.07,3.77,6343.5465
399986,中证银行指数,2019-09-27,6434.3065,6458.4964,6379.9006,6437.893,1580116432.0,13403238736.96,4.6662,0.0725,2074780.81,6.75,6.93,4.07,3.76,6433.2268
399986,中证银行指数,2019-09-30,6405.9977,6458.8976,6374.4563,6374.4563,1254448049.0,10444304415.33,-63.4367,-0.9854,2054336.65,6.69,6.86,4.11,3.8,6437.893
399986,中证银行指数,2019-10-08,6365.2607,6488.9973,6364.9914,6461.1968,1600175826.0,14486877120.13,86.7405,1.3608,2082291.08,6.76,6.95,4.07,3.75,6374.4563
399986,中证银行指数,2019-10-09,6426.3853,6593.341,6424.8293,6534.2729,2073079007.0,18639662950.77,73.0761,1.131,2105841.77,6.82,7.03,4.03,3.71,6461.1968
399986,中证银行指数,2019-10-10,6532.6636,6549.9986,6505.5107,6530.3777,1305024411.0,10773088986.73,-3.8952,-0.0596,2104586.46,6.81,7.03,4.03,3.71,6534.2729
399986,中证银行指数,2019-10-11,6551.4477,6672.1804,6544.7526,6661.111,2087036093.0,19184080380.13,130.7333,2.0019,2146718.71,6.93,7.17,3.97,3.64,6530.3777
399986,中证银行指数,2019-10-14,6705.5316,6906.4392,6705.5316,6792.5202,3592255749.0,28925840629.54,131.4092,1.9728,2189068.76,7.05,7.31,3.9,3.57,6661.111
399986,中证银行指数,2019-10-15,6801.8223,6815.3539,6755.03,6804.7281,1968862339.0,16062711559.38,12.2079,0.1797,2193003.08,7.06,7.32,3.89,3.56,6792.5202
399986,中证银行指数,2019-10-16,6830.2772,6912.8165,6735.1082,6778.0973,2061878960.0,17670174266.69,-26.6308,-0.3914,2184420.61,7.05,7.29,3.9,3.57,6804.7281
399986,中证银行指数,2019-10-17,6781.0558,6809.4001,6741.1683,6764.7857,1273888601.0,11072906834.65,-13.3116,-0.1964,2180130.59,7.04,7.28,3.91,3.58,6778.0973
399986,中证银行指数,2019-10-18,6787.9698,6833.3822,6650.2799,6660.3784,1750459384.0,14794049191.12,-104.4073,-1.5434,2146482.6,6.95,7.17,3.95,3.64,6764.7857
399986,中证银行指数,2019-10-21,6652.1,6759.9383,6647.2445,6740.4258,1544484235.0,12733752039.03,80.0474,1.2018,2172279.98,7.04,7.25,3.9,3.59,6660.3784
399986,中证银行指数,2019-10-22,6764.3705,6764.3705,6660.2564,6715.3915,1401553986.0,12318237350.39,-25.0343,-0.3714,2164212.01,7.04,7.22,3.91,3.61,6740.4258
399986,中证银行指数,2019-10-23,6707.9235,6753.8681,6688.8639,6714.2628,1412690575.0,10684501129.83,-1.1287,-0.0168,2163848.26,7.06,7.22,3.89,3.61,6715.3915
399986,中证银行指数,2019-10-24,6733.4801,6839.6927,6720.9949,6788.7072,1986218080.0,15972800401.59,74.4444,1.1088,2187839.93,7.13,7.3,3.86,3.57,6714.2628
399986,中证银行指数,2019-10-25,6789.8528,6789.8865,6706.5176,6770.86,1493855403.0,11818716293.25,-17.8472,-0.2629,2182088.2,7.13,7.28,3.86,3.58,6788.7072
399986,中证银行指数,2019-10-28,6767.7354,6802.2086,6712.4863,6728.6859,1559701130.0,12799680372.01,-42.1741,-0.6229,2168496.5,7.08,7.24,3.88,3.6,6770.86
399986,中证银行指数,2019-10-29,6736.7853,6745.8183,6689.9791,6711.0245,1301643082.0,10500915614.31,-17.6614,-0.2625,2162804.63,7.06,7.22,3.89,3.61,6728.6859
399986,中证银行指数,2019-10-30,6712.4898,6751.7996,6672.4514,6689.0915,1301670520.0,11879479776.74,-21.933,-0.3268,2155736.14,7.05,7.2,3.9,3.62,6711.0245
399986,中证银行指数,2019-10-31,6701.2739,6702.4908,6636.7058,6654.0192,1383690063.0,11450219691.02,-35.0723,-0.5243,2144433.17,7.02,7.16,3.91,3.64,6689.0915
399986,中证银行指数,2019-11-01,6654.7536,6809.4842,6629.7942,6793.9798,1794433088.0,17080905213.23,139.9606,2.1034,2189539.17,7.14,7.35,3.86,3.57,6654.0192
399986,中证银行指数,2019-11-04,6819.6972,6881.1292,6807.1871,6831.8552,1560618380.0,14714389407.79,37.8754,0.5575,2201745.53,7.16,7.39,3.85,3.55,6793.9798
399986,中证银行指数,2019-11-05,6830.8085,6984.2782,6818.0692,6910.0778,2373784892.0,21006151528.67,78.2226,1.145,2226954.82,7.22,7.47,3.82,3.51,6831.8552
399986,中证银行指数,2019-11-06,6909.7868,6973.0742,6882.3392,6932.1956,1760165940.0,16092527752.33,22.1178,0.3201,2234082.86,7.25,7.5,3.8,3.5,6910.0778
399986,中证银行指数,2019-11-07,6931.9351,6953.4812,6888.5475,6914.3173,1283720127.0,11231276860.38,-17.8783,-0.2579,2228321.11,7.23,7.48,3.81,3.5,6932.1956
399986,中证银行指数,2019-11-08,6947.294,6954.2268,6820.3533,6827.8021,1552236928.0,13216478653.79,-86.5152,-1.2512,2200439.31,7.13,7.38,3.86,3.55,6914.3173
399986,中证银行指数,2019-11-11,6789.9241,6789.9241,6717.1949,6724.2818,1536794773.0,12573809552.51,-103.5203,-1.5162,2167077.16,7.02,7.27,3.93,3.6,6827.8021
399986,中证银行指数,2019-11-12,6734.2639,6756.5448,6706.1235,6737.1164,1046324567.0,9046372192.5,12.8346,0.1909,2171213.42,7.04,7.29,3.92,3.6,6724.2818
399986,中证银行指数,2019-11-13,6723.4253,6737.4962,6685.8701,6707.9799,1084097810.0,9436293231.93,-29.1365,-0.4325,2161823.42,7.02,7.25,3.93,3.61,6737.1164
399986,中证银行指数,2019-11-14,6722.3679,6726.6938,6652.6402,6672.6776,1050732640.0,8621186997.95,-35.3023,-0.5263,2150446.34,6.98,7.22,3.95,3.63,6707.9799
399986,中证银行指数,2019-11-15,6696.7399,6721.0554,6655.3994,6673.0274,991832138.0,8465342282.88,0.3498,0.0052,2150559.08,6.99,7.22,3.94,3.63,6672.6776
399986,中证银行指数,2019-11-18,6669.1762,6770.9444,6660.0345,6752.5947,1119566253.0,10381510847.38,79.5673,1.1924,2176201.73,7.05,7.3,3.91,3.59,6673.0274
399986,中证银行指数,2019-11-19,6733.8546,6772.8818,6727.7707,6749.4703,1013602995.0,8695480917.2,-3.1244,-0.0463,2175194.81,7.06,7.3,3.9,3.59,6752.5947
399986,中证银行指数,2019-11-20,6724.8919,6731.1901,6617.4186,6628.3915,1243262999.0,12183829394.91,-121.0788,-1.7939,2136173.98,6.97,7.17,3.95,3.66,6749.4703
399986,中证银行指数,2019-11-21,6601.5071,6637.5731,6577.9145,6611.0983,1104769977.0,8976482150.28,-17.2932,-0.2609,2130600.78,6.95,7.15,3.97,3.66,6628.3915
399986,中证银行指数,2019-11-22,6634.5153,6652.5789,6574.7939,6586.6267,1040597400.0,8751674725.28,-24.4716,-0.3702,2122714.15,6.93,7.12,3.98,3.68,6611.0983
399986,中证银行指数,2019-11-25,6605.513,6676.1512,6604.6118,6665.3071,1238134037.0,9491970803.05,78.6804,1.1945,2148071.01,7.02,7.21,3.93,3.64,6586.6267
399986,中证银行指数,2019-11-26,6689.0089,6689.0596,6624.6974,6624.6974,1605495577.0,13245196700.65,-40.6097,-0.6093,2134983.45,7.0,7.16,3.94,3.66,6665.3071
399986,中证银行指数,2019-11-27,6633.2151,6652.1575,6610.3232,6630.4089,844198082.0,7560407016.05,5.7115,0.0862,2136824.14,7.01,7.17,3.93,3.65,6624.6974
399986,中证银行指数,2019-11-28,6625.936,6637.3232,6584.6143,6604.5131,804067542.0,6444668968.11,-25.8958,-0.3906,2128478.54,6.98,7.14,3.95,3.67,6630.4089
399986,中证银行指数,2019-11-29,6597.494,6631.7503,6551.8376,6564.2194,1036729001.0,8182109513.15,-40.2937,-0.6101,2115492.84,6.94,7.1,3.97,3.69,6604.5131
399986,中证银行指数,2019-12-02,6573.8765,6596.3915,6557.4376,6569.3565,830328703.0,6625018051.75,5.1371,0.0783,2117148.38,6.94,7.1,3.97,3.69,6564.2194
399986,中证银行指数,2019-12-03,6553.3783,6597.7817,6534.2265,6593.4385,823402752.0,6715960273.77,24.082,0.3666,2124909.43,6.95,7.13,3.97,3.67,6569.3565
399986,中证银行指数,2019-12-04,6564.8602,6575.6044,6542.4997,6558.0706,838503216.0,6579492426.33,-35.3679,-0.5364,2113511.22,6.92,7.09,3.99,3.69,6593.4385
399986,中证银行指数,2019-12-05,6583.3349,6606.4132,6561.0658,6590.9598,886400805.0,7342369273.1,32.8892,0.5015,2124110.62,6.95,7.13,3.97,3.68,6558.0706
399986,中证银行指数,2019-12-06,6603.1508,6617.1505,6566.5385,6597.846,833347990.0,7217311643.66,6.8862,0.1045,2126329.89,6.94,7.14,3.97,3.67,6590.9598
399986,中证银行指数,2019-12-09,6594.506,6599.6515,6563.1653,6586.6355,1001069885.0,7909303161.07,-11.2105,-0.1699,2122716.99,6.93,7.12,3.98,3.68,6597.846
399986,中证银行指数,2019-12-10,6569.7675,6586.927,6557.4693,6562.2463,923947357.0,7117894871.27,-24.3892,-0.3703,2114856.94,6.9,7.1,3.99,3.69,6586.6355
399986,中证银行指数,2019-12-11,6579.3605,6637.0625,6569.0233,6634.2389,1211230116.0,10049498603.16,71.9926,1.0971,2138058.45,6.96,7.18,3.96,3.65,6562.2463
399986,中证银行指数,2019-12-12,6640.9066,6640.9066,6603.5197,6617.2588,1003696786.0,7735298371.35,-16.9801,-0.2559,2132586.18,6.95,7.16,3.97,3.66,6634.2389
399986,中证银行指数,2019-12-13,6668.5898,6747.001,6657.2314,6747.001,1877266845.0,15785740740.78,129.7422,1.9607,2174399.02,7.07,7.3,3.9,3.59,6617.2588
399986,中证银行指数,2019-12-16,6733.6519,6733.6519,6697.7977,6730.2443,1461572210.0,12217199916.26,-16.7567,-0.2484,2236401.71,7.08,7.32,3.89,3.58,6747.001
399986,中证银行指数,2019-12-17,6728.1184,6877.0794,6703.5,6824.4542,2528021701.0,20551734859.02,94.2099,1.3998,2267706.85,7.17,7.42,3.85,3.53,6730.2443
399986,中证银行指数,2019-12-18,6811.6387,6874.1995,6811.6387,6831.3086,1702452937.0,14209042848.2,6.8544,0.1004,2269984.51,7.18,7.43,3.84,3.53,6824.4542
399986,中证银行指数,2019-12-19,6836.3346,6883.4818,6825.3623,6842.1178,1422214191.0,11444233179.21,10.8092,0.1582,2273576.3,7.21,7.44,3.82,3.52,6831.3086
399986,中证银行指数,2019-12-20,6844.9724,6888.6403,6829.782,6842.8179,1549128762.0,12255042340.76,0.7001,0.0102,2273808.96,7.22,7.44,3.82,3.52,6842.1178
399986,中证银行指数,2019-12-23,6860.7408,6865.8261,6760.0473,6766.4251,1522811946.0,12222765005.21,-76.3928,-1.1164,2248424.28,7.14,7.36,3.86,3.56,6842.8179
399986,中证银行指数,2019-12-24,6774.2807,6824.2745,6774.2807,6806.544,859062931.0,7779854809.77,40.1189,0.5929,2261755.44,7.16,7.4,3.85,3.54,6766.4251
399986,中证银行指数,2019-12-25,6805.8605,6808.8016,6755.5942,6775.5038,880964388.0,7346275779.49,-31.0402,-0.456,2251441.05,7.13,7.37,3.87,3.55,6806.544
399986,中证银行指数,2019-12-26,6776.0763,6825.8713,6773.4787,6825.8713,945191780.0,7303223081.3,50.3675,0.7434,2268177.74,7.18,7.42,3.84,3.53,6775.5038
399986,中证银行指数,2019-12-27,6817.7435,6899.1159,6812.9506,6834.0722,1617429956.0,13305842706.22,8.2009,0.1201,2270902.81,7.21,7.43,3.83,3.52,6825.8713
399986,中证银行指数,2019-12-30,6795.3944,6829.3026,6729.3748,6828.2667,1882181363.0,15883920039.38,-5.8055,-0.0849,2268973.69,7.2,7.42,3.83,3.53,6834.0722
399986,中证银行指数,2019-12-31,6818.3085,6827.7065,6782.6577,6824.5096,1350596989.0,11202396557.39,-3.7571,-0.055,2267725.25,7.18,7.42,3.84,3.53,6828.2667
399986,中证银行指数,2020-01-02,6892.4407,6985.2906,6892.4407,6934.3549,2361976454.0,21334801687.54,109.8453,1.6096,2304225.9,7.29,7.54,3.78,3.47,6824.5096
399986,中证银行指数,2020-01-03,6946.832,6971.4176,6937.1668,6951.823,1520421372.0,13632992933.39,17.4681,0.2519,2310030.41,7.3,7.56,3.77,3.46,6934.3549
399986,中证银行指数,2020-01-06,6919.5158,6979.9967,6876.8746,6904.0175,1903123804.0,15458509344.96,-47.8055,-0.6877,2294145.04,7.26,7.5,3.8,3.49,6951.823
399986,中证银行指数,2020-01-07,6927.737,6984.7792,6915.1074,6936.3562,1615568948.0,12512220059.03,32.3387,0.4684,2304890.91,7.3,7.54,3.78,3.47,6904.0175
399986,中证银行指数,2020-01-08,6899.0261,6899.0261,6819.006,6824.863,1560933492.0,13109880800.11,-111.4932,-1.6074,2267842.68,7.19,7.42,3.83,3.53,6936.3562
399986,中证银行指数,2020-01-09,6873.5369,6888.8547,6835.0289,6860.4504,1336908952.0,11363557382.16,35.5874,0.5214,2279668.06,7.21,7.46,3.82,3.51,6824.863
399986,中证银行指数,2020-01-10,6866.0993,6876.9702,6835.9765,6859.4666,996193409.0,8340117681.53,-0.9838,-0.0143,2279341.16,7.21,7.46,3.82,3.51,6860.4504
399986,中证银行指数,2020-01-13,6865.1135,6880.136,6820.2765,6878.1595,1299877997.0,11459159337.33,18.6929,0.2725,2285552.66,7.23,7.48,3.81,3.5,6859.4666
399986,中证银行指数,2020-01-14,6885.0142,6937.8983,6855.542,6860.7244,1355395424.0,12105038198.72,-17.4351,-0.2535,2279759.11,7.22,7.46,3.82,3.51,6878.1595
399986,中证银行指数,2020-01-15,6861.6307,6867.3972,6780.3575,6786.2505,1120881816.0,10480568520.88,-74.4739,-1.0855,2255012.1,7.14,7.38,3.86,3.55,6860.7244
399986,中证银行指数,2020-01-16,6797.1453,6801.8028,6728.7995,6740.8318,1461280652.0,12484715119.82,-45.4187,-0.6693,2239919.84,7.09,7.33,3.89,3.57,6786.2505
399986,中证银行指数,2020-01-17,6751.4762,6781.0465,6726.1176,6741.0193,1008798285.0,8942355184.34,0.1875,0.0028,2239982.14,7.09,7.33,3.89,3.57,6740.8318
399986,中证银行指数,2020-01-20,6753.0287,6783.6487,6743.2027,6775.327,1048425621.0,9986560686.42,34.3077,0.5089,2251382.29,7.12,7.36,3.87,3.55,6741.0193
399986,中证银行指数,2020-01-21,6746.6567,6747.3301,6674.9497,6679.5025,1459809196.0,11985823219.1,-95.8245,-1.4143,2219540.64,7.03,7.26,3.92,3.61,6775.327
399986,中证银行指数,2020-01-22,6654.0972,6685.2623,6601.9964,6675.7951,1410430425.0,11923963254.14,-3.7074,-0.0555,2218308.72,7.03,7.26,3.92,3.61,6679.5025
399986,中证银行指数,2020-01-23,6641.1969,6641.1969,6486.7616,6514.4109,2095270531.0,17590149856.43,-161.3842,-2.4175,2164682.14,6.89,7.08,4.0,3.7,6675.7951
399986,中证银行指数,2020-02-03,5959.7489,6184.0973,5959.7489,6082.7205,3653936202.0,27511834021.85,-431.6904,-6.6267,2021235.2,6.48,6.61,4.25,3.96,6514.4109
399986,中证银行指数,2020-02-04,6083.7393,6219.2946,6083.7393,6210.1956,2704870871.0,21612005449.55,127.4751,2.0957,2063594.04,6.6,6.75,4.18,3.88,6082.7205
399986,中证银行指数,2020-02-05,6213.2594,6248.3628,6155.0341,6206.7339,1971688717.0,16410143773.44,-3.4617,-0.0557,2062443.75,6.6,6.75,4.18,3.88,6210.1956
399986,中证银行指数,2020-02-06,6237.2616,6269.6213,6174.682,6248.9392,1948843770.0,15511226220.63,42.2053,0.68,2076468.2,6.63,6.79,4.16,3.85,6206.7339
399986,中证银行指数,2020-02-07,6195.8433,6222.8402,6155.2133,6222.8402,1620590408.0,13096312832.2,-26.099,-0.4177,2067795.73,6.59,6.76,4.18,3.87,6248.9392
399986,中证银行指数,2020-02-10,6182.7039,6206.3203,6162.0178,6196.4539,1432506876.0,11852463867.87,-26.3863,-0.424,2059027.8,6.57,6.74,4.2,3.89,6222.8402
399986,中证银行指数,2020-02-11,6217.092,6281.3517,6207.9042,6260.9421,1710696451.0,13895899769.38,64.4882,1.0407,2080456.65,6.63,6.81,4.16,3.85,6196.4539
399986,中证银行指数,2020-02-12,6255.7085,6272.5849,6225.7198,6272.3997,1331540244.0,10716371825.51,11.4576,0.183,2084263.92,6.64,6.82,4.15,3.84,6260.9421
399986,中证银行指数,2020-02-13,6260.5912,6272.8445,6220.1446,6221.7732,1283469831.0,10377314388.45,-50.6265,-0.8071,2067441.18,6.59,6.76,4.18,3.87,6272.3997
399986,中证银行指数,2020-02-14,6214.9731,6285.9653,6214.3045,6277.2655,1163179172.0,10247762060.8,55.4923,0.8919,2085880.79,6.64,6.82,4.15,3.84,6221.7732
399986,中证银行指数,2020-02-17,6274.323,6389.7788,6262.3356,6389.02,1877782193.0,15641041065.52,111.7545,1.7803,2123015.83,6.74,6.94,4.09,3.77,6277.2655
399986,中证银行指数,2020-02-18,6363.7545,6370.7192,6314.835,6324.6354,1456630233.0,11903815630.87,-64.3846,-1.0077,2101621.41,6.69,6.88,4.12,3.81,6389.02
399986,中证银行指数,2020-02-19,6317.0078,6368.2347,6310.013,6323.1517,1407523931.0,10879198505.73,-1.4837,-0.0235,2101128.36,6.7,6.87,4.11,3.81,6324.6354
399986,中证银行指数,2020-02-20,6333.0833,6412.2373,6292.8386,6403.1898,2099643417.0,16716296727.41,80.0381,1.2658,2127724.34,6.78,6.96,4.07,3.76,6323.1517
399986,中证银行指数,2020-02-21,6378.8449,6423.507,6354.0965,6382.3043,1763678483.0,14605319162.57,-20.8855,-0.3262,2120784.28,6.75,6.94,4.08,3.77,6403.1898
399986,中证银行指数,2020-02-24,6359.4505,6380.0789,6302.9719,6307.2004,1761321262.0,14881592914.33,-75.1039,-1.1768,2095827.9,6.68,6.86,4.13,3.82,6382.3043
399986,中证银行指数,2020-02-25,6248.6064,6276.5311,6206.7089,6244.7744,1899583118.0,15676773940.25,-62.426,-0.9898,2075084.29,6.62,6.79,4.16,3.86,6307.2004
399986,中证银行指数,2020-02-26,6196.4355,6312.7711,6185.9987,6267.2546,2088099121.0,16531961807.73,22.4802,0.36,2082554.26,6.64,6.81,4.15,3.84,6244.7744
399986,中证银行指数,2020-02-27,6262.786,6310.8188,6262.6438,6297.0678,1601962939.0,12958680778.75,29.8132,0.4757,2092460.93,6.67,6.85,4.13,3.82,6267.2546
399986,中证银行指数,2020-02-28,6233.0804,6266.9297,6129.8267,6129.8267,2302830693.0,17696182632.83,-167.2411,-2.6559,2036888.18,6.51,6.66,4.23,3.93,6297.0678
399986,中证银行指数,2020-03-02,6149.7586,6256.9364,6149.7586,6243.4265,1797846129.0,14929500004.41,113.5998,1.8532,2074636.38,6.62,6.79,4.16,3.86,6129.8267
399986,中证银行指数,2020-03-03,6277.71,6297.7319,6245.3863,6256.1195,1820737006.0,14506598412.05,12.693,0.2033,2078854.15,6.64,6.8,4.15,3.85,6243.4265
399986,中证银行指数,2020-03-04,6244.472,6275.4842,6229.5683,6268.2912,1292595317.0,10874389058.98,12.1717,0.1946,2082898.72,6.65,6.81,4.14,3.84,6256.1195
399986,中证银行指数,2020-03-05,6295.4343,6439.3926,6276.4607,6432.4387,3165268476.0,27319584459.3,164.1475,2.6187,2137443.49,6.79,6.99,4.06,3.74,6268.2912
399986,中证银行指数,2020-03-06,6378.5429,6395.8668,6328.9736,6332.7162,1888905163.0,15432806179.34,-99.7225,-1.5503,2104306.57,6.7,6.88,4.11,3.8,6432.4387
399986,中证银行指数,2020-03-09,6249.565,6249.7863,6163.5929,6172.0123,2530161370.0,20098511472.15,-160.7039,-2.5377,2050906.08,6.55,6.71,4.21,3.9,6332.7162
399986,中证银行指数,2020-03-10,6145.8145,6260.2445,6145.8145,6240.1005,2054862042.0,16034343851.45,68.0882,1.1032,2073531.2,6.61,6.78,4.17,3.86,6172.0123
399986,中证银行指数,2020-03-11,6247.7904,6262.9299,6185.3238,6185.3238,1546729842.0,12015405229.12,-54.7767,-0.8778,2055329.36,6.56,6.72,4.2,3.89,6240.1005
399986,中证银行指数,2020-03-12,6172.3184,6197.307,6132.1643,6151.9198,1841966501.0,14126236789.49,-33.404,-0.5401,2044229.49,6.53,6.69,4.22,3.91,6185.3238
399986,中证银行指数,2020-03-13,5970.214,6108.9809,5948.0418,6091.8804,2771620922.0,21119968157.45,-60.0394,-0.9759,2024278.94,6.47,6.62,4.26,3.95,6151.9198
399986,中证银行指数,2020-03-16,6090.8966,6090.8966,5913.4566,5913.8624,2571033705.0,19906598647.01,-178.018,-2.9222,1965125.09,6.33,6.43,4.35,4.07,6091.8804
399986,中证银行指数,2020-03-17,5918.8984,5991.8411,5830.2723,5901.2294,2148891286.0,15867882831.98,-12.633,-0.2136,1960927.26,6.34,6.41,4.35,4.08,5913.8624
399986,中证银行指数,2020-03-18,5916.5319,5944.7685,5762.4678,5764.463,1862920259.0,14486683184.26,-136.7664,-2.3176,1915480.98,6.21,6.27,4.44,4.18,5901.2294
399986,中证银行指数,2020-03-19,5736.2564,5756.3716,5552.9494,5601.7051,2557340672.0,20694398811.77,-162.7579,-2.8235,1861397.93,6.06,6.09,4.55,4.3,5764.463
399986,中证银行指数,2020-03-20,5659.0884,5759.5421,5635.3499,5726.6494,1983874276.0,16557941641.96,124.9443,2.2305,1902915.85,6.18,6.22,4.46,4.21,5601.7051
399986,中证银行指数,2020-03-23,5610.9726,5650.3296,5585.3704,5596.61,1571823211.0,12377174090.18,-130.0394,-2.2708,1859704.87,6.05,6.08,4.56,4.3,5726.6494
399986,中证银行指数,2020-03-24,5685.9802,5747.7793,5667.9209,5741.567,1696962376.0,13007236367.67,144.957,2.5901,1907872.85,6.2,6.24,4.45,4.19,5596.61
399986,中证银行指数,2020-03-25,5835.0657,5864.2828,5799.5362,5838.9803,1708143909.0,13534304068.19,97.4133,1.6966,1940242.42,6.28,6.35,4.39,4.12,5741.567
399986,中证银行指数,2020-03-26,5803.7018,5948.1834,5796.8782,5874.6081,1613542426.0,12933607951.42,35.6278,0.6102,1952081.25,6.3,6.39,4.37,4.1,5838.9803
399986,中证银行指数,2020-03-27,5924.1636,5944.8939,5883.5692,5893.7762,1345312474.0,10101709911.23,19.1681,0.3263,1958450.64,6.32,6.41,4.36,4.09,5874.6081
399986,中证银行指数,2020-03-30,5830.5088,5887.3174,5817.3608,5873.1068,1460931647.0,10291473710.18,-20.6694,-0.3507,1951582.38,6.32,6.38,4.36,4.1,5893.7762
399986,中证银行指数,2020-03-31,5908.5993,5919.3161,5803.2942,5808.1768,1310191848.0,9205300325.14,-64.93,-1.1055,1930006.69,6.24,6.31,4.42,4.15,5873.1068
399986,中证银行指数,2020-04-01,5807.5816,5870.7459,5800.3188,5804.8271,1060332018.0,7856967272.58,-3.3497,-0.0577,1928893.62,6.24,6.31,4.41,4.15,5808.1768
399986,中证银行指数,2020-04-02,5774.2591,5842.6605,5774.2539,5842.6605,1033020690.0,7488367819.12,37.8334,0.6518,1941465.32,6.28,6.35,4.39,4.12,5804.8271
399986,中证银行指数,2020-04-03,5812.5856,5828.8616,5785.1713,5804.1081,1042001532.0,7681126883.37,-38.5524,-0.6598,1928654.71,6.24,6.31,4.41,4.15,5842.6605
399986,中证银行指数,2020-04-07,5885.2569,5893.4574,5856.9181,5871.7067,1459858464.0,11085766674.71,67.5986,1.1647,1951117.13,6.3,6.38,4.37,4.1,5804.1081
399986,中证银行指数,2020-04-08,5855.776,5862.0057,5827.8477,5837.9605,1039295238.0,8049560657.56,-33.7462,-0.5747,1939903.56,6.27,6.35,4.4,4.13,5871.7067
399986,中证银行指数,2020-04-09,5858.457,5863.1033,5833.2771,5836.8869,807445716.0,6128701329.52,-1.0736,-0.0184,1939546.8,6.26,6.34,4.4,4.13,5837.9605
399986,中证银行指数,2020-04-10,5848.4743,5866.3793,5818.0865,5835.1735,974327707.0,7701804790.36,-1.7134,-0.0294,1938977.46,6.26,6.34,4.4,4.13,5836.8869
399986,中证银行指数,2020-04-13,5809.2475,5815.2899,5787.0131,5792.8764,830198483.0,5837129657.17,-42.2971,-0.7249,1924922.52,6.23,6.3,4.42,4.16,5835.1735
399986,中证银行指数,2020-04-14,5816.3331,5861.2287,5806.6623,5860.5643,997160807.0,7938723978.37,67.6879,1.1685,1947414.6,6.29,6.37,4.38,4.11,5792.8764
399986,中证银行指数,2020-04-15,5850.1756,5853.4736,5820.5528,5829.0182,853687863.0,6417670265.69,-31.5461,-0.5383,1936932.11,6.27,6.34,4.4,4.13,5860.5643
399986,中证银行指数,2020-04-16,5802.3295,5819.3443,5789.4469,5813.4529,907757012.0,6924536274.91,-15.5653,-0.267,1931759.91,6.26,6.32,4.4,4.14,5829.0182
399986,中证银行指数,2020-04-17,5841.5761,5888.5651,5818.9604,5859.8955,1384716640.0,11678409184.86,46.4426,0.7989,1947192.37,6.31,6.37,4.37,4.11,5813.4529
399986,中证银行指数,2020-04-20,5854.9783,5859.295,5820.9677,5841.2672,1086955733.0,8434040385.19,-18.6283,-0.3179,1941002.35,6.28,6.35,4.39,4.12,5859.8955
399986,中证银行指数,2020-04-21,5843.0008,5857.746,5804.6526,5818.9738,1186662344.0,9641441074.29,-22.2934,-0.3817,1933594.44,6.26,6.33,4.41,4.14,5841.2672
399986,中证银行指数,2020-04-22,5807.7029,5816.1556,5784.5657,5814.6013,1017307641.0,7397304092.06,-4.3725,-0.0751,1932141.49,6.25,6.32,4.41,4.14,5818.9738
399986,中证银行指数,2020-04-23,5821.5095,5823.9246,5786.2467,5794.099,1129892181.0,7494180919.04,-20.5023,-0.3526,1925328.78,6.22,6.3,4.43,4.16,5814.6013
399986,中证银行指数,2020-04-24,5794.1731,5794.2385,5760.5456,5775.3803,881718995.0,6281654397.9,-18.7187,-0.3231,1919108.71,6.2,6.28,4.45,4.17,5794.099
399986,中证银行指数,2020-04-27,5795.4288,5913.8652,5794.9797,5881.5548,1641653238.0,13152299712.68,106.1745,1.8384,1954389.57,6.28,6.39,4.39,4.09,5775.3803
399986,中证银行指数,2020-04-28,5888.9407,5903.4247,5829.9806,5895.1891,1376284841.0,9881975536.38,13.6343,0.2318,1961878.14,6.29,6.41,4.37,4.06,5881.5548
399986,中证银行指数,2020-04-29,5895.6187,6035.5688,5893.8177,6035.5688,1816781867.0,14562560344.06,140.3797,2.3813,2008595.54,6.4,6.56,4.29,3.97,5895.1891
399986,中证银行指数,2020-04-30,6045.7331,6125.8316,6045.2672,6051.1526,1519636694.0,12554981147.48,15.5838,0.2582,2013781.72,6.43,6.58,4.28,3.95,6035.5688
399986,中证银行指数,2020-05-06,5972.527,5998.4476,5939.252,5986.8479,1628224346.0,12151637609.02,-64.3047,-1.0627,1992381.56,5.95,6.01,4.32,4.0,6051.1526
399986,中证银行指数,2020-05-07,5985.4786,5985.4786,5945.3868,5954.332,1091749779.0,8127599811.61,-32.5159,-0.5431,1981560.51,5.93,5.98,4.34,4.02,5986.8479
399986,中证银行指数,2020-05-08,5984.5989,6030.4293,5969.2227,6012.6726,1246297623.0,9701880610.64,58.3406,0.9798,2000975.83,5.97,6.04,4.31,3.98,5954.332
399986,中证银行指数,2020-05-11,6012.3921,6057.2387,6003.6486,6010.0401,1116903927.0,8517480921.77,-2.6325,-0.0438,2000099.76,5.97,6.04,4.31,3.98,6012.6726
399986,中证银行指数,2020-05-12,6010.6202,6023.1115,5957.8392,5964.5701,930250271.0,7429223362.26,-45.47,-0.7566,1984967.66,5.94,5.99,4.33,4.01,6010.0401
399986,中证银行指数,2020-05-13,5951.3868,5964.7635,5922.942,5960.3184,847531301.0,6751195123.84,-4.2517,-0.0713,1983552.74,5.94,5.99,4.33,4.01,5964.5701
399986,中证银行指数,2020-05-14,5942.461,5942.461,5890.8508,5897.3512,871815083.0,7717110521.65,-62.9672,-1.0564,1962597.69,5.89,5.92,4.37,4.06,5960.3184
399986,中证银行指数,2020-05-15,5924.2607,5932.5521,5884.8745,5892.4974,868600490.0,7029356302.56,-4.8538,-0.0823,1965677.12,5.89,5.92,4.37,4.05,5897.3512
399986,中证银行指数,2020-05-18,5886.2635,5931.0321,5874.4058,5898.8646,884903644.0,7072424381.24,6.3672,0.1081,1967801.17,5.89,5.93,4.36,4.05,5892.4974
399986,中证银行指数,2020-05-19,5958.3354,5958.9864,5928.1819,5937.5291,936751918.0,7095506855.52,38.6645,0.6555,1980699.25,5.93,5.97,4.34,4.02,5898.8646
399986,中证银行指数,2020-05-20,5937.1693,5986.0448,5912.1717,5966.1259,1036772505.0,8366715801.16,28.5968,0.4816,1990238.86,5.95,6.0,4.32,4.0,5937.5291
399986,中证银行指数,2020-05-21,5982.1216,5993.9865,5945.3388,5948.7488,839342199.0,7098172140.55,-17.3771,-0.2913,1984442.02,5.93,5.98,4.34,4.01,5966.1259
399986,中证银行指数,2020-05-22,5937.2957,5942.1463,5842.5158,5842.5158,1215620408.0,9330930783.22,-106.233,-1.7858,1949003.77,5.84,5.87,4.4,4.08,5948.7488
399986,中证银行指数,2020-05-25,5873.4183,5873.4183,5818.0927,5841.6391,861874293.0,6686215249.5,-0.8767,-0.015,1948711.32,5.85,5.87,4.39,4.09,5842.5158
399986,中证银行指数,2020-05-26,5859.0899,5864.5586,5842.5224,5856.3031,766144006.0,5802206517.52,14.664,0.251,1953603.08,5.86,5.89,4.39,4.07,5841.6391
399986,中证银行指数,2020-05-27,5865.8114,5914.6618,5852.2235,5884.7056,1079644799.0,7616960538.89,28.4025,0.485,1963077.85,5.89,5.92,4.36,4.06,5856.3031
399986,中证银行指数,2020-05-28,5894.5825,5992.1597,5890.9614,5961.2018,1389210211.0,11445416408.45,76.4962,1.2999,1988596.22,5.96,5.99,4.32,4.0,5884.7056
399986,中证银行指数,2020-05-29,5933.23,5941.7358,5913.4661,5923.9312,1042689022.0,7878849479.36,-37.2706,-0.6252,1976163.11,5.91,5.96,4.42,4.13,5961.2018
399986,中证银行指数,2020-06-01,5951.5805,6011.5061,5951.5805,6006.0628,1188258427.0,9955036943.25,82.1316,1.3864,2003561.4,5.98,6.04,4.37,4.07,5923.9312
399986,中证银行指数,2020-06-02,5988.8061,6057.7755,5988.8061,6040.6832,1269008653.0,10105435129.78,34.6204,0.5764,2015110.4,6.01,6.07,4.35,4.05,6006.0628
399986,中证银行指数,2020-06-03,6070.3117,6139.8362,6046.0465,6047.2042,1394017347.0,11682217795.11,6.521,0.108,2017285.75,6.02,6.08,4.34,4.04,6040.6832
399986,中证银行指数,2020-06-04,6074.817,6076.6376,6022.0711,6027.5987,855817076.0,6606564222.28,-19.6055,-0.3242,2010745.54,6.0,6.06,4.36,4.06,6047.2042
399986,中证银行指数,2020-06-05,6043.8743,6045.213,6002.4851,6036.7355,791048987.0,6269386080.36,9.1368,0.1516,2013793.49,6.02,6.07,4.34,4.05,6027.5987
399986,中证银行指数,2020-06-08,6052.5,6089.4759,6036.2569,6040.4077,1146954667.0,9509699834.2,3.6722,0.0608,2015018.5,6.02,6.07,4.34,4.05,6036.7355
399986,中证银行指数,2020-06-09,6042.2637,6058.0082,6021.7114,6050.2195,1040363969.0,7914998573.33,9.8118,0.1624,2018291.6,6.04,6.08,4.33,4.04,6040.4077
399986,中证银行指数,2020-06-10,6058.5276,6058.5276,6004.7458,6008.1194,1001468961.0,7835809798.75,-42.1001,-0.6958,2004247.45,6.01,6.04,4.35,4.07,6050.2195
399986,中证银行指数,2020-06-11,6003.2242,6007.8231,5928.3174,5935.4352,1498442462.0,12215761518.71,-72.6842,-1.2098,1980000.75,5.96,5.97,4.39,4.12,6008.1194
399986,中证银行指数,2020-06-12,5894.8241,5948.078,5883.3732,5942.0896,1868431786.0,13616276886.3,6.6544,0.1121,1982220.59,5.95,5.97,4.39,4.12,5935.4352
399986,中证银行指数,2020-06-15,5907.2404,5916.7981,5869.1461,5869.1461,1682286517.0,12617256514.31,-72.9435,-1.2276,2007586.72,5.93,5.96,4.15,4.09,5942.0896
399986,中证银行指数,2020-06-16,5906.3083,5920.8184,5896.1185,5916.0941,1114546981.0,8454447569.0,46.948,0.7999,2023645.65,5.98,6.01,4.12,4.06,5869.1461
399986,中证银行指数,2020-06-17,5909.2992,5917.3855,5885.5388,5911.5254,992021595.0,7510519043.06,-4.5687,-0.0772,2022082.9,5.97,6.01,4.12,4.07,5916.0941
399986,中证银行指数,2020-06-18,5877.1985,5906.0994,5832.1561,5891.6907,1624579965.0,13506361756.87,-19.8347,-0.3355,2015298.29,5.95,5.99,4.14,4.08,5911.5254
399986,中证银行指数,2020-06-19,5879.7758,5916.4693,5863.4217,5901.2985,1954768219.0,14940393550.05,9.6078,0.1631,2018584.7,5.96,6.0,4.14,4.07,5891.6907
399986,中证银行指数,2020-06-22,5886.5828,5914.1685,5863.7139,5869.1183,1754225719.0,13182367886.93,-32.1802,-0.5453,2007577.21,5.93,5.96,4.15,4.09,5901.2985
399986,中证银行指数,2020-06-23,5859.6137,5865.9869,5833.8552,5840.7649,1334651678.0,9968159164.15,-28.3534,-0.4831,1997878.71,5.9,5.93,4.17,4.11,5869.1183
399986,中证银行指数,2020-06-24,5844.3687,5901.8924,5843.5339,5894.6184,1869642659.0,13834261899.93,53.8535,0.922,2016299.72,5.96,5.99,4.13,4.08,5840.7649
399986,中证银行指数,2020-06-29,5930.5007,5951.1343,5865.3197,5882.4451,1979489843.0,14175364651.79,-12.1733,-0.2065,2012135.75,5.96,5.98,4.13,4.09,5894.6184
399986,中证银行指数,2020-06-30,5871.2097,5883.8509,5847.1401,5864.0999,1649586457.0,11379905942.94,-18.3452,-0.3119,2005869.42,5.9,5.96,3.86,3.82,5882.4451
399986,中证银行指数,2020-07-01,5869.3148,5977.9313,5851.917,5970.7221,2681887896.0,19307768899.77,106.6222,1.8182,2042340.52,5.98,6.06,3.81,3.75,5864.0999
399986,中证银行指数,2020-07-02,5957.2055,6108.6393,5946.948,6108.2236,4428773722.0,31753313785.06,137.5015,2.3029,2089374.19,6.1,6.2,3.73,3.66,5970.7221
399986,中证银行指数,2020-07-03,6129.2731,6281.1673,6129.2731,6268.9213,5131786768.0,39001099045.03,160.6977,2.6308,2144342.29,6.25,6.37,3.64,3.57,6108.2236
399986,中证银行指数,2020-07-06,6344.7112,6853.6136,6344.7112,6835.2186,9098792138.0,69362187429.17,566.2973,9.0334,2338049.51,6.79,6.94,3.35,3.27,6268.9213
399986,中证银行指数,2020-07-07,6992.5806,7114.4629,6793.9949,6800.2938,8741157836.0,68715448967.04,-34.9248,-0.511,2326103.17,6.74,6.91,3.38,3.29,6835.2186
399986,中证银行指数,2020-07-08,6754.5146,6912.5937,6712.2535,6819.5983,7118945544.0,54826676845.67,19.3045,0.2839,2332706.43,6.74,6.93,3.38,3.28,6800.2938
399986,中证银行指数,2020-07-09,6787.6127,6790.992,6675.7724,6738.5164,6255039418.0,48581958525.77,-81.0819,-1.189,2304971.63,6.65,6.84,3.42,3.32,6819.5983
399986,中证银行指数,2020-07-10,6649.7903,6667.0028,6428.4495,6447.0019,5967347839.0,44569163997.06,-291.5145,-4.3261,2205256.42,6.35,6.55,3.59,3.47,6738.5164
399986,中证银行指数,2020-07-13,6377.8694,6489.2523,6338.678,6415.9356,5647561513.0,42027688107.85,-31.0663,-0.4819,2194629.9,6.33,6.52,3.59,3.49,6447.0019
399986,中证银行指数,2020-07-14,6373.6346,6402.8619,6256.7149,6290.0769,4406602631.0,32879554793.93,-125.8587,-1.9617,2151578.78,6.23,6.39,3.65,3.56,6415.9356
399986,中证银行指数,2020-07-15,6274.0925,6283.6199,6115.6171,6125.6187,4165520604.0,31148585819.7,-164.4582,-2.6146,2095324.33,6.08,6.22,3.75,3.65,6290.0769
399986,中证银行指数,2020-07-16,6141.1886,6212.0352,6090.4753,6091.8233,4688527875.0,34873068046.02,-33.7954,-0.5517,2083764.29,6.04,6.19,3.77,3.67,6125.6187
399986,中证银行指数,2020-07-17,6125.4989,6142.3986,6048.4605,6094.9413,3244028604.0,24675062853.16,3.118,0.0512,2084830.85,6.05,6.19,3.76,3.67,6091.8233
399986,中证银行指数,2020-07-20,6119.0591,6264.7454,6090.3462,6255.6508,3880122244.0,31403361125.47,160.7095,2.6368,2139803.01,6.18,6.35,3.68,3.58,6094.9413
399986,中证银行指数,2020-07-21,6258.8485,6258.8485,6176.6195,6197.9134,2490572357.0,19210694206.19,-57.7374,-0.923,2120053.38,6.13,6.29,3.71,3.61,6255.6508
399986,中证银行指数,2020-07-22,6194.2914,6268.4922,6155.2633,6179.3794,3088488506.0,23441005825.18,-18.534,-0.299,2113713.68,6.12,6.28,3.72,3.62,6197.9134
399986,中证银行指数,2020-07-23,6121.7347,6143.4417,6015.8396,6071.6373,3233499155.0,24852927009.97,-107.7421,-1.7436,2076859.49,6.02,6.17,3.78,3.69,6179.3794
399986,中证银行指数,2020-07-24,6053.749,6064.1965,5894.58,5917.069,3381578874.0,25865459233.29,-154.5683,-2.5457,2023987.99,5.9,6.01,3.86,3.78,6071.6373
399986,中证银行指数,2020-07-27,5952.5768,5957.1362,5847.7481,5871.612,2121045199.0,17354220968.25,-45.457,-0.7682,2008439.01,5.86,5.96,3.88,3.81,5917.069
399986,中证银行指数,2020-07-28,5908.9394,5925.6711,5873.6091,5898.7273,1688827832.0,13167601371.71,27.1153,0.4618,2017714.02,5.88,5.99,3.87,3.79,5871.612
399986,中证银行指数,2020-07-29,5889.0847,5984.9722,5867.2872,5976.5463,2313822167.0,17640227227.13,77.819,1.3193,2044332.73,5.95,6.07,3.83,3.74,5898.7273
399986,中证银行指数,2020-07-30,5972.4374,5977.8568,5911.3515,5915.3695,1842506414.0,14090830243.92,-61.1768,-1.0236,2023406.64,5.89,6.01,3.86,3.78,5976.5463
399986,中证银行指数,2020-07-31,5912.3378,5984.3698,5883.4574,5915.3459,2352720341.0,17776101993.49,-0.0236,-0.0004,2023398.59,5.89,6.01,4.88,4.63,5915.3695
399986,中证银行指数,2020-08-03,5951.2794,5975.1622,5928.3894,5961.2199,2650411743.0,20138764552.23,45.874,0.7755,2039090.19,5.93,6.05,4.85,4.6,5915.3459
399986,中证银行指数,2020-08-04,5975.3587,6148.0726,5956.654,6113.3923,4699098591.0,38168419022.64,152.1724,2.5527,2091142.18,6.05,6.21,4.75,4.48,5961.2199
399986,中证银行指数,2020-08-05,6073.0579,6073.3767,5998.8077,6034.9413,2513718778.0,20144313629.21,-78.451,-1.2833,2064307.29,5.98,6.13,4.81,4.54,6113.3923
399986,中证银行指数,2020-08-06,6046.5386,6100.9686,6008.9857,6083.4878,2307339212.0,19745711787.23,48.5465,0.8044,2080913.06,6.02,6.18,4.78,4.5,6034.9413
399986,中证银行指数,2020-08-07,6062.1623,6089.0704,6002.7454,6029.8686,2114733374.0,17353715844.12,-53.6192,-0.8814,2062572.13,5.97,6.12,4.82,4.54,6083.4878
399986,中证银行指数,2020-08-10,6031.2584,6114.283,5991.3988,6089.464,2342317000.0,20779723757.1,59.5954,0.9883,2082957.28,6.01,6.18,4.79,4.5,6029.8686
399986,中证银行指数,2020-08-11,6095.5368,6225.4677,6095.303,6104.9811,3581297856.0,32117571318.94,15.5171,0.2548,2088265.05,6.01,6.2,4.78,4.49,6089.464
399986,中证银行指数,2020-08-12,6115.6818,6178.2794,6078.77,6141.2411,2625211601.0,21884167903.41,36.26,0.5939,2100668.12,6.04,6.24,4.76,4.46,6104.9811
399986,中证银行指数,2020-08-13,6150.6557,6154.9177,6106.0836,6109.0813,1753803310.0,14842020359.91,-32.1598,-0.5237,2089667.55,6.01,6.2,4.78,4.49,6141.2411
399986,中证银行指数,2020-08-14,6109.7689,6205.6593,6099.246,6202.1987,2384364374.0,19236862644.13,93.1174,1.5242,2121519.23,6.08,6.3,4.73,4.42,6109.0813
399986,中证银行指数,2020-08-17,6216.7509,6437.6709,6216.7509,6376.1129,6164613178.0,48400281562.12,173.9142,2.8041,2181008.16,6.23,6.48,4.62,4.3,6202.1987
399986,中证银行指数,2020-08-18,6363.4967,6363.4967,6281.4408,6316.8607,3266422193.0,25200535379.23,-59.2522,-0.9293,2160740.41,6.17,6.42,4.66,4.34,6376.1129
399986,中证银行指数,2020-08-19,6309.9372,6330.9608,6263.4643,6263.4643,2521568508.0,20567601479.86,-53.3964,-0.8453,2142475.7,6.13,6.36,4.69,4.37,6316.8607
399986,中证银行指数,2020-08-20,6244.2874,6246.3005,6160.3204,6171.6073,2255467968.0,18670715474.57,-91.857,-1.4666,2111055.16,6.06,6.27,4.75,4.44,6263.4643
399986,中证银行指数,2020-08-21,6214.3921,6214.3921,6157.3702,6185.0235,1682619956.0,14224525372.59,13.4162,0.2174,2115644.29,6.07,6.28,4.74,4.43,6171.6073
399986,中证银行指数,2020-08-24,6204.3437,6210.6911,6141.9581,6146.5711,1708769541.0,14616031506.05,-38.4524,-0.6217,2102491.28,6.04,6.24,4.76,4.46,6185.0235
399986,中证银行指数,2020-08-25,6169.2577,6202.1104,6141.8801,6158.4973,1543838011.0,12677648390.16,11.9262,0.194,2106570.74,6.05,6.25,4.76,4.45,6146.5711
399986,中证银行指数,2020-08-26,6161.2028,6163.777,6094.761,6108.8835,1739948789.0,13893899909.34,-49.6138,-0.8056,2089599.88,6.0,6.2,4.79,4.49,6158.4973
399986,中证银行指数,2020-08-27,6116.4115,6117.4097,6065.1034,6102.8768,1477539704.0,11493851207.37,-6.0067,-0.0983,2087545.25,5.99,6.2,4.8,4.49,6108.8835
399986,中证银行指数,2020-08-28,6094.362,6239.5571,6075.2487,6239.5571,2506178342.0,22914798913.43,136.6803,2.2396,2134298.02,6.09,6.34,4.72,4.39,6102.8768
399986,中证银行指数,2020-08-31,6257.3465,6318.8916,6185.3998,6194.335,3326903914.0,30186592109.43,-45.2221,-0.7248,2118829.38,6.04,6.29,4.76,4.42,6239.5571
399986,中证银行指数,2020-09-01,6175.2997,6199.2455,6154.2602,6180.7687,1984891730.0,16928472588.25,-13.5663,-0.219,2114188.89,6.04,6.29,4.77,4.43,6194.335
399986,中证银行指数,2020-09-02,6180.4044,6184.7416,6106.4339,6142.8616,2257205288.0,18714724658.97,-37.9071,-0.6133,2101222.41,6.0,6.25,4.8,4.46,6180.7687
399986,中证银行指数,2020-09-03,6143.7232,6171.7528,6101.4544,6115.1844,1813023234.0,15067574271.08,-27.6772,-0.4506,2091755.18,5.97,6.22,4.82,4.48,6142.8616
399986,中证银行指数,2020-09-04,6067.9162,6102.1105,6052.6048,6090.6244,1640371628.0,12737853228.89,-24.56,-0.4016,2083354.21,5.95,6.2,4.84,4.5,6115.1844
399986,中证银行指数,2020-09-07,6077.7083,6141.0425,6062.9738,6067.5854,1728785143.0,14315456377.05,-23.039,-0.3783,2075473.49,5.93,6.17,4.86,4.52,6090.6244
399986,中证银行指数,2020-09-08,6090.0375,6163.848,6089.4467,6163.848,2033490649.0,17725262550.69,96.2626,1.5865,2108401.0,6.01,6.27,4.79,4.45,6067.5854
399986,中证银行指数,2020-09-09,6121.9684,6185.4582,6106.9271,6130.1639,1833654693.0,15003399150.22,-33.6841,-0.5465,2096879.05,5.99,6.24,4.81,4.47,6163.848
399986,中证银行指数,2020-09-10,6162.0047,6166.124,6098.7448,6114.7597,1862977988.0,15097441181.97,-15.4042,-0.2513,2091609.89,5.97,6.22,4.83,4.48,6130.1639
399986,中证银行指数,2020-09-11,6108.8768,6117.231,6036.5215,6067.6553,1592953198.0,13079537368.25,-47.1044,-0.7703,2075497.4,5.94,6.17,4.84,4.52,6114.7597
399986,中证银行指数,2020-09-14,6072.9739,6092.9054,6044.5649,6091.8599,1374746790.0,11493099309.92,24.2046,0.3989,2083776.8,5.96,6.2,4.83,4.5,6067.6553
399986,中证银行指数,2020-09-15,6079.6973,6128.0571,6065.1012,6108.2106,1277693718.0,10953611865.2,16.3507,0.2684,2089369.73,5.97,6.21,4.82,4.49,6091.8599
399986,中证银行指数,2020-09-16,6111.6891,6149.5452,6090.8617,6129.0801,1357678271.0,11103979853.38,20.8695,0.3417,2096508.34,5.98,6.24,4.81,4.47,6108.2106
399986,中证银行指数,2020-09-17,6131.7027,6159.297,6108.7964,6112.3316,1281995651.0,11459110210.25,-16.7485,-0.2733,2090779.35,5.97,6.22,4.82,4.48,6129.0801
399986,中证银行指数,2020-09-18,6118.2495,6238.2711,6098.8785,6238.2711,2582534566.0,21880716292.49,125.9395,2.0604,2133858.11,6.07,6.35,4.74,4.39,6112.3316
399986,中证银行指数,2020-09-21,6237.0139,6249.627,6184.4729,6191.5668,1631778077.0,13452697420.81,-46.7043,-0.7487,2117882.49,6.03,6.3,4.77,4.43,6238.2711
399986,中证银行指数,2020-09-22,6162.1727,6210.7417,6108.1355,6122.1144,1747064337.0,13891658012.72,-69.4524,-1.1217,2094125.63,5.98,6.23,4.82,4.48,6191.5668
399986,中证银行指数,2020-09-23,6126.1998,6136.7643,6086.9448,6092.5282,1222137109.0,9796822690.59,-29.5862,-0.4833,2084005.41,5.96,6.2,4.83,4.5,6122.1144
399986,中证银行指数,2020-09-24,6079.8184,6080.1658,6006.2764,6016.4643,1543087099.0,12682549989.71,-76.0639,-1.2485,2057987.05,5.9,6.12,4.88,4.55,6092.5282
399986,中证银行指数,2020-09-25,6023.5648,6040.9698,5997.716,6009.7328,1159272586.0,8907493547.29,-6.7315,-0.1119,2055684.49,5.89,6.11,4.89,4.56,6016.4643
399986,中证银行指数,2020-09-28,6016.6781,6046.967,5998.9493,6035.7758,1277818170.0,8863522857.19,26.043,0.4333,2064592.73,5.93,6.14,4.85,4.54,6009.7328
399986,中证银行指数,2020-09-29,6052.774,6052.7748,5964.8817,5964.8817,1246499451.0,11811194451.31,-70.8941,-1.1746,2040342.76,5.87,6.07,4.9,4.59,6035.7758
399986,中证银行指数,2020-09-30,5974.3733,6008.7987,5926.4373,5953.3826,1606346954.0,13858974095.47,-11.4991,-0.1928,2036409.39,5.87,6.06,4.91,4.6,5964.8817
399986,中证银行指数,2020-10-09,5995.7042,6013.1966,5962.5162,5967.8029,1417238453.0,12025501473.65,14.4203,0.2422,2041341.97,5.88,6.07,4.9,4.59,5953.3826
399986,中证银行指数,2020-10-12,5982.0103,6138.4024,5979.7187,6126.3387,2668144311.0,22998169980.31,158.5358,2.6565,2095570.61,5.99,6.23,4.8,4.47,5967.8029
399986,中证银行指数,2020-10-13,6114.6253,6139.3472,6093.6807,6128.0955,1904281089.0,14330145169.08,1.7568,0.0287,2096171.53,5.98,6.23,4.81,4.47,6126.3387
399986,中证银行指数,2020-10-14,6134.555,6140.6161,6094.6686,6127.9472,1537877033.0,12356092944.91,-0.1483,-0.0024,2096120.81,5.98,6.23,4.81,4.47,6128.0955
399986,中证银行指数,2020-10-15,6133.7717,6260.8924,6131.3687,6216.3274,2296083702.0,22534312786.62,88.3802,1.4422,2126352.09,6.04,6.32,4.76,4.41,6127.9472
399986,中证银行指数,2020-10-16,6207.3535,6368.2577,6207.2744,6319.4107,3565481259.0,30014016364.03,103.0833,1.6583,2161612.67,6.12,6.43,4.7,4.34,6216.3274
399986,中证银行指数,2020-10-19,6368.1328,6523.7485,6337.1201,6345.3355,3720789680.0,30906796961.74,25.9248,0.4102,2170480.47,6.15,6.46,4.68,4.32,6319.4107
399986,中证银行指数,2020-10-20,6343.8295,6347.1247,6280.803,6313.6277,2034880699.0,15893994924.12,-31.7078,-0.4997,2159634.53,6.11,6.42,4.71,4.34,6345.3355
399986,中证银行指数,2020-10-21,6325.6712,6433.6716,6289.257,6428.8287,2534784554.0,20844922895.76,115.201,1.8246,2199040.1,6.2,6.54,4.64,4.26,6313.6277
399986,中证银行指数,2020-10-22,6439.3216,6517.0072,6363.2751,6411.0783,2130672108.0,18999744488.82,-17.7504,-0.2761,2192968.42,6.19,6.52,4.65,4.27,6428.8287
399986,中证银行指数,2020-10-23,6393.5608,6530.4952,6385.2596,6453.9891,2631533432.0,21780965926.5,42.9108,0.6693,2207646.44,6.23,6.57,4.62,4.25,6411.0783
399986,中证银行指数,2020-10-26,6463.1261,6469.3291,6312.2046,6332.0937,2250477541.0,18425911918.92,-121.8954,-1.8887,2165951.0,6.15,6.44,4.68,4.33,6453.9891
399986,中证银行指数,2020-10-27,6332.202,6346.0562,6295.8591,6308.4506,1551578498.0,13114025212.69,-23.6431,-0.3734,2157863.66,6.12,6.42,4.7,4.34,6332.0937
399986,中证银行指数,2020-10-28,6310.2311,6328.0669,6222.267,6243.5904,1929298411.0,16671706645.58,-64.8602,-1.0281,2135677.63,6.07,6.35,4.74,4.39,6308.4506
399986,中证银行指数,2020-10-29,6184.4992,6287.9764,6180.1594,6243.0185,1811338706.0,15657060968.45,-0.5719,-0.0092,2135482.0,6.05,6.35,4.76,4.39,6243.5904
399986,中证银行指数,2020-10-30,6259.7478,6322.4789,6172.7553,6191.5955,2214071726.0,17310873068.11,-51.423,-0.8237,2117892.28,6.01,6.3,4.79,4.43,6243.0185
399986,中证银行指数,2020-11-02,6206.8906,6238.5145,6142.0764,6187.2542,2026937602.0,16528674949.72,-4.3413,-0.0701,2116407.32,6.03,6.29,4.78,4.43,6191.5955
399986,中证银行指数,2020-11-03,6226.0123,6323.8315,6226.0123,6253.2372,1868784417.0,17323983054.41,65.983,1.0664,2138977.41,6.07,6.36,4.74,4.38,6187.2542
399986,中证银行指数,2020-11-04,6323.3715,6363.2878,6280.4913,6348.3333,1724563324.0,17334947590.69,95.0961,1.5207,2171505.91,6.13,6.46,4.69,4.32,6253.2372
399986,中证银行指数,2020-11-05,6382.221,6403.041,6294.6903,6321.3842,1816777223.0,16968602758.65,-26.9491,-0.4245,2162287.72,6.12,6.43,4.7,4.33,6348.3333
399986,中证银行指数,2020-11-06,6317.4417,6319.0353,6254.0498,6301.0137,1683764187.0,14132541618.68,-20.3705,-0.3222,2155319.8,6.12,6.41,4.71,4.35,6321.3842
399986,中证银行指数,2020-11-09,6330.1451,6375.1585,6320.1497,6356.4702,2217391087.0,17563601269.12,55.4565,0.8801,2174289.2,6.16,6.47,4.67,4.31,6301.0137
399986,中证银行指数,2020-11-10,6412.6552,6470.9476,6378.988,6400.4314,2332793167.0,19474191865.69,43.9612,0.6916,2189326.53,6.19,6.51,4.65,4.28,6356.4702
399986,中证银行指数,2020-11-11,6406.4899,6468.5438,6387.2761,6445.3335,2271528986.0,17809855571.7,44.9021,0.7015,2204685.73,6.24,6.56,4.61,4.25,6400.4314
399986,中证银行指数,2020-11-12,6421.0069,6439.5551,6366.1879,6374.4037,1397341242.0,11559580697.17,-70.9298,-1.1005,2180423.52,6.18,6.48,4.66,4.3,6445.3335
399986,中证银行指数,2020-11-13,6342.8123,6342.8123,6213.9109,6256.0787,1917774880.0,16662774758.18,-118.325,-1.8563,2139949.36,6.08,6.36,4.73,4.38,6374.4037
399986,中证银行指数,2020-11-16,6270.2364,6292.0413,6254.3248,6284.4853,1422008845.0,12491272841.76,28.4066,0.4541,2149666.12,6.11,6.39,4.71,4.36,6256.0787
399986,中证银行指数,2020-11-17,6286.3375,6371.0655,6276.512,6362.8205,1621875898.0,14570645754.41,78.3352,1.2465,2176461.38,6.16,6.47,4.67,4.31,6284.4853
399986,中证银行指数,2020-11-18,6354.9036,6530.7277,6349.4412,6504.7025,2984671175.0,26603241236.88,141.882,2.2299,2224993.45,6.26,6.62,4.6,4.21,6362.8205
399986,中证银行指数,2020-11-19,6504.4543,6570.5353,6464.5701,6553.8534,2177281899.0,19651946750.76,49.1509,0.7556,2241805.94,6.3,6.67,4.57,4.18,6504.7025
399986,中证银行指数,2020-11-20,6527.1661,6527.1661,6483.332,6514.7868,1561408210.0,13685575167.59,-39.0666,-0.5961,2228442.85,6.26,6.63,4.6,4.21,6553.8534
399986,中证银行指数,2020-11-23,6508.1034,6663.0372,6506.8301,6649.4263,2811127421.0,24145283427.65,134.6395,2.0667,2274497.56,6.37,6.76,4.52,4.12,6514.7868
399986,中证银行指数,2020-11-24,6638.2892,6661.4495,6600.1123,6614.0518,1959394399.0,16023354092.0,-35.3745,-0.532,2262397.35,6.34,6.73,4.54,4.14,6649.4263
399986,中证银行指数,2020-11-25,6662.4579,6702.2357,6558.2233,6560.4037,2117664561.0,16590029651.59,-53.6481,-0.8111,2244046.54,6.31,6.67,4.56,4.18,6614.0518
399986,中证银行指数,2020-11-26,6567.3962,6663.9621,6563.7854,6651.2558,1932192809.0,16209231567.36,90.8521,1.3849,2275123.33,6.38,6.77,4.51,4.12,6560.4037
399986,中证银行指数,2020-11-27,6686.281,6807.2622,6664.0032,6807.2622,4755780033.0,31531102478.17,156.0064,2.3455,2328486.77,6.56,6.92,4.39,4.03,6651.2558
399986,中证银行指数,2020-11-30,6864.557,7087.7093,6746.2327,6746.2327,7980637839.0,58697838322.66,-61.0295,-0.8965,2307611.06,6.5,6.86,4.43,4.06,6807.2622
399986,中证银行指数,2020-12-01,6752.5488,6968.4408,6727.1895,6932.3534,5566684889.0,40359851209.95,186.1207,2.7589,2370557.09,6.67,7.05,4.32,3.95,6746.2327
399986,中证银行指数,2020-12-02,6916.608,6972.1339,6841.6154,6896.1132,3859487630.0,28682291145.27,-36.2402,-0.5228,2358164.53,6.62,7.02,4.34,3.97,6932.3534
399986,中证银行指数,2020-12-03,6899.612,6932.4711,6804.8023,6883.6885,4013706566.0,28422995367.12,-12.4247,-0.1802,2353915.83,6.6,7.0,4.36,3.98,6896.1132
399986,中证银行指数,2020-12-04,6864.8538,6864.8538,6730.5184,6794.6238,3512656750.0,25853843983.79,-89.0647,-1.2939,2323459.66,6.51,6.91,4.42,4.03,6883.6885
399986,中证银行指数,2020-12-07,6785.2112,6797.7334,6616.1302,6644.5219,3155913302.0,24991810346.59,-150.1019,-2.2091,2272131.47,6.38,6.76,4.51,4.12,6794.6238
399986,中证银行指数,2020-12-08,6646.2382,6694.6561,6587.8628,6601.9794,2735939424.0,19898460098.24,-42.5425,-0.6403,2257583.84,6.34,6.72,4.54,4.15,6644.5219
399986,中证银行指数,2020-12-09,6622.5529,6694.7986,6595.7802,6598.3575,2839686111.0,20497235176.28,-3.6219,-0.0549,2256345.3,6.33,6.71,4.55,4.15,6601.9794
399986,中证银行指数,2020-12-10,6588.3205,6621.3825,6514.8599,6558.062,2457672028.0,17436964582.5,-40.2955,-0.6107,2242566.04,6.3,6.67,4.57,4.18,6598.3575
399986,中证银行指数,2020-12-11,6567.92,6580.6757,6464.3125,6483.2975,2846007521.0,21588301834.86,-74.7645,-1.14,2216999.89,6.26,6.6,4.6,4.23,6558.062
399986,中证银行指数,2020-12-14,6522.8514,6590.4881,6514.1119,6550.1055,2207712456.0,17578783955.35,66.808,1.0305,2277690.79,6.29,6.63,4.58,4.19,6483.2975
399986,中证银行指数,2020-12-15,6544.7893,6544.7893,6413.2461,6496.1372,2459897884.0,18409657999.69,-53.9683,-0.8239,2258924.21,6.24,6.58,4.61,4.22,6550.1055
399986,中证银行指数,2020-12-16,6513.8301,6558.3269,6482.8842,6508.5621,2065108656.0,15226701203.77,12.4249,0.1913,2263244.75,6.24,6.59,4.61,4.21,6496.1372
399986,中证银行指数,2020-12-17,6500.6792,6550.3333,6436.2324,6545.9167,2492352240.0,18548873565.45,37.3546,0.5739,2289015.36,6.26,6.6,4.58,4.17,6508.5621
399986,中证银行指数,2020-12-18,6529.7906,6557.0392,6437.3179,6461.2672,1961125937.0,17026169899.86,-84.6495,-1.2932,2259414.6,6.2,6.51,4.62,4.22,6545.9167
399986,中证银行指数,2020-12-21,6453.9448,6481.2428,6390.6279,6440.5702,1965554445.0,16437611495.16,-20.697,-0.3203,2252177.16,6.19,6.49,4.63,4.23,6461.2672
399986,中证银行指数,2020-12-22,6435.6261,6457.1036,6327.5316,6334.2857,2673908973.0,20705676763.48,-106.2845,-1.6502,2215010.95,6.1,6.38,4.7,4.31,6440.5702
399986,中证银行指数,2020-12-23,6331.4474,6359.8398,6305.0607,6346.999,2022948561.0,16254100614.44,12.7133,0.2007,2219456.6,6.11,6.4,4.69,4.3,6334.2857
399986,中证银行指数,2020-12-24,6362.7982,6432.5771,6356.253,6382.2765,1545386504.0,13041279036.4,35.2775,0.5558,2231792.66,6.13,6.43,4.67,4.27,6346.999
399986,中证银行指数,2020-12-25,6386.5988,6395.1344,6319.834,6391.6684,1523926921.0,12108174403.92,9.3919,0.1472,2235076.86,6.14,6.44,4.67,4.27,6382.2765
399986,中证银行指数,2020-12-28,6375.3326,6457.4424,6347.8522,6435.7654,2135180160.0,18891851384.89,44.097,0.6899,2250496.98,6.17,6.48,4.65,4.24,6391.6684
399986,中证银行指数,2020-12-29,6448.2697,6482.0808,6425.6495,6454.6231,2161876317.0,18167416282.12,18.8577,0.293,2257091.26,6.18,6.5,4.64,4.23,6435.7654
399986,中证银行指数,2020-12-30,6442.1195,6472.0919,6402.1459,6472.0919,2239851732.0,19269221842.43,17.4688,0.2706,2263199.86,6.18,6.52,4.64,4.21,6454.6231
399986,中证银行指数,2020-12-31,6469.4753,6588.1821,6459.6734,6535.9892,3276418121.0,24769415537.65,63.8973,0.9873,2285543.85,6.24,6.59,4.6,4.17,6472.0919
399986,中证银行指数,2021-01-04,6473.8057,6473.8057,6351.2918,6410.6305,3699497052.0,32525199448.94,-125.3587,-1.918,2241707.66,6.16,6.46,4.65,4.25,6535.9892
399986,中证银行指数,2021-01-05,6378.6587,6378.9187,6258.9402,6333.5247,3322300934.0,29836489159.92,-77.1058,-1.2028,2214744.83,6.11,6.38,4.69,4.31,6410.6305
399986,中证银行指数,2021-01-06,6320.1097,6484.1208,6312.2855,6484.1208,2738997227.0,25896949732.96,150.5961,2.3778,2267406.19,6.2,6.53,4.62,4.21,6333.5247
399986,中证银行指数,2021-01-07,6493.1036,6561.9086,6462.1078,6546.5013,2883871665.0,25451902970.02,62.3805,0.9621,2289219.76,6.25,6.6,4.58,4.17,6484.1208
399986,中证银行指数,2021-01-08,6556.3902,6609.7948,6512.5496,6574.8536,2471200009.0,23466841781.99,28.3523,0.4331,2299134.18,6.28,6.62,4.57,4.15,6546.5013
399986,中证银行指数,2021-01-11,6597.7273,6711.1675,6597.7273,6640.657,3421307972.0,31842474498.88,65.8034,1.0008,2322144.71,6.32,6.69,4.53,4.11,6574.8536
399986,中证银行指数,2021-01-12,6650.3136,6739.3903,6603.2014,6731.6992,2814349037.0,24870265425.97,91.0422,1.371,2353980.89,6.39,6.78,4.49,4.05,6640.657
399986,中证银行指数,2021-01-13,6711.8242,6747.9223,6674.7648,6727.0819,2692777209.0,21962849856.88,-4.6173,-0.0686,2352366.28,6.4,6.78,4.48,4.05,6731.6992
399986,中证银行指数,2021-01-14,6722.8396,6823.9071,6700.9664,6721.5136,2801401131.0,22933457800.35,-5.5683,-0.0828,2350419.11,6.4,6.77,4.48,4.06,6727.0819
399986,中证银行指数,2021-01-15,6861.7064,7084.7528,6861.7064,6907.9918,5976389867.0,53357653479.33,186.4782,2.7743,2415627.95,6.56,6.96,4.37,3.95,6721.5136
399986,中证银行指数,2021-01-18,6919.6551,7099.4749,6913.1923,7069.2845,3927961823.0,38275788642.88,161.2927,2.3349,2472029.74,6.63,7.12,4.33,3.86,6907.9918
399986,中证银行指数,2021-01-19,7061.0853,7147.5374,6981.2807,7068.5109,3807894088.0,31473520653.38,-0.7736,-0.0109,2471759.21,6.65,7.12,4.31,3.86,7069.2845
399986,中证银行指数,2021-01-20,7055.3601,7136.4791,6969.6233,6990.1419,2689401461.0,24339915595.28,-78.369,-1.1087,2444354.66,6.59,7.04,4.35,3.9,7068.5109
399986,中证银行指数,2021-01-21,7032.4514,7089.8135,6988.1553,7013.0627,2678162508.0,22744794919.42,22.9208,0.3279,2452369.74,6.61,7.07,4.34,3.89,6990.1419
399986,中证银行指数,2021-01-22,7009.0988,7009.0988,6847.5468,6890.9477,2640501802.0,23916913314.62,-122.115,-1.7413,2409667.83,6.5,6.94,4.41,3.96,7013.0627
399986,中证银行指数,2021-01-25,6845.9604,6930.7796,6763.3074,6904.1595,2337464147.0,22319148734.56,13.2118,0.1917,2414287.84,6.52,6.96,4.4,3.95,6890.9477
399986,中证银行指数,2021-01-26,6885.6028,6994.1694,6864.1782,6878.9125,2211167969.0,19516705963.83,-25.247,-0.3657,2405459.31,6.5,6.93,4.41,3.96,6904.1595
399986,中证银行指数,2021-01-27,6884.0306,7054.7114,6884.0306,6976.7117,2729713211.0,24119441817.39,97.7992,1.4217,2439658.31,6.57,7.03,4.36,3.91,6878.9125
399986,中证银行指数,2021-01-28,6908.8474,6931.5185,6859.6989,6908.8502,2316488095.0,19582890517.09,-67.8615,-0.9727,2415928.09,6.51,6.96,4.4,3.95,6976.7117
399986,中证银行指数,2021-01-29,6940.9033,7016.9017,6883.4445,6928.1359,2823072078.0,23834750058.22,19.2857,0.2791,2422672.05,6.54,6.98,4.38,3.94,6908.8502
399986,中证银行指数,2021-02-01,6903.1606,7125.6439,6858.5864,7095.429,3051172979.0,27544582249.24,167.2931,2.4147,2481172.09,6.66,7.15,4.3,3.84,6928.1359
399986,中证银行指数,2021-02-02,7043.5011,7116.6795,6978.0948,7004.0297,2715756990.0,26659601108.2,-91.3993,-1.2881,2449211.04,6.59,7.06,4.35,3.89,7095.429
399986,中证银行指数,2021-02-03,7009.5478,7188.8184,6966.6217,7132.3471,2812651738.0,27957078046.48,128.3174,1.8321,2494081.83,6.65,7.19,4.31,3.82,7004.0297
399986,中证银行指数,2021-02-04,7085.3465,7264.491,7073.7761,7157.0508,3053204255.0,28870688790.31,24.7037,0.3464,2502720.37,6.69,7.21,4.29,3.81,7132.3471
399986,中证银行指数,2021-02-05,7177.0023,7393.3508,7161.9859,7370.6996,5760903490.0,44692618152.58,213.6488,2.9852,2577430.37,6.87,7.43,4.17,3.7,7157.0508
399986,中证银行指数,2021-02-08,7367.7137,7429.4489,7236.4312,7403.7867,3955954573.0,33531955708.87,33.0871,0.4489,2589000.45,6.88,7.46,4.17,3.68,7370.6996
399986,中证银行指数,2021-02-09,7391.625,7400.1164,7290.7833,7391.7773,3047110761.0,25295104040.89,-12.0094,-0.1622,2584800.95,6.86,7.45,4.18,3.69,7403.7867
399986,中证银行指数,2021-02-10,7430.7951,7524.0813,7271.7687,7353.6508,4122948870.0,35335299550.09,-38.1265,-0.5158,2571468.62,6.86,7.41,4.18,3.71,7391.7773
399986,中证银行指数,2021-02-18,7430.3498,7563.5818,7402.5178,7477.1503,3904289007.0,34676802742.32,123.4995,1.6794,2614654.7,6.94,7.53,4.13,3.65,7353.6508
399986,中证银行指数,2021-02-19,7451.61,7545.6192,7407.8313,7440.6653,3309761132.0,28208033632.76,-36.485,-0.488,2601896.4,6.92,7.5,4.14,3.67,7477.1503
399986,中证银行指数,2021-02-22,7425.2125,7425.2125,7293.8948,7316.2927,4472092736.0,37413050903.91,-124.3726,-1.6715,2558405.03,6.87,7.37,4.17,3.73,7440.6653
399986,中证银行指数,2021-02-23,7307.8435,7507.0747,7307.8435,7379.1016,4157896160.0,35525086712.57,62.8089,0.8585,2580368.42,6.91,7.44,4.15,3.7,7316.2927
399986,中证银行指数,2021-02-24,7390.4404,7393.5965,7203.1926,7260.8641,3522017613.0,30173524246.89,-118.2375,-1.6023,2539022.42,6.81,7.32,4.21,3.76,7379.1016
399986,中证银行指数,2021-02-25,7317.4782,7423.0656,7272.5933,7369.9552,3790799628.0,31841283333.32,109.0911,1.5025,2577170.04,6.93,7.43,4.14,3.7,7260.8641
399986,中证银行指数,2021-02-26,7282.1979,7354.2406,7089.796,7114.9188,3853485875.0,34640274356.59,-255.0364,-3.4605,2487987.4,6.75,7.17,4.25,3.83,7369.9552
399986,中证银行指数,2021-03-01,7143.9941,7162.1113,7080.1297,7115.5464,2412587120.0,22564348935.05,0.6276,0.0088,2488206.88,6.73,7.17,4.26,3.83,7114.9188
399986,中证银行指数,2021-03-02,7146.7121,7178.8719,6999.6202,7063.5394,2684741119.0,25196684289.27,-52.007,-0.7309,2470020.76,6.67,7.12,4.3,3.86,7115.5464
399986,中证银行指数,2021-03-03,7075.7145,7397.7574,7069.822,7383.3878,4336513311.0,39654519824.33,319.8484,4.5282,2581867.25,6.93,7.44,4.14,3.69,7063.5394
399986,中证银行指数,2021-03-04,7332.6895,7437.1325,7285.6898,7326.1323,3918677562.0,31731026559.54,-57.2555,-0.7755,2561845.81,6.9,7.38,4.15,3.72,7383.3878
399986,中证银行指数,2021-03-05,7277.361,7320.1818,7136.2397,7267.4785,3554902980.0,29428555631.22,-58.6538,-0.8006,2541335.4,6.9,7.32,4.15,3.75,7326.1323
399986,中证银行指数,2021-03-08,7287.8993,7358.6887,7143.4553,7146.9786,3706869769.0,29483063274.12,-120.4999,-1.6581,2499198.26,6.82,7.2,4.2,3.82,7267.4785
399986,中证银行指数,2021-03-09,7167.1697,7237.104,6984.2177,7011.6121,3738274960.0,30934627691.29,-135.3665,-1.894,2451862.51,6.71,7.06,4.27,3.89,7146.9786
399986,中证银行指数,2021-03-10,7036.0136,7043.5818,6956.3213,6979.916,2631573757.0,22669792744.61,-31.6961,-0.4521,2440778.83,6.68,7.03,4.29,3.91,7011.6121
399986,中证银行指数,2021-03-11,7051.1867,7251.3366,7051.1867,7197.7596,3350002677.0,29133463062.05,217.8436,3.121,2516955.66,6.84,7.25,4.19,3.79,6979.916
399986,中证银行指数,2021-03-12,7209.3289,7295.1379,7196.7658,7271.9426,2887049043.0,24485264199.14,74.183,1.0306,2542896.44,6.89,7.33,4.16,3.75,7197.7596
399986,中证银行指数,2021-03-15,7261.7291,7446.4516,7254.5128,7334.6125,3363317116.0,29866207011.07,62.6699,0.8618,2564811.19,6.96,7.39,4.12,3.72,7271.9426
399986,中证银行指数,2021-03-16,7361.0701,7488.1695,7336.1579,7419.7223,2682913349.0,24149084426.79,85.1098,1.1604,2594572.92,7.03,7.48,4.08,3.68,7334.6125
399986,中证银行指数,2021-03-17,7386.2588,7388.0007,7268.8439,7303.599,2295274980.0,19874088646.48,-116.1233,-1.5651,2553966.23,6.93,7.36,4.13,3.73,7419.7223
399986,中证银行指数,2021-03-18,7305.2832,7355.209,7267.7948,7324.4686,1970993046.0,17160696168.21,20.8696,0.2857,2561264.04,6.94,7.38,4.13,3.72,7303.599
399986,中证银行指数,2021-03-19,7315.4733,7342.6612,7084.2119,7106.7981,3017884605.0,26074468048.97,-217.6705,-2.9718,2485147.72,6.76,7.16,4.24,3.84,7324.4686
399986,中证银行指数,2021-03-22,7117.4086,7304.07,7117.4086,7252.9706,2254444502.0,21626140373.44,146.1725,2.0568,2536262.16,6.88,7.31,4.17,3.76,7106.7981
399986,中证银行指数,2021-03-23,7251.4949,7304.9476,7171.0528,7219.5412,1972791047.0,16966851052.12,-33.4294,-0.4609,2524572.4,6.86,7.27,4.18,3.78,7252.9706
399986,中证银行指数,2021-03-24,7220.6682,7225.8713,7087.1068,7104.6971,2058523365.0,18227216331.15,-114.8441,-1.5907,2484413.02,6.79,7.16,4.22,3.84,7219.5412
399986,中证银行指数,2021-03-25,7140.4314,7166.195,7042.5572,7058.8103,1890330230.0,16391979372.75,-45.8868,-0.6459,2468367.03,6.73,7.11,4.26,3.86,7104.6971
399986,中证银行指数,2021-03-26,7094.2408,7140.8894,7062.7814,7128.3999,2182691895.0,18537826610.73,69.5896,0.9859,2492701.56,6.76,7.18,4.24,3.83,7058.8103
399986,中证银行指数,2021-03-29,7137.4109,7172.6224,7086.7499,7161.9115,2823116248.0,22625864707.62,33.5116,0.4701,2504420.08,6.82,7.22,4.2,3.81,7128.3999
399986,中证银行指数,2021-03-30,7162.8719,7215.1653,7122.0383,7215.1653,2262729751.0,18775670346.16,53.2538,0.7436,2523042.2,6.86,7.27,4.18,3.78,7161.9115
399986,中证银行指数,2021-03-31,7198.0889,7258.3634,7138.257,7238.4354,2878100659.0,22215457355.56,23.2701,0.3225,2531179.43,6.89,7.29,4.16,3.77,7215.1653
399986,中证银行指数,2021-04-01,7242.6465,7242.8659,7177.14,7214.706,1714889811.0,13313065452.08,-23.7294,-0.3278,2524462.86,6.86,7.27,4.17,3.78,7238.4354
399986,中证银行指数,2021-04-02,7221.5763,7222.2312,7104.3629,7126.5117,1984757710.0,15954880502.04,-88.1943,-1.2224,2493603.24,6.78,7.18,4.22,3.82,7214.706
399986,中证银行指数,2021-04-06,7133.1031,7174.9538,7119.8688,7144.8969,1404917301.0,11830375302.75,18.3852,0.258,2500036.29,6.79,7.2,4.21,3.81,7126.5117
399986,中证银行指数,2021-04-07,7150.5717,7155.8716,7082.4628,7123.9883,1791710766.0,14264749431.18,-20.9086,-0.2926,2492720.29,6.78,7.18,4.21,3.83,7144.8969
399986,中证银行指数,2021-04-08,7107.387,7123.4351,7083.1179,7106.137,1477441443.0,11133056852.19,-17.8513,-0.2506,2488296.45,6.76,7.16,4.22,3.83,7123.9883
399986,中证银行指数,2021-04-09,7116.181,7116.8331,7051.6752,7069.7541,1484655450.0,11364995717.27,-36.3829,-0.512,2475556.53,6.74,7.12,4.23,3.85,7106.137
399986,中证银行指数,2021-04-12,7061.4235,7077.4409,7012.0712,7048.4306,1849726426.0,14699618923.92,-21.3235,-0.3016,2468089.88,6.76,7.1,4.23,3.86,7069.7541
399986,中证银行指数,2021-04-13,7063.604,7101.6778,6991.4987,7018.6139,1755452791.0,14422563556.55,-29.8167,-0.423,2457649.22,6.75,7.07,4.23,3.88,7048.4306
399986,中证银行指数,2021-04-14,7029.4139,7032.1235,6924.8717,6931.9637,1698231602.0,15902406348.89,-86.6502,-1.2346,2427307.62,6.68,6.99,4.28,3.93,7018.6139
399986,中证银行指数,2021-04-15,6936.0792,6936.0792,6804.8155,6867.1396,1798024648.0,18762728273.54,-64.8241,-0.9351,2404608.71,6.63,6.92,4.31,3.97,6931.9637
399986,中证银行指数,2021-04-16,6875.4844,6888.0165,6830.3074,6882.4213,1303901501.0,11772184747.97,15.2817,0.2225,2409959.79,6.64,6.94,4.3,3.96,6867.1396
399986,中证银行指数,2021-04-19,6881.3115,6994.6799,6833.256,6987.6343,1925019378.0,18940502815.62,105.213,1.5287,2446801.34,6.71,7.04,4.25,3.9,6882.4213
399986,中证银行指数,2021-04-20,6957.4787,7056.7768,6955.5153,7012.107,1644830514.0,14819178246.71,24.4727,0.3502,2455370.74,6.71,7.07,4.25,3.88,6987.6343
399986,中证银行指数,2021-04-21,7030.482,7163.805,7030.482,7134.2857,1859074335.0,19824510559.56,122.1787,1.7424,2498153.03,6.79,7.19,4.21,3.82,7012.107
399986,中证银行指数,2021-04-22,7148.0588,7154.9492,7040.0201,7065.2881,1747364025.0,15083285065.78,-68.9976,-0.9671,2473992.72,6.72,7.12,4.25,3.85,7134.2857
399986,中证银行指数,2021-04-23,7069.3029,7131.0386,7048.4638,7098.1083,1490092463.0,13477144778.88,32.8202,0.4645,2485485.09,6.72,7.15,4.25,3.84,7065.2881
399986,中证银行指数,2021-04-26,7156.2329,7184.053,7019.5412,7032.0644,1760529586.0,18895325036.98,-66.0439,-0.9304,2462359.05,6.67,7.09,4.28,3.87,7098.1083
399986,中证银行指数,2021-04-27,7029.002,7054.3799,6999.8355,7030.681,1305356886.0,11048335073.11,-1.3834,-0.0197,2461874.64,6.66,7.08,4.29,3.87,7032.0644
399986,中证银行指数,2021-04-28,7052.2287,7053.1106,6975.8219,7022.0116,1509971055.0,13366308022.71,-8.6694,-0.1233,2458838.96,6.64,7.08,4.3,3.88,7030.681
399986,中证银行指数,2021-04-29,7037.9199,7161.7763,7023.9041,7154.5385,2439716372.0,20269139010.62,132.5269,1.8873,2505244.79,6.73,7.21,4.24,3.81,7022.0116
399986,中证银行指数,2021-04-30,7126.7425,7127.3185,6986.7312,7037.2659,3508587327.0,26369186213.55,-117.2726,-1.6391,2464058.16,6.61,7.09,4.32,3.87,7154.5385
399986,中证银行指数,2021-05-06,7018.5228,7156.5295,7018.5228,7107.413,2140377719.0,18660342543.99,70.1471,0.9968,2488619.79,6.68,7.33,4.29,3.83,7037.2659
399986,中证银行指数,2021-05-07,7127.1588,7250.4791,7098.3285,7185.2528,2490984683.0,21757015941.81,77.8398,1.0952,2515874.93,6.76,7.41,4.24,3.79,7107.413
399986,中证银行指数,2021-05-10,7182.2306,7182.2306,7069.563,7138.029,2117939043.0,17342771675.43,-47.2238,-0.6572,2499339.78,6.74,7.36,4.25,3.81,7185.2528
399986,中证银行指数,2021-05-11,7103.2481,7167.4084,7098.4213,7161.3624,1653354294.0,13845461078.62,23.3334,0.3269,2507509.86,6.75,7.39,4.24,3.8,7138.029
399986,中证银行指数,2021-05-12,7146.4623,7255.232,7145.2457,7194.1934,2032875136.0,16847894492.51,32.831,0.4584,2519005.42,6.78,7.42,4.22,3.78,7161.3624
399986,中证银行指数,2021-05-13,7170.2532,7221.4124,7127.2607,7158.6503,1612891035.0,13540616894.32,-35.5431,-0.4941,2506560.23,6.75,7.38,4.24,3.8,7194.1934
399986,中证银行指数,2021-05-14,7176.757,7255.789,7104.3562,7250.5614,1971747898.0,17052853884.3,91.9111,1.2839,2538742.35,6.83,7.48,4.19,3.75,7158.6503
399986,中证银行指数,2021-05-17,7235.0321,7338.1392,7216.0693,7268.4894,1913255840.0,16811059486.29,17.928,0.2473,2545019.76,6.83,7.5,4.19,3.74,7250.5614
399986,中证银行指数,2021-05-18,7275.5984,7281.1808,7220.3193,7254.5172,1353727862.0,11084572187.09,-13.9722,-0.1922,2540127.48,6.82,7.48,4.2,3.75,7268.4894
399986,中证银行指数,2021-05-19,7248.6987,7248.6987,7115.5305,7145.1587,1641608573.0,15526441568.35,-109.3585,-1.5075,2501836.21,6.74,7.37,4.25,3.81,7254.5172
399986,中证银行指数,2021-05-20,7137.1769,7215.526,7089.0926,7215.526,1691953806.0,14326234286.92,70.3673,0.9848,2526474.93,6.79,7.44,4.22,3.77,7145.1587
399986,中证银行指数,2021-05-21,7228.0574,7239.7559,7103.7775,7120.669,1587689193.0,14456782896.66,-94.857,-1.3146,2493261.3,6.71,7.34,4.26,3.82,7215.526
399986,中证银行指数,2021-05-24,7120.9098,7171.056,7103.3033,7128.146,1339706788.0,12476316490.77,7.477,0.105,2495879.32,6.72,7.35,4.26,3.82,7120.669
399986,中证银行指数,2021-05-25,7134.6341,7397.7905,7114.6533,7387.6217,3178111504.0,29245244858.13,259.4757,3.6402,2586733.23,6.91,7.62,4.14,3.68,7128.146
399986,中证银行指数,2021-05-26,7394.9681,7481.5184,7377.0776,7447.7541,2680659354.0,23591706084.15,60.1324,0.814,2607788.26,6.96,7.68,4.12,3.65,7387.6217
399986,中证银行指数,2021-05-27,7419.4513,7455.8422,7336.3955,7387.2735,2100425874.0,18428986780.65,-60.4806,-0.8121,2586611.31,6.91,7.62,4.14,3.68,7447.7541
399986,中证银行指数,2021-05-28,7388.4408,7436.3083,7354.744,7404.1015,2144303396.0,16432071848.63,16.828,0.2278,2592503.53,6.94,7.64,4.12,3.67,7387.2735
399986,中证银行指数,2021-05-31,7395.3239,7395.3628,7308.6334,7365.9275,2089061779.0,16797870454.27,-38.174,-0.5156,2579137.13,6.91,7.6,4.15,3.72,7404.1015
399986,中证银行指数,2021-06-01,7334.4393,7334.5142,7269.0435,7304.7342,1976849296.0,17048668171.43,-61.1933,-0.8308,2557710.67,6.86,7.53,4.18,3.75,7365.9275
399986,中证银行指数,2021-06-02,7301.0198,7310.0972,7237.083,7308.6843,2264056562.0,17032130472.63,3.9501,0.0541,2559093.74,6.87,7.54,4.17,3.75,7304.7342
399986,中证银行指数,2021-06-03,7302.9978,7370.0066,7256.7202,7256.7202,2090480611.0,16954031355.3,-51.9641,-0.711,2540898.81,6.83,7.48,4.2,3.78,7308.6843
399986,中证银行指数,2021-06-04,7245.3609,7405.9519,7241.3591,7329.7947,2271820406.0,19496877606.07,73.0745,1.007,2566485.43,6.86,7.56,4.18,3.74,7256.7202
399986,中证银行指数,2021-06-07,7324.2454,7324.2454,7245.4619,7287.8362,1918542398.0,14033910460.46,-41.9585,-0.5724,2551793.93,6.83,7.52,4.2,3.76,7329.7947
399986,中证银行指数,2021-06-08,7279.5697,7330.0961,7218.367,7283.7219,2084347165.0,16667538106.12,-4.1143,-0.0565,2550353.33,6.84,7.51,4.19,3.76,7287.8362
399986,中证银行指数,2021-06-09,7268.6783,7301.4524,7245.3326,7256.4321,1722381666.0,13787169645.97,-27.2898,-0.3747,2540797.95,6.81,7.48,4.2,3.78,7283.7219
399986,中证银行指数,2021-06-10,7264.1424,7336.8168,7230.14,7236.4392,2042100084.0,16992227281.89,-19.9929,-0.2755,2533797.55,6.79,7.46,4.22,3.79,7256.4321
399986,中证银行指数,2021-06-11,7245.743,7252.9625,7111.9552,7167.1414,2453301973.0,21983718117.7,-69.2978,-0.9576,2509533.34,6.75,7.39,4.25,3.82,7236.4392
399986,中证银行指数,2021-06-15,7140.3384,7142.4547,7028.3624,7060.9552,2170357895.0,18231097542.61,-106.1862,-1.4816,2511975.92,6.67,7.23,4.29,3.91,7167.1414
399986,中证银行指数,2021-06-16,7059.0825,7144.7386,7048.4316,7101.5426,1761500565.0,14830841688.03,40.5874,0.5748,2526415.12,6.7,7.27,4.27,3.89,7060.9552
399986,中证银行指数,2021-06-17,7077.7717,7127.2671,7051.4763,7054.2927,1671856812.0,12993917431.51,-47.2499,-0.6653,2509605.7,6.63,7.22,4.31,3.92,7101.5426
399986,中证银行指数,2021-06-18,7036.0249,7055.2126,6950.2581,6975.4778,1802459903.0,15728135038.98,-78.8149,-1.1173,2481566.83,6.57,7.14,4.35,3.96,7054.2927
399986,中证银行指数,2021-06-21,6959.9444,6959.9444,6880.3709,6900.542,1891745667.0,16702269636.0,-74.9358,-1.0743,2454908.01,6.51,7.06,4.39,4.0,6975.4778
399986,中证银行指数,2021-06-22,6921.5655,7005.4716,6921.0052,6989.7013,1836579114.0,17325909298.78,89.1593,1.2921,2486626.94,6.57,7.15,4.35,3.95,6900.542
399986,中证银行指数,2021-06-23,6985.8777,7005.6865,6945.7528,6966.299,1710263674.0,14582055398.59,-23.4023,-0.3348,2478301.42,6.55,7.13,4.36,3.97,6989.7013
399986,中证银行指数,2021-06-24,6956.1274,6995.9702,6931.0195,6995.9702,1549062177.0,12659685602.73,29.6712,0.4259,2488857.12,6.59,7.16,4.34,3.95,6966.299
399986,中证银行指数,2021-06-25,6994.3648,7094.8294,6991.2532,7076.8934,2004661070.0,17184311869.87,80.9232,1.1567,2517646.04,6.66,7.24,4.3,3.9,6995.9702
399986,中证银行指数,2021-06-28,7067.6299,7069.3236,6922.5342,6951.8184,1880569801.0,18142450387.97,-125.075,-1.7674,2473149.89,6.56,7.11,4.36,3.98,7076.8934
399986,中证银行指数,2021-06-29,6899.9868,6938.3846,6860.4043,6876.062,1680114197.0,15715224770.04,-75.7564,-1.0897,2446199.08,6.5,7.04,4.4,4.02,6951.8184
399986,中证银行指数,2021-06-30,6893.5997,6966.6648,6893.3226,6938.277,1351722476.0,12749546044.32,62.215,0.9048,2468332.45,6.54,7.1,4.78,4.45,6876.062
399986,中证银行指数,2021-07-01,6965.562,7059.3412,6941.2739,7058.8762,1930458576.0,19211609173.98,120.5992,1.7382,2511236.31,6.63,7.22,4.72,4.37,6938.277
399986,中证银行指数,2021-07-02,7000.3881,7001.2456,6880.9105,6896.6317,2044591154.0,20681441880.61,-162.2445,-2.2984,2453516.9,6.51,7.06,4.8,4.48,7058.8762
399986,中证银行指数,2021-07-05,6890.836,6906.1925,6797.8468,6901.8169,1819530449.0,15959995670.94,5.1852,0.0752,2455361.54,6.51,7.06,4.81,4.47,6896.6317
399986,中证银行指数,2021-07-06,6870.0879,6955.0445,6848.8858,6938.3774,1855949050.0,15991292836.81,36.5605,0.5297,2468368.15,6.49,7.1,4.82,4.45,6901.8169
399986,中证银行指数,2021-07-07,6927.3241,6981.148,6893.658,6917.6109,1607094518.0,13457392906.29,-20.7665,-0.2993,2460980.35,6.47,7.08,4.84,4.46,6938.3774
399986,中证银行指数,2021-07-08,6953.0748,6953.0748,6715.4175,6738.5746,2493994178.0,26940672535.96,-179.0363,-2.5881,2397287.13,6.34,6.9,4.94,4.58,6917.6109
399986,中证银行指数,2021-07-09,6713.8218,6756.2102,6646.7613,6662.8005,2037113734.0,18765439745.25,-75.7741,-1.1245,2370330.07,6.28,6.82,4.98,4.63,6738.5746
399986,中证银行指数,2021-07-12,6723.2697,6739.0552,6606.9619,6635.2757,2753651889.0,23827936116.57,-27.5248,-0.4131,2360537.96,6.25,6.79,5.0,4.65,6662.8005
399986,中证银行指数,2021-07-13,6599.946,6653.5137,6532.1545,6619.0926,2056624514.0,16711919383.47,-16.1831,-0.2439,2354780.72,6.24,6.77,5.01,4.67,6635.2757
399986,中证银行指数,2021-07-14,6612.0166,6612.0166,6486.8688,6508.2307,2377655240.0,19719613951.82,-110.8619,-1.6749,2315340.97,6.16,6.66,5.08,4.74,6619.0926
399986,中证银行指数,2021-07-15,6502.8614,6682.2316,6497.8852,6674.5415,2404444167.0,21655425236.73,166.3108,2.5554,2374507.02,6.28,6.83,4.98,4.63,6508.2307
399986,中证银行指数,2021-07-16,6640.6523,6685.3365,6611.5087,6633.8999,1709035320.0,14055609202.06,-40.6416,-0.6089,2360048.52,6.26,6.79,5.0,4.65,6674.5415
399986,中证银行指数,2021-07-19,6634.5741,6648.2942,6531.5122,6630.4892,1766612971.0,14386127913.5,-3.4107,-0.0514,2358835.15,6.26,6.79,5.0,4.66,6633.8999
399986,中证银行指数,2021-07-20,6600.3929,6621.9077,6527.5198,6543.4055,1448671509.0,12720656881.28,-87.0837,-1.3134,2327854.59,6.2,6.7,5.05,4.72,6630.4892
399986,中证银行指数,2021-07-21,6527.4273,6559.9812,6462.6584,6485.9987,1656904946.0,14672360852.94,-57.4068,-0.8773,2307431.79,6.16,6.64,5.08,4.76,6543.4055
399986,中证银行指数,2021-07-22,6479.9159,6581.5872,6466.9648,6522.2247,1572877047.0,14347776737.01,36.226,0.5585,2320319.42,6.18,6.68,5.06,4.73,6485.9987
399986,中证银行指数,2021-07-23,6519.5108,6529.9492,6457.8526,6494.2386,1499796226.0,12582341491.07,-27.9861,-0.4291,2310363.2,6.16,6.65,5.08,4.75,6522.2247
399986,中证银行指数,2021-07-26,6465.512,6465.512,6285.3459,6289.1752,2333327606.0,20239862390.81,-205.0634,-3.1576,2237410.7,6.02,6.44,5.19,4.91,6494.2386
399986,中证银行指数,2021-07-27,6292.0381,6309.1983,6104.3676,6121.4817,2335287997.0,20532628949.94,-167.6935,-2.6664,2177752.76,5.91,6.26,5.3,5.04,6289.1752
399986,中证银行指数,2021-07-28,6133.639,6229.589,6133.639,6189.3213,2303758882.0,18741977949.37,67.8396,1.1082,2201887.1,5.97,6.33,5.24,4.99,6121.4817
399986,中证银行指数,2021-07-29,6224.3075,6224.3075,6138.7414,6147.8695,1818361405.0,15242406652.91,-41.4518,-0.6697,2187140.37,5.92,6.29,5.28,5.02,6189.3213
399986,中证银行指数,2021-07-30,6128.4873,6128.4873,6026.2276,6055.7104,1731602896.0,14487891770.88,-92.1591,-1.499,2154354.23,5.84,6.2,4.87,4.41,6147.8695
399986,中证银行指数,2021-08-02,6044.1321,6178.3531,5972.0387,6141.4928,2309871444.0,18967096618.31,85.7824,1.4166,2184871.82,5.91,6.29,4.81,4.35,6055.7104
399986,中证银行指数,2021-08-03,6121.6575,6130.983,6063.2113,6109.7237,1595080228.0,13345149678.8,-31.7691,-0.5173,2173569.77,5.88,6.25,4.84,4.37,6141.4928
399986,中证银行指数,2021-08-04,6111.9692,6116.5888,6045.3895,6058.5824,1416913394.0,12272263572.8,-51.1413,-0.837,2155375.97,5.84,6.2,4.87,4.41,6109.7237
399986,中证银行指数,2021-08-05,6041.9397,6097.8308,6017.37,6047.0295,1308105521.0,10794804647.19,-11.5529,-0.1907,2151265.96,5.83,6.19,4.88,4.42,6058.5824
399986,中证银行指数,2021-08-06,6028.2825,6069.529,5983.6872,6067.3662,1360528579.0,11723159474.48,20.3367,0.3363,2158500.85,5.85,6.21,4.86,4.4,6047.0295
399986,中证银行指数,2021-08-09,6064.9869,6277.4251,6063.6285,6222.9637,2175733992.0,20608300110.99,155.5975,2.5645,2213855.57,5.96,6.37,4.77,4.29,6067.3662
399986,中证银行指数,2021-08-10,6222.3748,6357.6838,6192.1069,6342.2812,1982280581.0,18774188807.25,119.3175,1.9174,2256303.45,6.03,6.49,4.71,4.21,6222.9637
399986,中证银行指数,2021-08-11,6347.2047,6472.7276,6346.0941,6399.7344,2546306281.0,20777743336.27,57.4532,0.9059,2276742.77,6.11,6.55,4.66,4.18,6342.2812
399986,中证银行指数,2021-08-12,6386.0851,6426.6683,6361.6799,6370.8313,1293971720.0,11557216914.83,-28.9031,-0.4516,2266460.31,6.08,6.52,4.68,4.19,6399.7344
399986,中证银行指数,2021-08-13,6366.5984,6389.7704,6333.7331,6376.1603,1176052220.0,10888821290.03,5.329,0.0836,2268356.16,6.08,6.53,4.68,4.19,6370.8313
399986,中证银行指数,2021-08-16,6399.9019,6410.696,6320.913,6368.2667,1435183702.0,14227987291.96,-7.8936,-0.1238,2265547.95,6.08,6.52,4.68,4.2,6376.1603
399986,中证银行指数,2021-08-17,6362.4097,6421.3353,6300.5747,6308.2227,1772166398.0,14542763213.8,-60.044,-0.9429,2244186.95,6.03,6.46,4.72,4.24,6368.2667
399986,中证银行指数,2021-08-18,6314.3383,6563.0808,6308.2085,6515.1512,2585838981.0,25222144143.69,206.9285,3.2803,2317802.98,6.19,6.67,4.59,4.1,6308.2227
399986,中证银行指数,2021-08-19,6491.1325,6504.3993,6362.4097,6387.7985,1787326563.0,16271582798.05,-127.3527,-1.9547,2272496.5,6.09,6.54,4.67,4.18,6515.1512
399986,中证银行指数,2021-08-20,6384.7829,6421.9997,6257.8206,6343.9112,1928886062.0,17956748875.35,-43.8873,-0.687,2256883.36,6.07,6.49,4.68,4.21,6387.7985
399986,中证银行指数,2021-08-23,6349.8325,6404.995,6342.292,6346.6879,1490218723.0,13700966458.69,2.7767,0.0438,2257871.16,6.07,6.5,4.68,4.21,6343.9112
399986,中证银行指数,2021-08-24,6353.0989,6420.1432,6318.7615,6368.4059,1626189408.0,14438472869.56,21.718,0.3422,2265597.49,6.08,6.52,4.68,4.2,6346.6879
399986,中证银行指数,2021-08-25,6372.8637,6388.9081,6294.7998,6309.8812,1595949228.0,13166146706.35,-58.5247,-0.919,2244776.98,6.04,6.46,4.71,4.24,6368.4059
399986,中证银行指数,2021-08-26,6318.2206,6320.5306,6214.4006,6219.1703,1574299303.0,15105299386.74,-90.7109,-1.4376,2212506.04,5.97,6.36,4.77,4.3,6309.8812
399986,中证银行指数,2021-08-27,6219.047,6283.8772,6214.9409,6237.0358,1378408465.0,12105428122.46,17.8655,0.2873,2218861.82,5.99,6.38,4.75,4.28,6219.1703
399986,中证银行指数,2021-08-30,6228.5493,6231.4798,6097.3931,6134.4066,2211830884.0,20267215607.06,-102.6292,-1.6455,2182350.85,5.9,6.28,4.82,4.36,6237.0358
399986,中证银行指数,2021-08-31,6136.2982,6228.1385,6120.2783,6222.8721,2257525352.0,18218409197.58,88.4655,1.4421,2213823.0,5.98,6.37,4.75,4.29,6134.4066
399986,中证银行指数,2021-09-01,6205.7887,6377.9663,6188.112,6365.6165,3444771302.0,27727126633.77,142.7444,2.2939,2264605.14,6.11,6.51,4.66,4.2,6222.8721
399986,中证银行指数,2021-09-02,6366.8377,6428.7996,6358.5313,6424.521,2294908807.0,21692435958.92,58.9045,0.9254,2285560.74,6.14,6.58,4.63,4.16,6365.6165
399986,中证银行指数,2021-09-03,6437.3751,6496.3885,6333.0473,6436.6647,2638141666.0,20904799141.93,12.1437,0.189,2289880.94,6.16,6.59,4.61,4.15,6424.521
399986,中证银行指数,2021-09-06,6406.3943,6487.0688,6398.8952,6428.572,2084919577.0,16864061871.04,-8.0927,-0.1257,2287001.93,6.16,6.58,4.62,4.16,6436.6647
399986,中证银行指数,2021-09-07,6441.3377,6564.6364,6389.6234,6543.9661,2763946119.0,22762783471.8,115.3941,1.795,2328054.06,6.24,6.7,4.56,4.08,6428.572
399986,中证银行指数,2021-09-08,6533.5647,6599.4719,6515.2989,6535.7654,2510250609.0,19785294632.37,-8.2007,-0.1253,2325136.61,6.25,6.69,4.55,4.09,6543.9661
399986,中证银行指数,2021-09-09,6509.6603,6539.9142,6468.678,6512.1441,2107441020.0,15567637808.79,-23.6213,-0.3614,2316733.19,6.23,6.66,4.56,4.1,6535.7654
399986,中证银行指数,2021-09-10,6506.4088,6718.6103,6503.3965,6655.7015,3610889053.0,31258583526.55,143.5574,2.2045,2367804.55,6.33,6.81,4.49,4.02,6512.1441
399986,中证银行指数,2021-09-13,6631.5029,6670.2826,6595.0115,6645.846,2549444142.0,20584432683.71,-9.8555,-0.1481,2364298.42,6.32,6.8,4.5,4.02,6655.7015
399986,中证银行指数,2021-09-14,6654.4937,6673.654,6452.9888,6466.9604,2897323557.0,22289572535.4,-178.8856,-2.6917,2300658.83,6.18,6.62,4.61,4.13,6645.846
399986,中证银行指数,2021-09-15,6448.897,6478.6083,6380.8522,6416.7401,1925199886.0,15592304492.44,-50.2203,-0.7766,2282792.65,6.13,6.57,4.64,4.16,6466.9604
399986,中证银行指数,2021-09-16,6404.8417,6448.0539,6346.0844,6355.5534,2384862091.0,17946525040.84,-61.1867,-0.9535,2261025.13,6.09,6.5,4.67,4.2,6416.7401
399986,中证银行指数,2021-09-17,6353.8665,6389.5306,6331.0556,6366.2896,1869325536.0,14514510228.18,10.7362,0.1689,2264844.59,6.1,6.52,4.66,4.2,6355.5534
399986,中证银行指数,2021-09-22,6197.3236,6258.6338,6160.8391,6229.3825,2487136263.0,21701733025.94,-136.9071,-2.1505,2216139.11,5.99,6.38,4.75,4.29,6366.2896
399986,中证银行指数,2021-09-23,6257.8864,6327.4036,6209.8531,6230.0418,2020836012.0,17048436567.56,0.6593,0.0106,2216373.64,5.99,6.38,4.75,4.29,6229.3825
399986,中证银行指数,2021-09-24,6220.2529,6244.3535,6174.8964,6180.8967,1746256782.0,13910836367.56,-49.1451,-0.7888,2198889.98,5.95,6.33,4.78,4.32,6230.0418
399986,中证银行指数,2021-09-27,6163.3201,6210.9493,6126.0662,6180.9713,1974519705.0,16244417587.03,0.0746,0.0012,2198916.51,5.95,6.33,4.78,4.32,6180.8967
399986,中证银行指数,2021-09-28,6177.2778,6312.2928,6176.9706,6285.3037,2140958092.0,17784663516.16,104.3324,1.688,2236033.4,6.03,6.43,4.71,4.25,6180.9713
399986,中证银行指数,2021-09-29,6248.3212,6385.0839,6224.6303,6341.5547,2251584235.0,19263683055.08,56.251,0.895,2256045.0,6.08,6.49,4.68,4.21,6285.3037
399986,中证银行指数,2021-09-30,6330.2241,6330.2241,6248.2339,6274.2681,1701086651.0,14117625088.42,-67.2866,-1.061,2232107.4,6.02,6.42,4.72,4.26,6341.5547
399986,中证银行指数,2021-10-08,6291.4413,6387.109,6291.4413,6375.9118,2017364032.0,16494545414.23,101.6437,1.62,2268267.75,6.1,6.53,4.66,4.19,6274.2681
399986,中证银行指数,2021-10-11,6419.083,6581.2554,6419.083,6518.3667,2440887851.0,22662049549.12,142.4549,2.2343,2318946.89,6.21,6.67,4.58,4.1,6375.9118
399986,中证银行指数,2021-10-12,6494.8275,6580.0721,6475.063,6519.9764,2052923631.0,17586523696.34,1.6097,0.0247,2319519.57,6.21,6.67,4.58,4.1,6518.3667
399986,中证银行指数,2021-10-13,6509.7866,6539.2181,6447.2588,6508.4864,1435693715.0,12414342621.6,-11.49,-0.1762,2315431.93,6.19,6.66,4.6,4.11,6519.9764
399986,中证银行指数,2021-10-14,6510.8053,6539.9121,6428.8639,6441.8312,1185775546.0,10275571817.17,-66.6552,-1.0241,2291718.95,6.14,6.59,4.63,4.15,6508.4864
399986,中证银行指数,2021-10-15,6450.2388,6525.0218,6435.3661,6498.3705,1584924687.0,13508841093.04,56.5393,0.8777,2311833.13,6.19,6.65,4.6,4.11,6441.8312
399986,中证银行指数,2021-10-18,6496.8296,6511.238,6433.3692,6453.3577,1652221656.0,13785727729.11,-45.0128,-0.6927,2295819.57,6.15,6.6,4.62,4.14,6498.3705
399986,中证银行指数,2021-10-19,6450.1179,6532.4963,6449.1463,6497.1829,1517838886.0,12630805356.55,43.8252,0.6791,2311410.64,6.19,6.65,4.6,4.11,6453.3577
399986,中证银行指数,2021-10-20,6522.3054,6536.7587,6439.1974,6452.3034,1365644870.0,11101532492.71,-44.8795,-0.6908,2295444.5,6.15,6.6,4.62,4.14,6497.1829
399986,中证银行指数,2021-10-21,6495.8051,6595.8954,6495.2929,6590.5368,2400418395.0,21200483910.93,138.2334,2.1424,2344621.85,6.26,6.75,4.54,4.06,6452.3034
399986,中证银行指数,2021-10-22,6610.5534,6662.5373,6562.6262,6601.0854,1948705950.0,17369842518.48,10.5486,0.1601,2348374.57,6.26,6.76,4.54,4.05,6590.5368
399986,中证银行指数,2021-10-25,6557.0816,6615.2054,6523.003,6602.2103,1631524975.0,14860805317.29,1.1249,0.017,2348774.75,6.26,6.76,4.55,4.05,6601.0854
399986,中证银行指数,2021-10-26,6596.8048,6651.7275,6574.4649,6599.3271,1773004409.0,16142547905.63,-2.8832,-0.0437,2347749.05,6.25,6.75,4.55,4.05,6602.2103
399986,中证银行指数,2021-10-27,6587.3886,6587.3886,6490.0547,6543.6484,1705739356.0,14153330499.81,-55.6787,-0.8437,2327941.01,6.21,6.7,4.58,4.08,6599.3271
399986,中证银行指数,2021-10-28,6520.8025,6553.3136,6482.935,6500.5817,1461606380.0,11798562117.89,-43.0667,-0.6581,2312619.8,6.18,6.65,4.6,4.11,6543.6484
399986,中证银行指数,2021-10-29,6526.7818,6537.6076,6456.3989,6471.6711,1884311603.0,16147853156.0,-28.9106,-0.4447,2302334.69,6.17,6.62,4.61,4.13,6500.5817
399986,中证银行指数,2021-11-01,6469.6901,6582.4963,6439.9443,6546.6143,2705003939.0,20693509666.7,74.9432,1.158,2328996.16,6.23,6.7,4.57,4.08,6471.6711
399986,中证银行指数,2021-11-02,6553.6218,6560.7581,6324.4283,6356.5889,2966290366.0,26253234865.54,-190.0254,-2.9027,2261393.51,6.08,6.51,4.68,4.2,6546.6143
399986,中证银行指数,2021-11-03,6357.927,6372.5447,6335.2835,6354.0278,1628760309.0,13823790162.55,-2.5611,-0.0403,2260482.37,6.07,6.5,4.69,4.21,6356.5889
399986,中证银行指数,2021-11-04,6362.1422,6366.4252,6309.4388,6327.8484,1415377715.0,12223655255.44,-26.1794,-0.412,2251168.92,6.05,6.48,4.7,4.22,6354.0278
399986,中证银行指数,2021-11-05,6313.5536,6332.8241,6295.0138,6302.3117,1399982826.0,11849893495.72,-25.5367,-0.4036,2242084.09,6.04,6.45,4.71,4.24,6327.8484
399986,中证银行指数,2021-11-08,6292.5314,6307.7334,6266.5332,6274.5743,1457161527.0,12596597658.58,-27.7374,-0.4401,2232216.34,6.02,6.42,4.73,4.26,6302.3117
399986,中证银行指数,2021-11-09,6291.142,6307.8627,6243.5861,6277.9002,1233933604.0,11153393911.66,3.3259,0.053,2233399.55,6.02,6.43,4.73,4.26,6274.5743
399986,中证银行指数,2021-11-10,6270.6229,6270.6229,6211.0698,6257.4871,1473206489.0,12774052538.53,-20.4131,-0.3252,2226137.47,6.0,6.4,4.74,4.27,6277.9002
399986,中证银行指数,2021-11-11,6250.1964,6424.7883,6244.0238,6423.1568,2041490416.0,20060318624.63,165.6697,2.6475,2285075.43,6.13,6.57,4.64,4.16,6257.4871
399986,中证银行指数,2021-11-12,6421.9626,6451.4315,6388.7132,6399.9506,1331491616.0,11262414151.52,-23.2062,-0.3613,2276819.69,6.1,6.55,4.66,4.18,6423.1568
399986,中证银行指数,2021-11-15,6410.2556,6456.5967,6390.3992,6436.1321,1171959863.0,9894752099.77,36.1815,0.5653,2289691.47,6.13,6.59,4.64,4.15,6399.9506
399986,中证银行指数,2021-11-16,6428.9514,6458.0551,6371.3901,6395.8523,1203068736.0,9603015734.54,-40.2798,-0.6258,2275361.7,6.1,6.55,4.66,4.18,6436.1321
399986,中证银行指数,2021-11-17,6374.0308,6404.3707,6340.1819,6346.7945,1215913147.0,9610596465.52,-49.0578,-0.767,2257909.1,6.07,6.5,4.69,4.21,6395.8523
399986,中证银行指数,2021-11-18,6338.1323,6346.0635,6295.9454,6302.3633,1170739226.0,9658736376.38,-44.4312,-0.7001,2242102.43,6.03,6.45,4.71,4.24,6346.7945
399986,中证银行指数,2021-11-19,6301.4901,6388.9634,6288.5478,6373.3338,1449373008.0,12153743636.67,70.9705,1.1261,2267350.6,6.09,6.52,4.67,4.19,6302.3633
399986,中证银行指数,2021-11-22,6360.4658,6364.6461,6309.0772,6312.1952,1443172476.0,13206267127.18,-61.1386,-0.9593,2245600.21,6.04,6.46,4.71,4.23,6373.3338
399986,中证银行指数,2021-11-23,6315.363,6358.785,6300.8768,6323.0952,1311551024.0,12504124896.36,10.9,0.1727,2249477.92,6.05,6.47,4.7,4.23,6312.1952
399986,中证银行指数,2021-11-24,6315.4832,6344.1938,6290.3079,6329.7982,1215368768.0,9964172085.44,6.703,0.106,2251862.57,6.06,6.48,4.69,4.22,6323.0952
399986,中证银行指数,2021-11-25,6320.9636,6321.7242,6298.9643,6309.5958,976007905.0,7186044320.77,-20.2024,-0.3192,2244675.46,6.04,6.46,4.71,4.24,6329.7982
399986,中证银行指数,2021-11-26,6296.9839,6300.2583,6252.6088,6259.0641,1301931290.0,11886592725.99,-50.5317,-0.8009,2226698.49,6.0,6.41,4.74,4.27,6309.5958
399986,中证银行指数,2021-11-29,6228.3098,6249.8596,6201.1345,6232.1928,1594633307.0,12902724891.6,-26.8713,-0.4293,2217138.87,5.97,6.38,4.76,4.29,6259.0641
399986,中证银行指数,2021-11-30,6226.298,6250.8428,6196.0886,6215.9792,1493431223.0,11617114295.02,-16.2136,-0.2602,2211370.8,5.95,6.36,4.78,4.3,6232.1928
399986,中证银行指数,2021-12-01,6215.0331,6264.3708,6209.5984,6259.1865,1374487667.0,10533281508.8,43.2073,0.6951,2226742.05,6.0,6.41,4.74,4.27,6215.9792
399986,中证银行指数,2021-12-02,6252.9777,6303.6039,6209.9819,6282.1253,1601335868.0,14052370717.23,22.9388,0.3665,2242124.23,6.02,6.43,4.72,4.24,6259.1865
399986,中证银行指数,2021-12-03,6287.054,6323.2243,6243.5666,6323.2243,1465092352.0,12930534079.8,41.099,0.6542,2256792.67,6.05,6.48,4.7,4.21,6282.1253
399986,中证银行指数,2021-12-06,6337.6103,6410.8792,6335.5834,6354.7705,2196016918.0,19406062187.1,31.5462,0.4989,2268051.68,6.07,6.51,4.68,4.19,6323.2243
399986,中证银行指数,2021-12-07,6404.2405,6441.603,6350.2641,6417.9659,2375648696.0,21052646496.65,63.1954,0.9945,2290606.47,6.12,6.57,4.64,4.15,6354.7705
399986,中证银行指数,2021-12-08,6419.472,6431.5256,6376.9701,6420.6332,1924746228.0,15819488990.45,2.6673,0.0416,2291558.42,6.11,6.58,4.65,4.15,6417.9659
399986,中证银行指数,2021-12-09,6424.2291,6544.405,6408.465,6482.0955,2692752518.0,22228695371.93,61.4623,0.9573,2313494.65,6.16,6.64,4.61,4.11,6420.6332
399986,中证银行指数,2021-12-10,6450.2431,6496.0866,6429.5991,6466.7214,2707582421.0,19286646793.61,-15.3741,-0.2372,2308007.55,6.15,6.62,4.62,4.12,6482.0955
399986,中证银行指数,2021-12-13,6472.0097,6532.9609,6414.6578,6416.4854,2384429493.0,19997343396.13,-50.236,-0.7768,2334734.47,6.13,6.54,4.63,4.16,6466.7214
399986,中证银行指数,2021-12-14,6402.0604,6407.6107,6316.9844,6329.5838,2157574084.0,19249395758.55,-86.9016,-1.3543,2303114.0,6.06,6.45,4.68,4.22,6416.4854
399986,中证银行指数,2021-12-15,6314.7795,6336.3336,6301.5021,6321.5659,1553557012.0,12909511139.22,-8.0179,-0.1267,2300196.59,6.06,6.44,4.69,4.22,6329.5838
399986,中证银行指数,2021-12-16,6325.1126,6370.9972,6307.8144,6366.8534,1568057831.0,12688997391.37,45.2875,0.7164,2316675.11,6.09,6.49,4.66,4.19,6321.5659
399986,中证银行指数,2021-12-17,6363.1715,6379.9826,6335.0305,6341.4387,1508513349.0,12406930197.63,-25.4147,-0.3992,2307427.62,6.07,6.46,4.68,4.21,6366.8534
399986,中证银行指数,2021-12-20,6328.3907,6371.5566,6322.6102,6335.0666,1592817578.0,12740749949.4,-6.3721,-0.1005,2305113.68,6.06,6.45,4.68,4.21,6341.4387
399986,中证银行指数,2021-12-21,6329.6317,6391.5074,6328.3094,6362.3155,2323003242.0,15658946660.41,27.2489,0.4301,2315028.62,6.09,6.48,4.66,4.19,6335.0666
399986,中证银行指数,2021-12-22,6374.1398,6374.7768,6310.5426,6313.3886,1754931703.0,13021479058.79,-48.9269,-0.769,2297225.82,6.05,6.43,4.69,4.23,6362.3155
399986,中证银行指数,2021-12-23,6325.5215,6337.7813,6295.6541,6318.6832,1450458780.0,12986575224.37,5.2946,0.0839,2299152.32,6.06,6.44,4.68,4.22,6313.3886
399986,中证银行指数,2021-12-24,6324.1419,6324.1419,6290.6004,6296.6917,1290402099.0,9997410677.49,-21.9915,-0.348,2291150.37,6.05,6.42,4.7,4.24,6318.6832
399986,中证银行指数,2021-12-27,6297.9503,6307.9139,6247.9562,6265.6458,1340414510.0,12936514801.8,-31.0459,-0.4931,2279853.86,6.03,6.38,4.71,4.26,6296.6917
399986,中证银行指数,2021-12-28,6269.013,6309.1834,6267.1025,6290.6927,1738137483.0,14439297883.33,25.0469,0.3997,2288967.53,6.05,6.41,4.69,4.24,6265.6458
399986,中证银行指数,2021-12-29,6291.7724,6291.7724,6218.1294,6221.5224,1467358448.0,16622755370.35,-69.1703,-1.0996,2263798.84,5.98,6.34,4.75,4.29,6290.6927
399986,中证银行指数,2021-12-30,6225.8665,6274.2175,6225.2952,6251.9313,1539111002.0,14471690460.74,30.4089,0.4888,2274863.61,6.0,6.37,4.73,4.27,6221.5224
399986,中证银行指数,2021-12-31,6257.4986,6263.4708,6237.8968,6248.0093,1442826661.0,12632932510.05,-3.922,-0.0627,2273436.53,6.0,6.37,4.73,4.27,6251.9313
399986,中证银行指数,2022-01-04,6249.0261,6271.1029,6203.9997,6266.6502,2186314592.0,17348877394.38,18.6409,0.2983,2280219.29,6.02,6.38,4.72,4.26,6248.0093
399986,中证银行指数,2022-01-05,6267.5644,6406.2473,6262.4705,6380.0344,3621966270.0,28658862214.9,113.3842,1.8093,2321475.94,6.1,6.5,4.65,4.18,6266.6502
399986,中证银行指数,2022-01-06,6371.1314,6386.1753,6335.5972,6345.1875,2237169906.0,18038182176.8,-34.8469,-0.5462,2308796.34,6.07,6.46,4.67,4.21,6380.0344
399986,中证银行指数,2022-01-07,6347.7879,6448.291,6347.7879,6444.1667,3354452549.0,23383207728.75,98.9792,1.5599,2344811.48,6.16,6.57,4.6,4.14,6345.1875
399986,中证银行指数,2022-01-10,6466.5327,6504.3702,6410.2088,6469.5072,2706121124.0,21288702924.45,25.3405,0.3932,2354032.02,6.18,6.59,4.59,4.13,6444.1667
399986,中证银行指数,2022-01-11,6488.3593,6571.4216,6460.4755,6542.4281,2914389137.0,25264132582.28,72.9209,1.1271,2380565.45,6.23,6.67,4.56,4.08,6469.5072
399986,中证银行指数,2022-01-12,6552.7569,6557.938,6480.8368,6526.4955,2719746558.0,21783540177.88,-15.9326,-0.2435,2374768.1,6.2,6.65,4.58,4.09,6542.4281
399986,中证银行指数,2022-01-13,6519.8727,6600.318,6511.1846,6527.2862,2819490598.0,20194106752.66,0.7907,0.0121,2375842.83,6.21,6.65,4.57,4.09,6526.4955
399986,中证银行指数,2022-01-14,6521.9346,6521.9346,6377.0659,6383.5389,3057733256.0,23928113670.79,-143.7473,-2.2023,2323520.77,6.09,6.5,4.66,4.18,6527.2862
399986,中证银行指数,2022-01-17,6388.0433,6430.6088,6347.8429,6375.4327,1903560075.0,15438062924.84,-8.1062,-0.127,2320570.22,6.09,6.5,4.66,4.18,6383.5389
399986,中证银行指数,2022-01-18,6386.8222,6512.9404,6375.4115,6507.7261,2635998816.0,21389913566.85,132.2934,2.075,2368723.23,6.18,6.63,4.59,4.1,6375.4327
399986,中证银行指数,2022-01-19,6505.9145,6556.6712,6497.7849,6544.7306,2235647606.0,19374868018.74,37.0045,0.5686,2382192.36,6.21,6.67,4.57,4.08,6507.7261
399986,中证银行指数,2022-01-20,6548.2709,6702.1636,6545.3033,6675.3234,3820472175.0,34359916751.82,130.5928,1.9954,2429726.34,6.31,6.8,4.49,4.0,6544.7306
399986,中证银行指数,2022-01-21,6661.6537,6666.4024,6615.1841,6640.4567,2417001070.0,20842436881.2,-34.8667,-0.5223,2417035.32,6.29,6.77,4.51,4.02,6675.3234
399986,中证银行指数,2022-01-24,6638.4748,6663.7902,6571.0768,6633.0953,2230195290.0,18409033016.48,-7.3614,-0.1109,2414355.91,6.28,6.76,4.52,4.02,6640.4567
399986,中证银行指数,2022-01-25,6608.9861,6610.7694,6525.1526,6525.9609,2335658508.0,18513753804.38,-107.1344,-1.6151,2375360.44,6.19,6.65,4.58,4.09,6633.0953
399986,中证银行指数,2022-01-26,6539.6034,6561.2436,6498.8378,6537.7915,1758412916.0,14211372699.01,11.8306,0.1813,2379666.62,6.2,6.66,4.57,4.08,6525.9609
399986,中证银行指数,2022-01-27,6523.4255,6555.3353,6473.8577,6508.5422,2129796309.0,16802073772.48,-29.2493,-0.4474,2369020.27,6.18,6.63,4.59,4.1,6537.7915
399986,中证银行指数,2022-01-28,6525.5161,6537.2188,6414.8397,6414.8397,2372286432.0,19122588730.71,-93.7025,-1.4397,2334913.82,6.11,6.54,4.64,4.16,6508.5422
399986,中证银行指数,2022-02-07,6496.2388,6617.7342,6494.8866,6611.986,2833641303.0,23666076157.36,197.1463,3.0733,2406672.41,6.27,6.74,4.53,4.04,6414.8397
399986,中证银行指数,2022-02-08,6611.2943,6710.5252,6605.0903,6707.835,3936707619.0,27228067282.2,95.849,1.4496,2441560.12,6.37,6.83,4.45,3.98,6611.986
399986,中证银行指数,2022-02-09,6715.5743,6749.4848,6661.084,6678.2121,3049705862.0,22070065536.5,-29.6229,-0.4416,2430777.78,6.35,6.8,4.47,4.0,6707.835
399986,中证银行指数,2022-02-10,6679.4835,6735.4448,6636.8712,6735.4448,2400674161.0,16982415690.25,57.2327,0.857,2451609.69,6.4,6.86,4.44,3.96,6678.2121
399986,中证银行指数,2022-02-11,6736.5246,6837.4765,6736.4768,6805.8395,2966829941.0,24865775695.67,70.3947,1.0451,2477232.43,6.45,6.93,4.4,3.92,6735.4448
399986,中证银行指数,2022-02-14,6800.2375,6800.3827,6633.9383,6649.197,2747062954.0,21145477131.47,-156.6425,-2.3016,2420216.68,6.32,6.77,4.49,4.01,6805.8395
399986,中证银行指数,2022-02-15,6631.4383,6672.6016,6533.2823,6565.2207,2427900128.0,19981359256.85,-83.9763,-1.263,2389650.48,6.24,6.69,4.55,4.06,6649.197
399986,中证银行指数,2022-02-16,6588.5675,6660.824,6581.3646,6627.7236,1653005488.0,13333953413.03,62.5029,0.952,2412400.68,6.3,6.75,4.51,4.03,6565.2207
399986,中证银行指数,2022-02-17,6637.182,6697.3443,6618.5084,6645.5546,1777303827.0,14773755334.29,17.831,0.269,2418890.91,6.31,6.77,4.5,4.01,6627.7236
399986,中证银行指数,2022-02-18,6628.8347,6731.8818,6628.5602,6731.8818,1878495394.0,14774230117.65,86.3272,1.299,2450312.83,6.37,6.86,4.45,3.96,6645.5546
399986,中证银行指数,2022-02-21,6708.9496,6708.9496,6629.3647,6699.4702,1764525487.0,13599860648.69,-32.4116,-0.4815,2438515.46,6.34,6.83,4.47,3.98,6731.8818
399986,中证银行指数,2022-02-22,6662.8701,6693.8506,6638.8958,6666.4998,1717903684.0,14531942084.39,-32.9704,-0.4921,2426514.66,6.31,6.79,4.5,4.0,6699.4702
399986,中证银行指数,2022-02-23,6674.3602,6674.3602,6590.9409,6608.3766,2008906148.0,15824433275.36,-58.1232,-0.8719,2405358.63,6.27,6.73,4.53,4.04,6666.4998
399986,中证银行指数,2022-02-24,6593.2021,6600.5791,6501.4449,6514.604,2695694271.0,19425505551.11,-93.7726,-1.419,2371226.66,6.17,6.64,4.6,4.1,6608.3766
399986,中证银行指数,2022-02-25,6529.0607,6552.8522,6457.2025,6483.695,2172144291.0,16540576169.05,-30.909,-0.4745,2359976.22,6.15,6.61,4.61,4.11,6514.604
399986,中证银行指数,2022-02-28,6470.6841,6480.612,6409.9569,6476.7774,1941226082.0,14324211984.94,-6.9176,-0.1067,2357458.33,6.15,6.6,4.62,4.12,6483.695
399986,中证银行指数,2022-03-01,6483.4512,6549.5629,6450.6432,6536.8413,2035364590.0,16358931162.74,60.0639,0.9274,2379320.77,6.2,6.66,4.58,4.08,6476.7774
399986,中证银行指数,2022-03-02,6495.5883,6542.7895,6490.5172,6513.3889,1692236598.0,13266760256.44,-23.4524,-0.3588,2370784.42,6.18,6.64,4.59,4.1,6536.8413
399986,中证银行指数,2022-03-03,6525.4878,6577.6213,6525.4878,6566.7806,1990526961.0,15033679203.62,53.3917,0.8197,2390218.25,6.23,6.69,4.55,4.06,6513.3889
399986,中证银行指数,2022-03-04,6545.9315,6546.8479,6468.1664,6503.3247,2003887243.0,15781309295.4,-63.4559,-0.9663,2367121.17,6.19,6.63,4.59,4.1,6566.7806
399986,中证银行指数,2022-03-07,6459.3252,6466.2719,6360.1202,6375.8994,2405664636.0,20484465502.54,-127.4253,-1.9594,2320740.09,6.08,6.5,4.67,4.18,6503.3247
399986,中证银行指数,2022-03-08,6355.8591,6373.379,6225.1828,6238.4847,2610880004.0,20365999898.48,-137.4147,-2.1552,2270723.03,5.98,6.36,4.75,4.28,6375.8994
399986,中证银行指数,2022-03-09,6255.3775,6268.0555,6000.712,6137.301,3563615494.0,25068731412.1,-101.1837,-1.6219,2233893.57,5.88,6.25,4.82,4.35,6238.4847
399986,中证银行指数,2022-03-10,6233.2317,6253.3241,6185.0676,6186.1126,2222604005.0,18036680606.82,48.8116,0.7953,2251660.3,5.91,6.3,4.8,4.31,6137.301
399986,中证银行指数,2022-03-11,6155.2861,6242.6842,6084.4339,6224.5726,2579154377.0,19294477078.72,38.46,0.6217,2265659.21,5.95,6.34,4.77,4.29,6186.1126
399986,中证银行指数,2022-03-14,6151.4041,6214.6399,6073.7166,6073.7166,2350905519.0,18732049894.02,-150.856,-2.4236,2210749.7,5.84,6.19,4.86,4.39,6224.5726
399986,中证银行指数,2022-03-15,6039.9304,6039.9304,5796.6571,5799.0497,4099904652.0,29601821275.58,-274.6669,-4.5222,2110774.71,5.63,5.91,5.04,4.6,6073.7166
399986,中证银行指数,2022-03-16,5857.3678,6034.9722,5770.2254,6005.8247,3551040578.0,27085765857.45,206.775,3.5657,2186038.0,5.78,6.12,4.91,4.44,5799.0497
399986,中证银行指数,2022-03-17,6092.1753,6129.771,6022.3881,6055.9149,3016895992.0,24363549858.76,50.0902,0.834,2204270.14,5.81,6.17,4.88,4.41,6005.8247
399986,中证银行指数,2022-03-18,6043.671,6202.7825,6030.5369,6187.7651,3270923758.0,24659939164.02,131.8502,2.1772,2252261.79,5.92,6.3,4.8,4.31,6055.9149
399986,中证银行指数,2022-03-21,6176.5063,6191.1972,6090.9356,6108.8351,2142541547.0,17433074158.06,-78.93,-1.2756,2223532.35,5.86,6.22,4.85,4.37,6187.7651
399986,中证银行指数,2022-03-22,6111.1473,6247.7641,6105.4986,6223.3266,2521932322.0,18259225384.37,114.4915,1.8742,2265205.7,5.96,6.34,4.76,4.29,6108.8351
399986,中证银行指数,2022-03-23,6215.543,6215.6357,6135.6274,6175.0277,2196008372.0,19298107015.18,-48.2989,-0.7761,2247625.57,5.93,6.29,4.79,4.32,6223.3266
399986,中证银行指数,2022-03-24,6149.7978,6219.2867,6128.0901,6197.5563,1664322638.0,13336065396.52,22.5286,0.3648,2255825.64,5.94,6.31,4.78,4.3,6175.0277
399986,中证银行指数,2022-03-25,6199.345,6251.152,6170.2037,6193.2066,1901196942.0,13832465584.54,-4.3497,-0.0702,2254242.42,5.94,6.31,4.78,4.31,6197.5563
399986,中证银行指数,2022-03-28,6158.8314,6241.5286,6099.8628,6217.4475,2658973054.0,16784361590.1,24.2409,0.3914,2263065.77,5.98,6.33,4.74,4.29,6193.2066
399986,中证银行指数,2022-03-29,6218.7397,6247.0885,6203.7254,6229.8147,2016524097.0,13350395998.81,12.3672,0.1989,2267567.28,6.0,6.35,4.73,4.28,6217.4475
399986,中证银行指数,2022-03-30,6248.9563,6314.5445,6221.369,6311.6,2630806722.0,18089794826.78,81.7853,1.3128,2297336.0,6.07,6.43,4.67,4.23,6229.8147
399986,中证银行指数,2022-03-31,6284.1195,6427.0377,6273.6684,6400.7406,3623357002.0,23874730126.46,89.1406,1.4123,2329781.97,6.15,6.52,4.61,4.17,6311.6
399986,中证银行指数,2022-04-01,6368.7494,6521.0163,6362.4453,6521.0163,3664022703.0,25888052946.61,120.2757,1.8791,2373560.67,6.24,6.64,4.55,4.09,6400.7406
399986,中证银行指数,2022-04-06,6473.2698,6653.043,6472.3305,6625.2441,4348533781.0,30730045661.15,104.2278,1.5983,2411498.15,6.31,6.75,4.49,4.03,6521.0163
399986,中证银行指数,2022-04-07,6613.5,6662.9875,6536.0487,6553.4177,3701423217.0,25683354394.58,-71.8264,-1.0841,2385354.34,6.26,6.68,4.53,4.07,6625.2441
399986,中证银行指数,2022-04-08,6554.3809,6609.7613,6526.6285,6606.9156,2793324115.0,19803920387.08,53.4979,0.8163,2404826.84,6.3,6.73,4.51,4.04,6553.4177
399986,中证银行指数,2022-04-11,6580.9757,6580.9757,6485.682,6512.0035,2680724184.0,19552666624.38,-94.9121,-1.4366,2370280.14,6.21,6.63,4.57,4.1,6606.9156
399986,中证银行指数,2022-04-12,6507.772,6569.8238,6439.7709,6519.1399,2942468906.0,21281125874.45,7.1364,0.1096,2372877.67,6.22,6.64,4.56,4.09,6512.0035
399986,中证银行指数,2022-04-13,6508.1113,6572.9206,6489.5721,6515.6773,2358164229.0,17161395682.08,-3.4626,-0.0531,2371617.35,6.22,6.64,4.56,4.09,6519.1399
399986,中证银行指数,2022-04-14,6560.2575,6580.2388,6496.9618,6496.9618,2232906454.0,16951662017.29,-18.7155,-0.2872,2364805.17,6.2,6.62,4.58,4.11,6515.6773
399986,中证银行指数,2022-04-15,6480.8928,6620.392,6475.1391,6598.2142,2615573429.0,20338054899.17,101.2524,1.5585,2401659.63,6.27,6.72,4.53,4.04,6496.9618
399986,中证银行指数,2022-04-18,6532.6889,6534.6564,6413.5181,6430.7314,2796073289.0,28018089417.38,-167.4828,-2.5383,2340698.21,6.12,6.55,4.64,4.15,6598.2142
399986,中证银行指数,2022-04-19,6397.7827,6435.7347,6337.3684,6420.05,2310896671.0,24988696493.83,-10.6814,-0.1661,2336810.32,6.12,6.54,4.64,4.16,6430.7314
399986,中证银行指数,2022-04-20,6413.871,6430.9878,6344.5052,6353.3677,2025319462.0,18066651655.53,-66.6823,-1.0387,2312538.87,6.08,6.47,4.67,4.2,6420.05
399986,中证银行指数,2022-04-21,6329.8447,6426.8389,6304.5966,6332.1199,2680041476.0,20579993739.52,-21.2478,-0.3344,2304804.96,6.07,6.45,4.67,4.21,6353.3677
399986,中证银行指数,2022-04-22,6294.6847,6464.6769,6294.4581,6439.4471,2853631168.0,22697216348.14,107.3272,1.695,2343870.6,6.16,6.56,4.6,4.14,6332.1199
399986,中证银行指数,2022-04-25,6334.4002,6369.1019,6164.1769,6165.964,4039383567.0,33768505727.79,-273.4831,-4.247,2244326.5,5.95,6.28,4.77,4.33,6439.4471
399986,中证银行指数,2022-04-26,6181.7645,6232.4401,6129.4154,6149.7014,3152175933.0,23962580927.53,-16.2626,-0.2637,2238407.11,5.95,6.27,4.77,4.34,6165.964
399986,中证银行指数,2022-04-27,6122.3601,6209.7648,6113.6304,6157.8306,3275873900.0,25698837533.76,8.1292,0.1322,2241366.06,5.92,6.27,4.8,4.33,6149.7014
399986,中证银行指数,2022-04-28,6150.7458,6269.9017,6148.9739,6269.9017,2991194871.0,24090580537.93,112.0711,1.82,2282158.39,6.01,6.39,4.72,4.26,6157.8306
399986,中证银行指数,2022-04-29,6257.1778,6281.4823,6143.1435,6251.8563,3463642281.0,27199052424.45,-18.0454,-0.2878,2275590.13,6.0,6.37,4.73,4.27,6269.9017
399986,中证银行指数,2022-05-05,6235.8317,6287.575,6199.3753,6234.1449,3151559172.0,22201214218.12,-17.7114,-0.2833,2269143.42,5.32,5.6,4.74,4.28,6251.8563
399986,中证银行指数,2022-05-06,6174.6073,6193.9723,6095.7725,6103.3018,2200994919.0,16617681043.74,-130.8431,-2.0988,2221518.32,5.23,5.48,4.82,4.37,6234.1449
399986,中证银行指数,2022-05-09,6083.7201,6085.4406,5993.1716,6018.053,1834991448.0,15878701445.03,-85.2488,-1.3968,2190488.9,5.18,5.4,4.86,4.43,6103.3018
399986,中证银行指数,2022-05-10,5980.9011,6081.1815,5928.1009,6066.1203,2561124484.0,19723166863.42,48.0673,0.7987,2207984.74,5.21,5.45,4.84,4.4,6018.053
399986,中证银行指数,2022-05-11,6054.9243,6072.6978,6026.8887,6036.6646,2575114795.0,18650776491.3,-29.4557,-0.4856,2197256.66,5.17,5.42,4.87,4.42,6066.1203
399986,中证银行指数,2022-05-12,6009.7551,6031.6156,5983.9763,5998.7889,1728925814.0,12767355599.76,-37.8757,-0.6274,2183470.44,5.14,5.39,4.9,4.45,6036.6646
399986,中证银行指数,2022-05-13,6026.9399,6091.6488,6026.9399,6069.699,1882541753.0,14948285484.44,70.9101,1.1821,2209280.69,5.19,5.45,4.85,4.4,5998.7889
399986,中证银行指数,2022-05-16,6071.4849,6071.4849,5983.3393,6015.6478,2014465185.0,15535425320.31,-54.0512,-0.8905,2189606.83,5.16,5.4,4.88,4.44,6069.699
399986,中证银行指数,2022-05-17,6036.6626,6101.6567,6015.0322,6074.4034,2234041867.0,18087638600.1,58.7556,0.9767,2210993.0,5.19,5.45,4.85,4.39,6015.6478
399986,中证银行指数,2022-05-18,6092.2213,6092.7132,6001.7048,6028.466,1901554958.0,15952840615.83,-45.9374,-0.7562,2194272.49,5.16,5.41,4.88,4.43,6074.4034
399986,中证银行指数,2022-05-19,5977.7814,6011.9481,5962.412,5997.14,1815894862.0,13018910391.6,-31.326,-0.5196,2182870.29,5.14,5.38,4.9,4.45,6028.466
399986,中证银行指数,2022-05-20,6021.6803,6096.6413,6020.1515,6087.1354,2334090974.0,19816468890.32,89.9954,1.5006,2215627.26,5.2,5.46,4.84,4.38,5997.14
399986,中证银行指数,2022-05-23,6091.4775,6092.3981,6044.1651,6055.7852,1828869063.0,13866588122.68,-31.3502,-0.515,2204216.25,5.18,5.44,4.86,4.41,6087.1354
399986,中证银行指数,2022-05-24,6066.7636,6078.3131,5997.0897,5999.48,2180824912.0,15379902458.83,-56.3052,-0.9298,2183722.0,5.16,5.39,4.88,4.45,6055.7852
399986,中证银行指数,2022-05-25,6007.0291,6028.1811,5989.5623,6017.7418,1630714827.0,11339366173.05,18.2618,0.3044,2190369.02,5.17,5.4,4.87,4.43,5999.48
399986,中证银行指数,2022-05-26,6019.4661,6019.9672,5962.1731,6005.0878,1875937815.0,14056163018.14,-12.654,-0.2103,2185763.18,5.17,5.39,4.87,4.44,6017.7418
399986,中证银行指数,2022-05-27,6024.0281,6060.4203,6013.6914,6036.9837,1609684411.0,12471237103.46,31.8959,0.5311,2197372.78,5.19,5.42,4.85,4.42,6005.0878
399986,中证银行指数,2022-05-30,6056.7559,6056.7559,5977.2107,5988.846,1998109428.0,13708895582.73,-48.1377,-0.7974,2179851.37,5.15,5.38,4.89,4.45,6036.9837
399986,中证银行指数,2022-05-31,5986.436,6028.304,5963.4277,6018.1982,2150113928.0,15475623119.25,29.3522,0.4901,2190535.17,5.17,5.4,4.9,4.56,5988.846
399986,中证银行指数,2022-06-01,6019.4639,6019.8936,5978.5806,5999.7277,1756408100.0,12339981045.07,-18.4705,-0.3069,2183812.17,5.16,5.39,4.92,4.57,6018.1982
399986,中证银行指数,2022-06-02,5978.1809,5988.222,5950.3987,5966.1537,1665561638.0,12395095801.65,-33.574,-0.5596,2171591.73,5.13,5.36,4.95,4.6,5999.7277
399986,中证银行指数,2022-06-06,5956.6596,5964.7368,5891.8719,5959.8917,2911638512.0,21442975292.3,-6.262,-0.105,2169312.45,5.12,5.35,4.96,4.6,5966.1537
399986,中证银行指数,2022-06-07,5952.1081,6036.5005,5940.8157,6024.2235,2378591497.0,18743509444.11,64.3318,1.0794,2192728.26,5.16,5.41,4.92,4.56,5959.8917
399986,中证银行指数,2022-06-08,6022.4817,6038.5141,5991.9559,6035.6944,2117383615.0,15718266421.87,11.4709,0.1904,2196903.5,5.17,5.42,4.91,4.55,6024.2235
399986,中证银行指数,2022-06-09,6035.2092,6121.2095,6030.7109,6112.1202,2694358838.0,21608461057.94,76.4258,1.2662,2224721.38,5.22,5.49,4.86,4.49,6035.6944
399986,中证银行指数,2022-06-10,6089.5461,6146.9399,6066.9833,6140.1745,3229751707.0,21987174931.87,28.0543,0.459,2234932.73,5.24,5.51,4.84,4.47,6112.1202
399986,中证银行指数,2022-06-13,6098.627,6100.7663,5992.2182,6018.7933,2752042175.0,20856222674.82,-121.3812,-1.9768,2298983.93,5.18,5.49,4.89,4.49,6140.1745
399986,中证银行指数,2022-06-14,5984.5342,6117.2831,5980.886,6112.4852,2898488023.0,19205596402.23,93.6919,1.5567,2334771.16,5.25,5.57,4.82,4.42,6018.7933
399986,中证银行指数,2022-06-15,6113.3985,6304.1038,6109.1387,6219.5488,5012989133.0,37451452515.51,107.0636,1.7516,2375665.99,5.32,5.67,4.76,4.34,6112.4852
399986,中证银行指数,2022-06-16,6193.9756,6198.3078,6097.2897,6101.2483,3031402691.0,21289378191.97,-118.3005,-1.9021,2330479.03,5.25,5.56,4.83,4.43,6219.5488
399986,中证银行指数,2022-06-17,6075.9926,6115.1643,6044.2381,6095.2738,2359075005.0,16592423799.94,-5.9745,-0.0979,2328196.99,5.25,5.56,4.82,4.43,6101.2483
399986,中证银行指数,2022-06-20,6093.4262,6096.0646,6037.9056,6049.1648,2242372691.0,16545418632.3,-46.109,-0.7565,2310584.82,5.21,5.52,4.86,4.47,6095.2738
399986,中证银行指数,2022-06-21,6054.5382,6129.3999,6044.5756,6106.6369,2361496223.0,16662768723.73,57.4721,0.9501,2332537.31,5.27,5.57,4.81,4.42,6049.1648
399986,中证银行指数,2022-06-22,6106.9516,6106.9516,6029.1939,6029.6509,1994312569.0,14598444251.17,-76.986,-1.2607,2303131.18,5.21,5.5,4.86,4.48,6106.6369
399986,中证银行指数,2022-06-23,6039.3513,6085.6397,6033.8785,6081.4365,2078248787.0,14316715004.42,51.7856,0.8588,2322911.59,5.25,5.55,4.82,4.44,6029.6509
399986,中证银行指数,2022-06-24,6070.509,6087.8146,6017.0679,6047.8728,2204374831.0,16464471235.94,-33.5637,-0.5519,2310091.32,5.23,5.51,4.84,4.47,6081.4365
399986,中证银行指数,2022-06-27,6053.1617,6120.2396,6046.2532,6112.2898,2627093871.0,20188415637.48,64.417,1.0651,2334696.54,5.26,5.57,4.82,4.42,6047.8728
399986,中证银行指数,2022-06-28,6107.7219,6148.3303,6097.7921,6143.7093,2304349065.0,16413223696.89,31.4195,0.514,2346697.79,5.28,5.6,4.8,4.4,6112.2898
399986,中证银行指数,2022-06-29,6124.7779,6192.87,6119.2374,6153.5491,2468424496.0,18409440284.69,9.8398,0.1602,2350456.25,5.3,5.61,4.78,4.39,6143.7093
399986,中证银行指数,2022-06-30,6143.2139,6229.7122,6126.1107,6203.3359,2632188979.0,21710414228.15,49.7868,0.8091,2369473.19,5.33,5.66,3.59,4.19,6153.5491
399986,中证银行指数,2022-07-01,6207.2791,6211.9255,6166.8442,6178.1813,1708020827.0,13940340618.38,-25.1546,-0.4055,2359864.97,5.3,5.63,3.61,4.2,6203.3359
399986,中证银行指数,2022-07-04,6171.5874,6177.8387,6129.8373,6150.8284,2132412725.0,16263907772.33,-27.3529,-0.4427,2349417.05,5.29,5.61,3.61,4.22,6178.1813
399986,中证银行指数,2022-07-05,6165.3909,6196.5088,6132.7914,6154.3037,1966042373.0,15022230537.1,3.4753,0.0565,2350744.51,5.31,5.61,3.61,4.22,6150.8284
399986,中证银行指数,2022-07-06,6149.2639,6155.4851,6050.0463,6069.7683,2279489697.0,16881204689.03,-84.5354,-1.3736,2318454.71,5.25,5.53,3.64,4.28,6154.3037
399986,中证银行指数,2022-07-07,6073.043,6095.541,6046.5667,6059.8865,1708640303.0,12506981987.39,-9.8818,-0.1628,2314680.17,5.24,5.53,3.65,4.29,6069.7683
399986,中证银行指数,2022-07-08,6072.973,6072.973,6022.7064,6048.7508,1754929201.0,12257130051.86,-11.1357,-0.1838,2310426.72,5.24,5.52,3.65,4.29,6059.8865
399986,中证银行指数,2022-07-11,6044.2603,6061.273,6032.4758,6044.4311,2620265927.0,16166948592.98,-4.3197,-0.0714,2308776.7,5.25,5.51,3.65,4.3,6048.7508
399986,中证银行指数,2022-07-12,5989.4981,6055.8902,5989.4981,6013.3353,2844860165.0,18290012742.23,-31.0958,-0.5145,2296899.14,5.18,5.48,3.69,4.32,6044.4311
399986,中证银行指数,2022-07-13,5999.3751,5999.5909,5860.7581,5871.1018,3300549599.0,25728524984.91,-142.2335,-2.3653,2242570.55,5.07,5.35,3.77,4.42,6013.3353
399986,中证银行指数,2022-07-14,5826.2098,5826.2098,5695.4479,5751.4449,4029031392.0,32771818979.58,-119.6569,-2.0381,2196865.5,4.97,5.24,3.85,4.52,5871.1018
399986,中证银行指数,2022-07-15,5690.7999,5733.254,5623.7645,5623.7645,3098975837.0,22907086268.73,-127.6804,-2.22,2148095.7,4.83,5.13,3.96,4.62,5751.4449
399986,中证银行指数,2022-07-18,5649.3006,5715.1894,5649.3006,5699.8421,2168255939.0,16263608461.33,76.0776,1.3528,2177154.91,4.89,5.2,3.91,4.56,5623.7645
399986,中证银行指数,2022-07-19,5698.3532,5736.405,5685.402,5725.1064,1947910690.0,13069006321.17,25.2643,0.4432,2186805.04,4.92,5.22,3.89,4.54,5699.8421
399986,中证银行指数,2022-07-20,5747.1352,5762.2377,5737.0478,5752.3882,1733102475.0,12151283251.49,27.2818,0.4765,2197225.8,4.95,5.25,3.87,4.52,5725.1064
399986,中证银行指数,2022-07-21,5731.2976,5731.4326,5649.307,5649.3109,1886346798.0,14854571022.9,-103.0773,-1.7919,2157853.63,4.87,5.15,3.93,4.6,5752.3882
399986,中证银行指数,2022-07-22,5655.9595,5696.5155,5639.4295,5669.7104,1584378898.0,11713575472.01,20.3995,0.3611,2165645.56,4.89,5.17,3.91,4.58,5649.3109
399986,中证银行指数,2022-07-25,5660.5984,5697.0488,5641.4634,5691.0109,1271000311.0,9258642602.11,21.3005,0.3757,2173781.68,4.92,5.19,3.89,4.56,5669.7104
399986,中证银行指数,2022-07-26,5690.6486,5747.505,5689.3213,5741.7207,1605842419.0,11637013398.79,50.7098,0.8911,2193151.17,4.94,5.24,3.87,4.52,5691.0109
399986,中证银行指数,2022-07-27,5741.6001,5741.6001,5702.9485,5711.6464,1288055105.0,9344210649.9,-30.0743,-0.5238,2181663.75,4.91,5.21,3.89,4.55,5741.7207
399986,中证银行指数,2022-07-28,5716.5145,5736.8626,5694.5523,5698.0104,1451365622.0,10476345943.52,-13.636,-0.2387,2176455.22,4.9,5.2,3.91,4.56,5711.6464
399986,中证银行指数,2022-07-29,5704.7239,5722.8606,5639.4545,5649.5571,1609795500.0,11668819011.26,-48.4533,-0.8504,2157947.64,4.86,5.15,5.77,5.12,5698.0104
399986,中证银行指数,2022-08-01,5638.3799,5638.3799,5587.1092,5591.1887,1581568102.0,13015150346.58,-58.3684,-1.0332,2135652.82,4.83,5.1,5.82,5.18,5649.5571
399986,中证银行指数,2022-08-02,5556.4125,5556.4125,5466.4414,5513.2213,2385074182.0,17109446347.89,-77.9674,-1.3945,2105871.79,4.77,5.03,5.89,5.25,5591.1887
399986,中证银行指数,2022-08-03,5508.8728,5544.4189,5448.4854,5449.632,1747879885.0,13091074030.15,-63.5893,-1.1534,2081582.76,4.72,4.97,5.95,5.31,5513.2213
399986,中证银行指数,2022-08-04,5475.447,5507.6423,5464.5109,5504.0389,1688347607.0,10965511731.39,54.4069,0.9984,2102364.41,4.77,5.02,5.88,5.26,5449.632
399986,中证银行指数,2022-08-05,5511.6241,5559.8471,5485.4991,5558.0846,1385796121.0,9589241662.15,54.0457,0.9819,2123008.11,4.81,5.07,5.84,5.21,5504.0389
399986,中证银行指数,2022-08-08,5551.611,5583.9161,5517.5372,5528.2149,1266816917.0,9044464280.41,-29.8697,-0.5374,2111598.88,4.78,5.04,5.87,5.24,5558.0846
399986,中证银行指数,2022-08-09,5533.5287,5533.5287,5499.3734,5501.4117,1022298971.0,7724136467.15,-26.8032,-0.4848,2101360.91,4.76,5.02,5.9,5.26,5528.2149
399986,中证银行指数,2022-08-10,5505.1043,5520.3086,5459.1983,5469.6887,998824036.0,8023707170.49,-31.723,-0.5766,2089243.74,4.74,4.99,5.92,5.29,5501.4117
399986,中证银行指数,2022-08-11,5493.3178,5570.2304,5475.4796,5568.1823,1824562302.0,13874591354.77,98.4936,1.8007,2126865.13,4.81,5.08,5.84,5.2,5469.6887
399986,中证银行指数,2022-08-12,5552.3376,5586.6366,5536.547,5578.4303,1469819393.0,10196049871.76,10.248,0.184,2130779.51,4.81,5.09,5.84,5.19,5568.1823
399986,中证银行指数,2022-08-15,5557.8578,5575.4784,5499.7738,5507.9208,1524367477.0,11662774543.54,-70.5095,-1.264,2103847.18,4.77,5.02,5.89,5.26,5578.4303
399986,中证银行指数,2022-08-16,5509.9185,5538.7872,5497.6799,5508.6906,1215010063.0,8720283919.15,0.7698,0.014,2104141.22,4.76,5.02,5.89,5.26,5507.9208
399986,中证银行指数,2022-08-17,5520.7503,5575.9489,5487.8458,5567.388,1605825967.0,11662723930.08,58.6974,1.0655,2126561.72,4.8,5.08,5.85,5.2,5508.6906
399986,中证银行指数,2022-08-18,5559.2971,5559.2971,5490.0388,5503.3177,1312424834.0,10427872078.85,-64.0703,-1.1508,2102088.93,4.76,5.02,5.9,5.26,5567.388
399986,中证银行指数,2022-08-19,5489.447,5559.7859,5489.447,5528.4962,1518314228.0,11830320505.16,25.1785,0.4575,2111706.31,4.77,5.04,5.88,5.24,5503.3177
399986,中证银行指数,2022-08-22,5510.0188,5556.7537,5509.5278,5521.1012,1362870773.0,10394297906.78,-7.395,-0.1338,2108881.65,4.77,5.03,5.89,5.24,5528.4962
399986,中证银行指数,2022-08-23,5517.2239,5517.2239,5464.5461,5473.0577,1539292227.0,11432493342.48,-48.0435,-0.8702,2090530.62,4.73,4.99,5.93,5.29,5521.1012
399986,中证银行指数,2022-08-24,5474.7718,5511.7551,5456.5564,5457.9493,1548442933.0,11211995153.37,-15.1084,-0.2761,2084759.68,4.72,4.98,5.94,5.3,5473.0577
399986,中证银行指数,2022-08-25,5467.9481,5542.2284,5450.0801,5534.0993,1487734526.0,11721055934.81,76.15,1.3952,2113846.51,4.77,5.05,5.88,5.23,5457.9493
399986,中证银行指数,2022-08-26,5539.2303,5559.5084,5505.6503,5544.2419,1310177775.0,10415006429.12,10.1426,0.1833,2117720.67,4.78,5.06,5.88,5.22,5534.0993
399986,中证银行指数,2022-08-29,5496.5453,5516.7626,5453.3172,5480.0836,1726122750.0,13392551660.6,-64.1583,-1.1572,2093214.28,4.74,5.0,5.92,5.28,5544.2419
399986,中证银行指数,2022-08-30,5477.3814,5516.1787,5463.8764,5506.8219,1656840283.0,12367505166.57,26.7383,0.4879,2103427.43,4.77,5.02,5.89,5.26,5480.0836
399986,中证银行指数,2022-08-31,5492.8313,5610.7893,5487.7472,5592.9306,2721148794.0,22400617947.89,86.1087,1.5637,2136318.17,4.83,5.1,5.82,5.21,5506.8219
399986,中证银行指数,2022-09-01,5577.6776,5610.6279,5563.7616,5569.7487,1619284141.0,12048237477.66,-23.1819,-0.4145,2127463.42,4.81,5.08,5.85,5.23,5592.9306
399986,中证银行指数,2022-09-02,5581.2275,5602.8034,5546.029,5558.952,1473308793.0,10280482965.39,-10.7967,-0.1938,2123339.44,4.8,5.07,5.86,5.24,5569.7487
399986,中证银行指数,2022-09-05,5552.8821,5580.5771,5516.5958,5579.0648,1490457672.0,10262940029.29,20.1128,0.3618,2131021.89,4.82,5.09,5.84,5.22,5558.952
399986,中证银行指数,2022-09-06,5584.81,5619.6829,5549.7638,5558.3333,1650141867.0,12736416755.15,-20.7315,-0.3716,2123103.13,4.81,5.07,5.85,5.24,5579.0648
399986,中证银行指数,2022-09-07,5545.9639,5546.3571,5513.0168,5532.5489,1352365750.0,10328683734.59,-25.7844,-0.4639,2113254.31,4.79,5.05,5.88,5.26,5558.3333
399986,中证银行指数,2022-09-08,5540.6915,5575.4882,5532.0618,5556.8133,1393573454.0,11040761565.62,24.2644,0.4386,2122522.54,4.8,5.07,5.86,5.24,5532.5489
399986,中证银行指数,2022-09-09,5570.7438,5667.038,5563.6776,5648.8075,2313127834.0,19850214189.78,91.9942,1.6555,2157661.31,4.86,5.16,5.79,5.15,5556.8133
399986,中证银行指数,2022-09-13,5662.8426,5721.0901,5631.6113,5695.1696,2267613290.0,19430336869.5,46.3621,0.8207,2175370.17,4.89,5.2,5.75,5.11,5648.8075
399986,中证银行指数,2022-09-14,5647.1221,5687.5992,5642.0318,5647.9118,1597930362.0,11363079438.89,-47.2578,-0.8298,2157319.19,4.86,5.15,5.79,5.15,5695.1696
399986,中证银行指数,2022-09-15,5673.1328,5733.2231,5673.1328,5711.3384,2712662220.0,20892054811.27,63.4266,1.123,2181546.09,4.91,5.21,5.73,5.1,5647.9118
399986,中证银行指数,2022-09-16,5698.3084,5706.4745,5596.59,5596.59,2459937447.0,16858911556.32,-114.7484,-2.0091,2137715.95,4.83,5.11,5.83,5.2,5711.3384
399986,中证银行指数,2022-09-19,5602.5804,5631.8993,5588.7112,5618.6971,1740411484.0,10843338362.93,22.1071,0.395,2146160.12,4.85,5.13,5.8,5.18,5596.59
399986,中证银行指数,2022-09-20,5626.7883,5628.8579,5556.8614,5564.6884,1589817643.0,10661948679.79,-54.0087,-0.9612,2125530.56,4.81,5.08,5.85,5.23,5618.6971
399986,中证银行指数,2022-09-21,5563.3928,5617.5241,5532.4986,5587.509,1557455693.0,10357065975.2,22.8206,0.4101,2134247.3,4.83,5.1,5.83,5.21,5564.6884
399986,中证银行指数,2022-09-22,5562.4404,5578.904,5543.4659,5572.955,1479236601.0,9391200518.25,-14.554,-0.2605,2128688.14,4.82,5.09,5.83,5.22,5587.509
399986,中证银行指数,2022-09-23,5561.7019,5623.048,5561.3356,5596.9342,1991162355.0,11286001145.25,23.9792,0.4303,2137847.42,4.85,5.11,5.8,5.2,5572.955
399986,中证银行指数,2022-09-26,5569.6347,5605.3466,5506.7915,5507.7929,2167102654.0,13276480607.38,-89.1413,-1.5927,2103798.33,4.78,5.03,5.89,5.29,5596.9342
399986,中证银行指数,2022-09-27,5507.7585,5536.0755,5466.9685,5527.5797,1565104296.0,10382419346.19,19.7868,0.3593,2111356.24,4.78,5.05,5.88,5.27,5507.7929
399986,中证银行指数,2022-09-28,5515.1909,5567.1547,5487.4416,5533.8931,1845480712.0,12017399535.5,6.3134,0.1142,2113767.77,4.79,5.05,5.87,5.26,5527.5797
399986,中证银行指数,2022-09-29,5561.635,5575.1724,5456.9046,5468.9889,1718965632.0,11915541809.64,-64.9042,-1.1728,2088976.46,4.74,4.99,5.93,5.32,5533.8931
399986,中证银行指数,2022-09-30,5479.349,5527.9995,5477.9403,5503.6284,1512123480.0,9900802050.16,34.6395,0.6334,2102207.64,4.78,5.02,5.89,5.29,5468.9889
399986,中证银行指数,2022-10-10,5473.7471,5473.7471,5421.6739,5431.0853,2565711281.0,16588688901.78,-72.5431,-1.3181,2074498.5,4.73,4.96,5.95,5.36,5503.6284
399986,中证银行指数,2022-10-11,5441.4851,5463.6004,5407.4829,5414.7432,1826054739.0,10913824303.81,-16.3421,-0.3009,2068256.37,4.71,4.94,5.97,5.38,5431.0853
399986,中证银行指数,2022-10-12,5409.3941,5438.8654,5370.7572,5438.8654,1947052473.0,13398926395.68,24.1222,0.4455,2077470.25,4.73,4.96,5.95,5.35,5414.7432
399986,中证银行指数,2022-10-13,5414.6854,5425.4814,5342.0547,5353.5301,1878218306.0,14446022245.53,-85.3353,-1.569,2044874.93,4.67,4.89,6.02,5.44,5438.8654
399986,中证银行指数,2022-10-14,5380.7519,5434.108,5380.1247,5408.2027,2237439725.0,15995589531.82,54.6726,1.0212,2065758.12,4.7,4.94,5.98,5.38,5353.5301
399986,中证银行指数,2022-10-17,5387.866,5411.7843,5365.9423,5400.2306,1615879853.0,11058694079.13,-7.9721,-0.1474,2062713.01,4.7,4.93,5.99,5.39,5408.2027
399986,中证银行指数,2022-10-18,5425.2296,5437.9731,5382.5387,5392.104,1527052352.0,10671857171.47,-8.1266,-0.1505,2059608.9,4.69,4.92,6.0,5.4,5400.2306
399986,中证银行指数,2022-10-19,5378.2185,5405.7433,5329.7373,5330.5734,1386659582.0,10316967442.48,-61.5306,-1.1411,2036106.2,4.65,4.87,6.04,5.46,5392.104
399986,中证银行指数,2022-10-20,5319.6845,5342.6919,5305.1616,5315.1481,1593678700.0,10491880128.63,-15.4253,-0.2894,2030214.26,4.65,4.85,6.05,5.48,5330.5734
399986,中证银行指数,2022-10-21,5322.8934,5338.3756,5282.6387,5293.1289,1663979673.0,10700288864.01,-22.0192,-0.4143,2021803.62,4.64,4.83,6.06,5.5,5315.1481
399986,中证银行指数,2022-10-24,5290.8883,5296.7852,5142.0639,5148.192,2928099362.0,20017696552.35,-144.9369,-2.7382,1966442.42,4.56,4.7,6.17,5.65,5293.1289
399986,中证银行指数,2022-10-25,5156.9946,5176.9515,5117.0445,5139.3342,2146338412.0,14493224437.12,-8.8578,-0.1721,1963059.06,4.55,4.69,6.19,5.66,5148.192
399986,中证银行指数,2022-10-26,5136.2994,5152.6567,5079.6014,5091.1623,2646061458.0,16025244039.15,-48.1719,-0.9373,1944658.93,4.51,4.65,6.24,5.72,5139.3342
399986,中证银行指数,2022-10-27,5104.6466,5125.8422,5079.3203,5079.5806,2236443752.0,13213799235.52,-11.5817,-0.2275,1940235.12,4.49,4.64,6.27,5.73,5091.1623
399986,中证银行指数,2022-10-28,5070.6647,5104.7771,5037.5267,5045.2419,2151698219.0,14028809009.25,-34.3387,-0.676,1927118.85,4.47,4.6,6.29,5.77,5079.5806
399986,中证银行指数,2022-10-31,5022.5171,5028.7249,4969.2887,4981.5266,2690315511.0,15978705115.02,-63.7153,-1.2629,1902781.67,4.41,4.55,6.39,5.84,5045.2419
399986,中证银行指数,2022-11-01,4994.4719,5065.3184,4994.0295,5065.0028,3464180902.0,19076264837.11,83.4762,1.6757,1934666.85,4.44,4.63,6.33,5.75,4981.5266
399986,中证银行指数,2022-11-02,5045.6311,5078.6806,5018.9178,5061.5445,2480269362.0,15265053051.35,-3.4583,-0.0683,1933345.89,4.44,4.62,6.34,5.75,5065.0028
399986,中证银行指数,2022-11-03,5043.5335,5044.4533,4998.4614,5018.2397,1495990108.0,9947556042.83,-43.3048,-0.8556,1916804.89,4.41,4.58,6.38,5.8,5061.5445
399986,中证银行指数,2022-11-04,5011.0616,5130.0085,5009.8507,5116.0531,2474387462.0,15776285109.01,97.8134,1.9492,1954166.41,4.49,4.67,6.28,5.69,5018.2397
399986,中证银行指数,2022-11-07,5094.4688,5124.675,5082.1336,5112.7206,1957938812.0,12232243760.23,-3.3325,-0.0651,1952893.53,4.49,4.67,6.27,5.69,5116.0531
399986,中证银行指数,2022-11-08,5112.9985,5126.2363,5088.9667,5108.9348,1458767510.0,8749330011.69,-3.7858,-0.074,1951447.47,4.48,4.67,6.28,5.7,5112.7206
399986,中证银行指数,2022-11-09,5107.1662,5150.4917,5100.2606,5111.1055,1260335264.0,8545599029.79,2.1707,0.0425,1952276.62,4.49,4.67,6.27,5.7,5108.9348
399986,中证银行指数,2022-11-10,5089.8085,5125.5174,5068.3292,5120.3781,1517919865.0,8676894217.9,9.2726,0.1814,1955818.45,4.5,4.68,6.26,5.69,5111.1055
399986,中证银行指数,2022-11-11,5184.097,5339.3607,5164.5167,5293.0265,3391764030.0,25692161304.22,172.6484,3.3718,2021764.53,4.62,4.84,6.1,5.5,5120.3781
399986,中证银行指数,2022-11-14,5358.9655,5464.3836,5358.9655,5402.078,3465796480.0,29747247596.24,109.0515,2.0603,2063418.66,4.68,4.94,6.01,5.39,5293.0265
399986,中证银行指数,2022-11-15,5392.9597,5458.9325,5373.7032,5416.6056,2172451456.0,16346376703.48,14.5276,0.2689,2068967.74,4.7,4.95,6.0,5.37,5402.078
399986,中证银行指数,2022-11-16,5407.26,5407.26,5376.4969,5380.0451,1643628738.0,11930875386.92,-36.5605,-0.675,2055002.79,4.67,4.92,6.03,5.41,5416.6056
399986,中证银行指数,2022-11-17,5370.131,5374.3479,5317.6792,5343.26,1541002388.0,11854387474.36,-36.7851,-0.6837,2040952.09,4.65,4.88,6.06,5.45,5380.0451
399986,中证银行指数,2022-11-18,5352.4404,5363.1588,5299.0958,5312.4133,1730793178.0,11183383183.87,-30.8467,-0.5773,2029169.64,4.63,4.85,6.08,5.48,5343.26
399986,中证银行指数,2022-11-21,5288.0312,5308.7874,5244.1203,5296.3146,1508952209.0,10056007338.69,-16.0987,-0.303,2023020.46,4.62,4.84,6.09,5.5,5312.4133
399986,中证银行指数,2022-11-22,5302.9593,5420.7984,5302.9593,5392.7608,2621201373.0,16408876463.39,96.4462,1.821,2059859.81,4.69,4.93,6.0,5.4,5296.3146
399986,中证银行指数,2022-11-23,5394.073,5475.4302,5391.314,5413.0087,2861367243.0,16670926567.11,20.2479,0.3755,2067593.82,4.72,4.95,5.96,5.38,5392.7608
399986,中证银行指数,2022-11-24,5439.7954,5464.515,5390.3,5402.1264,1607995102.0,9858598280.4,-10.8823,-0.201,2063437.15,4.71,4.94,5.98,5.39,5413.0087
399986,中证银行指数,2022-11-25,5401.4202,5540.5714,5401.4032,5529.5639,3765197747.0,22474151119.94,127.4375,2.359,2112114.14,4.81,5.05,5.85,5.26,5402.1264
399986,中证银行指数,2022-11-28,5453.1023,5453.1023,5376.6807,5429.7071,2865601980.0,17198892611.35,-99.8568,-1.8059,2073972.08,4.73,4.96,5.95,5.36,5529.5639
399986,中证银行指数,2022-11-29,5484.9134,5705.3946,5484.9134,5678.0956,5021386574.0,37224852744.75,248.3885,4.5746,2168848.42,4.9,5.19,5.75,5.13,5429.7071
399986,中证银行指数,2022-11-30,5650.7037,5722.2343,5636.0576,5650.0153,3359832024.0,23154684181.63,-28.0803,-0.4945,2158122.67,4.88,5.16,5.77,5.15,5678.0956
399986,中证银行指数,2022-12-01,5721.1493,5749.1931,5613.2432,5618.4966,2880715268.0,19395119952.75,-31.5187,-0.5579,2146083.53,4.84,5.13,5.82,5.18,5650.0153
399986,中证银行指数,2022-12-02,5619.9502,5624.8106,5531.502,5576.146,2075113917.0,14869493947.69,-42.3506,-0.7538,2129906.98,4.81,5.09,5.85,5.22,5618.4966
399986,中证银行指数,2022-12-05,5622.3462,5738.7897,5613.219,5730.6384,3236904774.0,22135144923.71,154.4924,2.7706,2188918.07,4.93,5.24,5.71,5.08,5576.146
399986,中证银行指数,2022-12-06,5708.1138,5735.9635,5677.0276,5722.5969,2412071734.0,15468398927.51,-8.0415,-0.1403,2185846.5,4.93,5.23,5.72,5.09,5730.6384
399986,中证银行指数,2022-12-07,5713.5227,5723.7441,5654.3458,5659.9951,2330973183.0,15333022291.93,-62.6018,-1.0939,2161934.62,4.88,5.17,5.77,5.14,5722.5969
399986,中证银行指数,2022-12-08,5657.9161,5732.3401,5655.6697,5706.1686,2181657516.0,13462480761.75,46.1735,0.8158,2179571.42,4.92,5.21,5.73,5.1,5659.9951
399986,中证银行指数,2022-12-09,5722.5509,5792.6685,5705.0493,5767.0034,2975146862.0,20340842112.67,60.8348,1.0661,2202808.32,4.96,5.27,5.68,5.05,5706.1686
399986,中证银行指数,2022-12-12,5740.5815,5741.0616,5647.7717,5652.3094,2341774172.0,15234016500.76,-114.694,-1.9888,2234936.95,4.88,5.21,5.77,5.16,5767.0034
399986,中证银行指数,2022-12-13,5651.9787,5714.0171,5651.8203,5697.7186,1747668818.0,11290258011.58,45.4092,0.8034,2252891.88,4.92,5.25,5.72,5.12,5652.3094
399986,中证银行指数,2022-12-14,5706.5164,5739.869,5669.575,5719.1105,1657531886.0,11520308316.21,21.3919,0.3754,2261350.29,4.93,5.27,5.71,5.1,5697.7186
399986,中证银行指数,2022-12-15,5700.9836,5716.6811,5645.8186,5649.8786,1456034041.0,9741941045.92,-69.2319,-1.2105,2233975.81,4.88,5.21,5.76,5.16,5719.1105
399986,中证银行指数,2022-12-16,5638.5348,5731.2813,5638.5348,5718.1914,2006985450.0,13008996563.11,68.3128,1.2091,2260986.87,4.94,5.27,5.7,5.1,5649.8786
399986,中证银行指数,2022-12-19,5713.9822,5739.6345,5604.6468,5624.829,1869118446.0,12313149810.92,-93.3624,-1.6327,2224071.15,4.87,5.18,5.78,5.19,5718.1914
399986,中证银行指数,2022-12-20,5609.7282,5639.4852,5523.4561,5544.7138,1761277817.0,12233075658.68,-80.1152,-1.4243,2192393.39,4.81,5.11,5.85,5.26,5624.829
399986,中证银行指数,2022-12-21,5565.9097,5602.6349,5549.6664,5572.9084,1147963036.0,7481595919.53,28.1946,0.5085,2203541.6,4.83,5.14,5.83,5.23,5544.7138
399986,中证银行指数,2022-12-22,5614.2895,5641.2409,5571.1479,5593.0876,1201486654.0,7826674721.06,20.1792,0.3621,2211520.5,4.85,5.16,5.81,5.22,5572.9084
399986,中证银行指数,2022-12-23,5568.0011,5613.4632,5557.3433,5570.4265,1136209814.0,7269051301.04,-22.6611,-0.4052,2202560.25,4.83,5.13,5.83,5.24,5593.0876
399986,中证银行指数,2022-12-26,5571.1114,5588.8617,5538.9646,5543.331,1377346587.0,8952559179.03,-27.0955,-0.4864,2191846.63,4.81,5.11,5.85,5.26,5570.4265
399986,中证银行指数,2022-12-27,5579.1432,5664.6962,5579.1432,5639.8268,1634432941.0,10526189711.99,96.4958,1.7408,2230001.32,4.88,5.2,5.76,5.17,5543.331
399986,中证银行指数,2022-12-28,5644.4831,5723.5502,5635.6784,5695.6738,1759954274.0,11644159623.29,55.847,0.9902,2252083.35,4.92,5.25,5.71,5.12,5639.8268
399986,中证银行指数,2022-12-29,5669.922,5673.4666,5617.7787,5664.4484,1602506932.0,10516963345.78,-31.2254,-0.5482,2239736.77,4.9,5.22,5.75,5.15,5695.6738
399986,中证银行指数,2022-12-30,5678.0593,5726.8451,5664.5858,5699.5783,1911332483.0,11981930091.72,35.1299,0.6202,2253627.18,4.93,5.25,5.67,5.06,5664.4484
399986,中证银行指数,2023-01-03,5692.5404,5739.5186,5633.0724,5725.9286,2220197539.0,15901270408.6,26.3503,0.4623,2264046.18,4.94,5.28,5.66,5.04,5699.5783
399986,中证银行指数,2023-01-04,5737.6597,5852.4309,5727.8864,5839.8361,2810567960.0,20155347405.29,113.9075,1.9893,2309085.48,5.03,5.38,5.56,4.94,5725.9286
399986,中证银行指数,2023-01-05,5863.0289,5888.6562,5818.5138,5832.9416,2039662605.0,14795123313.61,-6.8945,-0.1181,2306359.38,5.02,5.38,5.57,4.95,5839.8361
399986,中证银行指数,2023-01-06,5839.706,5856.9568,5785.1843,5822.4522,1824852164.0,13181563407.04,-10.4894,-0.1798,2302211.83,5.01,5.37,5.58,4.96,5832.9416
399986,中证银行指数,2023-01-09,5835.7467,5858.8205,5808.8699,5832.9122,1538732012.0,11278515061.17,10.46,0.1796,2306347.75,5.02,5.38,5.57,4.95,5822.4522
399986,中证银行指数,2023-01-10,5832.1333,5832.1333,5765.7114,5768.2315,1591953701.0,11770875004.64,-64.6807,-1.1089,2280772.86,4.97,5.32,5.62,5.0,5832.9122
399986,中证银行指数,2023-01-11,5776.5225,5844.2387,5767.5334,5822.602,1502662720.0,11537162848.7,54.3705,0.9426,2302271.09,5.01,5.37,5.58,4.96,5768.2315
399986,中证银行指数,2023-01-12,5838.7715,5838.7715,5792.0736,5824.071,1409496750.0,9191315288.37,1.469,0.0252,2302851.91,5.01,5.37,5.58,4.95,5822.602
399986,中证银行指数,2023-01-13,5827.9052,5885.7777,5819.5675,5885.7777,1624280248.0,11275604183.32,61.7067,1.0595,2327250.91,5.06,5.43,5.52,4.9,5824.071
399986,中证银行指数,2023-01-16,5898.5755,5967.9438,5873.9275,5897.7862,2884168378.0,20107030996.71,12.0085,0.204,2331999.08,5.06,5.44,5.52,4.89,5885.7777
399986,中证银行指数,2023-01-17,5900.1328,5915.6973,5863.4041,5895.497,1800901617.0,12603176348.18,-2.2892,-0.0388,2331093.93,5.06,5.43,5.53,4.89,5897.7862
399986,中证银行指数,2023-01-18,5895.9201,5920.1323,5877.3236,5898.7456,1862902521.0,11460729755.11,3.2486,0.0551,2332378.44,5.06,5.44,5.52,4.89,5895.497
399986,中证银行指数,2023-01-19,5888.7812,5907.3558,5851.0881,5900.9702,1559303329.0,11416248195.96,2.2246,0.0377,2333258.05,5.06,5.44,5.52,4.89,5898.7456
399986,中证银行指数,2023-01-20,5914.2517,5916.0522,5884.9183,5912.6746,1673223609.0,11402108671.4,11.7044,0.1983,2337886.0,5.07,5.45,5.51,4.88,5900.9702
399986,中证银行指数,2023-01-30,5997.2541,5997.2541,5924.826,5930.2712,2474873416.0,18826210979.82,17.5966,0.2976,2344843.74,5.08,5.47,5.5,4.87,5912.6746
399986,中证银行指数,2023-01-31,5942.8958,5966.9132,5871.3969,5872.8999,1822398180.0,14328011957.05,-57.3713,-0.9674,2322158.99,5.05,5.41,5.54,4.91,5930.2712
399986,中证银行指数,2023-02-01,5890.8776,5896.3001,5803.8266,5843.746,2098057545.0,16890272608.54,-29.1539,-0.4964,2310631.48,5.03,5.39,5.56,4.94,5872.8999
399986,中证银行指数,2023-02-02,5855.385,5855.385,5785.2127,5812.1945,1908361217.0,14666926644.56,-31.5515,-0.5399,2298155.9,5.01,5.36,5.58,4.96,5843.746
399986,中证银行指数,2023-02-03,5794.863,5794.863,5735.1489,5756.9939,1825500584.0,13017702531.33,-55.2006,-0.9497,2276329.47,4.97,5.31,5.62,5.01,5812.1945
399986,中证银行指数,2023-02-06,5723.8439,5723.8439,5676.8319,5704.4762,1728960080.0,13529439987.9,-52.5177,-0.9122,2255563.82,4.94,5.26,5.66,5.06,5756.9939
399986,中证银行指数,2023-02-07,5715.4751,5749.0521,5708.688,5723.7043,1380296689.0,10197198186.87,19.2281,0.3371,2263166.7,4.95,5.28,5.65,5.04,5704.4762
399986,中证银行指数,2023-02-08,5731.9531,5745.9943,5707.3263,5713.1112,1313883515.0,8720197658.49,-10.5931,-0.1851,2258978.14,4.94,5.27,5.65,5.05,5723.7043
399986,中证银行指数,2023-02-09,5707.9024,5755.993,5703.2097,5731.8485,1608417176.0,11593254096.09,18.7373,0.328,2266386.93,4.95,5.28,5.64,5.03,5713.1112
399986,中证银行指数,2023-02-10,5726.2349,5729.3105,5696.6921,5725.6987,1528348533.0,10490009227.56,-6.1498,-0.1073,2264047.38,4.95,5.28,5.64,5.04,5731.8485
399986,中证银行指数,2023-02-13,5714.429,5714.429,5646.6239,5681.0047,2298148411.0,18191329381.35,-44.694,-0.7806,2246374.55,4.92,5.24,5.68,5.08,5725.6987
399986,中证银行指数,2023-02-14,5689.4922,5710.293,5680.7639,5704.4005,1580157316.0,12041506821.51,23.3958,0.4118,2255625.68,4.93,5.26,5.66,5.06,5681.0047
399986,中证银行指数,2023-02-15,5704.9614,5704.9614,5643.0718,5650.8454,1589223928.0,12491601868.08,-53.5551,-0.9388,2234449.0,4.9,5.21,5.7,5.1,5704.4005
399986,中证银行指数,2023-02-16,5652.5066,5703.1889,5624.9383,5643.546,2152325405.0,14946951006.53,-7.2994,-0.1292,2231562.69,4.9,5.2,5.71,5.11,5650.8454
399986,中证银行指数,2023-02-17,5639.292,5654.7265,5598.1556,5598.1556,1833846569.0,12867995356.34,-45.3904,-0.8043,2213614.47,4.87,5.16,5.73,5.15,5643.546
399986,中证银行指数,2023-02-20,5614.7449,5746.0579,5614.7449,5746.0579,2669950074.0,21245499229.94,147.9023,2.642,2272097.79,4.97,5.3,5.62,5.02,5598.1556
399986,中证银行指数,2023-02-21,5738.2304,5760.385,5715.6328,5751.9735,1882053290.0,13273516990.39,5.9156,0.103,2274436.94,4.98,5.3,5.61,5.01,5746.0579
399986,中证银行指数,2023-02-22,5733.8484,5737.5147,5706.7107,5709.3687,1268935603.0,9057335591.9,-42.6048,-0.7407,2257590.19,4.95,5.26,5.65,5.05,5751.9735
399986,中证银行指数,2023-02-23,5715.5858,5755.1762,5707.4781,5714.7351,1646730808.0,10644429334.41,5.3664,0.094,2259712.17,4.95,5.27,5.65,5.05,5709.3687
399986,中证银行指数,2023-02-24,5714.5596,5715.96,5663.6485,5668.4476,1496310484.0,10387902577.13,-46.2875,-0.81,2241409.24,4.91,5.22,5.69,5.09,5714.7351
399986,中证银行指数,2023-02-27,5654.4944,5672.3928,5638.5789,5640.8646,1378739269.0,9126954589.46,-27.583,-0.4866,2230502.42,4.9,5.2,5.71,5.11,5668.4476
399986,中证银行指数,2023-02-28,5650.8515,5665.7169,5621.7102,5662.081,1458909813.0,9787661875.03,21.2164,0.3761,2238891.78,4.91,5.22,5.69,5.09,5640.8646
399986,中证银行指数,2023-03-01,5661.7512,5731.7656,5656.4195,5728.3652,2124430726.0,14677395370.39,66.2842,1.1707,2265101.76,4.96,5.28,5.64,5.04,5662.081
399986,中证银行指数,2023-03-02,5721.2372,5763.1514,5710.3691,5745.4546,1872368933.0,12188233743.12,17.0894,0.2983,2271859.25,4.98,5.3,5.62,5.02,5728.3652
399986,中证银行指数,2023-03-03,5762.0361,5798.7226,5737.259,5793.1551,2981226491.0,16451707343.04,47.7005,0.8302,2290720.89,5.03,5.34,5.55,4.98,5745.4546
399986,中证银行指数,2023-03-06,5790.147,5804.6864,5698.6491,5704.6394,2821398472.0,19288284954.5,-88.5157,-1.5279,2255720.13,4.97,5.26,5.62,5.06,5793.1551
399986,中证银行指数,2023-03-07,5705.2584,5817.7378,5693.6396,5709.1412,5310482519.0,29769052221.01,4.5018,0.0789,2257500.24,5.0,5.26,5.59,5.05,5704.6394
399986,中证银行指数,2023-03-08,5680.8992,5680.8992,5636.4812,5675.2455,2668211679.0,16826018725.93,-33.8957,-0.5937,2244097.26,4.98,5.23,5.61,5.08,5709.1412
399986,中证银行指数,2023-03-09,5677.2626,5703.1913,5640.3163,5640.3163,2419319646.0,15220211038.8,-34.9292,-0.6155,2230285.62,4.96,5.2,5.63,5.11,5675.2455
399986,中证银行指数,2023-03-10,5598.4332,5638.6776,5562.9171,5563.8422,2378125840.0,14646460932.29,-76.4741,-1.3558,2200046.34,4.89,5.13,5.71,5.18,5640.3163
399986,中证银行指数,2023-03-13,5545.508,5595.7893,5542.9586,5578.1339,2137134472.0,13382799953.55,14.2917,0.2569,2205697.55,4.92,5.14,5.68,5.17,5563.8422
399986,中证银行指数,2023-03-14,5547.8327,5580.7952,5514.4842,5536.1176,2195598188.0,13852349045.77,-42.0163,-0.7532,2189083.5,4.9,5.1,5.7,5.21,5578.1339
399986,中证银行指数,2023-03-15,5584.579,5616.3547,5570.3985,5588.7881,2236174509.0,14233301894.19,52.6705,0.9514,2209910.41,4.95,5.15,5.64,5.16,5536.1176
399986,中证银行指数,2023-03-16,5559.0979,5657.1824,5550.3387,5598.3576,3816309389.0,19690485243.79,9.5695,0.1712,2213694.37,4.99,5.16,5.6,5.15,5588.7881
399986,中证银行指数,2023-03-17,5628.1708,5660.9242,5570.7851,5588.2195,3239867995.0,20138033956.24,-10.1381,-0.1811,2209685.57,4.99,5.15,5.6,5.16,5598.3576
399986,中证银行指数,2023-03-20,5592.1347,5647.4161,5571.9708,5575.0477,3309495717.0,18606526301.78,-13.1718,-0.2357,2204477.18,4.99,5.14,5.6,5.17,5588.2195
399986,中证银行指数,2023-03-21,5588.6925,5623.0268,5545.2866,5559.6463,2506491664.0,13822522496.63,-15.4014,-0.2763,2198387.21,4.95,5.12,5.65,5.19,5575.0477
399986,中证银行指数,2023-03-22,5580.8916,5625.6244,5568.0853,5613.3721,2102953826.0,13159939002.53,53.7258,0.9664,2219631.38,5.0,5.17,5.59,5.14,5559.6463
399986,中证银行指数,2023-03-23,5595.2657,5658.658,5584.419,5652.2424,2093255377.0,12897598718.93,38.8703,0.6925,2255797.04,5.02,5.19,5.55,5.09,5613.3721
399986,中证银行指数,2023-03-24,5641.6141,5641.862,5588.2227,5592.4789,2082873102.0,12609377408.95,-59.7635,-1.0573,2231945.53,4.96,5.14,5.62,5.15,5652.2424
399986,中证银行指数,2023-03-27,5593.9587,5595.7079,5521.3157,5538.8346,2491366407.0,13699142802.77,-53.6443,-0.9592,2210536.24,4.92,5.09,5.67,5.2,5592.4789
399986,中证银行指数,2023-03-28,5555.6294,5576.0387,5534.4705,5563.9956,1817530161.0,11120727755.79,25.161,0.4543,2220577.91,4.95,5.11,5.63,5.17,5538.8346
399986,中证银行指数,2023-03-29,5582.5328,5589.2368,5539.0568,5544.8633,1829384378.0,10394049004.19,-19.1323,-0.3439,2212942.25,4.94,5.09,5.64,5.19,5563.9956
399986,中证银行指数,2023-03-30,5556.6819,5589.5836,5521.2571,5584.95,2210395785.0,13568697411.91,40.0867,0.723,2228940.76,4.97,5.13,5.6,5.15,5544.8633
399986,中证银行指数,2023-03-31,5585.5988,5618.2425,5549.9688,5558.1107,2345570787.0,14518629373.38,-26.8393,-0.4806,2218229.29,4.94,5.11,5.64,5.18,5584.95
399986,中证银行指数,2023-04-03,5560.4363,5574.9127,5542.782,5565.9406,2133999468.0,12888245735.38,7.8299,0.1409,2221354.17,4.94,5.11,5.64,5.17,5558.1107
399986,中证银行指数,2023-04-04,5566.3642,5598.1752,5553.3043,5598.1752,2404822393.0,13847469886.3,32.2346,0.5791,2235259.79,4.99,5.14,5.56,5.13,5565.9406
399986,中证银行指数,2023-04-06,5586.6866,5592.2339,5566.7046,5576.7003,1832454030.0,11057275861.4,-21.4749,-0.3836,2226685.23,4.99,5.12,5.56,5.15,5598.1752
399986,中证银行指数,2023-04-07,5579.1178,5601.1013,5568.1959,5591.1122,1393384927.0,9154321124.82,14.4119,0.2584,2232439.66,4.99,5.14,5.56,5.14,5576.7003
399986,中证银行指数,2023-04-10,5590.8943,5610.3206,5575.1852,5601.7833,1883552278.0,11147088027.79,10.6711,0.1909,2236700.47,5.0,5.15,5.55,5.13,5591.1122
399986,中证银行指数,2023-04-11,5607.3748,5609.8196,5575.5604,5587.0632,2009094030.0,12909303070.23,-14.7201,-0.2628,2230822.95,5.0,5.13,5.55,5.14,5601.7833
399986,中证银行指数,2023-04-12,5598.9103,5627.8219,5583.2693,5609.2038,2622551387.0,14808572745.44,22.1406,0.3963,2239663.33,5.04,5.15,5.51,5.12,5587.0632
399986,中证银行指数,2023-04-13,5602.4524,5678.926,5583.7556,5656.6339,2510357167.0,16383048608.16,47.4301,0.8456,2258601.42,5.08,5.2,5.46,5.08,5609.2038
399986,中证银行指数,2023-04-14,5668.2793,5708.6402,5650.9619,5679.1148,1966490446.0,14298473702.26,22.4809,0.3974,2267577.66,5.09,5.22,5.45,5.06,5656.6339
399986,中证银行指数,2023-04-17,5672.486,5784.1798,5662.2008,5784.1798,3414816240.0,22168468284.06,105.065,1.85,2309528.4,5.2,5.32,5.34,4.97,5679.1148
399986,中证银行指数,2023-04-18,5782.071,5879.7991,5779.8592,5845.6277,3851380897.0,25816947924.73,61.4479,1.0623,2334063.55,5.26,5.37,5.28,4.91,5784.1798
399986,中证银行指数,2023-04-19,5850.3378,5879.1405,5813.0134,5837.2972,3151585674.0,19658032280.61,-8.3305,-0.1425,2330737.3,5.26,5.36,5.27,4.92,5845.6277
399986,中证银行指数,2023-04-20,5841.8273,5862.7406,5773.12,5825.976,2910114868.0,18042749817.53,-11.3212,-0.1939,2326216.94,5.25,5.35,5.29,4.93,5837.2972
399986,中证银行指数,2023-04-21,5823.3027,5857.5762,5751.7329,5755.0516,3081554221.0,18538024193.6,-70.9244,-1.2174,2297898.0,5.19,5.29,5.35,4.99,5825.976
399986,中证银行指数,2023-04-24,5757.9034,5790.6507,5701.128,5709.4514,3011398769.0,20028346447.53,-45.6002,-0.7924,2279690.56,5.18,5.25,5.36,5.03,5755.0516
399986,中证银行指数,2023-04-25,5715.3423,5807.1244,5714.1154,5806.5842,4076299852.0,24784076876.96,97.1328,1.7013,2318474.09,5.27,5.34,5.26,4.95,5709.4514
399986,中证银行指数,2023-04-26,5789.6742,5789.6742,5687.2021,5759.6251,3843511473.0,22774600049.74,-46.9591,-0.8087,2299724.1,5.23,5.29,5.3,4.99,5806.5842
399986,中证银行指数,2023-04-27,5726.1414,5759.8473,5694.9378,5752.5851,2920589676.0,21407856351.57,-7.04,-0.1222,2296913.15,5.23,5.29,5.3,4.99,5759.6251
399986,中证银行指数,2023-04-28,5749.0499,5852.1043,5738.2525,5811.5394,3342425252.0,23712575299.86,58.9543,1.0248,2320452.63,5.27,5.34,5.27,4.94,5752.5851
399986,中证银行指数,2023-05-04,5755.1298,5971.066,5721.7344,5965.1869,6781958036.0,40259914328.2,153.6475,2.6438,2381801.58,5.09,5.02,5.08,4.82,5811.5394
399986,中证银行指数,2023-05-05,5973.2198,6118.1364,5972.7972,6032.8673,6478148689.0,38894753956.84,67.6804,1.1346,2408825.24,5.15,5.08,5.02,4.76,5965.1869
399986,中证银行指数,2023-05-08,6051.1437,6353.0865,6042.2888,6285.31,10101473194.0,60939446443.18,252.4427,4.1845,2509621.47,5.44,5.29,4.75,4.57,6032.8673
399986,中证银行指数,2023-05-09,6337.9402,6397.4681,6196.4792,6219.2197,9932516935.0,58962576114.98,-66.0903,-1.0515,2483232.73,5.39,5.24,4.79,4.62,6285.31
399986,中证银行指数,2023-05-10,6193.179,6201.5526,6001.2021,6025.5934,7574769787.0,41483539469.36,-193.6263,-3.1134,2405919.45,5.18,5.07,4.99,4.77,6219.2197
399986,中证银行指数,2023-05-11,6037.7853,6112.9825,5996.3166,6007.837,4287681001.0,23866329550.45,-17.7564,-0.2947,2398829.6,5.14,5.06,5.03,4.78,6025.5934
399986,中证银行指数,2023-05-12,6002.4465,6030.3666,5947.8692,5953.365,3677849630.0,20944069968.69,-54.472,-0.9067,2377079.81,5.09,5.01,5.07,4.83,6007.837
399986,中证银行指数,2023-05-15,5948.5017,6027.2745,5861.6975,6014.6467,5123124383.0,27513563638.36,61.2817,1.0294,2401548.6,5.15,5.06,5.02,4.78,5953.365
399986,中证银行指数,2023-05-16,6019.053,6095.484,5986.9159,6002.7784,3918772307.0,22152178622.7,-11.8683,-0.1973,2396809.8,5.13,5.05,5.03,4.79,6014.6467
399986,中证银行指数,2023-05-17,5988.9472,6023.6481,5939.2501,5957.7061,2609668916.0,15484472623.48,-45.0723,-0.7509,2378813.16,5.1,5.02,5.07,4.82,6002.7784
399986,中证银行指数,2023-05-18,5980.5021,6070.3267,5976.1504,6014.2515,3811725000.0,21474819868.33,56.5454,0.9491,2401390.81,5.18,5.06,4.99,4.78,5957.7061
399986,中证银行指数,2023-05-19,5997.3466,5997.3466,5926.1391,5928.0654,2837688143.0,16224761561.61,-86.1861,-1.433,2366978.12,5.1,4.99,5.06,4.85,6014.2515
399986,中证银行指数,2023-05-22,5923.3991,5980.076,5920.7325,5943.5257,2462527127.0,14020657519.38,15.4603,0.2608,2373151.17,5.12,5.0,5.05,4.83,5928.0654
399986,中证银行指数,2023-05-23,5940.3343,5970.6829,5839.3392,5839.3392,3223620902.0,18007484163.9,-104.1865,-1.7529,2331551.22,5.0,4.92,5.16,4.92,5943.5257
399986,中证银行指数,2023-05-24,5836.0332,5836.0332,5712.0908,5712.0908,4078384627.0,22624453363.62,-127.2484,-2.1792,2280743.04,4.87,4.81,5.31,5.03,5839.3392
399986,中证银行指数,2023-05-25,5693.3894,5702.012,5652.3077,5692.9168,2800149625.0,16831449207.34,-19.174,-0.3357,2273087.2,4.86,4.79,5.31,5.05,5712.0908
399986,中证银行指数,2023-05-26,5691.8842,5760.2657,5674.0955,5743.8857,2016820634.0,11402872581.28,50.9689,0.8953,2293438.24,4.91,4.84,5.26,5.0,5692.9168
399986,中证银行指数,2023-05-29,5752.1485,5790.4994,5725.987,5763.6897,2635634287.0,15431914843.11,19.804,0.3448,2301345.64,4.95,4.85,5.22,4.98,5743.8857
399986,中证银行指数,2023-05-30,5758.3913,5768.6386,5692.191,5732.2655,2359018198.0,13618995129.64,-31.4242,-0.5452,2288798.49,4.91,4.83,5.26,5.01,5763.6897
399986,中证银行指数,2023-05-31,5716.989,5723.0785,5679.6183,5696.4888,2203735467.0,13333159265.9,-35.7767,-0.6241,2274513.44,4.89,4.8,5.24,4.88,5732.2655
399986,中证银行指数,2023-06-01,5688.5979,5720.9155,5656.5102,5675.3811,2486212134.0,14153732655.88,-21.1077,-0.3705,2266085.49,4.87,4.78,5.25,4.9,5696.4888
399986,中证银行指数,2023-06-02,5685.3147,5750.2729,5685.3147,5744.8642,2178195801.0,14047764726.51,69.4831,1.2243,2293828.91,4.91,4.84,5.21,4.84,5675.3811
399986,中证银行指数,2023-06-05,5741.2502,5808.3773,5721.5194,5784.8111,2220440944.0,12212867669.21,39.9469,0.6953,2309779.06,4.98,4.87,5.14,4.81,5744.8642
399986,中证银行指数,2023-06-06,5779.3046,5869.5345,5766.3953,5776.8324,2586007753.0,15009185024.49,-7.9787,-0.1379,2306593.29,4.97,4.86,5.15,4.82,5784.8111
399986,中证银行指数,2023-06-07,5788.7505,5856.9148,5788.2289,5823.1157,2099469078.0,12148488447.36,46.2833,0.8012,2325073.43,5.02,4.9,5.1,4.78,5776.8324
399986,中证银行指数,2023-06-08,5831.5687,5940.7304,5803.1292,5931.5106,3098478686.0,18024603595.69,108.3949,1.8615,2368353.73,5.13,4.99,4.99,4.69,5823.1157
399986,中证银行指数,2023-06-09,5926.8354,5939.3439,5896.8171,5900.7042,2535325544.0,15270056843.82,-30.8064,-0.5194,2356053.26,5.1,4.97,5.02,4.71,5931.5106
399986,中证银行指数,2023-06-12,5892.479,5892.4971,5820.0399,5828.6158,3021733000.0,16058914789.36,-72.0884,-1.2217,2365408.64,5.03,4.93,5.09,4.77,5900.7042
399986,中证银行指数,2023-06-13,5821.3711,5862.9742,5816.1261,5842.8871,1957363663.0,10927245166.46,14.2713,0.2448,2371200.3,5.04,4.95,5.08,4.75,5828.6158
399986,中证银行指数,2023-06-14,5846.6175,5861.7186,5751.2169,5751.2169,3027797032.0,17001141770.42,-91.6702,-1.5689,2333998.08,4.94,4.87,5.18,4.83,5842.8871
399986,中证银行指数,2023-06-15,5769.431,5803.7809,5742.0123,5784.8271,1998706169.0,12202278694.79,33.6102,0.5844,2347638.0,4.97,4.9,5.15,4.8,5751.2169
399986,中证银行指数,2023-06-16,5792.0108,5803.7004,5764.6283,5767.5605,2167320260.0,13451017380.26,-17.2666,-0.2985,2340630.74,4.94,4.88,5.18,4.82,5784.8271
399986,中证银行指数,2023-06-19,5726.9263,5726.9274,5657.7838,5661.6343,2545160309.0,14502335396.19,-105.9262,-1.8366,2297643.06,4.87,4.79,5.26,4.91,5767.5605
399986,中证银行指数,2023-06-20,5663.4054,5670.528,5627.6544,5630.6602,1870894568.0,10700145820.82,-30.9741,-0.5471,2285072.92,4.84,4.77,5.29,4.93,5661.6343
399986,中证银行指数,2023-06-21,5612.1254,5683.4286,5606.2807,5615.2425,2134627776.0,12294848396.2,-15.4177,-0.2738,2278816.01,4.84,4.75,5.29,4.95,5630.6602
399986,中证银行指数,2023-06-26,5589.7068,5589.7068,5507.885,5522.6073,2394203564.0,13527738666.94,-92.6352,-1.6497,2241222.16,4.75,4.68,5.38,5.03,5615.2425
399986,中证银行指数,2023-06-27,5522.3989,5593.7631,5509.2717,5577.3723,2169595251.0,11208614457.76,54.765,0.9917,2269534.39,4.81,4.72,5.31,4.97,5522.6073
399986,中证银行指数,2023-06-28,5565.8563,5597.8838,5545.19,5574.8654,1787249904.0,9601790517.1,-2.5069,-0.0449,2268514.27,4.81,4.71,5.31,4.97,5577.3723
399986,中证银行指数,2023-06-29,5568.9288,5571.1428,5537.8842,5538.2914,1624356055.0,8772313267.19,-36.574,-0.6561,2253631.64,4.77,4.68,5.35,5.0,5574.8654
399986,中证银行指数,2023-06-30,5542.8532,5601.0695,5542.4382,5577.8763,1807583352.0,9808639063.63,39.5849,0.7147,2269739.45,4.81,4.72,5.42,5.25,5538.2914
399986,中证银行指数,2023-07-03,5593.9769,5680.4478,5587.1914,5672.8394,2393611430.0,13668213798.49,94.9631,1.7025,2308376.45,4.89,4.79,5.32,5.17,5577.8763
399986,中证银行指数,2023-07-04,5662.5319,5662.5319,5606.7227,5621.0479,1933130255.0,10603280914.57,-51.7915,-0.913,2287301.58,4.84,4.75,5.38,5.21,5672.8394
399986,中证银行指数,2023-07-05,5616.9824,5620.5896,5570.72,5591.3224,1418502465.0,8659299616.81,-29.7255,-0.5288,2275205.76,4.82,4.73,5.4,5.24,5621.0479
399986,中证银行指数,2023-07-06,5571.0032,5584.5015,5524.4492,5533.9633,1993143774.0,10985257732.62,-57.3591,-1.0259,2251865.36,4.77,4.68,5.46,5.3,5591.3224
399986,中证银行指数,2023-07-07,5524.4809,5558.784,5517.3825,5532.5984,1574264345.0,9052318110.25,-1.3649,-0.0247,2251309.95,4.77,4.68,5.46,5.3,5533.9633
399986,中证银行指数,2023-07-10,5546.5624,5560.0355,5522.1051,5533.4153,1328565958.0,7711045394.67,0.8169,0.0148,2251642.37,4.77,4.68,5.46,5.3,5532.5984
399986,中证银行指数,2023-07-11,5553.3315,5573.4615,5541.4968,5571.0993,1530873123.0,9219288425.47,37.684,0.681,2266976.63,4.81,4.71,5.41,5.26,5533.4153
399986,中证银行指数,2023-07-12,5546.6077,5598.22,5545.9819,5562.8095,1801521132.0,12219948424.46,-8.2898,-0.1488,2263603.39,4.81,4.7,5.41,5.27,5571.0993
399986,中证银行指数,2023-07-13,5536.0582,5588.039,5523.3209,5584.1832,2240120195.0,13764717023.74,21.3737,0.3842,2272300.7,4.85,4.72,5.38,5.25,5562.8095
399986,中证银行指数,2023-07-14,5581.5872,5609.8449,5565.1512,5587.8265,2111399467.0,12147620672.39,3.6433,0.0652,2278234.67,4.85,4.72,5.37,5.24,5584.1832
399986,中证银行指数,2023-07-17,5529.6335,5529.6335,5488.0385,5509.9256,1865501098.0,10210793838.67,-77.9009,-1.3941,2246473.38,4.74,4.66,5.49,5.31,5587.8265
399986,中证银行指数,2023-07-18,5498.701,5502.5942,5465.7096,5470.6477,1862388298.0,9671333623.78,-39.2779,-0.7129,2230459.25,4.67,4.62,5.58,5.35,5509.9256
399986,中证银行指数,2023-07-19,5454.0346,5489.712,5445.3702,5487.6599,1534812011.0,8524806339.9,17.0122,0.311,2237395.35,4.68,4.64,5.56,5.33,5470.6477
399986,中证银行指数,2023-07-20,5495.8815,5531.6709,5485.4528,5497.3615,1601115746.0,9502616672.54,9.7016,0.1768,2241350.82,4.68,4.65,5.56,5.32,5487.6599
399986,中证银行指数,2023-07-21,5481.6828,5511.2079,5476.8629,5493.6804,1296338190.0,7737899421.79,-3.6811,-0.067,2239850.0,4.68,4.64,5.56,5.32,5497.3615
399986,中证银行指数,2023-07-24,5471.9408,5491.8357,5457.8705,5470.7659,1368261563.0,7528664642.15,-22.9145,-0.4171,2230507.43,4.67,4.62,5.58,5.35,5493.6804
399986,中证银行指数,2023-07-25,5520.1673,5626.5414,5520.1673,5621.7679,3117219503.0,21648029039.43,151.002,2.7602,2292073.05,4.79,4.75,5.44,5.2,5470.7659
399986,中证银行指数,2023-07-26,5611.6143,5642.0437,5590.8598,5615.5262,1664472433.0,10358973552.94,-6.2417,-0.111,2289528.24,4.78,4.75,5.45,5.21,5621.7679
399986,中证银行指数,2023-07-27,5625.8117,5693.498,5613.3035,5662.0652,2615808520.0,14984362576.88,46.539,0.8288,2308502.84,4.83,4.78,5.39,5.17,5615.5262
399986,中证银行指数,2023-07-28,5646.7363,5848.9992,5643.6281,5833.9478,4540592191.0,28603125679.17,171.8826,3.0357,2378581.76,4.96,4.93,5.24,5.01,5662.0652
399986,中证银行指数,2023-07-31,5861.9828,5947.2573,5835.4522,5881.4806,4921016643.0,29896073221.78,47.5328,0.8148,2397961.53,4.98,4.97,5.6,5.36,5833.9478
399986,中证银行指数,2023-08-01,5865.9969,5894.1348,5825.8317,5846.5109,3044600709.0,17915260985.01,-34.9697,-0.5946,2383703.88,4.97,4.94,5.61,5.39,5881.4806
399986,中证银行指数,2023-08-02,5796.7467,5820.105,5710.9862,5734.6203,3693072703.0,22045853069.7,-111.8906,-1.9138,2338084.55,4.85,4.85,5.75,5.5,5846.5109
399986,中证银行指数,2023-08-03,5739.2133,5814.3541,5711.9556,5809.7573,3097523107.0,17883281157.93,75.137,1.3102,2368718.95,4.91,4.91,5.68,5.43,5734.6203
399986,中证银行指数,2023-08-04,5844.755,5892.1636,5804.4088,5828.9151,4021568882.0,23150824829.97,19.1578,0.3298,2376529.86,4.93,4.93,5.66,5.41,5809.7573
399986,中证银行指数,2023-08-07,5806.193,5806.193,5756.5864,5775.2404,2578147381.0,14085502328.45,-53.6747,-0.9208,2354645.95,4.89,4.88,5.7,5.46,5828.9151
399986,中证银行指数,2023-08-08,5758.8472,5790.7511,5727.0287,5749.5886,1999016148.0,12044009901.6,-25.6518,-0.4442,2344187.31,4.86,4.86,5.73,5.48,5775.2404
399986,中证银行指数,2023-08-09,5737.7257,5777.4137,5737.3552,5762.5559,1654193723.0,9937718875.27,12.9673,0.2255,2349474.29,4.88,4.87,5.72,5.47,5749.5886
399986,中证银行指数,2023-08-10,5747.5768,5773.7365,5718.4561,5756.7128,1641672448.0,9548388005.08,-5.8431,-0.1014,2347091.98,4.87,4.86,5.73,5.48,5762.5559
399986,中证银行指数,2023-08-11,5760.1972,5778.1063,5646.662,5646.662,2391215465.0,14148853700.0,-110.0508,-1.9117,2302222.71,4.78,4.77,5.83,5.58,5756.7128
399986,中证银行指数,2023-08-14,5605.0383,5605.0383,5550.7368,5572.9034,2249917868.0,13678667538.32,-73.7586,-1.3062,2272150.32,4.72,4.71,5.91,5.66,5646.662
399986,中证银行指数,2023-08-15,5579.2156,5653.2716,5575.6238,5634.3857,2444863498.0,13736566889.25,61.4823,1.1032,2297217.52,4.79,4.76,5.82,5.59,5572.9034
399986,中证银行指数,2023-08-16,5613.4364,5650.2295,5585.5568,5625.0706,1813946059.0,10922994311.33,-9.3151,-0.1653,2293419.62,4.78,4.75,5.83,5.6,5634.3857
399986,中证银行指数,2023-08-17,5608.117,5610.6834,5541.6926,5578.9633,2266722907.0,13836529026.88,-46.1073,-0.8197,2274621.01,4.74,4.71,5.88,5.65,5625.0706
399986,中证银行指数,2023-08-18,5574.294,5669.6423,5574.294,5604.3298,2603246267.0,15698659101.94,25.3665,0.4547,2284963.28,4.76,4.74,5.86,5.62,5578.9633
399986,中证银行指数,2023-08-21,5608.5478,5608.5478,5515.2598,5515.2598,2226279441.0,13805342305.75,-89.07,-1.5893,2248648.2,4.69,4.66,5.95,5.71,5604.3298
399986,中证银行指数,2023-08-22,5528.6696,5584.8304,5528.6696,5575.9007,2275293683.0,13274432788.24,60.6409,1.0995,2273372.36,4.75,4.71,5.87,5.65,5515.2598
399986,中证银行指数,2023-08-23,5567.985,5611.4549,5553.6649,5560.5057,2305136140.0,13110216929.91,-15.395,-0.2761,2267095.61,4.74,4.7,5.88,5.67,5575.9007
399986,中证银行指数,2023-08-24,5571.1209,5580.7806,5513.3572,5536.6834,2255297229.0,12815400875.17,-23.8223,-0.4284,2257382.9,4.71,4.68,5.91,5.69,5560.5057
399986,中证银行指数,2023-08-25,5523.8989,5613.6926,5522.4123,5583.7194,2259850791.0,14006440360.53,47.036,0.8495,2276560.14,4.75,4.72,5.87,5.64,5536.6834
399986,中证银行指数,2023-08-28,5818.6198,5833.0925,5643.6848,5669.6742,4485394873.0,28967302955.03,85.9548,1.5394,2311605.1,4.83,4.79,5.77,5.56,5583.7194
399986,中证银行指数,2023-08-29,5662.3016,5671.1126,5560.6613,5593.0482,3867948900.0,22257806771.21,-76.626,-1.3515,2280363.61,4.76,4.73,5.86,5.64,5669.6742
399986,中证银行指数,2023-08-30,5592.8064,5592.8064,5522.3979,5527.7574,2846913709.0,17491008133.09,-65.2908,-1.1674,2253743.67,4.71,4.67,5.91,5.7,5593.0482
399986,中证银行指数,2023-08-31,5531.0365,5576.2378,5504.7309,5509.2962,2491923050.0,14849316416.04,-18.4612,-0.334,2246216.78,4.7,4.66,5.91,5.69,5527.7574
399986,中证银行指数,2023-09-01,5530.8778,5592.9057,5530.7591,5561.9713,2439044275.0,15977544222.5,52.6751,0.9561,2267693.13,4.71,4.7,5.89,5.64,5509.2962
399986,中证银行指数,2023-09-04,5585.5322,5681.0782,5582.624,5670.863,3313900100.0,22566750085.17,108.8917,1.9578,2312089.83,4.79,4.79,5.8,5.53,5561.9713
399986,中证银行指数,2023-09-05,5654.2439,5654.2439,5599.9455,5604.5794,2192431472.0,14043974417.79,-66.2836,-1.1688,2285065.07,4.74,4.74,5.86,5.59,5670.863
399986,中证银行指数,2023-09-06,5596.1067,5632.3729,5583.1007,5622.2376,1625130690.0,10678650452.82,17.6582,0.3151,2292264.55,4.76,4.75,5.84,5.58,5604.5794
399986,中证银行指数,2023-09-07,5617.6884,5636.8624,5596.6836,5604.4677,1965778269.0,11195529305.33,-17.7699,-0.3161,2285019.51,4.75,4.74,5.85,5.59,5622.2376
399986,中证银行指数,2023-09-08,5595.5488,5601.6659,5577.8567,5587.838,1299867188.0,7773311333.38,-16.6297,-0.2967,2278239.36,4.73,4.72,5.87,5.61,5604.4677
399986,中证银行指数,2023-09-11,5593.5397,5623.3855,5581.9626,5599.8534,2129987550.0,13256461208.72,12.0154,0.215,2283138.2,4.73,4.73,5.87,5.6,5587.838
399986,中证银行指数,2023-09-12,5598.2538,5605.0112,5585.2404,5590.3756,1350284205.0,8252910436.41,-9.4778,-0.1693,2279273.99,4.73,4.72,5.87,5.61,5599.8534
399986,中证银行指数,2023-09-13,5602.2545,5615.5192,5575.9378,5591.8072,1655090458.0,9497118944.4,1.4316,0.0256,2279857.66,4.74,4.73,5.86,5.61,5590.3756
399986,中证银行指数,2023-09-14,5605.1693,5648.2887,5597.58,5645.4613,2873590387.0,15707044850.58,53.6541,0.9595,2301733.16,4.79,4.77,5.8,5.55,5591.8072
399986,中证银行指数,2023-09-15,5658.9756,5685.5631,5606.1496,5619.3723,2810518098.0,16281525545.26,-26.089,-0.4621,2291096.35,4.76,4.75,5.83,5.58,5645.4613
399986,中证银行指数,2023-09-18,5615.2155,5627.3915,5584.6958,5626.2874,1990879194.0,11298054798.04,6.9151,0.1231,2293915.7,4.77,4.75,5.83,5.57,5619.3723
399986,中证银行指数,2023-09-19,5618.1849,5663.4238,5613.9174,5658.9577,2371658087.0,13632385613.63,32.6703,0.5807,2307235.87,4.81,4.78,5.78,5.54,5626.2874
399986,中证银行指数,2023-09-20,5656.6778,5692.4743,5636.8768,5678.7734,2707408233.0,14556810537.51,19.8157,0.3502,2315315.01,4.83,4.8,5.75,5.52,5658.9577
399986,中证银行指数,2023-09-21,5680.9725,5696.8164,5636.4474,5644.9896,2324345751.0,13339040111.33,-33.7838,-0.5949,2301540.86,4.81,4.77,5.78,5.55,5678.7734
399986,中证银行指数,2023-09-22,5653.2058,5708.4928,5622.4529,5703.3119,2812126608.0,16986191858.29,58.3223,1.0332,2325319.66,4.86,4.82,5.72,5.5,5644.9896
399986,中证银行指数,2023-09-25,5698.7203,5724.6294,5675.3702,5703.3694,2561372220.0,14801030342.8,0.0575,0.001,2325343.13,4.86,4.82,5.72,5.5,5703.3119
399986,中证银行指数,2023-09-26,5704.0171,5720.8353,5671.8791,5679.3054,1912901417.0,10835008176.02,-24.064,-0.4219,2315531.91,4.84,4.8,5.74,5.52,5703.3694
399986,中证银行指数,2023-09-27,5691.3901,5698.2525,5644.4477,5646.6384,2034320792.0,11677158541.18,-32.667,-0.5752,2302213.12,4.8,4.77,5.79,5.55,5679.3054
399986,中证银行指数,2023-09-28,5664.4745,5679.0381,5653.7352,5658.1982,1702089538.0,10369932866.85,11.5598,0.2047,2306926.21,4.82,4.78,5.76,5.54,5646.6384
399986,中证银行指数,2023-10-09,5629.2388,5637.4401,5585.3513,5623.6724,2291753031.0,12824373414.58,-34.5258,-0.6102,2292849.53,4.8,4.75,5.79,5.57,5658.1982
399986,中证银行指数,2023-10-10,5653.9064,5666.3073,5606.8616,5606.8616,1923231641.0,10918817787.04,-16.8108,-0.2989,2285995.55,4.79,4.74,5.8,5.59,5623.6724
399986,中证银行指数,2023-10-11,5629.9309,5640.3679,5587.6691,5600.6056,2344109395.0,13224708373.45,-6.256,-0.1116,2283444.88,4.8,4.73,5.79,5.6,5606.8616
399986,中证银行指数,2023-10-12,5674.2664,5695.3352,5637.3684,5677.4996,4118094129.0,23998148556.75,76.894,1.373,2314795.66,4.88,4.8,5.69,5.52,5600.6056
399986,中证银行指数,2023-10-13,5643.1758,5707.572,5629.9891,5678.5479,3321564592.0,18376350070.7,1.0483,0.0185,2315223.07,4.91,4.8,5.66,5.52,5677.4996
399986,中证银行指数,2023-10-16,5676.9263,5683.0107,5643.1914,5674.0404,2290734227.0,12639484413.34,-4.5075,-0.0794,2313385.3,4.91,4.79,5.65,5.52,5678.5479
399986,中证银行指数,2023-10-17,5677.2937,5698.5968,5659.7837,5691.4187,1876650115.0,10694947054.54,17.3783,0.3063,2320470.64,4.92,4.81,5.64,5.51,5674.0404
399986,中证银行指数,2023-10-18,5685.5739,5716.7179,5670.295,5677.0239,2243287984.0,12633890679.06,-14.3948,-0.2529,2328672.2,4.93,4.79,5.62,5.49,5691.4187
399986,中证银行指数,2023-10-19,5663.5363,5663.5363,5543.8685,5547.6214,3203223441.0,18558386930.62,-129.4025,-2.2794,2275592.3,4.82,4.68,5.75,5.62,5677.0239
399986,中证银行指数,2023-10-20,5530.8119,5566.0705,5505.9418,5536.7476,2308057889.0,12910005484.68,-10.8738,-0.196,2271131.96,4.8,4.67,5.77,5.63,5547.6214
399986,中证银行指数,2023-10-23,5525.3895,5547.5063,5470.9225,5499.0966,2185254537.0,12177676955.59,-37.651,-0.68,2255687.78,4.78,4.64,5.8,5.67,5536.7476
399986,中证银行指数,2023-10-24,5513.0704,5515.9491,5444.1113,5462.7005,2735497259.0,14957333120.74,-36.3961,-0.6619,2240758.4,4.73,4.61,5.86,5.7,5499.0966
399986,中证银行指数,2023-10-25,5495.924,5499.8279,5450.5049,5476.2388,2609258655.0,15054341504.16,13.5383,0.2478,2246311.68,4.72,4.62,5.87,5.69,5462.7005
399986,中证银行指数,2023-10-26,5464.6081,5536.1765,5459.4747,5525.3418,2201060772.0,12204406684.28,49.103,0.8967,2266453.37,4.77,4.66,5.8,5.64,5476.2388
399986,中证银行指数,2023-10-27,5519.299,5541.9885,5486.4943,5517.2532,2659000602.0,15421314342.16,-8.0886,-0.1464,2263135.47,4.77,4.66,5.81,5.65,5525.3418
399986,中证银行指数,2023-10-30,5488.5185,5489.0157,5402.6475,5425.4314,3840734992.0,21864303710.97,-91.8218,-1.6643,2225470.89,4.68,4.58,5.92,5.74,5517.2532
399986,中证银行指数,2023-10-31,5410.7531,5444.4077,5391.2073,5438.4543,2704380005.0,16904091433.2,13.0229,0.24,2230812.76,4.71,4.59,5.88,5.73,5425.4314
399986,中证银行指数,2023-11-01,5447.5697,5448.5059,5411.4567,5437.5817,2302512866.0,13568417912.02,-0.8726,-0.016,2230454.83,4.72,4.59,5.87,5.73,5438.4543
399986,中证银行指数,2023-11-02,5449.5086,5494.0588,5446.4683,5470.1654,2102522659.0,11891314014.99,32.5837,0.5992,2243820.42,4.76,4.62,5.83,5.7,5437.5817
399986,中证银行指数,2023-11-03,5472.9272,5481.5692,5444.3045,5455.9814,2022473252.0,11578409587.26,-14.184,-0.2593,2238002.28,4.73,4.61,5.86,5.71,5470.1654
399986,中证银行指数,2023-11-06,5466.7708,5475.7432,5442.3469,5457.9061,2862017072.0,16208708933.78,1.9247,0.0353,2238791.76,4.71,4.61,5.88,5.71,5455.9814
399986,中证银行指数,2023-11-07,5453.0059,5465.7576,5432.1666,5453.195,1994048096.0,11694055248.19,-4.7111,-0.0863,2236859.3,4.72,4.6,5.87,5.71,5457.9061
399986,中证银行指数,2023-11-08,5443.8909,5461.1888,5411.7473,5429.4484,2006041575.0,11534025823.38,-23.7466,-0.4355,2227118.61,4.7,4.58,5.89,5.74,5453.195
399986,中证银行指数,2023-11-09,5422.7517,5463.3916,5420.9539,5454.8227,2045904917.0,11485297171.46,25.3743,0.4673,2237526.99,4.74,4.61,5.85,5.71,5429.4484
399986,中证银行指数,2023-11-10,5442.4828,5465.7834,5405.0039,5413.9524,2086179426.0,12753972642.12,-40.8703,-0.7493,2220762.3,4.72,4.57,5.87,5.75,5454.8227
399986,中证银行指数,2023-11-13,5418.0437,5418.868,5363.0079,5388.8286,1794885243.0,11365079880.38,-25.1238,-0.4641,2210456.69,4.7,4.55,5.9,5.78,5413.9524
399986,中证银行指数,2023-11-14,5389.5512,5413.4534,5382.8871,5403.5822,1875439835.0,11493759269.28,14.7536,0.2738,2216508.5,4.71,4.56,5.88,5.77,5388.8286
399986,中证银行指数,2023-11-15,5428.7829,5448.1853,5414.1402,5427.6164,1844045885.0,11567916076.45,24.0342,0.4448,2226367.15,4.72,4.58,5.86,5.74,5403.5822
399986,中证银行指数,2023-11-16,5429.8811,5442.2382,5409.3236,5421.0433,1724612477.0,9727180728.76,-6.5731,-0.1211,2223670.91,4.73,4.58,5.86,5.75,5427.6164
399986,中证银行指数,2023-11-17,5412.7891,5415.8959,5374.1673,5389.6113,1642299897.0,10102019387.16,-31.432,-0.5798,2210777.74,4.7,4.55,5.89,5.78,5421.0433
399986,中证银行指数,2023-11-20,5396.5706,5423.6617,5376.1823,5419.8717,1605563066.0,9485168091.04,30.2604,0.5615,2223190.32,4.73,4.58,5.86,5.75,5389.6113
399986,中证银行指数,2023-11-21,5432.0022,5463.1622,5422.397,5430.8005,2044712827.0,11994200670.99,10.9288,0.2016,2227673.23,4.74,4.58,5.85,5.74,5419.8717
399986,中证银行指数,2023-11-22,5421.873,5440.4312,5412.5128,5412.6055,1467451288.0,8592383312.77,-18.195,-0.335,2220209.8,4.72,4.57,5.86,5.76,5430.8005
399986,中证银行指数,2023-11-23,5410.383,5416.2783,5392.0166,5411.5834,1444836338.0,8644759190.5,-1.0221,-0.0189,2219790.53,4.72,4.57,5.87,5.76,5412.6055
399986,中证银行指数,2023-11-24,5407.1095,5422.9274,5399.768,5412.5338,1741513491.0,9699494077.25,0.9504,0.0176,2220180.4,4.73,4.57,5.86,5.76,5411.5834
399986,中证银行指数,2023-11-27,5411.085,5412.1004,5344.9033,5373.2129,2268094864.0,13185750742.74,-39.3209,-0.7265,2204051.23,4.69,4.54,5.9,5.8,5412.5338
399986,中证银行指数,2023-11-28,5374.0216,5379.2372,5340.2132,5351.3946,1660465671.0,10355182868.8,-21.8183,-0.4061,2195101.55,4.68,4.52,5.91,5.82,5373.2129
399986,中证银行指数,2023-11-29,5351.7511,5352.3532,5278.3516,5288.3097,2250509844.0,14653203591.16,-63.0849,-1.1788,2169224.59,4.64,4.46,5.96,5.89,5351.3946
399986,中证银行指数,2023-11-30,5288.6844,5317.24,5284.8012,5313.2183,2139867914.0,12928858595.76,24.9086,0.471,2179441.92,4.67,4.49,5.93,5.86,5288.3097
399986,中证银行指数,2023-12-01,5310.7735,5322.2426,5280.6267,5303.3861,2237797856.0,13842312680.2,-9.8322,-0.1851,2175408.84,4.67,4.48,5.93,5.87,5313.2183
399986,中证银行指数,2023-12-04,5304.4195,5320.8173,5282.6358,5285.8706,1744667115.0,10934121796.72,-17.5155,-0.3303,2168224.11,4.66,4.46,5.95,5.89,5303.3861
399986,中证银行指数,2023-12-05,5283.5684,5283.5684,5206.6388,5208.8859,2056076868.0,12866549178.69,-76.9847,-1.4564,2136645.56,4.6,4.4,6.02,5.98,5285.8706
399986,中证银行指数,2023-12-06,5205.9292,5212.2954,5152.4663,5187.7426,2506662065.0,14082808279.14,-21.1433,-0.4059,2127972.74,4.56,4.38,6.07,6.01,5208.8859
399986,中证银行指数,2023-12-07,5188.8577,5214.7734,5145.8002,5199.8918,2300484406.0,12983028260.53,12.1492,0.2342,2132956.26,4.58,4.39,6.05,5.99,5187.7426
399986,中证银行指数,2023-12-08,5193.9586,5230.6731,5182.6693,5189.0961,3067609777.0,15895384851.01,-10.7957,-0.2076,2128527.93,4.57,4.38,6.06,6.0,5199.8918
399986,中证银行指数,2023-12-11,5170.7942,5224.0847,5106.7019,5215.1088,3030162686.0,16601440268.95,26.0127,0.5013,2211704.31,4.58,4.4,6.05,5.97,5189.0961
399986,中证银行指数,2023-12-12,5202.0807,5274.6833,5191.4628,5272.8467,2393093417.0,13508245457.1,57.7379,1.1071,2236190.68,4.64,4.45,5.97,5.9,5215.1088
399986,中证银行指数,2023-12-13,5263.5201,5263.7062,5207.9071,5209.5704,1945088513.0,12217424493.38,-63.2763,-1.2,2209355.49,4.6,4.4,6.01,5.98,5272.8467
399986,中证银行指数,2023-12-14,5228.1554,5238.0759,5188.1987,5189.2169,1451935848.0,8653107926.55,-20.3535,-0.3907,2200723.68,4.59,4.38,6.03,6.0,5209.5704
399986,中证银行指数,2023-12-15,5210.6541,5243.9216,5166.3409,5168.3692,2051840100.0,12953810174.42,-20.8477,-0.4018,2191882.28,4.56,4.37,6.07,6.02,5189.2169
399986,中证银行指数,2023-12-18,5156.0174,5197.9249,5133.8288,5181.8492,2068982361.0,11300583624.94,13.48,0.2608,2197599.07,4.59,4.38,6.04,6.01,5168.3692
399986,中证银行指数,2023-12-19,5177.7242,5190.8511,5154.8346,5177.8904,1669630044.0,9265896952.19,-3.9588,-0.0764,2195920.15,4.59,4.37,6.04,6.01,5181.8492
399986,中证银行指数,2023-12-20,5183.6473,5211.8244,5162.9793,5162.9793,1918621077.0,10677372813.14,-14.9111,-0.288,2189596.43,4.58,4.36,6.05,6.03,5177.8904
399986,中证银行指数,2023-12-21,5153.8884,5193.2567,5133.4681,5186.6378,2286936444.0,13219048415.89,23.6585,0.4582,2199629.88,4.59,4.38,6.04,6.0,5162.9793
399986,中证银行指数,2023-12-22,5194.751,5214.3554,5161.7506,5190.1376,2067848876.0,12350840832.74,3.4998,0.0675,2201114.13,4.59,4.38,6.03,6.0,5186.6378
399986,中证银行指数,2023-12-25,5186.8803,5202.2638,5178.6065,5195.0728,1353147600.0,7694411761.69,4.9352,0.0951,2203207.14,4.61,4.39,6.01,5.99,5190.1376
399986,中证银行指数,2023-12-26,5193.4,5203.652,5176.0461,5182.5638,1484722214.0,8418686022.09,-12.509,-0.2408,2197902.11,4.6,4.38,6.01,6.01,5195.0728
399986,中证银行指数,2023-12-27,5182.1666,5207.8153,5149.7487,5202.3713,1951771783.0,10889434407.32,19.8075,0.3822,2206302.39,4.62,4.39,5.99,5.98,5182.5638
399986,中证银行指数,2023-12-28,5200.4536,5256.2444,5194.1333,5244.578,3198624623.0,19301607293.46,42.2067,0.8113,2224202.06,4.62,4.43,5.99,5.94,5202.3713
399986,中证银行指数,2023-12-29,5239.3726,5285.1675,5229.0671,5285.1675,2023876136.0,12367512253.32,40.5895,0.7739,2241415.9,4.64,4.46,5.97,5.89,5244.578
399986,中证银行指数,2024-01-02,5249.1153,5265.5453,5228.88,5231.8177,2294821904.0,13962192977.01,-53.3498,-1.0094,2218790.47,4.62,4.42,5.99,5.95,5285.1675
399986,中证银行指数,2024-01-03,5228.2026,5264.4124,5226.1984,5256.9005,2348643211.0,13155669864.52,25.0828,0.4794,2229427.99,4.66,4.44,5.94,5.92,5231.8177
399986,中证银行指数,2024-01-04,5254.1614,5273.7098,5220.4895,5268.8445,2462701079.0,14421045894.77,11.944,0.2272,2234493.37,4.7,4.45,5.9,5.91,5256.9005
399986,中证银行指数,2024-01-05,5264.5556,5389.5798,5249.4614,5325.8033,4223309957.0,25368967955.82,56.9588,1.081,2258649.36,4.72,4.5,5.87,5.85,5268.8445
399986,中证银行指数,2024-01-08,5310.6665,5350.3965,5268.0247,5289.002,3019117654.0,17656682166.59,-36.8013,-0.691,2243042.07,4.69,4.47,5.9,5.89,5325.8033
399986,中证银行指数,2024-01-09,5285.6366,5317.1287,5250.0461,5307.1775,2518388493.0,14397039523.22,18.1755,0.3436,2250750.26,4.7,4.48,5.89,5.87,5289.002
399986,中证银行指数,2024-01-10,5296.3134,5321.1453,5280.7497,5281.7066,2016262778.0,11797168087.83,-25.4709,-0.4799,2239948.13,4.67,4.46,5.92,5.89,5307.1775
399986,中证银行指数,2024-01-11,5276.5218,5313.8456,5253.2782,5273.6131,2576364469.0,15139425295.29,-8.0935,-0.1532,2236515.71,4.64,4.45,5.97,5.9,5281.7066
399986,中证银行指数,2024-01-12,5262.3468,5340.8827,5262.3468,5310.2869,2344010483.0,13452746523.67,36.6738,0.6954,2252068.94,4.68,4.49,5.92,5.86,5273.6131
399986,中证银行指数,2024-01-15,5305.507,5356.1824,5296.7223,5342.5833,2002674038.0,11684589701.4,32.2964,0.6082,2265765.69,4.71,4.51,5.88,5.83,5310.2869
399986,中证银行指数,2024-01-16,5329.8551,5409.3454,5327.3689,5408.489,3311621725.0,19634376605.89,65.9057,1.2336,2293716.01,4.76,4.57,5.82,5.76,5342.5833
399986,中证银行指数,2024-01-17,5403.1125,5443.0283,5372.7424,5372.7424,3397352902.0,21752103412.16,-35.7466,-0.6609,2278556.01,4.72,4.54,5.87,5.79,5408.489
399986,中证银行指数,2024-01-18,5353.0877,5398.4565,5236.4568,5384.6348,4852118847.0,27938005028.64,11.8924,0.2213,2283599.54,4.72,4.55,5.87,5.78,5372.7424
399986,中证银行指数,2024-01-19,5360.8262,5397.7157,5329.0566,5385.5367,2976522496.0,17871821018.32,0.9019,0.0167,2283982.02,4.72,4.55,5.87,5.78,5384.6348
399986,中证银行指数,2024-01-22,5381.0828,5447.0899,5338.6668,5375.0691,4223874659.0,26450173685.75,-10.4676,-0.1944,2279542.78,4.71,4.54,5.87,5.79,5385.5367
399986,中证银行指数,2024-01-23,5353.9078,5397.6459,5319.5162,5370.5083,3002166007.0,17716202278.7,-4.5608,-0.0849,2277608.54,4.71,4.54,5.88,5.8,5375.0691
399986,中证银行指数,2024-01-24,5390.4882,5454.5875,5357.2391,5450.9788,3582807442.0,21035355783.37,80.4705,1.4984,2311735.74,4.79,4.6,5.77,5.71,5370.5083
399986,中证银行指数,2024-01-25,5466.7353,5536.7539,5463.0437,5535.6531,3823618799.0,24700670098.57,84.6743,1.5534,2347645.72,4.87,4.68,5.69,5.62,5450.9788
399986,中证银行指数,2024-01-26,5540.4676,5633.1095,5535.5528,5621.0476,4610789602.0,27981033361.73,85.3945,1.5426,2383861.15,4.95,4.75,5.59,5.54,5535.6531
399986,中证银行指数,2024-01-29,5636.2022,5722.2779,5628.7429,5670.0626,4741327632.0,28444721228.72,49.015,0.872,2404648.19,5.0,4.79,5.53,5.49,5621.0476
399986,中证银行指数,2024-01-30,5645.5304,5700.7757,5595.0518,5614.9202,3409228967.0,20785196692.88,-55.1424,-0.9725,2381262.53,4.96,4.74,5.58,5.54,5670.0626
399986,中证银行指数,2024-01-31,5600.8389,5652.6352,5573.7535,5619.8898,3398699511.0,20453728150.48,4.9696,0.0885,2383370.13,4.98,4.75,5.56,5.54,5614.9202
399986,中证银行指数,2024-02-01,5606.3247,5627.0391,5566.4254,5583.1822,3148454184.0,19164011536.95,-36.7076,-0.6532,2367802.62,4.94,4.72,5.6,5.58,5619.8898
399986,中证银行指数,2024-02-02,5588.1371,5645.8471,5493.4747,5588.8836,4289909735.0,25531735971.6,5.7014,0.1021,2371271.9,4.97,4.72,5.58,5.57,5583.1822
399986,中证银行指数,2024-02-05,5582.3217,5675.6117,5567.5175,5652.7413,5496858589.0,32490610859.0,63.8577,1.1426,2398365.71,5.05,4.77,5.48,5.51,5588.8836
399986,中证银行指数,2024-02-06,5645.9485,5725.6105,5630.4586,5721.9489,5297984729.0,31446954217.82,69.2076,1.2243,2427729.36,5.11,4.83,5.42,5.44,5652.7413
399986,中证银行指数,2024-02-07,5720.7173,5721.1154,5582.2947,5682.4394,6554499282.0,38529185151.0,-39.5095,-0.6905,2410966.11,5.04,4.8,5.49,5.48,5721.9489
399986,中证银行指数,2024-02-08,5656.216,5658.0009,5584.3837,5653.6219,5193062838.0,30682120319.77,-28.8175,-0.5071,2398739.31,5.0,4.78,5.54,5.5,5682.4394
399986,中证银行指数,2024-02-19,5679.7538,5761.6468,5639.3904,5761.2212,4661681093.0,27873809530.47,107.5993,1.9032,2444391.96,5.12,4.87,5.41,5.4,5653.6219
399986,中证银行指数,2024-02-20,5756.4789,5818.4838,5722.5851,5805.0888,3279200197.0,19815355290.68,43.8676,0.7614,2463004.24,5.17,4.9,5.36,5.36,5761.2212
399986,中证银行指数,2024-02-21,5795.434,6023.3911,5788.0226,5960.9223,5001536721.0,35109534046.58,155.8335,2.6844,2529121.86,5.27,5.03,5.25,5.22,5805.0888
399986,中证银行指数,2024-02-22,5944.2123,5972.3865,5904.6244,5966.8542,3201787427.0,22770236713.33,5.9319,0.0995,2531638.64,5.28,5.04,5.24,5.22,5960.9223
399986,中证银行指数,2024-02-23,5967.4814,6077.7317,5964.1455,5999.7608,3582889343.0,24187365361.25,32.9066,0.5515,2545600.41,5.32,5.07,5.2,5.19,5966.8542
399986,中证银行指数,2024-02-26,5987.9622,5991.6239,5837.2188,5849.4858,3644877623.0,23451150049.34,-150.275,-2.5047,2481841.15,5.18,4.94,5.34,5.32,5999.7608
399986,中证银行指数,2024-02-27,5835.4096,5895.1545,5820.8474,5853.4864,2672875823.0,17300554797.98,4.0006,0.0684,2483538.58,5.18,4.94,5.34,5.32,5849.4858
399986,中证银行指数,2024-02-28,5849.8848,5886.2668,5788.5149,5839.1352,3717011345.0,23173215424.24,-14.3512,-0.2452,2477449.57,5.18,4.93,5.35,5.33,5853.4864
399986,中证银行指数,2024-02-29,5823.1691,5865.2712,5821.9861,5865.2712,2859962432.0,17763790199.46,26.136,0.4476,2488538.68,5.2,4.95,5.32,5.31,5839.1352
399986,中证银行指数,2024-03-01,5853.7326,5869.3451,5830.3625,5858.1146,2741244837.0,16937062603.32,-7.1566,-0.122,2485502.24,5.21,4.95,5.32,5.31,5865.2712
399986,中证银行指数,2024-03-04,5839.7423,5845.7381,5795.9367,5807.5286,2827602836.0,17959681405.74,-50.586,-0.8635,2464039.43,5.18,4.91,5.34,5.36,5858.1146
399986,中证银行指数,2024-03-05,5796.1125,5923.9093,5790.8027,5912.8126,3477795458.0,22996516424.45,105.284,1.8129,2508709.71,5.29,4.99,5.24,5.26,5807.5286
399986,中证银行指数,2024-03-06,5910.5538,5944.3911,5863.4605,5863.7242,2703255064.0,17052495617.38,-49.0884,-0.8302,2487882.27,5.22,4.95,5.3,5.31,5912.8126
399986,中证银行指数,2024-03-07,5858.9895,5924.9234,5858.9615,5887.608,2506919743.0,15996330659.31,23.8838,0.4073,2498015.79,5.24,4.97,5.28,5.29,5863.7242
399986,中证银行指数,2024-03-08,5879.1418,5908.6398,5856.093,5879.0841,2109383598.0,13066828119.56,-8.5239,-0.1448,2494399.23,5.24,4.97,5.29,5.29,5887.608
399986,中证银行指数,2024-03-11,5873.9902,5894.9954,5829.5097,5864.0406,2358983625.0,15322187065.04,-15.0435,-0.2559,2488016.51,5.22,4.95,5.31,5.31,5879.0841
399986,中证银行指数,2024-03-12,5857.9297,5857.9297,5808.5676,5813.6212,3344540874.0,21264118871.3,-50.4194,-0.8598,2466624.42,5.13,4.91,5.39,5.35,5864.0406
399986,中证银行指数,2024-03-13,5808.2805,5809.046,5754.4601,5766.228,2512851681.0,15769173804.45,-47.3932,-0.8152,2446516.23,5.09,4.87,5.43,5.4,5813.6212
399986,中证银行指数,2024-03-14,5756.8202,5806.9578,5747.3356,5757.8788,2135966030.0,13588639917.72,-8.3492,-0.1448,2442973.79,5.1,4.86,5.43,5.4,5766.228
399986,中证银行指数,2024-03-15,5776.4229,5807.4079,5773.7728,5796.8377,2841235288.0,18502565568.93,38.9589,0.6766,2459503.44,5.12,4.9,5.41,5.37,5757.8788
399986,中证银行指数,2024-03-18,5786.921,5807.3893,5766.663,5783.659,2320801149.0,14253037331.87,-13.1787,-0.2273,2453911.94,5.11,4.89,5.42,5.38,5796.8377
399986,中证银行指数,2024-03-19,5777.597,5777.597,5728.6268,5733.7977,2239792516.0,13824751444.44,-49.8613,-0.8621,2432756.6,5.06,4.84,5.47,5.43,5783.659
399986,中证银行指数,2024-03-20,5728.229,5788.1295,5707.9433,5777.246,2185448324.0,13116685332.85,43.4483,0.7578,2451191.01,5.11,4.88,5.42,5.39,5733.7977
399986,中证银行指数,2024-03-21,5777.3044,5837.4679,5767.9785,5819.3465,2302047614.0,14587043486.65,42.1005,0.7287,2469053.56,5.14,4.92,5.39,5.35,5777.246
399986,中证银行指数,2024-03-22,5817.4127,5822.2411,5750.7268,5798.5279,2511402935.0,15518983449.35,-20.8186,-0.3577,2460220.58,5.13,4.9,5.39,5.37,5819.3465
399986,中证银行指数,2024-03-25,5790.0576,5851.9696,5778.1059,5823.4657,2489790097.0,15199577923.52,24.9378,0.4301,2470801.26,5.16,4.92,5.36,5.34,5798.5279
399986,中证银行指数,2024-03-26,5847.4916,5908.0189,5842.7824,5907.3204,2849567734.0,19904030947.3,83.8547,1.4399,2506379.46,5.22,4.99,5.3,5.27,5823.4657
399986,中证银行指数,2024-03-27,5900.8127,5976.0896,5891.2078,5932.535,3074320317.0,19962236214.33,25.2146,0.4268,2517077.59,5.25,5.01,5.27,5.25,5907.3204
399986,中证银行指数,2024-03-28,5917.4594,5918.1274,5834.7463,5852.3086,3957711884.0,22803062803.28,-80.2264,-1.3523,2483038.82,5.16,4.94,5.37,5.32,5932.535
399986,中证银行指数,2024-03-29,5819.4001,5887.5634,5813.6231,5856.7197,2826124874.0,16873655348.51,4.4111,0.0754,2484910.38,5.18,4.95,5.35,5.31,5852.3086
399986,中证银行指数,2024-04-01,5861.4705,5917.5954,5861.4705,5912.8148,2842537937.0,18038156354.55,56.0951,0.9578,2508710.62,5.21,4.99,5.31,5.26,5856.7197
399986,中证银行指数,2024-04-02,5913.7286,5958.9728,5903.8616,5922.6096,2892338769.0,18219422996.36,9.7948,0.1657,2512866.4,5.24,5.0,5.29,5.25,5912.8148
399986,中证银行指数,2024-04-03,5915.8863,5927.6924,5869.8081,5889.1529,2173206643.0,14204652715.86,-33.4567,-0.5649,2498671.29,5.22,4.97,5.3,5.28,5922.6096
399986,中证银行指数,2024-04-08,5883.2312,5940.0435,5857.9588,5922.6011,2751457192.0,16663840155.33,33.4482,0.568,2512862.8,5.27,5.0,5.26,5.25,5889.1529
399986,中证银行指数,2024-04-09,5927.4739,5957.7463,5885.7813,5894.3291,2553272682.0,15238675388.82,-28.272,-0.4774,2500867.44,5.22,4.98,5.3,5.28,5922.6011
399986,中证银行指数,2024-04-10,5885.5021,5937.4285,5881.1675,5901.2014,2500308982.0,16431968252.35,6.8723,0.1166,2503783.26,5.23,4.98,5.29,5.27,5894.3291
399986,中证银行指数,2024-04-11,5880.6491,5906.5227,5843.3034,5888.4786,2122730015.0,13467578070.78,-12.7228,-0.2156,2498385.18,5.21,4.97,5.31,5.28,5901.2014
399986,中证银行指数,2024-04-12,5880.5683,5912.2227,5848.5044,5856.3008,2475955614.0,15646340860.69,-32.1778,-0.5465,2484732.66,5.2,4.95,5.32,5.31,5888.4786
399986,中证银行指数,2024-04-15,5859.8409,5972.4261,5859.8409,5964.6571,3526309961.0,22011714231.8,108.3563,1.8503,2530706.46,5.31,5.04,5.22,5.22,5856.3008
399986,中证银行指数,2024-04-16,5954.56,6009.9855,5919.4972,5966.4945,3711143869.0,23224232770.09,1.8374,0.0308,2531486.07,5.33,5.04,5.19,5.22,5964.6571
399986,中证银行指数,2024-04-17,5956.7231,6082.1404,5917.4546,6072.6212,4020129386.0,26288534291.88,106.1267,1.7787,2608138.57,5.41,5.13,5.1,5.11,5966.4945
399986,中证银行指数,2024-04-18,6063.6033,6222.8059,6061.9155,6139.5645,4716639275.0,31773848509.38,66.9433,1.1024,2636890.14,5.47,5.19,5.05,5.05,6072.6212
399986,中证银行指数,2024-04-19,6113.2083,6167.7334,6107.4797,6124.0161,2858274282.0,18797686251.13,-15.5484,-0.2532,2630212.23,5.46,5.17,5.05,5.07,6139.5645
399986,中证银行指数,2024-04-22,6146.5012,6200.5334,6049.4416,6078.6463,3260101955.0,21674752604.56,-45.3698,-0.7409,2610726.32,5.41,5.14,5.1,5.1,6124.0161
399986,中证银行指数,2024-04-23,6082.5517,6146.0995,6053.0401,6074.6089,2879584006.0,18830970238.33,-4.0374,-0.0664,2608992.29,5.41,5.13,5.1,5.11,6078.6463
399986,中证银行指数,2024-04-24,6076.501,6087.2158,6034.1155,6056.2479,2332242563.0,15087340566.94,-18.361,-0.3023,2601106.38,5.39,5.12,5.12,5.12,6074.6089
399986,中证银行指数,2024-04-25,6053.4206,6145.8154,6046.62,6144.1149,2570431911.0,18567490286.87,87.867,1.4508,2638844.51,5.45,5.19,5.06,5.05,6056.2479
399986,中证银行指数,2024-04-26,6112.5038,6139.2236,6030.3727,6053.1518,4989711575.0,33517745719.23,-90.9631,-1.4805,2599776.64,5.36,5.11,5.14,5.13,6144.1149
399986,中证银行指数,2024-04-29,6041.8074,6147.7642,6012.9438,6115.513,4463243683.0,30702200638.11,62.3612,1.0302,2626560.26,5.38,5.17,5.12,5.07,6053.1518
399986,中证银行指数,2024-04-30,6105.5327,6184.9692,6104.4976,6144.0605,3407921773.0,23353081896.62,28.5475,0.4668,2638821.13,5.41,5.19,5.1,5.05,6115.513
399986,中证银行指数,2024-05-06,6203.3961,6215.2904,6133.5177,6143.6774,4117434680.0,27653449989.35,-0.3831,-0.0062,2638656.59,5.38,5.26,5.13,5.05,6144.0605
399986,中证银行指数,2024-05-07,6144.7258,6146.8012,6088.7303,6141.108,3150751504.0,19771218745.96,-2.5694,-0.0418,2637553.07,5.39,5.26,5.12,5.05,6143.6774
399986,中证银行指数,2024-05-08,6133.4418,6182.1866,6132.7196,6145.7944,2713807490.0,17529772157.49,4.6864,0.0763,2639565.85,5.41,5.26,5.1,5.05,6141.108
399986,中证银行指数,2024-05-09,6143.7275,6183.3764,6140.0337,6158.5208,2624221883.0,17135815615.28,12.7264,0.2071,2645031.72,5.4,5.27,5.11,5.04,6145.7944
399986,中证银行指数,2024-05-10,6161.5848,6244.8555,6161.5848,6230.04,3030906148.0,22005097327.71,71.5192,1.1613,2675748.62,5.44,5.34,5.07,4.98,6158.5208
399986,中证银行指数,2024-05-13,6218.5432,6283.1738,6190.301,6271.4783,2986297924.0,20564645323.78,41.4383,0.6651,2693545.98,5.46,5.37,5.05,4.95,6230.04
399986,中证银行指数,2024-05-14,6273.3993,6292.2073,6218.8289,6232.1996,2590876182.0,17723747988.39,-39.2787,-0.6263,2676676.13,5.42,5.34,5.09,4.98,6271.4783
399986,中证银行指数,2024-05-15,6230.484,6255.0842,6192.4542,6227.8158,2040699758.0,14783383656.99,-4.3838,-0.0703,2674793.33,5.42,5.33,5.09,4.98,6232.1996
399986,中证银行指数,2024-05-16,6233.7685,6356.1671,6222.4025,6337.9467,3756022574.0,28176667339.8,110.1309,1.7684,2722093.62,5.49,5.43,5.03,4.9,6227.8158
399986,中证银行指数,2024-05-17,6343.3563,6411.6114,6313.9972,6411.6114,3548363327.0,25055102677.27,73.6647,1.1623,2753731.94,5.54,5.49,4.98,4.84,6337.9467
399986,中证银行指数,2024-05-20,6411.2407,6467.2557,6356.126,6381.5141,3709705125.0,25841080880.62,-30.0973,-0.4694,2740805.41,5.52,5.46,4.99,4.86,6411.6114
399986,中证银行指数,2024-05-21,6374.2125,6449.477,6358.9144,6429.7981,2966443175.0,19855150289.68,48.284,0.7566,2761543.0,5.57,5.51,4.96,4.83,6381.5141
399986,中证银行指数,2024-05-22,6429.2429,6500.5966,6414.2061,6458.0689,3404701015.0,23289509044.48,28.2708,0.4397,2773685.04,5.59,5.53,4.94,4.8,6429.7981
399986,中证银行指数,2024-05-23,6446.4835,6465.1234,6399.6885,6418.7749,2931008415.0,20667992022.92,-39.294,-0.6084,2756808.63,5.56,5.5,4.96,4.83,6458.0689
399986,中证银行指数,2024-05-24,6407.0024,6456.5623,6359.5084,6364.3919,2722634016.0,19670335949.63,-54.383,-0.8472,2733451.58,5.52,5.45,5.0,4.88,6418.7749
399986,中证银行指数,2024-05-27,6374.78,6451.2948,6374.78,6443.9224,2858890254.0,19908629701.77,79.5305,1.2496,2767609.26,5.58,5.52,4.94,4.82,6364.3919
399986,中证银行指数,2024-05-28,6446.949,6480.7031,6402.3754,6420.1061,2424411326.0,16528318347.57,-23.8163,-0.3696,2757380.36,5.57,5.5,4.95,4.83,6443.9224
399986,中证银行指数,2024-05-29,6410.2484,6443.9817,6347.3968,6365.6809,2833298888.0,18783674837.95,-54.4252,-0.8477,2734002.49,5.53,5.45,4.99,4.87,6420.1061
399986,中证银行指数,2024-05-30,6353.5881,6404.7711,6292.4851,6315.4292,2706783348.0,18447438893.58,-50.2517,-0.7894,2712419.83,5.49,5.4,5.03,4.91,6365.6809
399986,中证银行指数,2024-05-31,6328.3541,6358.5457,6315.2295,6327.7143,2305186222.0,15877325793.73,12.2851,0.1945,2717696.17,5.49,5.42,4.98,4.81,6315.4292
399986,中证银行指数,2024-06-03,6317.3632,6323.0939,6230.3455,6265.3732,3651723352.0,24397142864.97,-62.3411,-0.9852,2690921.22,5.46,5.36,5.0,4.86,6327.7143
399986,中证银行指数,2024-06-04,6263.3567,6306.3046,6250.2034,6291.0081,2439805570.0,16791293300.61,25.6349,0.4092,2701931.2,5.48,5.38,4.99,4.84,6265.3732
399986,中证银行指数,2024-06-05,6299.596,6303.8684,6218.546,6228.1987,2472068967.0,17256349107.86,-62.8094,-0.9984,2674955.13,5.46,5.33,5.01,4.89,6291.0081
399986,中证银行指数,2024-06-06,6227.6895,6253.9453,6200.4594,6216.4297,2721484275.0,17895453681.66,-11.769,-0.189,2669900.45,5.45,5.32,5.02,4.9,6228.1987
399986,中证银行指数,2024-06-07,6213.3774,6253.2153,6202.8101,6250.7965,2967630273.0,19293090037.65,34.3668,0.5528,2684660.66,5.45,5.35,5.01,4.87,6216.4297
399986,中证银行指数,2024-06-11,6240.5574,6258.4123,6131.878,6138.0826,3307410540.0,21228618293.59,-112.7139,-1.8032,2636251.09,5.35,5.25,5.11,4.96,6250.7965
399986,中证银行指数,2024-06-12,6135.983,6135.983,6055.6076,6111.7808,2998940631.0,18947515471.5,-26.3018,-0.4285,2624954.68,5.32,5.23,5.14,4.98,6138.0826
399986,中证银行指数,2024-06-13,6119.0594,6127.1488,6056.4444,6067.709,2629783844.0,17085249138.44,-44.0718,-0.7211,2606026.24,5.32,5.19,5.14,5.02,6111.7808
399986,中证银行指数,2024-06-14,6028.412,6110.5909,6012.9907,6084.1528,4133723928.0,27875830138.52,16.4438,0.271,2613088.71,5.34,5.21,5.12,5.01,6067.709
399986,中证银行指数,2024-06-17,6065.3154,6084.6103,6014.5943,6033.0407,2956454541.0,18307102462.18,-51.1121,-0.8401,2478568.87,5.29,5.16,5.17,5.07,6084.1528
399986,中证银行指数,2024-06-18,6034.4607,6074.0872,5992.8073,6052.9461,2257092870.0,14065897594.21,19.9054,0.3299,2486746.64,5.31,5.18,5.15,5.05,6033.0407
399986,中证银行指数,2024-06-19,6053.5895,6143.7138,6051.5061,6120.7723,2421900666.0,16033795051.47,67.8262,1.1205,2514611.86,5.36,5.24,5.1,5.0,6052.9461
399986,中证银行指数,2024-06-20,6120.368,6133.8041,6073.6614,6090.1012,2130849802.0,13267212654.42,-30.6711,-0.5011,2502011.15,5.35,5.21,5.11,5.02,6120.7723
399986,中证银行指数,2024-06-21,6079.2555,6096.7836,6043.3363,6073.4714,2426620915.0,15313646208.83,-16.6298,-0.2731,2495179.09,5.33,5.19,5.13,5.04,6090.1012
399986,中证银行指数,2024-06-24,6072.839,6111.7922,6022.1788,6086.4584,2802237687.0,17819779520.21,12.987,0.2138,2500514.58,5.36,5.21,5.1,5.03,6073.4714
399986,中证银行指数,2024-06-25,6087.3887,6136.4624,6085.9016,6113.1718,2672373028.0,17322965613.09,26.7134,0.4389,2511489.32,5.38,5.23,5.08,5.0,6086.4584
399986,中证银行指数,2024-06-26,6097.9734,6133.4079,6089.9583,6116.0097,2349834070.0,14722835422.42,2.8379,0.0464,2512655.23,5.4,5.23,5.06,5.0,6113.1718
399986,中证银行指数,2024-06-27,6101.4537,6192.1275,6082.8481,6166.9166,3086180308.0,19769711824.17,50.9069,0.8324,2533569.41,5.45,5.27,5.01,4.96,6116.0097
399986,中证银行指数,2024-06-28,6163.6606,6227.0518,6141.1921,6196.6501,2862186561.0,18358163263.09,29.7335,0.4821,2545784.9,5.48,5.3,5.78,4.93,6166.9166
399986,中证银行指数,2024-07-01,6194.1117,6288.9702,6193.2863,6272.7896,2762859620.0,18335702948.89,76.1395,1.2287,2577065.49,5.55,5.37,5.7,4.87,6196.6501
399986,中证银行指数,2024-07-02,6266.9965,6383.4237,6265.4132,6373.7581,3349785691.0,22330217696.22,100.9685,1.6096,2618546.62,5.66,5.45,5.6,4.8,6272.7896
399986,中证银行指数,2024-07-03,6371.9113,6390.968,6284.9786,6314.404,2707543604.0,17772016748.87,-59.3541,-0.9312,2594162.01,5.6,5.4,5.65,4.84,6373.7581
399986,中证银行指数,2024-07-04,6315.24,6367.6155,6314.9366,6327.1978,2522218503.0,17030676617.2,12.7938,0.2026,2599418.13,5.63,5.41,5.62,4.83,6314.404
399986,中证银行指数,2024-07-05,6329.4487,6340.5281,6160.3532,6191.0031,3322653278.0,23270890193.16,-136.1947,-2.1525,2543464.95,5.51,5.3,5.75,4.94,6327.1978
399986,中证银行指数,2024-07-08,6185.955,6256.5573,6179.6776,6222.5054,2690495936.0,17920849918.73,31.5023,0.5088,2556407.1,5.55,5.32,5.7,4.91,6191.0031
399986,中证银行指数,2024-07-09,6189.4162,6262.9581,6153.8902,6255.6519,2766394675.0,18555214635.1,33.1465,0.5327,2570024.77,5.59,5.35,5.66,4.89,6222.5054
399986,中证银行指数,2024-07-10,6213.977,6266.4287,6212.2691,6236.2009,2424266881.0,16793325207.96,-19.451,-0.3109,2562033.67,5.59,5.33,5.66,4.9,6255.6519
399986,中证银行指数,2024-07-11,6197.2945,6199.8153,6106.302,6135.1449,2849814643.0,18709504113.88,-101.056,-1.6205,2520516.59,5.5,5.25,5.75,4.98,6236.2009
399986,中证银行指数,2024-07-12,6122.6301,6252.8214,6121.5928,6248.1937,3097008063.0,21459904615.4,113.0488,1.8426,2566960.68,5.61,5.34,5.64,4.89,6135.1449
399986,中证银行指数,2024-07-15,6246.1967,6316.1927,6235.9898,6303.735,2792608043.0,18167352299.05,55.5413,0.8889,2589778.86,5.69,5.39,5.56,4.85,6248.1937
399986,中证银行指数,2024-07-16,6283.7806,6317.5084,6223.6809,6261.7639,2970600364.0,18707263678.4,-41.9711,-0.6658,2572535.78,5.63,5.36,5.63,4.88,6303.735
399986,中证银行指数,2024-07-17,6246.6143,6308.1326,6233.2839,6291.4703,2680106594.0,18460491980.37,29.7064,0.4744,2584740.11,5.62,5.38,5.63,4.86,6261.7639
399986,中证银行指数,2024-07-18,6282.4836,6289.5278,6224.1449,6276.2942,2482939663.0,16882321566.76,-15.1761,-0.2412,2578505.27,5.61,5.37,5.64,4.87,6291.4703
399986,中证银行指数,2024-07-19,6266.6421,6282.4612,6191.2307,6265.6549,3023027976.0,20399748429.44,-10.6393,-0.1695,2574134.33,5.61,5.36,5.65,4.88,6276.2942
399986,中证银行指数,2024-07-22,6252.0072,6252.4291,6134.9945,6169.6107,2920827453.0,19617940150.09,-96.0442,-1.5329,2534676.26,5.53,5.28,5.73,4.95,6265.6549
399986,中证银行指数,2024-07-23,6165.43,6288.309,6164.905,6225.6479,3477050978.0,21975564193.91,56.0372,0.9083,2557698.13,5.61,5.32,5.64,4.91,6169.6107
399986,中证银行指数,2024-07-24,6214.8163,6262.1932,6190.2145,6217.4321,2923954017.0,18005773101.22,-8.2158,-0.132,2554322.82,5.62,5.32,5.63,4.92,6225.6479
399986,中证银行指数,2024-07-25,6220.2316,6224.572,6093.7783,6162.8434,3402197329.0,21189640936.02,-54.5887,-0.878,2531896.02,5.58,5.27,5.68,4.96,6217.4321
399986,中证银行指数,2024-07-26,6157.7064,6167.2075,6023.8922,6070.8906,3147849088.0,19689055442.44,-91.9528,-1.4921,2494118.83,5.48,5.19,5.78,5.04,6162.8434
399986,中证银行指数,2024-07-29,6071.1786,6163.1385,6039.8594,6154.3759,2678281215.0,16500994380.38,83.4853,1.3752,2528417.3,5.56,5.26,5.69,4.97,6070.8906
399986,中证银行指数,2024-07-30,6150.301,6176.9559,6091.4314,6129.8008,2226428566.0,14014018628.53,-24.5751,-0.3993,2518321.05,5.55,5.24,5.7,4.99,6154.3759
399986,中证银行指数,2024-07-31,6135.1557,6149.8316,6097.8858,6112.7676,3364978829.0,20439979611.38,-17.0332,-0.2779,2511323.24,5.49,5.23,5.29,5.44,6129.8008
399986,中证银行指数,2024-08-01,6105.119,6181.4732,6046.4159,6124.8095,2935720780.0,18062174800.78,12.0419,0.197,2516270.46,5.51,5.24,5.26,5.43,6112.7676
399986,中证银行指数,2024-08-02,6101.2041,6135.8416,6082.137,6099.3495,2219994450.0,13682805436.02,-25.46,-0.4157,2505810.69,5.5,5.22,5.27,5.45,6124.8095
399986,中证银行指数,2024-08-05,6093.9782,6121.004,6043.2921,6049.2923,2845351089.0,17925426943.32,-50.0572,-0.8207,2485245.55,5.47,5.17,5.31,5.5,6099.3495
399986,中证银行指数,2024-08-06,6070.434,6089.9956,5956.409,5985.6291,2664245485.0,16760532763.28,-63.6632,-1.0524,2459090.62,5.4,5.12,5.37,5.56,6049.2923
399986,中证银行指数,2024-08-07,5984.7533,6039.5366,5982.6536,5995.6459,2098025917.0,13100985605.24,10.0168,0.1673,2463205.86,5.41,5.13,5.36,5.55,5985.6291
399986,中证银行指数,2024-08-08,5998.9574,6018.0801,5970.3558,6008.7336,1736407645.0,10862187646.16,13.0877,0.2183,2468582.7,5.42,5.14,5.35,5.54,5995.6459
399986,中证银行指数,2024-08-09,6012.9576,6074.1375,5992.809,6036.0968,1805153577.0,11685626840.8,27.3632,0.4554,2479824.42,5.46,5.16,5.32,5.51,6008.7336
399986,中证银行指数,2024-08-12,6031.1335,6045.821,6008.5795,6026.4346,1776971872.0,10788253148.94,-9.6622,-0.1601,2475854.85,5.47,5.15,5.3,5.52,6036.0968
399986,中证银行指数,2024-08-13,6026.9087,6077.5967,6020.4869,6052.4774,2113353103.0,12824773312.28,26.0428,0.4321,2486554.07,5.5,5.18,5.28,5.5,6026.4346
399986,中证银行指数,2024-08-14,6050.5338,6088.4589,6039.209,6048.9778,1681502594.0,10315170803.63,-3.4996,-0.0578,2485116.35,5.5,5.17,5.27,5.5,6052.4774
399986,中证银行指数,2024-08-15,6048.2777,6137.2449,6035.9037,6128.166,2359572746.0,15517920197.84,79.1882,1.3091,2517649.4,5.56,5.24,5.22,5.43,6048.9778
399986,中证银行指数,2024-08-16,6133.2336,6204.5779,6127.3114,6200.6518,2673991290.0,17291948993.64,72.4858,1.1828,2547428.92,5.63,5.3,5.15,5.36,6128.166
399986,中证银行指数,2024-08-19,6207.5692,6324.0382,6191.0507,6319.4751,3516197616.0,22104942164.92,118.8233,1.9163,2596245.42,5.75,5.41,5.05,5.26,6200.6518
399986,中证银行指数,2024-08-20,6324.5092,6349.7573,6291.5066,6338.2187,3201381291.0,21187853731.1,18.7436,0.2966,2603945.87,5.78,5.42,5.01,5.25,6319.4751
399986,中证银行指数,2024-08-21,6315.1354,6326.4166,6232.8995,6292.0195,2671968732.0,17628959390.89,-46.1992,-0.7289,2584965.77,5.74,5.38,5.05,5.29,6338.2187
399986,中证银行指数,2024-08-22,6291.0708,6370.7332,6290.4968,6345.6965,2887285806.0,19173075622.62,53.677,0.8531,2607018.01,5.81,5.43,4.99,5.24,6292.0195
399986,中证银行指数,2024-08-23,6351.0446,6388.669,6295.4443,6380.1001,2493798490.0,17361055507.29,34.4036,0.5422,2621152.1,5.83,5.46,4.97,5.21,6345.6965
399986,中证银行指数,2024-08-26,6375.5661,6395.3768,6323.6826,6387.3027,2222691350.0,14908642097.74,7.2026,0.1129,2624111.19,5.83,5.46,4.97,5.21,6380.1001
399986,中证银行指数,2024-08-27,6385.2414,6436.5991,6361.3877,6404.8589,2570947312.0,16838951926.83,17.5562,0.2749,2631323.83,5.88,5.48,4.94,5.19,6387.3027
399986,中证银行指数,2024-08-28,6407.6597,6422.6441,6326.7862,6355.5106,2535806184.0,16822744011.95,-49.3483,-0.7705,2611049.97,5.83,5.44,4.98,5.23,6404.8589
399986,中证银行指数,2024-08-29,6346.1762,6351.4064,6141.6293,6147.9851,4160578095.0,26138502086.74,-207.5255,-3.2653,2525791.74,5.61,5.26,5.17,5.41,6355.5106
399986,中证银行指数,2024-08-30,6131.5924,6174.8464,6007.2208,6007.2208,5695248052.0,36367814267.02,-140.7643,-2.2896,2467961.2,5.45,5.14,5.32,5.54,6147.9851
399986,中证银行指数,2024-09-02,5989.851,6079.553,5967.754,6029.6199,4440512596.0,26515427483.2,22.3991,0.3729,2477163.48,5.5,5.16,5.27,5.52,6007.2208
399986,中证银行指数,2024-09-03,6030.0096,6036.4453,5883.6268,5923.1465,4138627490.0,24354711309.1,-106.4734,-1.7658,2433420.77,5.37,5.07,5.41,5.62,6029.6199
399986,中证银行指数,2024-09-04,5904.2575,5960.9065,5879.6356,5902.2855,2787108316.0,16813840852.49,-20.861,-0.3522,2424850.36,5.35,5.05,5.42,5.64,5923.1465
399986,中证银行指数,2024-09-05,5905.8253,5920.5291,5843.2302,5892.6492,2536448713.0,16239045636.16,-9.6363,-0.1633,2420891.46,5.33,5.04,5.45,5.65,5902.2855
399986,中证银行指数,2024-09-06,5896.833,5980.2196,5896.833,5904.3164,2317180248.0,14517647500.7,11.6672,0.198,2425684.74,5.34,5.05,5.43,5.64,5892.6492
399986,中证银行指数,2024-09-09,5890.7277,5893.5657,5793.2548,5799.6308,2954775126.0,19107961272.19,-104.6856,-1.773,2382676.51,5.28,4.96,5.5,5.74,5904.3164
399986,中证银行指数,2024-09-10,5803.5159,5852.9967,5776.1769,5842.6155,2734138916.0,16484467527.18,42.9847,0.7412,2400336.0,5.34,5.0,5.44,5.7,5799.6308
399986,中证银行指数,2024-09-11,5830.5303,5830.5303,5687.8023,5707.0174,3057404039.0,18143079506.97,-135.5981,-2.3208,2344627.91,5.2,4.89,5.58,5.83,5842.6155
399986,中证银行指数,2024-09-12,5697.514,5767.603,5663.0492,5747.8415,2505667146.0,14626663962.44,40.8241,0.7153,2361399.77,5.23,4.92,5.55,5.79,5707.0174
399986,中证银行指数,2024-09-13,5754.1352,5802.4989,5728.9512,5730.8494,2204684490.0,13191416877.03,-16.9921,-0.2956,2354418.88,5.21,4.91,5.57,5.81,5747.8415
399986,中证银行指数,2024-09-18,5739.4554,5791.2298,5723.2433,5789.2495,1983177111.0,11764856375.44,58.4001,1.019,2378411.53,5.28,4.96,5.5,5.75,5730.8494
399986,中证银行指数,2024-09-19,5800.9884,5808.9662,5729.0781,5789.0326,2409633208.0,14535823983.4,-0.2169,-0.0037,2378322.43,5.27,4.96,5.5,5.75,5789.2495
399986,中证银行指数,2024-09-20,5788.0812,5847.3939,5785.4819,5832.2386,2627562803.0,16242894682.64,43.206,0.7463,2396072.84,5.31,4.99,5.47,5.71,5789.0326
399986,中证银行指数,2024-09-23,5826.5495,5938.0757,5812.4494,5924.3567,2362350949.0,14747946012.69,92.1181,1.5795,2433917.96,5.39,5.07,5.39,5.62,5832.2386
399986,中证银行指数,2024-09-24,5961.0919,6177.19,5948.907,6177.19,4769924887.0,32165087658.43,252.8333,4.2677,2537790.06,5.62,5.29,5.16,5.39,5924.3567
399986,中证银行指数,2024-09-25,6261.538,6378.8883,6224.8913,6298.1024,5834627536.0,39322208650.15,120.9124,1.9574,2587464.79,5.7,5.39,5.09,5.28,6177.19
399986,中证银行指数,2024-09-26,6293.7846,6524.9157,6272.704,6524.9157,5888883620.0,40495944640.45,226.8133,3.6013,2680647.06,5.86,5.59,4.95,5.1,6298.1024
399986,中证银行指数,2024-09-27,6613.2839,6672.9618,6376.3371,6464.7279,5575819669.0,36534647784.76,-60.1878,-0.9224,2655919.95,5.76,5.53,5.04,5.15,6524.9157
399986,中证银行指数,2024-09-30,6545.7959,6837.5318,6468.9986,6764.9737,12509215653.0,85139242903.56,300.2458,4.6444,2779270.7,5.98,5.79,4.88,4.96,6464.7279
399986,中证银行指数,2024-10-08,7314.1724,7337.7081,6787.171,6957.1594,13726860212.0,98766445785.13,192.1857,2.8409,2858226.8,6.07,5.96,4.81,4.82,6764.9737
399986,中证银行指数,2024-10-09,6874.5193,6874.5193,6531.6662,6531.6662,9156413288.0,62951451046.58,-425.4932,-6.1159,2683420.41,5.79,5.59,5.04,5.14,6957.1594
399986,中证银行指数,2024-10-10,6585.9325,6917.3871,6585.9325,6790.7988,8358524325.0,57494300525.95,259.1326,3.9673,2789880.46,6.01,5.81,4.86,4.94,6531.6662
399986,中证银行指数,2024-10-11,6783.5008,6893.9677,6662.7269,6717.9716,5221236738.0,35851889406.6,-72.8272,-1.0724,2759960.68,5.98,5.75,4.88,5.0,6790.7988
399986,中证银行指数,2024-10-14,6814.9332,7002.7934,6814.9332,6939.604,7485108807.0,54455558476.35,221.6324,3.2991,2851014.48,6.17,5.94,4.73,4.84,6717.9716
399986,中证银行指数,2024-10-15,6913.9155,7005.9332,6794.3432,6794.3432,5294882778.0,37323886778.83,-145.2608,-2.0932,2791336.61,6.03,5.82,4.84,4.94,6939.604
399986,中证银行指数,2024-10-16,6753.8557,6988.6036,6752.9477,6963.8507,5274053109.0,38706562350.65,169.5075,2.4948,2860975.82,6.16,5.96,4.74,4.82,6794.3432
399986,中证银行指数,2024-10-17,6958.9111,7026.0591,6860.2199,6860.2199,4057216588.0,29935096188.45,-103.6308,-1.4881,2818400.92,6.08,5.87,4.8,4.89,6963.8507
399986,中证银行指数,2024-10-18,6866.9099,6954.9239,6747.8581,6891.5565,5474118136.0,37979713934.53,31.3366,0.4568,2831275.02,6.1,5.9,4.78,4.87,6860.2199
399986,中证银行指数,2024-10-21,6881.9181,6881.9181,6749.9701,6805.0617,4891117569.0,34020291044.31,-86.4948,-1.2551,2795740.12,6.0,5.82,4.87,4.93,6891.5565
399986,中证银行指数,2024-10-22,6796.9043,6862.3128,6769.348,6804.6074,3458978080.0,23952910361.68,-0.4543,-0.0067,2795553.48,6.0,5.82,4.87,4.93,6805.0617
399986,中证银行指数,2024-10-23,6803.2683,6846.6887,6791.8301,6829.1089,3163202951.0,22086003349.83,24.5015,0.3601,2805619.53,6.01,5.85,4.85,4.91,6804.6074
399986,中证银行指数,2024-10-24,6813.0684,6862.586,6794.2842,6813.7315,2540340260.0,17094028717.41,-15.3774,-0.2252,2799301.98,6.01,5.83,4.86,4.93,6829.1089
399986,中证银行指数,2024-10-25,6811.9386,6820.7795,6749.9847,6772.4329,2970916032.0,19582967194.25,-41.2986,-0.6061,2782335.15,5.97,5.8,4.89,4.96,6813.7315
399986,中证银行指数,2024-10-28,6758.0821,6758.0821,6675.911,6716.5167,3452477777.0,22610354743.79,-55.9162,-0.8256,2759362.98,5.91,5.75,4.94,5.0,6772.4329
399986,中证银行指数,2024-10-29,6719.784,6799.7556,6699.0823,6718.5964,3551350628.0,22690162846.74,2.0797,0.031,2760217.39,5.92,5.75,4.93,5.0,6716.5167
399986,中证银行指数,2024-10-30,6708.8901,6753.389,6610.1006,6637.8001,3355381111.0,22774538744.57,-80.7963,-1.2026,2727023.62,5.84,5.68,5.0,5.06,6718.5964
399986,中证银行指数,2024-10-31,6634.8642,6672.1466,6547.5483,6596.3727,3794969621.0,25845318261.58,-41.4274,-0.6241,2710003.91,5.83,5.65,5.06,5.18,6637.8001
399986,中证银行指数,2024-11-01,6594.1729,6713.5603,6590.3101,6663.106,4161013556.0,27543137862.67,66.7333,1.0117,2737420.12,5.9,5.7,5.01,5.12,6596.3727
399986,中证银行指数,2024-11-04,6671.5005,6717.1562,6578.8492,6717.1562,3273209329.0,22429480177.47,54.0502,0.8112,2759625.72,5.92,5.75,4.98,5.08,6663.106
399986,中证银行指数,2024-11-05,6691.8339,6767.9784,6676.8792,6767.9784,3895915271.0,25441154032.79,50.8222,0.7566,2780505.12,5.96,5.79,4.95,5.04,6717.1562
399986,中证银行指数,2024-11-06,6753.4397,6763.6012,6677.3352,6707.0734,3524624248.0,24119628411.03,-60.905,-0.8999,2755483.37,5.91,5.74,5.0,5.09,6767.9784
399986,中证银行指数,2024-11-07,6693.0305,6846.4164,6690.0688,6846.2657,4624221021.0,30165481783.36,139.1923,2.0753,2812668.09,6.0,5.86,4.92,4.99,6707.0734
399986,中证银行指数,2024-11-08,6858.7266,6884.3251,6736.9504,6751.5069,4497487853.0,29413997212.44,-94.7588,-1.3841,2773738.09,5.93,5.78,4.98,5.06,6846.2657
399986,中证银行指数,2024-11-11,6702.3125,6712.6506,6624.8719,6656.6319,4250564649.0,27800586333.83,-94.875,-1.4052,2734760.36,5.85,5.7,5.05,5.13,6751.5069
399986,中证银行指数,2024-11-12,6646.8021,6726.9943,6582.4065,6591.3791,3917411801.0,26957898999.41,-65.2528,-0.9803,2707952.39,5.8,5.64,5.09,5.18,6656.6319
399986,中证银行指数,2024-11-13,6579.5257,6651.1724,6571.0672,6628.0077,3403110226.0,22127863008.96,36.6286,0.5557,2723000.62,5.83,5.67,5.06,5.15,6591.3791
399986,中证银行指数,2024-11-14,6612.4449,6703.9758,6593.3846,6642.3656,3870376301.0,25807813773.64,14.3579,0.2166,2728899.28,5.85,5.69,5.05,5.14,6628.0077
399986,中证银行指数,2024-11-15,6634.4881,6701.0824,6595.4634,6618.9709,4195002365.0,27145645864.86,-23.3947,-0.3522,2719287.98,5.84,5.67,5.05,5.16,6642.3656
399986,中证银行指数,2024-11-18,6671.9824,6869.2914,6671.9824,6752.122,9007745984.0,54460973188.81,133.1511,2.0117,2773990.79,5.97,5.78,4.95,5.06,6618.9709
399986,中证银行指数,2024-11-19,6750.0549,6835.3287,6662.8347,6733.7585,6639203850.0,37707451770.25,-18.3635,-0.272,2767430.48,5.94,5.76,4.97,5.07,6752.122
399986,中证银行指数,2024-11-20,6720.9379,6753.5842,6686.8703,6700.7996,4096557856.0,23789934018.45,-32.9589,-0.4895,2753885.07,5.92,5.74,4.98,5.09,6733.7585
399986,中证银行指数,2024-11-21,6693.6453,6714.044,6663.9943,6692.6386,2843641491.0,16947366421.68,-8.161,-0.1218,2750531.08,5.92,5.73,4.99,5.1,6700.7996
399986,中证银行指数,2024-11-22,6691.9048,6711.8305,6544.1236,6544.1236,3844645403.0,24594298061.2,-148.515,-2.2191,2689494.58,5.81,5.6,5.08,5.22,6692.6386
399986,中证银行指数,2024-11-25,6567.2683,6604.8846,6543.6088,6554.9778,3415998287.0,22112747298.16,10.8542,0.1659,2693955.44,5.82,5.61,5.07,5.21,6544.1236
399986,中证银行指数,2024-11-26,6542.4871,6628.5293,6518.7089,6617.2285,3423580345.0,21856258118.9,62.2507,0.9497,2719539.13,5.89,5.66,5.01,5.16,6554.9778
399986,中证银行指数,2024-11-27,6606.9031,6689.3551,6570.4913,6686.2726,3573813233.0,22870556750.77,69.0441,1.0434,2747914.79,5.94,5.72,4.96,5.1,6617.2285
399986,中证银行指数,2024-11-28,6676.6001,6708.0214,6638.6281,6668.2824,2896137109.0,18872466465.4,-17.9902,-0.2691,2740521.18,5.94,5.71,4.97,5.12,6686.2726
399986,中证银行指数,2024-11-29,6681.9834,6752.377,6660.8152,6668.6425,3748717884.0,24770423327.21,0.3601,0.0054,2740669.21,5.92,5.71,5.16,5.46,6668.2824
399986,中证银行指数,2024-12-02,6669.4151,6672.5264,6615.0554,6644.2099,3947009848.0,25953731756.86,-24.4326,-0.3664,2730627.93,5.91,5.69,5.17,5.48,6668.6425
399986,中证银行指数,2024-12-03,6643.9609,6750.5308,6629.108,6749.129,4104172732.0,27411566439.7,104.9191,1.5791,2773747.4,6.0,5.78,5.09,5.39,6644.2099
399986,中证银行指数,2024-12-04,6738.4166,6783.338,6684.6252,6757.8274,3629345445.0,24761640774.59,8.6984,0.1289,2777322.26,6.03,5.78,5.07,5.39,6749.129
399986,中证银行指数,2024-12-05,6738.504,6789.8923,6733.3599,6744.7958,2736357739.0,18702061735.46,-13.0316,-0.1928,2771966.56,6.02,5.77,5.07,5.4,6757.8274
399986,中证银行指数,2024-12-06,6749.496,6861.0256,6749.496,6823.9828,4129633903.0,27864515037.87,79.187,1.174,2804510.74,6.08,5.84,5.03,5.33,6744.7958
399986,中证银行指数,2024-12-09,6814.9109,6879.1434,6783.7452,6845.2247,3597724746.0,23049955604.48,21.2419,0.3113,2813240.69,6.1,5.86,5.0,5.32,6823.9828
399986,中证银行指数,2024-12-10,6944.1078,6992.2635,6876.1109,6922.3061,4985739501.0,34778370107.19,77.0814,1.1261,2844919.49,6.17,5.93,4.95,5.26,6845.2247
399986,中证银行指数,2024-12-11,6911.5871,6946.1311,6838.7682,6838.7682,4043855299.0,26745697690.62,-83.5379,-1.2068,2810587.22,6.08,5.85,5.03,5.32,6922.3061
399986,中证银行指数,2024-12-12,6841.1223,6934.958,6834.0311,6926.3022,4107253186.0,27381682995.46,87.534,1.28,2846561.8,6.16,5.93,4.96,5.26,6838.7682
399986,中证银行指数,2024-12-13,6899.0408,6901.4754,6786.3475,6787.0988,5280422912.0,36282085547.53,-139.2034,-2.0098,2789352.19,6.07,5.81,5.03,5.36,6926.3022
399986,中证银行指数,2024-12-16,6786.3421,6894.9557,6786.3421,6853.1958,4296657002.0,29321957776.59,66.097,0.9739,2847466.05,6.16,5.86,4.95,5.32,6787.0988
399986,中证银行指数,2024-12-17,6845.3284,6897.4977,6826.9008,6837.6797,3613964518.0,24069981723.15,-15.5161,-0.2264,2841019.18,6.14,5.85,4.96,5.33,6853.1958
399986,中证银行指数,2024-12-18,6863.7353,6969.0353,6863.7353,6917.6001,3969749181.0,27931121867.47,79.9204,1.1688,2874225.71,6.2,5.92,4.92,5.27,6837.6797
399986,中证银行指数,2024-12-19,6894.4151,6937.0828,6840.0532,6852.9761,3556496458.0,23720312095.61,-64.624,-0.9342,2847374.78,6.13,5.86,4.98,5.32,6917.6001
399986,中证银行指数,2024-12-20,6855.0453,6902.181,6836.7987,6844.2834,3171756069.0,21618420138.77,-8.6927,-0.1268,2843763.0,6.13,5.85,4.97,5.33,6852.9761
399986,中证银行指数,2024-12-23,6851.7924,7010.0327,6851.7924,6959.0899,4805663138.0,34205497519.56,114.8065,1.6774,2891464.47,6.26,5.95,4.87,5.24,6844.2834
399986,中证银行指数,2024-12-24,6958.1732,7059.9279,6945.1727,7051.4065,3990748440.0,29397871971.78,92.3166,1.3266,2929821.54,6.34,6.03,4.81,5.17,6959.0899
399986,中证银行指数,2024-12-25,7057.357,7174.4066,7057.357,7128.7526,4567453033.0,32155562669.82,77.3461,1.0969,2961958.41,6.43,6.1,4.75,5.12,7051.4065
399986,中证银行指数,2024-12-26,7123.5215,7126.0852,7040.3306,7113.4131,3400524670.0,23745394797.55,-15.3395,-0.2152,2955584.92,6.41,6.08,4.76,5.13,7128.7526
399986,中证银行指数,2024-12-27,7102.9355,7130.3525,6981.476,7109.5932,4098929168.0,28718103889.1,-3.8199,-0.0537,2953997.78,6.4,6.08,4.76,5.13,7113.4131
399986,中证银行指数,2024-12-30,7094.4591,7213.6331,7094.4591,7198.2191,4329658996.0,31199301307.5,88.6259,1.2466,2990821.39,6.48,6.16,4.71,5.07,7109.5932
399986,中证银行指数,2024-12-31,7188.1852,7250.7271,7119.5623,7119.5623,4899634435.0,32912715124.6,-78.6568,-1.0927,2958139.88,6.42,6.09,4.83,5.15,7198.2191
399986,中证银行指数,2025-01-02,7130.4785,7171.3078,6936.0566,6963.9339,5295834233.0,35710145422.95,-155.6284,-2.1859,2893477.13,6.28,5.96,4.94,5.27,7119.5623
399986,中证银行指数,2025-01-03,6975.2506,7013.6092,6888.5002,6914.4725,4173990070.0,28713495076.38,-49.4614,-0.7103,2872926.21,6.23,5.91,4.98,5.31,6963.9339
399986,中证银行指数,2025-01-06,6931.6124,6974.1679,6799.5259,6970.0235,4068664117.0,28355156731.1,55.551,0.8034,2896007.33,6.28,5.96,4.94,5.26,6914.4725
399986,中证银行指数,2025-01-07,6943.2817,7012.1548,6909.6833,7003.9263,3191965586.0,22253791786.29,33.9028,0.4864,2910093.75,6.31,5.99,4.92,5.24,6970.0235
399986,中证银行指数,2025-01-08,6987.8312,7084.7651,6985.861,7050.4468,3877965265.0,28163963862.8,46.5205,0.6642,2929422.77,6.33,6.03,4.9,5.2,7003.9263
399986,中证银行指数,2025-01-09,7055.0326,7055.3047,6952.2437,6991.9933,2930096641.0,20835823864.21,-58.4535,-0.8291,2905135.67,6.27,5.98,4.95,5.25,7050.4468
399986,中证银行指数,2025-01-10,6994.1007,7017.5028,6888.3745,6945.0994,2988491921.0,20835374816.17,-46.8939,-0.6707,2885651.5,6.23,5.94,4.98,5.28,6991.9933
399986,中证银行指数,2025-01-13,6912.3779,6927.9787,6799.9325,6866.2401,3287381028.0,22514036479.68,-78.8593,-1.1355,2852885.88,6.15,5.87,5.04,5.34,6945.0994
399986,中证银行指数,2025-01-14,6872.3836,6978.7456,6853.0425,6959.4147,3416175892.0,24119381713.95,93.1746,1.357,2891599.44,6.22,5.95,4.99,5.27,6866.2401
399986,中证银行指数,2025-01-15,6959.9365,7103.325,6959.021,7015.9179,3290770280.0,24250815273.46,56.5032,0.8119,2915076.22,6.26,6.0,4.96,5.23,6959.4147
399986,中证银行指数,2025-01-16,7047.0688,7093.1428,6996.7382,7081.334,3164947764.0,22263661173.0,65.4161,0.9324,2942256.27,6.3,6.06,4.92,5.18,7015.9179
399986,中证银行指数,2025-01-17,7070.406,7102.1069,7007.3633,7035.6047,2733765295.0,19410048430.43,-45.7293,-0.6458,2923255.99,6.25,6.02,4.96,5.22,7081.334
399986,中证银行指数,2025-01-20,7058.7675,7079.0595,7004.4363,7006.5035,2840957768.0,20249595363.75,-29.1012,-0.4136,2911164.59,6.22,5.99,4.99,5.24,7035.6047
399986,中证银行指数,2025-01-21,7030.3013,7056.6041,6973.1764,7005.0605,2536870888.0,17617194804.92,-1.443,-0.0206,2910565.02,6.22,5.99,4.99,5.24,7006.5035
399986,中证银行指数,2025-01-22,6996.4904,6997.7215,6862.3187,6876.0138,3325904822.0,23535090377.04,-129.0467,-1.8422,2856946.81,6.11,5.88,5.08,5.34,7005.0605
399986,中证银行指数,2025-01-23,6908.8931,7061.2104,6908.8931,7035.8533,4833008888.0,32231915088.56,159.8395,2.3246,2923359.28,6.25,6.02,4.96,5.22,6876.0138
399986,中证银行指数,2025-01-24,7010.3076,7075.6264,6933.3274,7041.4485,3377795643.0,23696983200.97,5.5952,0.0795,2925684.02,6.25,6.02,4.96,5.21,7035.8533
399986,中证银行指数,2025-01-27,7062.8167,7168.5029,7062.8167,7140.7639,3644571583.0,25693797121.26,99.3154,1.4104,2966949.03,6.36,6.11,6.37,6.13,7041.4485
399986,中证银行指数,2025-02-05,7159.0917,7159.6812,7016.1775,7024.5835,3363597757.0,23405278818.64,-116.1804,-1.627,2918676.73,6.24,6.01,6.49,6.23,7140.7639
399986,中证银行指数,2025-02-06,7021.9498,7081.5841,6980.0175,7026.6414,2909022022.0,20871591989.48,2.0579,0.0293,2919531.77,6.24,6.01,6.5,6.23,7024.5835
399986,中证银行指数,2025-02-07,7018.6181,7029.1413,6977.5109,7004.7295,3675629597.0,25629564359.45,-21.9119,-0.3118,2910427.49,6.22,5.99,6.52,6.25,7026.6414
399986,中证银行指数,2025-02-10,6998.9322,7070.2843,6968.0482,7013.7132,2988880061.0,21905012199.85,8.9837,0.1283,2914160.18,6.22,6.0,6.52,6.24,7004.7295
399986,中证银行指数,2025-02-11,7022.4392,7082.7876,7022.4392,7078.62,3545784981.0,24272984928.43,64.9068,0.9254,2941128.58,6.3,6.05,6.43,6.18,7013.7132
399986,中证银行指数,2025-02-12,7079.8066,7139.8262,7034.3904,7134.785,2988068441.0,21931418116.97,56.165,0.7934,2967108.79,6.35,6.1,6.38,6.13,7078.62
399986,中证银行指数,2025-02-13,7125.1763,7169.6173,7114.1384,7139.6919,2981755185.0,21451426328.28,4.9069,0.0688,2969149.38,6.36,6.11,6.37,6.12,7134.785
399986,中证银行指数,2025-02-14,7141.8102,7173.5047,7104.7943,7169.925,2778496343.0,20504261647.08,30.2331,0.4235,2981722.29,6.39,6.13,6.34,6.1,7139.6919
399986,中证银行指数,2025-02-17,7169.5772,7172.5148,7099.1964,7149.4812,3279061494.0,24610233832.45,-20.4438,-0.2851,2973220.4,6.39,6.11,6.34,6.12,7169.925
399986,中证银行指数,2025-02-18,7133.6834,7267.4936,7133.6834,7226.1556,4539211271.0,31211296816.09,76.6744,1.0724,3005106.63,6.48,6.18,6.25,6.05,7149.4812
399986,中证银行指数,2025-02-19,7213.5685,7242.7275,7185.481,7193.3606,3104816946.0,21849643641.41,-32.795,-0.4538,2991468.33,6.45,6.15,6.29,6.08,7226.1556
399986,中证银行指数,2025-02-20,7191.8158,7214.4049,7158.5653,7184.4081,2296335264.0,16579045063.1,-8.9525,-0.1245,2987745.27,6.45,6.14,6.28,6.09,7193.3606
399986,中证银行指数,2025-02-21,7188.356,7190.1145,7078.4906,7093.6467,4040125430.0,29032079535.42,-90.7614,-1.2633,2950000.8,6.36,6.07,6.38,6.16,7184.4081
399986,中证银行指数,2025-02-24,7077.6927,7102.7246,7032.078,7041.1248,3399522061.0,24611713617.63,-52.5219,-0.7404,2928158.77,6.31,6.02,6.42,6.21,7093.6467
399986,中证银行指数,2025-02-25,7033.4933,7051.9963,6971.3508,6985.936,3160278742.0,22717323815.58,-55.1888,-0.7838,2905207.64,6.26,5.97,6.47,6.26,7041.1248
399986,中证银行指数,2025-02-26,6992.652,7075.4545,6992.652,7021.8471,3034438825.0,21502756471.57,35.9111,0.514,2920141.83,6.29,6.0,6.44,6.23,6985.936
399986,中证银行指数,2025-02-27,7028.4662,7114.642,6983.55,7112.3255,3335821924.0,24552905172.4,90.4784,1.2885,2957768.64,6.36,6.08,6.37,6.15,7021.8471
399986,中证银行指数,2025-02-28,7102.348,7150.1018,7068.3214,7068.3214,3611829683.0,26248047865.64,-44.0041,-0.6187,2939468.86,6.32,6.04,6.41,6.19,7112.3255
399986,中证银行指数,2025-03-03,7081.9318,7103.6359,7022.4264,7067.157,3239326689.0,22450608687.22,-1.1644,-0.0165,2938984.64,6.32,6.04,6.42,6.19,7068.3214
399986,中证银行指数,2025-03-04,7049.9055,7094.1474,7039.3877,7055.4983,2594103410.0,17994452779.23,-11.6587,-0.165,2934136.19,6.29,6.03,6.45,6.2,7067.157
399986,中证银行指数,2025-03-05,7062.7419,7180.5921,7041.383,7176.5908,3945268316.0,28233072970.17,121.0925,1.7163,2984494.34,6.39,6.14,6.34,6.09,7055.4983
399986,中证银行指数,2025-03-06,7173.3224,7173.3506,7100.4937,7137.0335,3461546721.0,24362302575.07,-39.5573,-0.5512,2968043.85,6.35,6.1,6.38,6.13,7176.5908
399986,中证银行指数,2025-03-07,7138.8687,7175.7285,7111.9672,7146.7276,2686208836.0,21013435869.05,9.6941,0.1358,2972075.3,6.35,6.11,6.38,6.12,7137.0335
399986,中证银行指数,2025-03-10,7136.4483,7139.4977,7063.1295,7081.9878,2840979858.0,20284077370.06,-64.7398,-0.9059,2945152.26,6.29,6.06,6.44,6.17,7146.7276
399986,中证银行指数,2025-03-11,7055.5921,7135.2871,7055.5921,7135.2871,2623125695.0,19525704812.19,53.2993,0.7526,2967317.59,6.33,6.1,6.4,6.13,7081.9878
399986,中证银行指数,2025-03-12,7124.5142,7146.2788,7086.1232,7114.8518,2629361792.0,19389607228.07,-20.4353,-0.2864,2958819.24,6.3,6.08,6.43,6.15,7135.2871
399986,中证银行指数,2025-03-13,7116.5558,7184.6013,7115.4308,7154.0229,2856210550.0,21829751814.97,39.1711,0.5506,2975109.16,6.33,6.12,6.4,6.11,7114.8518
399986,中证银行指数,2025-03-14,7161.9021,7281.6345,7161.9021,7243.3454,4460015954.0,34195827277.19,89.3225,1.2486,3012255.28,6.39,6.19,6.34,6.04,7154.0229
399986,中证银行指数,2025-03-17,7250.779,7295.9189,7228.5389,7266.5009,3638981197.0,28332146214.42,23.1555,0.3197,3021884.85,6.42,6.21,6.31,6.02,7243.3454
399986,中证银行指数,2025-03-18,7281.7014,7285.4183,7238.8912,7257.869,2316218338.0,17590611253.68,-8.6319,-0.1188,3018295.11,6.41,6.21,6.32,6.02,7266.5009
399986,中证银行指数,2025-03-19,7264.662,7362.8187,7261.8273,7358.0344,3234542123.0,25628468774.3,100.1654,1.3801,3059950.43,6.49,6.29,6.24,5.94,7257.869
399986,中证银行指数,2025-03-20,7356.6236,7375.7997,7294.8858,7317.1256,2742228550.0,21285624401.4,-40.9088,-0.556,3048539.23,6.46,6.26,6.27,5.96,7358.0344
399986,中证银行指数,2025-03-21,7305.9885,7331.1318,7218.576,7228.923,3142599985.0,24274879713.12,-88.2026,-1.2054,3011791.33,6.38,6.18,6.34,6.04,7317.1256
399986,中证银行指数,2025-03-24,7228.0913,7300.4411,7228.0913,7292.9221,3191552941.0,23108264439.28,63.9991,0.8853,3038455.32,6.44,6.24,6.29,5.98,7228.923
399986,中证银行指数,2025-03-25,7295.7173,7330.5711,7294.3535,7325.2573,2617773028.0,18611915089.7,32.3352,0.4434,3051927.16,6.47,6.26,6.26,5.96,7292.9221
399986,中证银行指数,2025-03-26,7302.9854,7303.4794,7211.3892,7219.5746,2670724208.0,23361681062.89,-105.6827,-1.4427,3007896.53,6.41,6.17,6.32,6.04,7325.2573
399986,中证银行指数,2025-03-27,7219.4179,7287.6441,7218.825,7252.3422,2478115926.0,18829527112.79,32.7676,0.4539,3021548.49,6.44,6.2,6.29,6.02,7219.5746
399986,中证银行指数,2025-03-28,7253.592,7258.0316,7211.4978,7228.5358,2973232963.0,19584171490.23,-23.8064,-0.3283,3011630.01,6.41,6.18,6.32,6.04,7252.3422
399986,中证银行指数,2025-03-31,7241.7143,7300.8874,7178.4998,7250.6226,4691051826.0,31244101817.02,22.0868,0.3056,3020832.04,6.45,6.2,6.28,6.02,7228.5358
399986,中证银行指数,2025-04-01,7241.495,7261.8978,7172.5214,7211.2433,3738122702.0,24918778418.87,-39.3793,-0.5431,3004425.44,6.39,6.17,6.34,6.05,7250.6226
399986,中证银行指数,2025-04-02,7202.1066,7292.2076,7202.1066,7275.7953,3465619697.0,22901270989.37,64.552,0.8952,3031319.79,6.45,6.22,6.28,6.0,7211.2433
399986,中证银行指数,2025-04-03,7218.8753,7308.0169,7218.8753,7295.3497,3111916503.0,21726937910.13,19.5544,0.2688,3039466.75,6.48,6.24,6.25,5.98,7275.7953
399986,中证银行指数,2025-04-07,7093.4786,7152.2087,6794.5627,6958.9144,8158658214.0,59222583907.12,-336.4353,-4.6116,2899297.47,6.22,5.95,6.51,6.27,7295.3497
399986,中证银行指数,2025-04-08,6946.7561,7078.4191,6937.2972,7074.7052,6102109719.0,46142432029.77,115.7908,1.6639,2947539.48,6.31,6.05,6.42,6.17,6958.9144
399986,中证银行指数,2025-04-09,7030.9643,7053.9517,6944.1088,7011.2932,4859210137.0,34713186660.07,-63.412,-0.8963,2921120.07,6.26,6.0,6.47,6.22,7074.7052
399986,中证银行指数,2025-04-10,7052.0698,7084.9893,7002.3748,7057.2035,3729226723.0,26748298881.17,45.9103,0.6548,2940247.74,6.28,6.04,6.45,6.18,7011.2932
399986,中证银行指数,2025-04-11,7056.1355,7083.3294,7014.2893,7075.7873,3163739221.0,22224402068.18,18.5838,0.2633,2947990.29,6.31,6.05,6.42,6.17,7057.2035
399986,中证银行指数,2025-04-14,7085.629,7144.303,7075.0854,7118.9205,3258026983.0,23050116593.57,43.1332,0.6096,2965960.9,6.36,6.09,6.37,6.13,7075.7873
399986,中证银行指数,2025-04-15,7118.0698,7236.2435,7117.6704,7227.2888,3686399253.0,26032133620.63,108.3683,1.5223,3011110.49,6.46,6.18,6.26,6.04,7118.9205
399986,中证银行指数,2025-04-16,7218.1663,7315.4981,7203.5835,7300.6036,3981023287.0,28327898685.75,73.3148,1.0144,3044417.93,6.54,6.24,6.19,5.97,7227.2888
399986,中证银行指数,2025-04-17,7284.3997,7318.247,7220.235,7305.7197,2916703910.0,20536490591.7,5.1161,0.0701,3046551.38,6.54,6.25,6.19,5.97,7300.6036
399986,中证银行指数,2025-04-18,7284.2189,7377.5169,7283.4352,7362.4674,2941553931.0,20993157808.38,56.7477,0.7768,3070215.67,6.6,6.3,6.14,5.92,7305.7197
399986,中证银行指数,2025-04-21,7347.0752,7427.8937,7270.5615,7271.1634,3555707032.0,24625543648.52,-91.304,-1.2401,3032141.09,6.52,6.22,6.21,6.0,7362.4674
399986,中证银行指数,2025-04-22,7276.9271,7339.5505,7276.9271,7320.3222,3080292501.0,21566858167.49,49.1588,0.6761,3052640.75,6.59,6.26,6.14,5.96,7271.1634
399986,中证银行指数,2025-04-23,7333.4696,7334.6681,7274.8523,7283.9859,2505156613.0,18034437208.37,-36.3363,-0.4964,3037488.2,6.56,6.23,6.17,5.99,7320.3222
399986,中证银行指数,2025-04-24,7285.3797,7390.6557,7285.3797,7368.9328,2976315161.0,21129041444.04,84.9469,1.1662,3072911.84,6.66,6.3,6.08,5.92,7283.9859
399986,中证银行指数,2025-04-25,7373.2392,7397.2897,7303.8627,7334.484,2993354010.0,20172552225.38,-34.4488,-0.4675,3058546.37,6.61,6.27,6.12,5.94,7368.9328
399986,中证银行指数,2025-04-28,7341.286,7425.606,7341.286,7405.1318,3147200537.0,22605941871.1,70.6478,0.9632,3088007.13,6.68,6.33,6.06,5.89,7334.484
399986,中证银行指数,2025-04-29,7393.9364,7446.8271,7372.3823,7380.6877,2933574931.0,22515758882.77,-24.4441,-0.3301,3077813.73,6.65,6.31,6.09,5.91,7405.1318
399986,中证银行指数,2025-04-30,7345.7166,7346.5992,7202.7923,7223.481,4899468995.0,36940955923.31,-157.2067,-2.13,3012257.09,6.48,6.18,6.7,6.33,7380.6877
399986,中证银行指数,2025-05-06,7242.9618,7243.9837,7165.2927,7214.0535,3787171056.0,27370334043.01,-9.4275,-0.1305,3008325.73,6.27,5.98,6.72,6.34,7223.481
399986,中证银行指数,2025-05-07,7261.6576,7323.0604,7220.3833,7321.0085,3996821519.0,28434011308.23,106.955,1.4826,3052926.94,6.37,6.07,6.61,6.25,7214.0535
399986,中证银行指数,2025-05-08,7312.6715,7419.6209,7309.1812,7400.8694,3462161598.0,27180205550.12,79.8609,1.0908,3086229.67,6.4,6.14,6.58,6.18,7321.0085
399986,中证银行指数,2025-05-09,7398.7365,7515.6386,7398.7365,7502.9106,3681956463.0,28981320806.09,102.0412,1.3788,3128781.78,6.48,6.22,6.5,6.1,7400.8694
399986,中证银行指数,2025-05-12,7496.5145,7582.4746,7452.5299,7514.2207,3538675694.0,28429693429.41,11.3101,0.1507,3133498.21,6.49,6.23,6.49,6.09,7502.9106
399986,中证银行指数,2025-05-13,7530.2921,7631.6499,7496.3372,7629.5504,3883243346.0,29703452986.43,115.3297,1.5348,3181591.74,6.58,6.33,6.4,6.0,7514.2207
399986,中证银行指数,2025-05-14,7615.9639,7727.7274,7590.8549,7691.1943,4360332882.0,32768829328.77,61.6439,0.808,3207297.77,6.61,6.38,6.37,5.95,7629.5504
399986,中证银行指数,2025-05-15,7688.9163,7751.7986,7673.9794,7682.7424,3387590564.0,25894943398.58,-8.4519,-0.1099,3203773.28,6.62,6.37,6.36,5.95,7691.1943
399986,中证银行指数,2025-05-16,7677.1647,7693.6649,7564.8028,7610.1745,3358574241.0,25285465305.83,-72.5679,-0.9446,3173511.78,6.55,6.31,6.43,6.01,7682.7424
399986,中证银行指数,2025-05-19,7619.5547,7663.4259,7581.672,7584.8662,2681596527.0,20787509021.12,-25.3083,-0.3326,3162957.99,6.52,6.29,6.46,6.03,7610.1745
399986,中证银行指数,2025-05-20,7608.5539,7668.2575,7580.2009,7599.9647,2648616641.0,20499336947.24,15.0985,0.1991,3169254.2,6.53,6.3,6.45,6.02,7584.8662
399986,中证银行指数,2025-05-21,7610.6178,7693.4419,7600.1352,7653.7432,2794583665.0,22422396762.56,53.7785,0.7076,3191680.33,6.56,6.35,6.42,5.98,7599.9647
399986,中证银行指数,2025-05-22,7653.7382,7736.4116,7632.0269,7730.2245,3262476408.0,25286594597.43,76.4813,0.9993,3223573.73,6.61,6.41,6.37,5.92,7653.7432
399986,中证银行指数,2025-05-23,7730.4343,7765.2697,7649.3024,7655.1781,3622424226.0,26283373934.46,-75.0464,-0.9708,3192278.7,6.55,6.35,6.43,5.98,7730.2245
399986,中证银行指数,2025-05-26,7641.1883,7674.1069,7581.5761,7597.6322,3137893836.0,23353851069.96,-57.5459,-0.7517,3168281.56,6.5,6.3,6.48,6.02,7655.1781
399986,中证银行指数,2025-05-27,7612.4034,7678.9721,7612.4034,7638.5801,3006769021.0,22017463596.42,40.9479,0.539,3185357.21,6.53,6.33,6.45,5.99,7597.6322
399986,中证银行指数,2025-05-28,7640.2726,7675.2248,7581.6021,7628.7241,2820970187.0,21459948505.14,-9.856,-0.129,3181247.16,6.52,6.33,6.46,6.0,7638.5801
399986,中证银行指数,2025-05-29,7630.2027,7652.0214,7595.1543,7612.1597,2915949042.0,22524237035.73,-16.5644,-0.2171,3174339.64,6.5,6.31,6.48,6.01,7628.7241
399986,中证银行指数,2025-05-30,7622.5761,7696.5681,7608.7272,7660.7952,3809496951.0,28687282617.23,48.6355,0.6389,3194621.08,6.54,6.35,6.45,5.99,7612.1597
399986,中证银行指数,2025-06-03,7675.5732,7852.424,7675.5732,7812.3181,5035196150.0,38658890075.97,151.5229,1.9779,3257807.51,6.63,6.48,6.36,5.88,7660.7952
399986,中证银行指数,2025-06-04,7817.8213,7848.0578,7776.8471,7816.9279,3623747441.0,26602285957.88,4.6098,0.059,3259729.85,6.63,6.48,6.37,5.87,7812.3181
399986,中证银行指数,2025-06-05,7822.1946,7842.4043,7750.0834,7758.9398,3668656922.0,26377187132.87,-57.9881,-0.7418,3235539.3,6.6,6.43,6.39,5.92,7816.9279
399986,中证银行指数,2025-06-06,7775.7969,7822.6872,7754.0403,7781.3093,3003596501.0,21897245316.05,22.3695,0.2883,3244867.58,6.62,6.45,6.38,5.9,7758.9398
399986,中证银行指数,2025-06-09,7794.6863,7807.7062,7728.9266,7802.695,3622236094.0,26598352154.36,21.3857,0.2748,3253785.56,6.62,6.47,6.38,5.88,7781.3093
399986,中证银行指数,2025-06-10,7802.1229,7916.589,7799.1228,7841.0155,4562593547.0,32922892164.13,38.3205,0.4911,3269765.51,6.64,6.5,6.35,5.85,7802.695
399986,中证银行指数,2025-06-11,7845.1903,7905.308,7827.5634,7865.1213,3080497889.0,24702005763.12,24.1058,0.3074,3279817.83,6.66,6.52,6.34,5.84,7841.0155
399986,中证银行指数,2025-06-12,7859.0086,7899.2331,7830.1924,7889.4693,3441010275.0,26306741256.2,24.348,0.3096,3289965.22,6.67,6.54,6.33,5.82,7865.1213
399986,中证银行指数,2025-06-13,7888.4949,7903.163,7805.6452,7817.3902,5056724839.0,38925567049.88,-72.0791,-0.9136,3259907.76,6.61,6.48,6.38,5.87,7889.4693
399986,中证银行指数,2025-06-16,7816.1342,7920.2825,7798.6474,7920.2825,4127081830.0,29349354391.27,102.8923,1.3162,3319669.34,6.68,6.55,6.3,5.73,7817.3902
399986,中证银行指数,2025-06-17,7919.9872,7956.6741,7888.9274,7905.4215,3105734875.0,23050401521.31,-14.861,-0.1876,3313440.56,6.68,6.54,6.3,5.74,7920.2825
399986,中证银行指数,2025-06-18,7909.2621,7982.4412,7892.3451,7975.7979,3791238457.0,27819289418.06,70.3764,0.8902,3342937.79,6.76,6.6,6.22,5.69,7905.4215
399986,中证银行指数,2025-06-19,7974.495,7996.3334,7923.9505,7964.8157,3421808582.0,25720335818.93,-10.9822,-0.1377,3338334.77,6.78,6.59,6.21,5.7,7975.7979
399986,中证银行指数,2025-06-20,7934.6628,8024.3683,7911.3321,8018.5259,4293062962.0,32439538726.97,53.7102,0.6743,3364932.04,6.83,6.63,6.16,5.65,7964.8157
399986,中证银行指数,2025-06-23,8003.2993,8138.8706,7930.2397,8115.8583,4929358029.0,36591641517.07,97.3324,1.2138,3405777.07,6.92,6.71,6.07,5.58,8018.5259
399986,中证银行指数,2025-06-24,8103.7072,8189.7378,8062.657,8149.0065,5247842094.0,40163590101.29,33.1482,0.4084,3454469.3,6.97,6.74,5.88,5.42,8115.8583
399986,中证银行指数,2025-06-25,8139.9999,8249.0772,8086.224,8232.6762,4757662426.0,36882787940.01,83.6697,1.0267,3489937.98,7.03,6.81,5.83,5.36,8149.0065
399986,中证银行指数,2025-06-26,8216.3426,8325.6363,8176.3873,8315.1622,4797757472.0,37120055749.64,82.486,1.0019,3524471.13,7.09,6.88,5.72,5.28,8232.6762
399986,中证银行指数,2025-06-27,8297.466,8342.718,8043.0772,8070.3614,7234398357.0,54804930253.76,-244.8008,-2.944,3420709.7,6.87,6.67,5.89,5.44,8315.1622
399986,中证银行指数,2025-06-30,8032.9551,8063.2206,7985.8173,8043.9361,4285345584.0,32929785217.25,-26.4253,-0.3274,3409509.01,6.88,6.65,5.19,5.29,8070.3614
399986,中证银行指数,2025-07-01,8060.1913,8202.4024,8058.4984,8167.4534,3783696358.0,29333212788.16,123.5173,1.5355,3478710.31,6.97,6.75,5.07,5.12,8043.9361
399986,中证银行指数,2025-07-02,8186.3223,8270.3517,8169.8382,8228.9318,3564659883.0,27461521144.91,61.4784,0.7527,3504895.38,7.0,6.81,5.05,5.08,8167.4534
399986,中证银行指数,2025-07-03,8233.381,8268.4155,8167.8287,8225.3372,3079095573.0,23968356425.77,-3.5946,-0.0437,3503364.39,6.98,6.8,5.06,5.09,8228.9318
399986,中证银行指数,2025-07-04,8226.2814,8425.1165,8220.2452,8377.9448,4680863268.0,36363837280.22,152.6076,1.8553,3568363.54,7.1,6.93,4.98,4.99,8225.3372
399986,中证银行指数,2025-07-07,8382.7752,8418.0049,8330.7501,8412.6011,3923603480.0,29694760196.15,34.6563,0.4137,3583124.46,7.13,6.96,4.95,4.97,8377.9448
399986,中证银行指数,2025-07-08,8409.3344,8442.8466,8337.4193,8391.9799,3724252845.0,29717077139.29,-20.6212,-0.2451,3574341.41,7.13,6.94,4.95,4.98,8412.6011
399986,中证银行指数,2025-07-09,8379.2736,8467.5647,8359.8888,8418.4731,4296117473.0,31909608392.91,26.4932,0.3157,3585625.5,7.18,6.96,4.92,4.97,8391.9799
399986,中证银行指数,2025-07-10,8406.5416,8570.1617,8405.8842,8497.843,5882043013.0,48050297129.3,79.3699,0.9428,3619431.01,7.27,7.03,4.86,4.92,8418.4731
399986,中证银行指数,2025-07-11,8471.0661,8522.8122,8297.3294,8297.3294,7547734413.0,60716167596.36,-200.5136,-2.3596,3542105.13,7.13,6.86,4.94,5.03,8497.843
399986,中证银行指数,2025-07-14,8288.1977,8418.447,8288.1977,8335.3482,5234894575.0,40591268106.78,38.0188,0.4582,3558335.25,7.15,6.89,4.93,5.01,8297.3294
399986,中证银行指数,2025-07-15,8353.8548,8376.6456,8226.3539,8254.9932,4079027197.0,32063605921.54,-80.355,-0.964,3524031.92,7.09,6.82,4.97,5.06,8335.3482
399986,中证银行指数,2025-07-16,8231.5413,8243.7603,8130.7958,8196.5969,4235657109.0,32762590472.05,-58.3963,-0.7074,3499102.73,7.06,6.78,5.0,5.09,8254.9932
399986,中证银行指数,2025-07-17,8184.974,8215.6667,8144.0977,8164.0842,3053001971.0,23691788336.15,-32.5127,-0.3967,3485223.14,7.0,6.75,5.04,5.11,8196.5969
399986,中证银行指数,2025-07-18,8178.0124,8243.9841,8157.6166,8215.0075,3559928129.0,27935282295.87,50.9233,0.6237,3506962.13,7.05,6.79,5.01,5.08,8164.0842
399986,中证银行指数,2025-07-21,8207.2951,8226.1257,8137.1767,8148.464,3789485347.0,29562964299.94,-66.5435,-0.81,3478554.94,7.0,6.74,5.04,5.12,8215.0075
399986,中证银行指数,2025-07-22,8139.9645,8144.3567,8004.609,8066.9046,5236044827.0,41289198634.29,-81.5594,-1.0009,3443737.44,6.92,6.67,5.1,5.17,8148.464
399986,中证银行指数,2025-07-23,8056.8308,8181.6315,8056.8308,8097.6925,4870243107.0,37886371822.27,30.7879,0.3817,3456880.74,6.98,6.69,5.06,5.15,8066.9046
399986,中证银行指数,2025-07-24,8102.6313,8102.6313,7973.5255,7980.9712,4951249839.0,39759693444.99,-116.7213,-1.4414,3424874.13,6.88,6.59,5.12,5.22,8097.6925
399986,中证银行指数,2025-07-25,7972.8222,8028.7575,7957.1592,7966.933,3891164079.0,32247853304.49,-14.0382,-0.1759,3418849.91,6.86,6.58,5.14,5.23,7980.9712
399986,中证银行指数,2025-07-28,7968.73,8040.5571,7947.0584,7967.5667,3874312221.0,30839717867.47,0.6337,0.008,3419121.86,6.87,6.58,5.13,5.23,7966.933
399986,中证银行指数,2025-07-29,7970.8612,8014.74,7871.0846,7871.9561,4131040567.0,31976583386.38,-95.6106,-1.2,3378092.51,6.8,6.5,5.18,5.29,7967.5667
399986,中证银行指数,2025-07-30,7880.7721,7988.4351,7853.5134,7921.8547,4357919241.0,33964669598.66,49.8986,0.6339,3399505.48,6.86,6.55,5.14,5.26,7871.9561
399986,中证银行指数,2025-07-31,7924.3599,7933.6368,7801.4992,7880.1049,4792035516.0,37169311165.05,-41.7498,-0.527,3381589.38,6.86,6.51,4.03,4.19,7921.8547
399986,中证银行指数,2025-08-01,7882.6817,7935.8866,7817.3371,7899.6338,4184496238.0,32481867722.0,19.5289,0.2478,3389969.83,6.88,6.53,4.02,4.18,7880.1049
399986,中证银行指数,2025-08-04,7881.0532,8017.5955,7881.0532,7959.9742,4213696717.0,32457105906.31,60.3404,0.7638,3415863.71,6.94,6.58,3.99,4.15,7899.6338
399986,中证银行指数,2025-08-05,7960.9187,8099.704,7953.5631,8087.3967,4580001164.0,34269647194.59,127.4225,1.6008,3470544.49,7.05,6.68,3.93,4.09,7959.9742
399986,中证银行指数,2025-08-06,8093.0994,8138.3719,8049.352,8075.0876,3519979201.0,26817628330.85,-12.3091,-0.1522,3465262.32,7.06,6.67,3.92,4.09,8087.3967
399986,中证银行指数,2025-08-07,8080.6557,8130.9942,8027.7725,8108.8793,3403014714.0,26650822934.45,33.7917,0.4185,3479763.33,7.12,6.7,3.89,4.08,8075.0876
399986,中证银行指数,2025-08-08,8121.4447,8157.3987,8075.7999,8085.0594,3068298059.0,24073975119.13,-23.8199,-0.2938,3469541.52,7.1,6.68,3.9,4.09,8108.8793
399986,中证银行指数,2025-08-11,8078.4946,8083.4903,7990.8818,8003.1136,3759012087.0,29091873538.71,-81.9458,-1.0135,3434376.1,7.04,6.61,3.93,4.13,8085.0594
399986,中证银行指数,2025-08-12,8003.9615,8084.4259,8003.9615,8028.7041,3301440793.0,26188159780.38,25.5905,0.3198,3445357.77,7.09,6.63,3.91,4.12,8003.1136
399986,中证银行指数,2025-08-13,8042.7859,8061.1286,7939.5568,7943.2265,4386128277.0,35742841642.53,-85.4776,-1.0647,3408676.76,7.02,6.56,3.95,4.16,8028.7041
399986,中证银行指数,2025-08-14,7943.9244,7993.3988,7936.5289,7941.3786,3634354224.0,29500063012.18,-1.8479,-0.0233,3407883.76,7.04,6.56,3.93,4.16,7943.2265
399986,中证银行指数,2025-08-15,7943.3994,7946.9862,7775.107,7825.3873,6253125315.0,48201581749.96,-115.9913,-1.4606,3358108.4,6.93,6.47,3.99,4.22,7941.3786
399986,中证银行指数,2025-08-18,7811.0996,7865.239,7779.5193,7851.4588,4829004895.0,38489720962.39,26.0715,0.3332,3369296.49,6.95,6.49,3.98,4.21,7825.3873
399986,中证银行指数,2025-08-19,7850.6588,7883.2087,7826.8623,7860.3591,3776989901.0,29220133843.36,8.9003,0.1134,3373115.86,7.0,6.49,3.96,4.2,7851.4588
399986,中证银行指数,2025-08-20,7855.3367,7945.2898,7836.5671,7894.914,4149961493.0,32467586525.67,34.5549,0.4396,3396089.26,7.04,6.52,3.93,4.18,7860.3591
399986,中证银行指数,2025-08-21,7894.0043,7956.9446,7857.6313,7942.585,4027260928.0,30558338823.84,47.671,0.6038,3416595.51,7.1,6.56,3.9,4.15,7894.914
399986,中证银行指数,2025-08-22,7943.0559,7945.0969,7858.2142,7919.4267,4590770140.0,36406634213.01,-23.1583,-0.2916,3406633.69,7.1,6.54,3.9,4.17,7942.585
399986,中证银行指数,2025-08-25,7907.7991,7977.3744,7884.2935,7976.326,5151897664.0,41851236380.87,56.8993,0.7185,3431109.61,7.12,6.59,3.89,4.14,7919.4267
399986,中证银行指数,2025-08-26,7966.8001,7989.6769,7919.6579,7923.1528,3798835369.0,30749356970.86,-53.1732,-0.6666,3408236.53,7.09,6.54,3.9,4.16,7976.326
399986,中证银行指数,2025-08-27,7909.8609,7914.8345,7778.1438,7778.4797,5255871157.0,40522429030.31,-144.6731,-1.826,3346003.73,6.94,6.42,3.98,4.24,7923.1528
399986,中证银行指数,2025-08-28,7775.9505,7851.6026,7717.6544,7810.2451,4758643860.0,37508660689.62,31.7654,0.4084,3359667.97,6.94,6.45,3.99,4.22,7778.4797
399986,中证银行指数,2025-08-29,7804.0367,7918.3149,7749.1721,7749.1721,6584399728.0,51268382832.91,-61.073,-0.782,3333396.7,6.92,6.4,4.0,4.26,7810.2451
399986,中证银行指数,2025-09-01,7755.4402,7791.5395,7661.5764,7665.3622,6559452110.0,49503110818.69,-83.8099,-1.0815,3297344.89,7.29,6.69,4.02,4.3,7749.1721
399986,中证银行指数,2025-09-02,7657.7397,7815.7977,7656.531,7815.7977,6223373532.0,49418272926.78,150.4355,1.9625,3362056.47,7.44,6.82,3.94,4.22,7665.3622
399986,中证银行指数,2025-09-03,7813.053,7828.3703,7695.1013,7723.876,4496499866.0,34712727405.08,-91.9217,-1.1761,3322515.28,7.36,6.74,3.98,4.27,7815.7977
399986,中证银行指数,2025-09-04,7703.7848,7807.9447,7586.2651,7783.9063,6439237304.0,48954493550.99,60.0303,0.7772,3348338.03,7.49,6.79,3.91,4.24,7723.876
399986,中证银行指数,2025-09-05,7761.6111,7761.6111,7679.6526,7707.7744,4303003252.0,32483832995.32,-76.1319,-0.9781,3315589.01,7.37,6.72,3.98,4.28,7783.9063
399986,中证银行指数,2025-09-08,7684.5306,7739.586,7650.3859,7662.2071,4533185790.0,35102336307.3,-45.5673,-0.5912,3295987.7,7.33,6.68,4.0,4.3,7707.7744
399986,中证银行指数,2025-09-09,7663.5914,7727.6218,7662.466,7727.1256,3384273851.0,26938437802.37,64.9185,0.8473,3323913.14,7.38,6.74,3.97,4.27,7662.2071
399986,中证银行指数,2025-09-10,7723.9509,7760.9013,7690.8529,7735.8643,3556455256.0,26546455866.66,8.7387,0.1131,3327672.19,7.39,6.75,3.97,4.26,7727.1256
399986,中证银行指数,2025-09-11,7731.4285,7781.8259,7690.2811,7777.621,4364302325.0,33431487274.41,41.7567,0.5398,3345634.32,7.41,6.78,3.95,4.24,7735.8643
399986,中证银行指数,2025-09-12,7771.2173,7793.0244,7648.4571,7657.8913,4489016852.0,34965459837.81,-119.7297,-1.5394,3294131.22,7.33,6.68,3.99,4.31,7777.621
399986,中证银行指数,2025-09-15,7645.8432,7664.1619,7566.4531,7588.457,4541295189.0,33046886812.87,-69.4343,-0.9067,3264263.24,7.28,6.62,4.03,4.35,7657.8913
399986,中证银行指数,2025-09-16,7578.2276,7606.0715,7491.8157,7501.6029,5577136338.0,38362699244.27,-86.8541,-1.1446,3226901.91,7.2,6.54,4.07,4.4,7588.457
399986,中证银行指数,2025-09-17,7494.9703,7531.9198,7463.0942,7473.925,4016022594.0,29343623135.02,-27.6779,-0.369,3214995.96,7.18,6.52,4.08,4.41,7501.6029
399986,中证银行指数,2025-09-18,7479.814,7490.032,7320.2653,7331.6187,5471324494.0,40716017718.12,-142.3063,-1.904,3153781.23,7.02,6.39,4.17,4.5,7473.925
399986,中证银行指数,2025-09-19,7320.7661,7364.8637,7259.1912,7336.3678,4849410487.0,34533708090.92,4.7491,0.0648,3155824.13,6.99,6.4,4.19,4.5,7331.6187
399986,中证银行指数,2025-09-22,7328.2696,7352.783,7255.8985,7262.5253,3356319031.0,25489026220.4,-73.8425,-1.0065,3124059.89,6.9,6.33,4.24,4.54,7336.3678
399986,中证银行指数,2025-09-23,7252.1992,7410.9745,7214.9724,7375.4453,6076855085.0,45514478516.06,112.92,1.5548,3172633.75,7.04,6.43,4.16,4.47,7262.5253
399986,中证银行指数,2025-09-24,7362.9127,7442.4428,7331.9428,7352.5493,4355519390.0,32071228550.11,-22.896,-0.3104,3162784.79,7.01,6.41,4.18,4.49,7375.4453
399986,中证银行指数,2025-09-25,7342.8508,7344.7987,7265.8877,7303.6784,3819749807.0,28402607457.76,-48.8709,-0.6647,3141762.37,6.98,6.37,4.2,4.52,7352.5493
399986,中证银行指数,2025-09-26,7291.3819,7327.9276,7222.3932,7311.6256,3312556804.0,26169669778.32,7.9472,0.1088,3145180.97,6.98,6.38,4.2,4.51,7303.6784
399986,中证银行指数,2025-09-29,7300.3638,7359.2984,7230.8771,7275.9271,4691927167.0,35141579869.76,-35.6985,-0.4882,3129824.87,6.94,6.35,4.22,4.53,7311.6256
399986,中证银行指数,2025-09-30,7275.6264,7277.9304,7207.7037,7220.5096,3901282784.0,29013633897.08,-55.4175,-0.7617,3105986.37,6.91,6.3,4.3,4.71,7275.9271
399986,中证银行指数,2025-10-09,7196.6719,7208.7484,7138.8169,7204.9939,4584111766.0,33985997659.66,-15.5157,-0.2149,3099312.11,6.91,6.28,4.3,4.72,7220.5096
399986,中证银行指数,2025-10-10,7195.5366,7288.5567,7195.3063,7239.9004,5749579989.0,39764995335.57,34.9065,0.4845,3114327.55,6.95,6.31,4.28,4.7,7204.9939
399986,中证银行指数,2025-10-13,7206.8345,7338.5833,7160.7216,7294.4731,5861609127.0,44305567876.89,54.5727,0.7538,3137802.64,6.98,6.36,4.26,4.67,7239.9004
399986,中证银行指数,2025-10-14,7275.7668,7484.1529,7243.6532,7478.973,7297787925.0,57384939616.91,184.4999,2.5293,3217167.39,7.16,6.52,4.15,4.55,7294.4731
399986,中证银行指数,2025-10-15,7461.1754,7523.4796,7444.5703,7519.2846,5146623008.0,40071941795.05,40.3116,0.539,3244791.86,7.2,6.56,4.12,4.51,7478.973
399986,中证银行指数,2025-10-16,7504.0624,7625.6171,7503.627,7620.3571,5497042388.0,42194024134.11,101.0725,1.3442,3288407.61,7.34,6.65,4.04,4.45,7519.2846
399986,中证银行指数,2025-10-17,7611.7607,7689.5849,7569.6397,7596.0508,5224172241.0,39153961627.44,-24.3063,-0.319,3277918.75,7.34,6.63,4.04,4.47,7620.3571
399986,中证银行指数,2025-10-20,7577.9292,7611.8013,7473.3472,7587.7625,4919563406.0,35437957863.18,-8.2883,-0.1091,3274342.07,7.36,6.62,4.03,4.47,7596.0508
399986,中证银行指数,2025-10-21,7581.7112,7639.7565,7567.7093,7611.937,4529166976.0,33834060281.3,24.1745,0.3186,3284774.09,7.4,6.64,4.01,4.46,7587.7625
399986,中证银行指数,2025-10-22,7604.9782,7705.674,7604.9782,7685.6485,4966544748.0,34466414303.25,73.7115,0.9684,3316582.76,7.51,6.71,3.95,4.41,7611.937
399986,中证银行指数,2025-10-23,7687.6187,7792.6629,7656.4424,7735.8503,5948519029.0,42442136836.49,50.2018,0.6532,3338246.29,7.54,6.75,3.93,4.39,7685.6485
399986,中证银行指数,2025-10-24,7713.0281,7761.2938,7692.2378,7701.6533,5306759400.0,38284379365.4,-34.197,-0.4421,3323489.3,7.53,6.72,3.94,4.41,7735.8503
399986,中证银行指数,2025-10-27,7677.6909,7748.8648,7617.667,7703.9122,5383206055.0,40865602745.91,2.2589,0.0293,3324464.1,7.59,6.72,3.91,4.4,7701.6533
399986,中证银行指数,2025-10-28,7710.3136,7737.2006,7617.4587,7691.2131,4408888520.0,33009651518.94,-12.6991,-0.1648,3318984.03,7.61,6.71,3.89,4.41,7703.9122
399986,中证银行指数,2025-10-29,7669.9608,7670.2444,7521.7287,7532.0792,5002299308.0,39588950221.79,-159.1339,-2.069,3250313.12,7.48,6.57,3.97,4.5,7691.2131
399986,中证银行指数,2025-10-30,7527.1025,7596.8219,7519.9949,7535.0302,4358211316.0,35494944809.74,2.951,0.0392,3251586.56,7.47,6.58,3.97,4.5,7532.0792
399986,中证银行指数,2025-10-31,7555.5135,7555.929,7487.4559,7526.9724,5439958366.0,39363651042.03,-8.0578,-0.1069,3248109.38,7.42,6.57,4.03,4.6,7535.0302
399986,中证银行指数,2025-11-03,7534.0844,7642.4565,7531.333,7625.6482,4708031811.0,36039398198.22,98.6758,1.311,3299775.93,7.51,6.66,3.98,4.53,7526.9724
399986,中证银行指数,2025-11-04,7630.8648,7792.4834,7629.8009,7783.8254,5625063499.0,45284190836.97,158.1772,2.0743,3368222.48,7.66,6.8,3.9,4.44,7625.6482
399986,中证银行指数,2025-11-05,7802.0523,7833.9254,7747.2871,7783.3407,4153108187.0,33595348005.2,-0.4847,-0.0062,3368012.74,7.66,6.8,3.9,4.44,7783.8254
399986,中证银行指数,2025-11-06,7760.6277,7796.4747,7717.8497,7750.14,3559186774.0,29977746756.79,-33.2007,-0.4266,3353646.08,7.62,6.77,3.92,4.46,7783.3407
399986,中证银行指数,2025-11-07,7759.6128,7818.7546,7732.8368,7739.485,3411947589.0,26604948028.9,-10.655,-0.1375,3349035.47,7.6,6.76,3.93,4.46,7750.14
399986,中证银行指数,2025-11-10,7726.463,7794.6248,7701.5074,7789.486,3370027531.0,25888111480.15,50.001,0.6461,3370671.91,7.64,6.8,3.91,4.44,7739.485
399986,中证银行指数,2025-11-11,7780.9555,7837.081,7761.756,7816.9053,2929828187.0,23315512094.18,27.4193,0.352,3382536.84,7.7,6.82,3.88,4.42,7789.486
399986,中证银行指数,2025-11-12,7836.6952,7920.5277,7836.6952,7854.3158,4557781843.0,34459839765.79,37.4105,0.4786,3398725.15,7.78,6.86,3.84,4.4,7816.9053
399986,中证银行指数,2025-11-13,7857.4416,7882.7144,7770.8711,7850.6842,4081706092.0,30479641687.51,-3.6316,-0.0462,3397153.66,7.77,6.85,3.85,4.4,7854.3158
399986,中证银行指数,2025-11-14,7852.3735,7946.6459,7852.3735,7870.5016,4455728598.0,32716065353.54,19.8174,0.2524,3405729.08,7.79,6.87,3.84,4.39,7850.6842
399986,中证银行指数,2025-11-17,7854.2417,7864.4481,7751.7102,7766.2579,4267559640.0,31885189747.98,-104.2437,-1.3245,3360620.66,7.68,6.78,3.89,4.45,7870.5016
399986,中证银行指数,2025-11-18,7752.1764,7775.3498,7718.7264,7739.4715,3201558614.0,23364779424.11,-26.7864,-0.3449,3349029.62,7.65,6.76,3.91,4.46,7766.2579
399986,中证银行指数,2025-11-19,7743.2278,7838.4996,7740.8852,7804.9108,3838808510.0,27677956435.42,65.4393,0.8455,3377346.58,7.73,6.81,3.87,4.43,7739.4715
399986,中证银行指数,2025-11-20,7790.1963,7952.0637,7771.3741,7867.0737,6199680372.0,42514976301.48,62.1629,0.7965,3404245.73,7.8,6.87,3.83,4.39,7804.9108
399986,中证银行指数,2025-11-21,7870.1528,7906.8263,7777.3346,7785.3611,5695777523.0,41365444209.13,-81.7126,-1.0387,3368887.01,7.74,6.8,3.86,4.44,7867.0737
399986,中证银行指数,2025-11-24,7788.5885,7806.3124,7719.3248,7725.4039,4758362056.0,35050485419.46,-59.9572,-0.7701,3342942.28,7.67,6.74,3.89,4.47,7785.3611
399986,中证银行指数,2025-11-25,7723.8383,7828.4406,7687.2932,7827.6332,4138533134.0,30627477988.12,102.2293,1.3233,3387179.02,7.77,6.83,3.85,4.41,7725.4039
399986,中证银行指数,2025-11-26,7831.8748,7875.8531,7752.1836,7767.1492,3716004717.0,27434600579.52,-60.484,-0.7727,3361006.32,7.67,6.78,3.89,4.45,7827.6332
399986,中证银行指数,2025-11-27,7758.7078,7827.5894,7699.1981,7808.3162,3351175576.0,26224303775.61,41.167,0.53,3378820.14,7.72,6.82,3.87,4.42,7767.1492
399986,中证银行指数,2025-11-28,7795.6516,7797.1352,7736.2499,7744.4525,3376004987.0,25246469153.14,-63.8637,-0.8179,3351184.99,7.65,6.76,3.91,4.33,7808.3162
399986,中证银行指数,2025-12-01,7728.4014,7807.8473,7721.7698,7803.4683,4355260483.0,31799244117.52,59.0158,0.762,3376722.36,7.67,6.81,3.9,4.3,7744.4525
399986,中证银行指数,2025-12-02,7799.2605,7832.9766,7755.8038,7804.5034,3060901156.0,22994725376.75,1.0351,0.0133,3377170.28,7.67,6.81,3.9,4.3,7803.4683
399986,中证银行指数,2025-12-03,7786.6719,7844.9473,7731.1856,7734.7408,3653454002.0,26599330641.66,-69.7626,-0.8939,3346982.56,7.6,6.75,3.93,4.34,7804.5034
399986,中证银行指数,2025-12-04,7738.1747,7750.3414,7692.2843,7702.2951,2944569426.0,20812308040.0,-32.4457,-0.4195,3332942.61,7.56,6.72,3.95,4.36,7734.7408
399986,中证银行指数,2025-12-05,7696.9544,7728.1432,7616.6052,7657.3833,3672294799.0,27030064582.64,-44.9118,-0.5831,3313508.36,7.51,6.69,3.98,4.38,7702.2951
399986,中证银行指数,2025-12-08,7656.6802,7694.2446,7637.25,7659.3366,3338779336.0,25278588014.7,1.9533,0.0255,3314353.58,7.52,6.69,3.98,4.38,7657.3833
399986,中证银行指数,2025-12-09,7665.5348,7695.3351,7617.588,7654.7106,3152675031.0,23714657860.03,-4.626,-0.0604,3312351.8,7.56,6.68,3.95,4.39,7659.3366
399986,中证银行指数,2025-12-10,7652.0151,7663.8608,7512.5568,7533.456,3831598599.0,30515515075.87,-121.2546,-1.5841,3259882.47,7.42,6.58,4.03,4.46,7654.7106
399986,中证银行指数,2025-12-11,7537.2134,7552.1864,7505.1752,7551.3612,3272960768.0,25741799006.92,17.9052,0.2377,3267630.4,7.46,6.59,4.01,4.45,7533.456
399986,中证银行指数,2025-12-12,7546.0385,7546.5329,7495.4977,7531.8733,4958588908.0,37934491832.54,-19.4879,-0.2581,3259197.59,7.38,6.58,4.05,4.46,7551.3612
399986,中证银行指数,2025-12-15,7506.5162,7562.8344,7490.9486,7524.0023,3257150900.0,24623154682.54,-7.871,-0.1045,3212257.88,7.32,6.55,4.08,4.47,7531.8733
399986,中证银行指数,2025-12-16,7520.7772,7542.8965,7455.8204,7483.3163,3025105922.0,22191822676.11,-40.686,-0.5407,3194887.61,7.27,6.51,4.11,4.49,7524.0023
399986,中证银行指数,2025-12-17,7472.4624,7536.1658,7439.4861,7490.9498,3081567940.0,23189788806.51,7.6335,0.102,3198146.62,7.29,6.52,4.09,4.49,7483.3163
399986,中证银行指数,2025-12-18,7491.6272,7646.0729,7473.0471,7640.3327,3367161965.0,26726086374.95,149.3829,1.9942,3261923.38,7.44,6.65,4.02,4.4,7490.9498
399986,中证银行指数,2025-12-19,7624.3748,7649.0922,7584.172,7606.2499,3080372268.0,23848905526.29,-34.0828,-0.4461,3247372.23,7.39,6.62,4.04,4.42,7640.3327
399986,中证银行指数,2025-12-22,7597.1706,7602.3082,7553.5102,7563.9941,2664151222.0,20391835215.49,-42.2558,-0.5555,3229331.76,7.37,6.58,4.05,4.44,7606.2499
399986,中证银行指数,2025-12-23,7566.3511,7613.8007,7556.5747,7591.883,2837706059.0,21288591502.37,27.8889,0.3687,3241238.53,7.41,6.6,4.03,4.43,7563.9941
399986,中证银行指数,2025-12-24,7592.3752,7600.9772,7537.947,7569.2747,2503121082.0,19477497674.92,-22.6083,-0.2978,3231586.26,7.39,6.58,4.04,4.44,7591.883
399986,中证银行指数,2025-12-25,7561.2411,7605.5194,7549.2518,7555.3056,2213412096.0,17538050257.97,-13.9691,-0.1846,3225622.36,7.36,6.57,4.06,4.45,7569.2747
399986,中证银行指数,2025-12-26,7550.3643,7564.9705,7523.5796,7528.8231,2136497639.0,17246761123.12,-26.4825,-0.3505,3214316.06,7.32,6.55,4.08,4.47,7555.3056
399986,中证银行指数,2025-12-29,7526.521,7608.9314,7505.6218,7606.0206,3310079749.0,26614669722.27,77.1975,1.0254,3247274.33,7.41,6.62,4.03,4.42,7528.8231
399986,中证银行指数,2025-12-30,7595.0433,7617.6145,7546.5342,7595.3363,2819748024.0,23051647082.88,-10.6843,-0.1405,3242712.84,7.4,6.61,4.04,4.43,7606.0206
399986,中证银行指数,2025-12-31,7589.2341,7621.0577,7569.1918,7603.1932,2730222997.0,21526779847.19,7.8569,0.1034,3246067.22,7.44,6.61,4.99,4.9,7595.3363
399986,中证银行指数,2026-01-05,7616.5533,7643.1557,7549.6512,7577.0513,3704934276.0,30064854350.01,-26.1419,-0.3438,3234906.35,7.37,6.59,5.03,4.92,7603.1932
399986,中证银行指数,2026-01-06,7578.0993,7616.1813,7530.6324,7616.1813,3956996120.0,32598801572.67,39.13,0.5164,3251612.31,7.37,6.63,5.03,4.89,7577.0513
399986,中证银行指数,2026-01-07,7606.0632,7631.9365,7553.8179,7562.3248,3455138636.0,29541906891.04,-53.8565,-0.7071,3228619.1,7.32,6.58,5.07,4.93,7616.1813
399986,中证银行指数,2026-01-08,7560.045,7560.045,7468.8287,7492.9251,3268741894.0,27838624169.79,-69.3997,-0.9177,3198989.94,7.26,6.52,5.11,4.97,7562.3248
399986,中证银行指数,2026-01-09,7494.6966,7503.5201,7438.7606,7460.6507,3094723741.0,26279290876.8,-32.2744,-0.4307,3185210.87,7.24,6.49,5.13,5.0,7492.9251
399986,中证银行指数,2026-01-12,7445.5317,7492.2732,7421.3239,7483.1171,3551442576.0,29569408485.07,22.4664,0.3011,3194802.6,7.28,6.51,5.1,4.98,7460.6507
399986,中证银行指数,2026-01-13,7487.1768,7578.1047,7485.7843,7530.0518,4418713420.0,36136544910.57,46.9347,0.6272,3214840.63,7.33,6.55,5.06,4.95,7483.1171
399986,中证银行指数,2026-01-14,7512.521,7512.521,7385.9512,7385.9512,5198161899.0,42682851238.8,-144.1006,-1.9137,3153319.06,7.21,6.43,5.15,5.05,7530.0518
399986,中证银行指数,2026-01-15,7379.8355,7397.1364,7325.2437,7334.7241,3643008536.0,29519955105.04,-51.2271,-0.6936,3131448.46,7.14,6.38,5.19,5.08,7385.9512
399986,中证银行指数,2026-01-16,7327.3721,7333.852,7206.3058,7228.4414,4480406843.0,38199164827.7,-106.2827,-1.449,3086072.67,7.05,6.29,5.26,5.16,7334.7241
399986,中证银行指数,2026-01-19,7215.6698,7243.2895,7166.11,7186.9618,3408160777.0,28381411909.61,-41.4796,-0.5738,3068363.6,7.0,6.25,5.3,5.19,7228.4414
399986,中证银行指数,2026-01-20,7185.7086,7259.7845,7167.3692,7241.9413,3987517562.0,31108015013.59,54.9795,0.765,3091836.24,7.05,6.3,5.26,5.15,7186.9618
399986,中证银行指数,2026-01-21,7248.5045,7276.1098,7117.2409,7127.3674,4486131256.0,35566111846.46,-114.5739,-1.5821,3042920.69,6.91,6.2,5.37,5.23,7241.9413
399986,中证银行指数,2026-01-22,7128.0703,7197.6131,7089.1359,7097.7199,4195955678.0,36454104813.54,-29.6475,-0.416,3030263.13,6.85,6.17,5.42,5.25,7127.3674
399986,中证银行指数,2026-01-23,7100.9172,7123.5073,7009.4041,7032.5705,4196340557.0,36252408008.92,-65.1494,-0.9179,3002448.57,6.79,6.12,5.46,5.3,7097.7199
399986,中证银行指数,2026-01-26,7025.053,7119.6414,6997.509,7059.189,5071186894.0,44569713856.47,26.6185,0.3785,3013812.93,6.83,6.14,5.43,5.28,7032.5705
399986,中证银行指数,2026-01-27,7063.1741,7145.025,7040.9786,7051.3811,4791698634.0,38821573600.51,-7.8079,-0.1106,3010479.46,6.83,6.13,5.43,5.29,7059.189
399986,中证银行指数,2026-01-28,7044.6795,7102.1703,6999.6068,7007.5342,5755831990.0,45733754056.62,-43.8469,-0.6218,2991759.7,6.79,6.1,5.46,5.32,7051.3811
399986,中证银行指数,2026-01-29,7010.7804,7136.1325,6969.8708,7116.4469,6430766872.0,49597521614.35,108.9127,1.5542,3038258.33,6.85,6.19,5.41,5.24,7007.5342
399986,中证银行指数,2026-01-30,7120.5324,7187.852,7088.9798,7088.9798,4935555058.0,38887062806.35,-27.4671,-0.386,3026531.66,6.82,6.17,4.5,5.05,7116.4469
399986,中证银行指数,2026-02-02,7103.1667,7206.3199,7089.4424,7099.6446,5472128372.0,41720774043.53,10.6648,0.1504,3031084.85,6.86,6.18,4.47,5.04,7088.9798
399986,中证银行指数,2026-02-03,7109.136,7109.2874,7020.8279,7041.9094,4553209749.0,32697684449.65,-57.7352,-0.8132,3006435.7,6.77,6.13,4.54,5.08,7099.6446
399986,中证银行指数,2026-02-04,7038.023,7146.984,7036.6419,7141.431,3902813661.0,29136214885.26,99.5216,1.4133,3048924.93,6.84,6.21,4.49,5.01,7041.9094
399986,中证银行指数,2026-02-05,7145.3103,7275.7752,7145.3103,7255.4683,4982472769.0,37825507934.29,114.0373,1.5968,3097611.39,6.92,6.31,4.44,4.93,7141.431
399986,中证银行指数,2026-02-06,7236.0046,7268.5364,7172.6066,7212.2019,4121213567.0,29466460105.55,-43.2664,-0.5963,3079139.47,6.89,6.27,4.46,4.96,7255.4683
399986,中证银行指数,2026-02-09,7198.6344,7250.9184,7173.4003,7237.7328,3351611183.0,23915726051.38,25.5309,0.354,3090039.5,6.91,6.3,4.44,4.94,7212.2019
399986,中证银行指数,2026-02-10,7237.4277,7279.4307,7234.5395,7256.5404,3206344499.0,22363664086.54,18.8076,0.2599,3098069.12,6.94,6.31,4.43,4.93,7237.7328
399986,中证银行指数,2026-02-11,7259.7359,7280.8952,7220.7388,7270.0527,2684378932.0,19521101657.0,13.5123,0.1862,3103837.99,6.95,6.32,4.42,4.92,7256.5404
399986,中证银行指数,2026-02-12,7268.6794,7269.0742,7158.6202,7169.1366,3777856709.0,27107584252.77,-100.9161,-1.3881,3060753.38,6.84,6.24,4.49,4.99,7270.0527
399986,中证银行指数,2026-02-13,7175.1397,7186.6891,7115.1535,7119.518,3048136752.0,22156073959.6,-49.6186,-0.6921,3039569.51,6.78,6.19,4.53,5.03,7169.1366
399986,中证银行指数,2026-02-24,7153.6243,7158.851,7101.8295,7101.8295,2750707623.0,21004882463.38,-17.6885,-0.2485,3032017.68,6.75,6.18,4.55,5.04,7119.518
399986,中证银行指数,2026-02-25,7108.5149,7133.2898,7060.3739,7067.5217,3867463109.0,26042290519.77,-34.3078,-0.4831,3017370.48,6.73,6.15,4.56,5.06,7101.8295
399986,中证银行指数,2026-02-26,7072.5835,7111.3428,7031.1932,7052.3448,2988484652.0,21345219890.17,-15.1769,-0.2147,3010890.91,6.69,6.13,4.59,5.07,7067.5217
399986,中证银行指数,2026-02-27,7052.3426,7091.9172,7043.919,7050.7686,2812178560.0,20922733751.07,-1.5762,-0.0224,3010217.99,6.68,6.13,4.77,5.49,7052.3448
399986,中证银行指数,2026-03-02,7029.9038,7120.001,7011.415,7091.3272,4261199401.0,29826461152.85,40.5586,0.5752,3027533.86,6.73,6.17,4.74,5.46,7050.7686
399986,中证银行指数,2026-03-03,7084.7906,7217.5643,7052.8636,7163.7553,6082402549.0,44636665852.39,72.4281,1.0214,3058455.95,6.85,6.23,4.66,5.4,7091.3272
399986,中证银行指数,2026-03-04,7139.8364,7139.8364,7035.6141,7086.513,5352303090.0,37770291997.35,-77.2423,-1.0782,3025478.5,6.78,6.16,4.7,5.46,7163.7553
399986,中证银行指数,2026-03-05,7070.1383,7161.4463,7066.6821,7151.3862,3553292562.0,25910023838.41,64.8732,0.9154,3053175.12,6.84,6.22,4.67,5.41,7086.513
399986,中证银行指数,2026-03-06,7138.4443,7181.4909,7119.0793,7162.7919,2864424451.0,20282130882.25,11.4057,0.1595,3058044.64,6.84,6.23,4.67,5.4,7151.3862
399986,中证银行指数,2026-03-09,7128.5254,7179.9196,7107.4806,7115.848,3928221825.0,28728574380.53,-46.9439,-0.6554,3038002.62,6.8,6.19,4.69,5.44,7162.7919
399986,中证银行指数,2026-03-10,7115.2453,7139.9719,7084.3532,7131.4075,3158726897.0,22008606483.86,15.5595,0.2187,3044645.53,6.78,6.2,4.7,5.43,7115.848
399986,中证银行指数,2026-03-11,7130.1944,7195.6904,7093.4576,7194.932,3226033162.0,23497597722.31,63.5245,0.8908,3071766.34,6.84,6.26,4.66,5.38,7131.4075
399986,中证银行指数,2026-03-12,7185.8493,7246.6898,7176.5335,7239.7329,3755164578.0,24700570631.27,44.8009,0.6227,3090893.39,6.88,6.3,4.64,5.34,7194.932
399986,中证银行指数,2026-03-13,7232.4387,7321.3275,7208.1127,7268.7242,3984440033.0,27916890988.42,28.9913,0.4004,3103270.81,6.9,6.32,4.63,5.32,7239.7329
399986,中证银行指数,2026-03-16,7267.0566,7329.3255,7250.4965,7296.8738,3396410190.0,24937881304.2,28.1496,0.3873,3115288.84,6.93,6.35,4.61,5.3,7268.7242
399986,中证银行指数,2026-03-17,7291.454,7377.0027,7285.6232,7357.5512,4012190662.0,28690495697.47,60.6774,0.8316,3141194.13,7.02,6.4,4.54,5.26,7296.8738
399986,中证银行指数,2026-03-18,7358.5363,7362.5136,7292.9082,7326.5922,3938279538.0,28261324237.51,-30.959,-0.4208,3127976.67,7.0,6.37,4.56,5.28,7357.5512
399986,中证银行指数,2026-03-19,7306.341,7362.2865,7300.8538,7312.177,3857791381.0,28050834675.05,-14.4152,-0.1968,3121822.32,7.03,6.36,4.54,5.29,7326.5922
399986,中证银行指数,2026-03-20,7311.0631,7356.99,7286.3102,7292.0216,3601140310.0,25782457369.87,-20.1554,-0.2756,3113217.25,7.0,6.34,4.56,5.31,7312.177
399986,中证银行指数,2026-03-23,7255.714,7255.714,7030.4893,7052.9077,5912594553.0,40028302640.31,-239.1139,-3.2791,3011131.22,6.77,6.14,4.71,5.49,7292.0216
399986,中证银行指数,2026-03-24,7082.9137,7204.7628,7082.9137,7201.7091,4005530853.0,28445865727.27,148.8014,2.1098,3074659.71,6.88,6.26,4.63,5.37,7052.9077
399986,中证银行指数,2026-03-25,7208.3714,7249.2497,7135.1817,7247.0711,3660710502.0,25089925367.54,45.362,0.6299,3094026.35,6.93,6.3,4.6,5.34,7201.7091
399986,中证银行指数,2026-03-26,7229.8351,7303.953,7229.2599,7274.3849,3171010987.0,22597230483.98,27.3138,0.3769,3105687.55,6.96,6.33,4.59,5.32,7247.0711
399986,中证银行指数,2026-03-27,7255.838,7292.8329,7219.8263,7238.1259,2887155080.0,20607886821.02,-36.259,-0.4984,3090207.33,6.93,6.3,4.6,5.35,7274.3849
399986,中证银行指数,2026-03-30,7205.273,7292.9825,7197.0715,7273.6122,3014072055.0,22223519688.51,35.4863,0.4903,3105357.67,6.99,6.33,4.57,5.32,7238.1259
399986,中证银行指数,2026-03-31,7281.8505,7366.8457,7281.573,7320.8658,4772111797.0,33028464279.36,47.2536,0.6497,3125531.84,7.09,6.37,4.5,5.28,7273.6122
399986,中证银行指数,2026-04-01,7336.1493,7400.0025,7314.6375,7329.5023,3665831787.0,26944637297.81,8.6365,0.118,3129219.06,7.08,6.38,4.5,5.28,7320.8658
399986,中证银行指数,2026-04-02,7332.2882,7396.8818,7327.03,7368.0106,3304269992.0,23913480614.64,38.5083,0.5254,3145659.62,7.17,6.41,4.45,5.25,7329.5023
399986,中证银行指数,2026-04-03,7368.3638,7368.3638,7265.8,7284.1619,2876546811.0,20141703796.16,-83.8487,-1.138,3109861.68,7.07,6.34,4.51,5.31,7368.0106
399986,中证银行指数,2026-04-07,7281.941,7293.2245,7198.2787,7216.2906,2790567331.0,20055221531.25,-67.8713,-0.9318,3080885.06,6.99,6.28,4.56,5.36,7284.1619
399986,中证银行指数,2026-04-08,7239.7247,7277.0304,7183.7759,7274.5864,3553521627.0,26078317358.32,58.2958,0.8078,3105773.6,6.99,6.33,4.57,5.32,7216.2906
399986,中证银行指数,2026-04-09,7258.2034,7276.0615,7201.4673,7213.1205,2447428771.0,18486161306.47,-61.4659,-0.8449,3079531.67,6.94,6.27,4.6,5.36,7274.5864
399986,中证银行指数,2026-04-10,7217.9795,7220.4809,7199.2157,7203.2683,2189959645.0,16975028275.42,-9.8522,-0.1366,3075325.4,6.92,6.27,4.61,5.37,7213.1205
399986,中证银行指数,2026-04-13,7195.1383,7206.3867,7157.9177,7204.4517,2139541454.0,16605978121.16,1.1834,0.0164,3075830.64,6.95,6.27,4.59,5.37,7203.2683
399986,中证银行指数,2026-04-14,7200.3124,7270.4102,7200.3124,7266.984,2438074862.0,18355157345.05,62.5323,0.868,3102527.86,7.02,6.32,4.54,5.32,7204.4517
399986,中证银行指数,2026-04-15,7267.3003,7353.1232,7264.4261,7344.6786,2944140357.0,24197049204.27,77.6946,1.0691,3138504.03,7.12,6.39,4.48,5.27,7266.984
399986,中证银行指数,2026-04-16,7341.2947,7388.3237,7305.4386,7317.0652,2703956067.0,21049931572.9,-27.6134,-0.376,3126704.38,7.1,6.37,4.49,5.29,7344.6786
399986,中证银行指数,2026-04-17,7311.9971,7328.6094,7282.5625,7287.0054,2322087779.0,18260770365.08,-30.0598,-0.4108,3113859.33,7.09,6.34,4.5,5.31,7317.0652
399986,中证银行指数,2026-04-20,7282.442,7366.8634,7271.5849,7363.1978,2774746617.0,22846547036.4,76.1924,1.0456,3146417.61,7.19,6.41,4.43,5.25,7287.0054
399986,中证银行指数,2026-04-21,7364.6335,7440.4489,7364.6335,7390.4449,2865449677.0,23330112808.34,27.2471,0.37,3158060.77,7.22,6.43,4.42,5.23,7363.1978
399986,中证银行指数,2026-04-22,7392.1676,7403.3747,7331.4365,7339.9412,2556449021.0,20396866989.09,-50.5037,-0.6834,3136479.69,7.14,6.39,4.47,5.27,7390.4449
399986,中证银行指数,2026-04-23,7334.4543,7392.3871,7316.9845,7366.5924,3492416882.0,26595290484.07,26.6512,0.3631,3147868.19,7.16,6.41,4.46,5.25,7339.9412
399986,中证银行指数,2026-04-24,7361.3498,7388.5849,7324.2872,7345.1708,2799861367.0,22415060814.31,-21.4216,-0.2908,3138714.36,7.15,6.39,4.46,5.27,7366.5924
399986,中证银行指数,2026-04-27,7358.1024,7425.6456,7310.5616,7319.4927,3164749198.0,28206120604.25,-25.6781,-0.3496,3127741.69,7.09,6.37,4.5,5.28,7345.1708
399986,中证银行指数,2026-04-28,7307.2458,7350.2235,7300.0473,7348.9747,3034875566.0,24358501088.34,29.482,0.4028,3140339.84,7.13,6.39,4.47,5.26,7319.4927
399986,中证银行指数,2026-04-29,7324.8063,7345.2911,7267.6892,7322.3879,3593560011.0,33880077845.92,-26.5868,-0.3618,3128978.85,7.1,6.37,4.49,5.28,7348.9747
399986,中证银行指数,2026-04-30,7298.2196,7325.193,7253.6291,7268.757,3837786540.0,30960671968.43,-53.6309,-0.7324,3106061.48,7.06,6.32,4.12,5.1,7322.3879
399986,中证银行指数,2026-05-06,7266.9047,7266.9047,7172.0356,7206.05,4041910328.0,33749048944.12,-62.707,-0.8627,3079265.73,6.75,6.07,4.16,5.14,7268.757
399986,中证银行指数,2026-05-07,7204.5509,7224.2606,7180.2904,7183.3241,2914915494.0,23276417279.65,-22.7259,-0.3154,3069554.57,6.74,6.06,4.16,5.16,7206.05
399986,中证银行指数,2026-05-08,7190.603,7234.1012,7166.0703,7178.4301,2596243952.0,21566193029.09,-4.894,-0.0681,3067463.27,6.75,6.05,4.16,5.16,7183.3241
399986,中证银行指数,2026-05-11,7169.6271,7181.7515,7136.3293,7175.3659,3533643189.0,27584648993.23,-3.0642,-0.0427,3066153.89,6.73,6.05,4.17,5.17,7178.4301
399986,中证银行指数,2026-05-12,7172.8978,7205.2866,7152.2249,7157.7418,2901280879.0,24411443289.53,-17.6241,-0.2456,3058622.83,6.73,6.03,4.17,5.18,7175.3659
399986,中证银行指数,2026-05-13,7143.2852,7158.9071,7110.8355,7124.3311,2765048289.0,22063804936.8,-33.4107,-0.4668,3044345.87,6.65,6.01,4.22,5.2,7157.7418
399986,中证银行指数,2026-05-14,7117.8963,7171.9295,7100.4506,7142.0369,3348021002.0,26364757385.19,17.7058,0.2485,3051911.88,6.69,6.02,4.19,5.19,7124.3311
399986,中证银行指数,2026-05-15,7137.4514,7175.8306,7094.2011,7110.046,3501353830.0,26342580361.68,-31.9909,-0.4479,3038241.63,6.66,5.99,4.21,5.21,7142.0369
399986,中证银行指数,2026-05-18,7096.4213,7096.5717,7022.5398,7041.8807,2963758553.0,22888507858.46,-68.1653,-0.9587,3009113.46,6.6,5.94,4.25,5.26,7110.046
399986,中证银行指数,2026-05-19,7041.9973,7121.8294,7041.9973,7068.6655,2873520915.0,22469403889.13,26.7848,0.3804,3020559.05,6.63,5.96,4.23,5.24,7041.8807
399986,中证银行指数,2026-05-20,7072.4005,7081.3424,7006.2087,7006.2087,2721148896.0,20565882346.75,-62.4568,-0.8836,2993870.2,6.54,5.91,4.29,5.29,7068.6655
399986,中证银行指数,2026-05-21,7006.0207,7056.383,6990.9596,7021.5822,3076957287.0,24121952528.35,15.3735,0.2194,3000439.55,6.57,5.92,4.27,5.28,7006.2087
399986,中证银行指数,2026-05-22,7011.9623,7046.2104,6972.2709,7007.1707,2915626149.0,23403872820.12,-14.4115,-0.2052,2994281.28,6.57,5.91,4.27,5.29,7021.5822
399986,中证银行指数,2026-05-25,6997.4583,7052.713,6983.3364,7007.5926,2362733554.0,19461251141.76,0.4219,0.006,2994461.55,6.57,5.91,4.27,5.29,7007.1707
399986,中证银行指数,2026-05-26,7008.169,7058.6431,7001.9138,7023.0985,2697336196.0,22092493103.74,15.5059,0.2213,3001087.48,6.58,5.92,4.27,5.28,7007.5926
399986,中证银行指数,2026-05-27,7020.8307,7051.5997,6987.1243,7000.9689,3199676292.0,25227724362.26,-22.1296,-0.3151,2991631.14,6.53,5.9,4.3,5.29,7023.0985
399986,中证银行指数,2026-05-28,6997.5159,7030.2806,6946.191,6955.9394,2839391614.0,23122114591.18,-45.0295,-0.6432,2972389.29,6.47,5.86,4.34,5.33,7000.9689
399986,中证银行指数,2026-05-29,6939.2155,7101.1101,6920.3512,7081.063,4100068022.0,34746138726.55,125.1236,1.7988,3025854.2,6.58,5.97,5.09,5.52,6955.9394
399986,中证银行指数,2026-06-01,7079.7056,7164.6057,7050.6524,7164.6057,3993128370.0,30985343510.87,83.5427,1.1798,3061553.34,6.67,6.04,5.02,5.45,7081.063
399986,中证银行指数,2026-06-02,7155.2649,7252.3405,7147.2431,7208.1718,3686961760.0,30042007496.11,43.5661,0.6081,3080169.86,6.69,6.07,5.0,5.42,7164.6057
399986,中证银行指数,2026-06-03,7196.7707,7196.8504,7105.3867,7141.3124,3280290180.0,25593237703.42,-66.8594,-0.9276,3051599.75,6.63,6.02,5.05,5.47,7208.1718
399986,中证银行指数,2026-06-04,7141.719,7166.9668,7047.8372,7062.6238,2833319484.0,22124168099.76,-78.6886,-1.1019,3017974.82,6.57,5.95,5.1,5.53,7141.3124
399986,中证银行指数,2026-06-05,7074.9875,7174.4074,7074.9875,7155.4954,3324401018.0,25685445071.98,92.8716,1.315,3057660.38,6.66,6.03,5.03,5.46,7062.6238
399986,中证银行指数,2026-06-08,7145.1668,7231.6474,7119.365,7195.8529,4112282506.0,31423260912.38,40.3575,0.564,3074905.79,6.76,6.06,4.95,5.43,7155.4954
399986,中证银行指数,2026-06-09,7166.47,7274.8781,7157.1359,7231.4081,4041155661.0,30965545170.33,35.5552,0.4941,3090099.13,6.78,6.09,4.93,5.4,7195.8529
399986,中证银行指数,2026-06-10,7231.9896,7356.3145,7222.8971,7343.8696,4419774787.0,34937969960.05,112.4615,1.5552,3138155.74,6.89,6.18,4.86,5.32,7231.4081
399986,中证银行指数,2026-06-11,7348.1647,7354.4778,7271.213,7322.1701,3384682390.0,26776501316.88,-21.6995,-0.2955,3128883.19,6.87,6.16,4.87,5.34,7343.8696
399986,中证银行指数,2026-06-12,7259.6343,7404.1159,7226.5411,7401.9077,4786059039.0,37939881990.07,79.7376,1.089,3162956.38,6.96,6.23,4.81,5.28,7322.1701
399986,中证银行指数,2026-06-15,7379.7403,7391.3226,7259.308,7284.3678,4571816685.0,36004387688.27,-117.5399,-1.588,3135747.88,6.83,6.14,4.9,5.38,7401.9077
399986,中证银行指数,2026-06-16,7262.8959,7273.4893,7179.1378,7191.6422,3149981050.0,24837962719.45,-92.7256,-1.2729,3095831.68,6.74,6.06,4.97,5.45,7284.3678
399986,中证银行指数,2026-06-17,7207.5209,7238.8001,7101.0982,7125.363,3097600761.0,23425580769.71,-66.2792,-0.9216,3067300.07,6.67,6.0,5.02,5.5,7191.6422
399986,中证银行指数,2026-06-18,7116.0969,7119.3174,6939.8546,6939.8546,4302702198.0,32369201673.34,-185.5084,-2.6035,2987435.22,6.49,5.84,5.15,5.65,7125.363
399986,中证银行指数,2026-06-22,6914.5874,7035.853,6875.8851,6992.9828,4264001154.0,32186428976.85,53.1282,0.7656,3010305.58,6.55,5.89,5.11,5.61,6939.8546
399986,中证银行指数,2026-06-23,6992.8599,7136.3971,6989.0484,7067.5004,4785741333.0,34885988497.41,74.5176,1.0656,3042383.56,6.68,5.95,5.01,5.55,6992.9828
399986,中证银行指数,2026-06-24,7068.3809,7086.0173,6889.4616,6890.0247,4496067141.0,33670656821.24,-177.4757,-2.5112,2965984.71,6.51,5.8,5.14,5.69,7067.5004
399986,中证银行指数,2026-06-25,6857.8017,6935.345,6825.4031,6829.2688,3718421737.0,29081364107.3,-60.7559,-0.8818,2939830.8,6.43,5.75,5.21,5.74,6890.0247
399986,中证银行指数,2026-06-26,6838.4106,6857.9293,6759.1252,6765.9059,3713548327.0,27532219162.21,-63.3629,-0.9278,2912554.64,6.38,5.7,5.25,5.8,6829.2688
399986,中证银行指数,2026-06-29,6750.434,6822.5268,6627.5813,6794.9159,4061326981.0,29911017944.23,29.01,0.4288,2925042.73,6.42,5.72,5.21,5.77,6765.9059
399986,中证银行指数,2026-06-30,6770.3144,6771.1952,6608.034,6634.8614,4095951870.0,30357403977.22,-160.0545,-2.3555,2856143.21,6.28,5.59,5.23,5.51,6794.9159
399986,中证银行指数,2026-07-01,6627.3873,6711.7804,6602.0534,6681.6298,3225998658.0,23587975452.98,46.7684,0.7049,2876275.85,6.28,5.63,5.22,5.48,6634.8614
399986,中证银行指数,2026-07-02,6709.3385,6823.5759,6676.189,6759.1147,3909133901.0,29054997866.49,77.4849,1.1597,2909631.2,6.3,5.69,5.21,5.41,6681.6298
399986,中证银行指数,2026-07-03,6755.7412,6820.0443,6689.9126,6756.5567,3363643499.0,24419122450.08,-2.558,-0.0378,2908530.01,6.28,5.69,5.23,5.42,6759.1147
399986,中证银行指数,2026-07-06,6736.7945,6893.5356,6707.8607,6885.4495,3997463484.0,28675060405.88,128.8928,1.9077,2964015.19,6.38,5.8,5.15,5.31,6756.5567
399986,中证银行指数,2026-07-07,6872.0425,6907.1933,6814.4337,6894.9438,3511948076.0,24783599946.79,9.4943,0.1379,2968102.24,6.44,5.8,5.1,5.31,6885.4495
399986,中证银行指数,2026-07-08,6865.7813,6968.3349,6817.851,6958.2221,3608890435.0,26201122580.49,63.2783,0.9177,2995341.99,6.52,5.86,5.03,5.26,6894.9438
399986,中证银行指数,2026-07-09,6919.5398,6940.3208,6866.3388,6895.427,3422663507.0,24705159283.97,-62.7951,-0.9025,2968310.24,6.45,5.81,5.08,5.31,6958.2221
399986,中证银行指数,2026-07-10,6836.3392,6891.5638,6811.3669,6879.4401,3518554018.0,26009927897.04,-15.9869,-0.2318,2961428.27,6.47,5.79,5.07,5.32,6895.427
399986,中证银行指数,2026-07-13,6854.9346,6998.1296,6838.1757,6995.2077,4747098118.0,35585978690.87,115.7676,1.6828,3011263.35,6.6,5.89,4.97,5.23,6879.4401
399986,中证银行指数,2026-07-14,6964.4416,7019.0456,6935.7725,7006.026,4321255377.0,31831768722.58,10.8183,0.1547,3015920.36,6.6,5.9,4.97,5.22,6995.2077
399986,中证银行指数,2026-07-15,6959.5506,7105.1093,6937.5886,7089.0118,4228437427.0,31933738116.27,82.9858,1.1845,3051643.7,6.64,5.97,4.94,5.16,7006.026
399986,中证银行指数,2026-07-16,7068.2574,7112.0182,6978.8802,7006.463,3562275360.0,26339726945.29,-82.5488,-1.1645,3016108.5,6.55,5.9,5.01,5.22,7089.0118
399986,中证银行指数,2026-07-17,7009.1828,7096.1857,7008.8579,7064.6496,5379609269.0,40041125876.96,58.1866,0.8305,3041156.37,6.65,5.95,4.94,5.18,7006.463
399986,中证银行指数,2026-07-20,7040.5004,7229.0451,7037.75,7227.4929,5977958792.0,45598497315.58,162.8433,2.305,3111256.37,6.81,6.08,4.82,5.06,7064.6496
399986,中证银行指数,2026-07-21,7238.7052,7288.1194,7062.0587,7071.2539,5887733883.0,45620539355.58,-156.239,-2.1617,3043999.35,6.65,5.95,4.94,5.17,7227.4929
399986,中证银行指数,2026-07-22,7050.342,7151.515,6994.4765,7151.515,4212149948.0,31491936608.2,80.2611,1.135,3078549.78,6.72,6.02,4.89,5.12,7071.2539
399986,中证银行指数,2026-07-23,7125.0002,7201.1317,7114.026,7191.6316,3262048434.0,24842650459.81,40.1166,0.561,3095818.98,6.76,6.05,4.85,5.09,7151.515
399986,中证银行指数,2026-07-24,7223.4472,7242.7233,7190.1449,7213.7269,3464330142.0,27541024631.85,22.0953,0.3072,3105330.46,6.8,6.07,4.82,5.07,7191.6316
399986,中证银行指数,2026-07-27,7219.9576,7255.707,7178.0644,7214.3156,3713812769.0,27252163969.71,0.5887,0.0082,3105583.89,6.81,6.07,4.82,5.07,7213.7269
399986,中证银行指数,2026-07-28,7241.5873,7323.7002,7202.3346,7322.9907,4521455092.0,35519165902.21,108.6751,1.5064,3152365.81,6.95,6.17,4.72,5.0,7214.3156
399986,中证银行指数,2026-07-29,7346.6777,7394.1129,7326.5324,7336.4099,4536232641.0,35616363920.94,13.4192,0.1832,3158142.45,6.94,6.18,4.73,4.99,7322.9907
399986,中证银行指数,2026-07-30,7324.6033,7517.4693,7321.7715,7517.4693,5815790707.0,45997256299.19,181.0594,2.468,3236084.0,7.11,6.33,4.62,4.87,7336.4099
399986,中证银行指数,2026-07-31,7396.0463,7438.728,7251.5244,7414.6328,6257599621.0,49463491644.01,-102.8365,-1.368,3191815.44,6.98,6.24,4.21,4.63,7517.4693
399986,中证银行指数,2026-08-03,7391.0456,7477.9632,7347.5377,7454.0497,4946236577.0,38380895816.96,39.4169,0.5316,3208783.45,6.99,6.28,4.2,4.61,7414.6328
399986,中证银行指数,2026-08-04,7415.2491,7415.2491,7251.4872,7251.7283,4972431460.0,37622965148.3,-202.3214,-2.7142,3121689.1,6.77,6.11,4.34,4.73,7454.0497
399986,中证银行指数,2026-08-05,7250.4824,7268.9389,7144.7551,7170.5971,4765609963.0,35232642133.25,-81.1312,-1.1188,3086764.13,6.67,6.04,4.41,4.79,7251.7283
399986,中证银行指数,2026-08-06,7177.8703,7217.8072,7107.629,7194.7419,4227553039.0,30915227185.01,24.1448,0.3367,3097157.87,6.7,6.06,4.39,4.77,7170.5971
399986,中证银行指数,2026-08-07,7173.7411,7200.1798,7092.6041,7147.5525,3723612692.0,26727339867.04,-47.1894,-0.6559,3076844.02,6.66,6.02,4.41,4.8,7194.7419
399986,中证银行指数,2026-08-10,7128.5839,7235.3193,7124.4095,7177.8766,3286978870.0,24797161632.58,30.3241,0.4243,3089897.77,6.68,6.04,4.4,4.78,7147.5525
399986,中证银行指数,2026-08-11,7180.6829,7222.1236,7150.308,7173.493,2930736293.0,21514319715.6,-4.3836,-0.0611,3088010.77,6.7,6.04,4.38,4.79,7177.8766
399986,中证银行指数,2026-08-12,7165.177,7172.526,7113.9287,7147.883,3004712565.0,21423139383.6,-25.61,-0.357,3076986.29,6.66,6.02,4.41,4.8,7173.493
399986,中证银行指数,2026-08-13,7128.5215,7182.2791,7118.7056,7182.2791,3221795023.0,23626070709.33,34.3961,0.4812,3091792.97,6.73,6.05,4.36,4.78,7147.883
399986,中证银行指数,2026-08-14,7154.133,7198.7932,7133.7416,7140.8911,2938298388.0,21469960557.13,-41.388,-0.5763,3073976.44,6.68,6.01,4.4,4.81,7182.2791
399986,中证银行指数,2026-08-17,7133.9799,7142.2506,7101.0673,7125.3122,2698335875.0,21002150319.0,-15.5789,-0.2182,3067270.11,6.67,6.0,4.4,4.82,7140.8911
399986,中证银行指数,2026-08-18,7122.1832,7178.9485,7122.0909,7170.6508,3247850993.0,25365461016.76,45.3386,0.6363,3086787.26,6.75,6.04,4.35,4.79,7125.3122
399986,中证银行指数,2026-08-19,7203.3397,7299.8027,7201.2935,7299.8027,4684555814.0,38286651008.96,129.1519,1.8011,3142383.94,6.88,6.15,4.27,4.7,7170.6508
399986,中证银行指数,2026-08-20,7253.1602,7341.0316,7234.3154,7327.9905,4058411560.0,31787839963.58,28.1878,0.3861,3154518.1,6.89,6.17,4.26,4.68,7299.8027
399986,中证银行指数,2026-08-21,7315.13,7355.6059,7285.2404,7306.3922,3008190870.0,22946235232.34,-21.5983,-0.2947,3145220.55,6.88,6.15,4.27,4.7,7327.9905
