date,w_DIV,w_NDX,w_BOND,w_GOLD
2018-12-19,0.2500037555763526,0.24998533466852546,0.24999832220945267,0.24999842677813866
2018-12-20,0.2506423674852565,0.24712173149462427,0.2515031768760856,0.25071852720410753
2018-12-21,0.2520950459790766,0.24064895140540107,0.2530314597422197,0.25421024935692627
2018-12-24,0.2533316830887844,0.2366252353955359,0.25384775571542556,0.2561809621678915
2018-12-26,0.24912761730791574,0.24620080299596353,0.25057536200682545,0.2540820924229142
2018-12-27,0.24900528490272564,0.24727711211083805,0.2509435645388746,0.25275992011729587
2018-12-28,0.24889799806001126,0.24587543275138662,0.2511334091447031,0.2540790534449687
2018-12-31,0.2499834015933589,0.2500066310686973,0.2500042400333972,0.2500042896060692
2019-01-02,0.24934540041750308,0.25013518457039424,0.2501100353430957,0.2504079456397866
2019-01-03,0.2510409809241554,0.24367682133056476,0.2518368850449496,0.25344386891952847
2019-01-04,0.24869150331980694,0.2515717293140427,0.24870574775270451,0.2510295904884313
2019-01-07,0.24850775597972907,0.2535670760598485,0.24823131266885148,0.24969242722247484
2019-01-08,0.24814946921532388,0.2551617646450782,0.24860141059497087,0.24808592953445352
2019-01-09,0.24772571422743347,0.2570091108971527,0.24836382737519208,0.24689992392518917
2019-01-10,0.24792335369313778,0.2565613289933859,0.2484520589898908,0.2470618336128023
2019-01-11,0.24853208093383497,0.25536955163093356,0.24907414974588074,0.24702278990854673
2019-01-14,0.24942681585775234,0.2526776578484221,0.2497262140796165,0.24816787929328252
2019-01-15,0.24852232304963945,0.2565589082047629,0.24867767560984677,0.24623966541100456
2019-01-16,0.24807112086562758,0.2563107889861956,0.24926252385386236,0.2463541411616594
2019-01-17,0.2475807440294948,0.25765069336167074,0.24878613498748775,0.24598100530583536
2019-01-18,0.2476918517755468,0.25950282027113214,0.24759255174142464,0.24521135920416823
2019-01-21,0.2480436093527038,0.26004122816515396,0.24746102339748244,0.24445272091116613
2019-01-22,0.24823081779419506,0.2565846971564295,0.24882841009302686,0.24635464890625766
2019-01-23,0.2489609831833598,0.2569743556848733,0.2484774067526305,0.24558583039425072
2019-01-24,0.24920669931405529,0.25762462672688696,0.2477787369457395,0.24538851544101709
2019-01-25,0.2493283763346979,0.26015833700928837,0.24652070397459552,0.24399116799370782
2019-01-28,0.2500257148859419,0.25593813474808136,0.24734481513305076,0.24668991518725225
2019-01-29,0.2515914137506231,0.25289578769568105,0.24765718243551163,0.24785419671370185
2019-01-30,0.24905914867857445,0.2579145132011016,0.2461099348801794,0.24691499314122803
2019-01-31,0.24902892598732157,0.25944011814087975,0.24553374088384916,0.24599581004026652
2019-02-01,0.25098390580592417,0.25792234335010356,0.24500926624516414,0.24608308265217685
2019-02-11,0.25166310191169516,0.25935219744745036,0.24429591835720527,0.24468738818995245
2019-02-12,0.2511622660144417,0.2626156153560435,0.24283752967743322,0.24338320403700864
2019-02-13,0.2534038400026667,0.26185201752345855,0.24239483774159534,0.24234792217364415
2019-02-14,0.2530559155941743,0.26264848996302026,0.2422728193092261,0.24202139171660708
2019-02-15,0.24920363757022324,0.2638946491439149,0.24280934058311743,0.24409098662490103
2019-02-18,0.2527110617737033,0.26248576787146183,0.24079635243003755,0.24400543979974698
2019-02-19,0.2523628927320152,0.26266363831400424,0.24050949536727415,0.2444625961846445
2019-02-20,0.2523041875539088,0.2619389436893117,0.24028568287931332,0.24546981062339837
2019-02-21,0.2521298213052862,0.26105747102145416,0.24136092660595718,0.2454503982430886
2019-02-22,0.2534879473610785,0.26223647860062915,0.24082157868366638,0.24345261521811898
2019-02-25,0.26075891422171693,0.2606071686444716,0.23798149509281347,0.2406510548754922
2019-02-26,0.2597196551207939,0.26093700852022644,0.23827806383313144,0.24106390143271214
2019-02-27,0.2602770153038953,0.2601984829517383,0.2386540643533095,0.24086906687871343
2019-02-28,0.26033584482297034,0.26037763970140465,0.23933802977133545,0.2399471114843774
2019-03-01,0.2623764303239758,0.26170865128889703,0.23804551914986036,0.23786802958572895
2019-03-04,0.2655771453861127,0.26183263548642516,0.237959080495188,0.2346297694263545
2019-03-05,0.26784685498998323,0.2614216703864999,0.23748684978484302,0.23324325778182103
2019-03-06,0.26947740199746867,0.2593684194546802,0.2370817615202612,0.23407105362949282
2019-03-07,0.269294877929575,0.25766226039689244,0.23891247803489157,0.23412901381166001
2019-03-08,0.26133281848368445,0.2596791700113328,0.24098844254352503,0.23799818897213426
2019-03-11,0.26285475742160064,0.26226232079843925,0.23859142051529209,0.23629013581018987
2019-03-12,0.2645087640608009,0.2626131685901838,0.23779452344212365,0.23508218204071818
2019-03-13,0.2629861989987855,0.26377480334443265,0.23717397015323594,0.23606366982949817
2019-03-14,0.26136433256898584,0.26399380663863753,0.23814647294410904,0.2364940242228425
2019-03-15,0.26358112108287046,0.2650459056742387,0.23649571199255942,0.23487590767511352
2019-03-18,0.2690089825194598,0.2632499689112432,0.23474435746928246,0.23299534826772592
2019-03-19,0.26835346346824523,0.26366794277217764,0.23449528417577895,0.23348196827706832
2019-03-20,0.2689758654971833,0.26445410106128153,0.23397997917189148,0.23258871520636268
2019-03-21,0.26780079623135195,0.2660902124066365,0.23312508144039695,0.23298257751579007
2019-03-22,0.2702993812887835,0.261555715900685,0.23430244925384128,0.23384111624096213
2019-03-25,0.2677665504578753,0.2621948719816465,0.23526342620099472,0.23477381182190102
2019-03-26,0.26481252287257206,0.2636399164838935,0.23603267085389346,0.23551354810423852
2019-03-27,0.2678612329059603,0.26213963481777725,0.23527268280677208,0.234725109691373
2019-03-28,0.2655610683560526,0.2635758008793598,0.23618087157418363,0.23468091678783795
2019-03-29,0.2500192756574765,0.2500276846464233,0.24993338516364078,0.2500188649790374
2019-04-01,0.2541487413012541,0.25063923859471665,0.24648892779850773,0.24872230957158312
2019-04-02,0.2540224425944002,0.2514029775431364,0.24609025494759124,0.2484835415876422
2019-04-03,0.2561144028311854,0.25206513082115006,0.2439059696955992,0.24791371660245612
2019-04-04,0.25862662606798104,0.25073447401942983,0.24280429451802296,0.2478338274054596
2019-04-08,0.25704145659394767,0.2525178842035365,0.24249265290760832,0.24794723041342034
2019-04-09,0.25834971386203176,0.2514529856928159,0.2419261376186039,0.24827038643117358
2019-04-10,0.25810181283557243,0.251990446186501,0.24119240502350023,0.24871456169353495
2019-04-11,0.2557315080687049,0.2522454006583828,0.24235671231491843,0.24966560187337722
2019-04-12,0.255656756528377,0.2544983538871419,0.2417975552506272,0.24804655587117258
2019-04-15,0.25528000635035863,0.2549553367554872,0.2420061956396978,0.2477576799351764
2019-04-16,0.25813683589241937,0.25467773064286914,0.2405890602790693,0.24659559533611755
2019-04-17,0.25893465018286643,0.255465413070806,0.24054441379392832,0.24505474530664495
2019-04-18,0.257350272797273,0.25583986359891786,0.24190770927827743,0.24490137438059828
2019-04-19,0.2579666961333241,0.25575168773746304,0.24112227131562333,0.24515856658560142
2019-04-22,0.2533024198994698,0.257861712692547,0.2418591108134699,0.2469759739809486
2019-04-23,0.25126511495202913,0.26103841965401786,0.24181226988620957,0.24588341368105102
2019-04-24,0.2518931820023272,0.2610510977796302,0.24147675736880292,0.24557818012601249
2019-04-25,0.24625858752135824,0.2632424708091178,0.2426383926721306,0.24785976344166033
2019-04-26,0.24370694423065487,0.2640033475204249,0.24327848125752624,0.24901044031143468
2019-04-29,0.24394711994922622,0.2643897582376275,0.24301556506751334,0.24864676977307068
2019-04-30,0.24618561218419668,0.26203670591957234,0.2432905599214284,0.24848633658385302
2019-05-06,0.23650286924368352,0.26523750433342314,0.2463430699041087,0.25191576356520695
2019-05-07,0.23920861714173033,0.2617301936490556,0.2468861742669515,0.25217422029338554
2019-05-08,0.23757832405710066,0.2614149781948118,0.24758088870111,0.2534250129947163
2019-05-09,0.23497560205531356,0.2612009271513613,0.2488979656215362,0.25492470680343665
2019-05-10,0.23984174418076987,0.26029026804565014,0.247125806256971,0.252741389478154
2019-05-13,0.23997028852016286,0.2533970985747971,0.25003834475188613,0.2565934688839478
2019-05-14,0.23710839270621642,0.2560679538832239,0.24839885248864557,0.2584240060827942
2019-05-15,0.2391281901783063,0.25865923386272816,0.24671778625049567,0.2554940008749235
2019-05-16,0.23943884435749044,0.2599262977652304,0.24555626812117043,0.25507780523655893
2019-05-17,0.235725243843633,0.25999445870200144,0.24767938303394166,0.25660012328208853
2019-05-20,0.2351132387783557,0.25783624933462873,0.24937745682554535,0.2576722583562917
2019-05-21,0.23692992612977098,0.2592294362443599,0.2478234479157265,0.2560163964797662
2019-05-22,0.23650838629811538,0.25890486380042516,0.24804320567366195,0.2565427487218024
2019-05-23,0.23538306145901944,0.2565710314345796,0.24972410139400095,0.2583210053691415
2019-05-24,0.2357566684422319,0.25569698844417965,0.24920221088024103,0.25934333400862386
2019-05-27,0.2382652130578618,0.25491271548797023,0.2481314374469105,0.2586898373199995
2019-05-28,0.23926272270978147,0.25403361292304205,0.24820513564566657,0.25849773296008155
2019-05-29,0.23882124010512373,0.25250301045848017,0.2493825643322186,0.2592923874265044
2019-05-30,0.23944483001401315,0.2534092043355944,0.24944405499221858,0.2577011134994594
2019-05-31,0.23955336733066812,0.24952516885238987,0.24969921895073324,0.26122144705777023
2019-06-03,0.2398557342388491,0.24431661747233652,0.25079942686957307,0.26502742217028974
2019-06-04,0.2363708179947306,0.24853296076027565,0.2493700011970268,0.2657254269597132
2019-06-05,0.23576878658478403,0.2497515809030747,0.24848899677674469,0.26598984553073324
2019-06-06,0.23405453823321518,0.25162200082496033,0.2482848521288812,0.26603781939838306
2019-06-10,0.2340081610172878,0.25697466343038733,0.24589427509941314,0.2631221182129459
2019-06-11,0.23809349277795483,0.2565879206661363,0.24453306944878297,0.26078473720369544
2019-06-12,0.23660842826118503,0.2553390984270885,0.2447948368843432,0.26325685597588366
2019-06-13,0.23529912294075409,0.25640338097845383,0.24471408350693952,0.26358263323133363
2019-06-14,0.2331893792610623,0.2548979323159552,0.24466194682936349,0.2672499633617118
2019-06-17,0.23336813806284254,0.2569424113148561,0.24522580940445884,0.26446286168319266
2019-06-18,0.23204497708999292,0.259246452935115,0.24371622170588014,0.2649915729433055
2019-06-19,0.23425790323871104,0.2595901237071001,0.24298702456966725,0.26316417495513317
2019-06-20,0.23550349070451124,0.2586085536802281,0.2403157588170809,0.26557143231179986
2019-06-21,0.23572667652809445,0.2567452544026168,0.24015853013472307,0.2673687752713324
2019-06-24,0.2353397396892053,0.2562307430449416,0.23956610294657213,0.2688626519095735
2019-06-25,0.23331136973161826,0.25222469133081055,0.23982658343953267,0.2746365928186899
2019-06-26,0.23401951870331886,0.25464564071883106,0.2404964813954596,0.27083759398445945
2019-06-27,0.23497193035457414,0.2554083008163691,0.23984440642152752,0.2697745988393211
2019-06-28,0.2338725560621685,0.25566431428842296,0.24024404927135218,0.2702183168804173
2019-06-30,0.25001882730648284,0.25000770678478884,0.24995754023951475,0.2500158059570186
2019-07-01,0.2542197084265806,0.25241259816817635,0.24937133280099943,0.24399624117728566
2019-07-02,0.2541345786623279,0.2517504128823878,0.24940140475686576,0.24471348475615476
2019-07-03,0.2522355105285323,0.2516393114880151,0.2473462318500942,0.2487788283452015
2019-07-04,0.2526630855351273,0.252466293560689,0.24788481672309715,0.24698568613204389
2019-07-05,0.25326234333317615,0.25186815941412755,0.24730670548576505,0.2475626737033528
2019-07-08,0.24983331994355057,0.2526904878970277,0.2492566476651692,0.24821942549309545
2019-07-09,0.2502071013981471,0.25407009121058094,0.24943109772356398,0.24629159061445946
2019-07-10,0.2486338221918686,0.25628123669886416,0.24929934945619395,0.24578547270944548
2019-07-11,0.24760690083859316,0.25461396479126847,0.24859083354407646,0.24918818227923387
2019-07-12,0.24864927633534653,0.2556183643591971,0.2483930050744747,0.24733923584599504
2019-07-15,0.24890882262187872,0.25602040745028437,0.24780901014217813,0.24726164158956657
2019-07-16,0.24930382627436232,0.25498605013628295,0.24803117657162388,0.24767882875879205
2019-07-17,0.24984879234652868,0.25470896638501334,0.24852366410626459,0.24691845865515094
2019-07-18,0.24758125495241415,0.2548130315873478,0.24863983351404326,0.24896576151658945
2019-07-19,0.2494562158706545,0.2513248833005251,0.24796930312818838,0.25124947963890626
2019-07-22,0.24784269105524656,0.2541595242166535,0.2481966534156914,0.24980101318653422
2019-07-23,0.24838784728032753,0.2556867086749935,0.24795647878544028,0.24796884725868049
2019-07-24,0.24888034459290045,0.25659499732308666,0.24664597269260133,0.24787856783906673
2019-07-25,0.2503473667631652,0.25407047827715673,0.24721313012214507,0.24836890708638118
2019-07-26,0.24991501887792977,0.25633936378112354,0.24661056941287854,0.24713493045185989
2019-07-29,0.25028900739126925,0.2556721043095782,0.2465499445263025,0.24748882623333074
2019-07-30,0.25116871367812726,0.25432287516500807,0.24633479711854417,0.24817349666717758
2019-07-31,0.25015468268616714,0.25189666240650804,0.24766995752905402,0.2502785795536328
2019-08-01,0.24971929199049514,0.25240490467414317,0.24955273092931338,0.24832295375210056
2019-08-02,0.2467026772329244,0.24896740689824406,0.25034553110547436,0.25398426619766556
2019-08-05,0.24350696231885804,0.2417818857384713,0.25219409194519943,0.2625169408802867
2019-08-06,0.23957131296734643,0.2462145148442279,0.2515154434905648,0.26269860989241844
2019-08-07,0.23723100259247104,0.2464802443798256,0.24986907695669489,0.26641955813387397
2019-08-08,0.23747612194105583,0.24966001193342913,0.24690872609505812,0.2659550233351282
2019-08-09,0.23634297062526927,0.24842525398803425,0.24824941165239645,0.266982246615818
2019-08-12,0.2394153492213717,0.24636874227010497,0.24850290879411052,0.26571288238628277
2019-08-13,0.23540649660378574,0.24919575918067602,0.2460419170891723,0.26935571118442303
2019-08-14,0.23909243145999887,0.2448734504763384,0.24945539822166723,0.26657860228826585
2019-08-15,0.2393302715597808,0.24387180892992125,0.24871461219295465,0.26808319011595055
2019-08-16,0.23812513644545197,0.24675086194738263,0.2474166331108921,0.2677072518321715
2019-08-19,0.24064051529483413,0.2488834698120244,0.24576843485128888,0.2647074642041733
2019-08-20,0.24075790291170146,0.24814599605878507,0.24647745467350585,0.2646185301616041
2019-08-21,0.2402341844478031,0.2500587383696244,0.24587153648498652,0.2638354246419049
2019-08-22,0.24034038188144521,0.2492615005464332,0.24566191682449656,0.2647360847339992
2019-08-23,0.24271252675883948,0.2436390743709242,0.247490761637003,0.26615752031481055
2019-08-26,0.23795830580881977,0.24444992778531865,0.24513429959452052,0.2724573511935046
2019-08-27,0.239846983291073,0.2440031437755055,0.24419230471853826,0.27195745301577934
2019-08-28,0.23928612857290138,0.24437216214933372,0.2437324083088489,0.2726091859676293
2019-08-29,0.23681239312794897,0.24719906276958833,0.2431186548468452,0.2728697746890824
2019-08-30,0.23722300486358588,0.24818780718111078,0.24400667349641816,0.2705823993122167
2019-09-02,0.23879253128423245,0.2480028884589725,0.2436805282386099,0.2695239369573097
2019-09-03,0.23872485514912217,0.24567774098707415,0.24405588443208917,0.27154140422878953
2019-09-04,0.2393060850435203,0.2473625487569887,0.2424805185420077,0.27085073329764875
2019-09-05,0.2386786530008924,0.25008113372399565,0.24140340078565936,0.26983669891165435
2019-09-06,0.241366609773799,0.2513291529523313,0.24287572159058743,0.2644284014201487
2019-09-09,0.24291765863824577,0.25053157734881926,0.24265859656942912,0.2638920532266978
2019-09-10,0.24303617708927544,0.25140123619045374,0.2438012393289004,0.26176123249893113
2019-09-11,0.2425577247211895,0.2529978356673163,0.24292686563589277,0.2615174594296136
2019-09-12,0.24351218584622258,0.253340018062322,0.24175195052476395,0.26139573129905846
2019-09-16,0.24458240131268857,0.2512863028158238,0.24235665624595665,0.2617745250646452
2019-09-17,0.24188777797679858,0.2533684967450178,0.2428125939977467,0.2619310164082407
2019-09-18,0.242730488927075,0.252939486052438,0.24196537790013903,0.26236453244265656
2019-09-19,0.24320431224769978,0.2532516799136949,0.2422176648464051,0.2613262283312832
2019-09-20,0.24341254093685338,0.25106614790421605,0.24261730687734326,0.2629038894623843
2019-09-23,0.2405693592802145,0.2510277693868904,0.24274349966642536,0.2656592568248315
2019-09-24,0.24213566836171924,0.24795892214553775,0.242890942811473,0.2670143516407926
2019-09-25,0.2392838163297858,0.2503145869405425,0.2423403361310657,0.2680611458434159
2019-09-26,0.24040207394631818,0.2505422514243838,0.2433978524112098,0.2656577068754161
2019-09-27,0.24108657182156287,0.24903457133525883,0.2443411655240843,0.26553757537
2019-09-30,0.25001295749281244,0.24999808511418858,0.2499745862016697,0.2500074720690265
2019-10-08,0.2523602165291593,0.2459960439107126,0.2513296797068163,0.25030714230594847
2019-10-09,0.2528069602099505,0.24662967039564115,0.24926731299248758,0.2512891996243324
2019-10-10,0.25381201278564025,0.24792582118286852,0.24868107577751805,0.2495742410970081
2019-10-11,0.2545771076922292,0.2505317702595274,0.24734420042019561,0.2475400918002816
2019-10-14,0.2577568454936794,0.2505697233251433,0.24739853355516503,0.24426806439094415
2019-10-15,0.255782937065786,0.2530195211117891,0.24668159435350376,0.24450913264086388
2019-10-16,0.2560680316603105,0.2528019647919859,0.2470100281625119,0.2441131523728603
2019-10-17,0.25495453342182667,0.25328979326269213,0.24696902756571557,0.24477983065601647
2019-10-18,0.2536463920103545,0.2523705704010596,0.2482618240029153,0.24571435031134733
2019-10-21,0.25395176979281986,0.2537731975256486,0.2470327668989441,0.2452354236133251
2019-10-22,0.25510353758916576,0.25209792361302547,0.24751781127658945,0.24527387166158673
2019-10-23,0.25355149092916235,0.2530613126078345,0.24770539270550915,0.24567494545409507
2019-10-24,0.25348290798691825,0.25475035308992905,0.24710376261001954,0.24465613364603478
2019-10-25,0.2534932536780148,0.2553331123779823,0.245309836529728,0.24585699725488444
2019-10-28,0.2534564963014123,0.25735768631559686,0.24398463738571619,0.24519439496555076
2019-10-29,0.25322785371518414,0.25653355662468497,0.2455627415900066,0.24466901825666265
2019-10-30,0.2525095610132369,0.25776958225846225,0.2454880249777398,0.24422599684225285
2019-10-31,0.25141191224669435,0.2577821814122226,0.24612199702289186,0.24467707176660575
2019-11-01,0.252568844094869,0.257934263465958,0.24452199628953641,0.2449681095903026
2019-11-04,0.2527895364187233,0.2590067601630303,0.24398166667151738,0.24421525605397443
2019-11-05,0.25427762353447503,0.2586002527141256,0.24438562483600426,0.24272972886484193
2019-11-06,0.25463569434460603,0.2587677683730798,0.24584852904701154,0.2407411951790649
2019-11-07,0.25511955035434547,0.2589959488390801,0.24550930680580185,0.24036838862970647
2019-11-08,0.25489835711082653,0.26085033045510764,0.2462911570983272,0.23795332637905578
2019-11-11,0.25183853691571245,0.2615359207208192,0.24791196094678586,0.23870672078568506
2019-11-12,0.25224354092861656,0.26278022420909597,0.24824874185465082,0.23672062497764546
2019-11-13,0.25072220764139286,0.2624677727991952,0.24815232165918982,0.23865083803646803
2019-11-14,0.25041729908666477,0.2624858591074131,0.24780105164002525,0.23928893439386742
2019-11-15,0.2492574941229727,0.26421943846021745,0.2479449657539294,0.23857124848859373
2019-11-18,0.251380436542705,0.26343355632546417,0.2476998879597853,0.23747929089310688
2019-11-19,0.25299484565008257,0.26245689866788063,0.24699073399284616,0.23755072545668376
2019-11-20,0.2519054413697432,0.2616952474306236,0.24754198967319693,0.23885051132500043
2019-11-21,0.25185719116203253,0.26163196050039145,0.2476761318510011,0.2388279034156266
2019-11-22,0.2514428479981097,0.26201963757689983,0.24754131526583276,0.23898938954431173
2019-11-25,0.25389539218215557,0.26427859315463337,0.24605424360889874,0.2357649924842518
2019-11-26,0.2537088593230361,0.26443467445199853,0.24619819919510535,0.23565149109731898
2019-11-27,0.2524402541820501,0.2659674425933962,0.24582575352934882,0.23575978307208825
2019-11-28,0.2517640233023939,0.26622149110507154,0.24642790684348703,0.23557979907180127
2019-11-29,0.25196995426432395,0.26509068073965775,0.24652567113553622,0.23640691218499385
2019-12-02,0.2531031948209509,0.2628664793704864,0.24700009120105118,0.23702342776905122
2019-12-03,0.25395121418621946,0.2608116661180239,0.24715387475495235,0.23807644194895916
2019-12-04,0.25180877710193367,0.26122647094136003,0.24582825558237267,0.24112973200333604
2019-12-05,0.2525425487498599,0.26227671783078577,0.24586511406389233,0.23930885233919774
2019-12-06,0.2530340457634768,0.2640019235703091,0.24545172793796102,0.2375055489058668
2019-12-09,0.25456830493319804,0.26338073445187504,0.24580123653466665,0.23624295970023987
2019-12-10,0.25411770133696776,0.2630865108005866,0.24582252279573674,0.23696650160585284
2019-12-11,0.2542223820125646,0.2641137927249953,0.24557780448872343,0.23607926848975616
2019-12-12,0.2533570424688738,0.2648942212712934,0.24494080367355425,0.23680119981271835
2019-12-13,0.2562353540159429,0.26490051826257693,0.24445315085525263,0.2344042526399356
2019-12-16,0.2560903381013676,0.26538492674543235,0.2434162336474792,0.23510180611237358
2019-12-17,0.25762720489256946,0.26529982737600855,0.24264746142239688,0.23441882165474953
2019-12-18,0.2569909823531279,0.2655058822056512,0.2426688967778373,0.23482755310834
2019-12-19,0.25714228718037724,0.2668978762989327,0.2422014074212686,0.2337517598283459
2019-12-20,0.25623622118816725,0.2673894373916962,0.24229719213793102,0.23407049736729255
2019-12-23,0.2536311990007164,0.2685728953630248,0.24266336609035613,0.23512588139628357
2019-12-24,0.25379790202931946,0.26824158004198984,0.24256970516054127,0.23538416493121384
2019-12-25,0.25319464910993694,0.26793489012731364,0.2424901958110266,0.23637362052077357
2019-12-26,0.2543222778988453,0.26801703449991704,0.24170090603921957,0.2359531726682509
2019-12-27,0.2547527074721177,0.2677216383629774,0.24143652892382245,0.23608252570405508
2019-12-30,0.257851819787534,0.26526980925283883,0.24113579195954266,0.23573598816909677
2019-12-31,0.2500087208481172,0.25000725957968895,0.24996542536341224,0.25001290379916685
2020-01-02,0.25098567228007207,0.25179996709690894,0.248123979614131,0.24908472835418594
2020-01-03,0.25026424976286943,0.2494660213839506,0.24764631964067435,0.2526177649944407
2020-01-06,0.2476361072470739,0.24959288734160504,0.2464239521175757,0.25634144319497515
2020-01-07,0.24942942235265356,0.2497302728244753,0.24650897227377258,0.2543257158584533
2020-01-08,0.2456225337364301,0.25025236886597146,0.24655957294569594,0.2575599205054379
2020-01-09,0.24868950530912082,0.2533000797540766,0.24745166363392823,0.2505531297686599
2020-01-10,0.24805501505189093,0.2523526410795865,0.24814376321517806,0.25144295415335255
2020-01-13,0.24812018878395461,0.25434448499820106,0.24751691294252462,0.2500128014006268
2020-01-14,0.2493365075459755,0.25327128809658506,0.24838346563067543,0.2490031039484894
2020-01-15,0.24792479587974925,0.2530351603477012,0.24847697310238961,0.2505574341844817
2020-01-16,0.24603126232818645,0.25510831672109713,0.24822009396882355,0.2506346965300035
2020-01-17,0.24565269318918623,0.2563821005368946,0.2481136460684971,0.24984593609099917
2020-01-20,0.24554601924979796,0.2556387292733186,0.2486116531154406,0.2501979734308739
2020-01-21,0.24201435868675766,0.2556550614829629,0.2496288878026437,0.25269605985871724
2020-01-22,0.24227274491969056,0.2570470193683324,0.24978230356573938,0.2508923020153062
2020-01-23,0.2364481409694832,0.2589828518854817,0.251254220401221,0.25330913482701073
2020-02-03,0.2199640930972894,0.2605992734443351,0.2571048761096182,0.2623260389837602
2020-02-04,0.22207441766705435,0.26547701063932866,0.2543040958526232,0.25813881589823834
2020-02-05,0.2239628314004721,0.2661707171275785,0.25384142398567894,0.25601937616161713
2020-02-06,0.22530404906889925,0.2680621401462735,0.2531717113576161,0.2534564676796338
2020-02-07,0.22421242961928453,0.2663592194843936,0.25397603276752345,0.25544668107165
2020-02-10,0.22561101917913368,0.267898018010697,0.2522142551763771,0.25427111520408685
2020-02-11,0.22718836869596037,0.26776195981637363,0.2513914050894085,0.25365267842756
2020-02-12,0.22775191080073567,0.26935166144931316,0.25081130639342786,0.2520795438224104
2020-02-13,0.2265997037079543,0.2689244164601124,0.25074002791146927,0.2537302784286886
2020-02-14,0.22780744224417424,0.2692323136567248,0.2495607607816444,0.25339392263578236
2020-02-17,0.23095273735510405,0.26778424541827234,0.24802724435026532,0.25323023893063207
2020-02-18,0.2293724538857106,0.2679444612831596,0.24814138586098639,0.2545361664732657
2020-02-19,0.22768720923387667,0.2696939613475601,0.24671813230149467,0.2558951947146696
2020-02-20,0.23019711705787066,0.26694807177021157,0.2463380648200762,0.25651124860590707
2020-02-21,0.22997549927001515,0.26216552328145143,0.24649291218707045,0.26136057659888906
2020-02-24,0.22906619624902919,0.2538417821999436,0.24879416789682815,0.26829232565258154
2020-02-25,0.22998953235616681,0.25065566477527934,0.25242538867809927,0.2669238046992332
2020-02-26,0.2306028221634088,0.25029352781624215,0.251630431844631,0.26746763067085777
2020-02-27,0.2344619744364137,0.24067165069158736,0.2548660859318053,0.2699946415611153
2020-02-28,0.2310992733061665,0.24307346740744176,0.2578445046029761,0.267977058365017
2020-03-02,0.2359318825588193,0.25013157490444904,0.2542038696614519,0.2597270541735469
2020-03-03,0.23785345457092683,0.2437005464140304,0.25654050000492123,0.26189982673390183
2020-03-04,0.23654636586466823,0.24899777511608584,0.2528379724374683,0.2616123193797536
2020-03-05,0.2403702641373558,0.2419764958931379,0.2538696450441821,0.263778004309764
2020-03-06,0.23744874304292596,0.23842473784826626,0.25536237377546767,0.26875853972623065
2020-03-09,0.23624383845361333,0.22664804379489858,0.26215375161192417,0.2749486474622392
2020-03-10,0.23689349776499255,0.23661669972389104,0.2585641299480914,0.26792000216186285
2020-03-11,0.23674164639230827,0.22954913450667452,0.2609799418367239,0.27272355154650985
2020-03-12,0.23998071650015942,0.21455649077969685,0.2678942059224855,0.27756270353663987
2020-03-13,0.2339838609496177,0.23464108629568098,0.2644480286967785,0.26692119955530075
2020-03-16,0.23838681996086541,0.2151661908548587,0.2762139870072805,0.27022691695497475
2020-03-17,0.2374533651609019,0.22849836498377626,0.275147482728876,0.2588947111563698
2020-03-18,0.23502758135091584,0.22184707657788633,0.27687528829445135,0.26624394036232296
2020-03-19,0.2315444984535071,0.22623264899004847,0.2772025639827773,0.26501416207664774
2020-03-20,0.2354216260601246,0.21881719368594654,0.2777090453366042,0.2680460089493549
2020-03-23,0.23026297090037542,0.22025834435644426,0.28040962670035224,0.26906289412334067
2020-03-24,0.22780039744643502,0.22850464475173696,0.27068773332136375,0.27300127780966826
2020-03-25,0.2313579212989153,0.22369713769981647,0.26896048521797444,0.2759785488956267
2020-03-26,0.22739221877779092,0.23346130857294017,0.2667828578868189,0.2723577692048237
2020-03-27,0.23015673372542875,0.22514829021264254,0.26808295753181616,0.27660613796892575
2020-03-30,0.2272329027968873,0.23253569611662464,0.2664419643505971,0.27378359201525837
2020-03-31,0.2500241297043175,0.24991655139707755,0.2500262005389806,0.2500196421120525
2020-04-01,0.25260911497524197,0.24259949910529405,0.2542132081502387,0.25056450733112806
2020-04-02,0.2530288639074305,0.24622776396300877,0.25175571240524885,0.2489740974657886
2020-04-03,0.2528706812998798,0.2438535035249892,0.2521579161373449,0.25110429728875
2020-04-07,0.24977445599202971,0.25310092696148084,0.24699761864959666,0.2501137628893125
2020-04-08,0.2483823424956026,0.25627138121611376,0.24670503636031574,0.24862804914165612
2020-04-09,0.24884514034292343,0.256564541566078,0.24596414787571277,0.2486129863712656
2020-04-10,0.24784677666897512,0.25618391271061136,0.24589012878408398,0.2500659867319349
2020-04-13,0.2474031551102638,0.25824797421909645,0.24506701168385345,0.2492686984189543
2020-04-14,0.24535608187343688,0.26526703567725973,0.24101892319225057,0.24834502315827645
2020-04-15,0.24541388617320772,0.26378613882049645,0.24285063765244067,0.2479363209694239
2020-04-16,0.24284296402699473,0.2675802938248852,0.2411213751823395,0.24844246917201618
2020-04-17,0.24455518254020864,0.27049064895298636,0.2413088122666158,0.24363242340641791
2020-04-20,0.24614254724922988,0.2678000787142818,0.24151770344074452,0.24452670131937831
2020-04-21,0.2463740820480356,0.26036664189598946,0.24379612990464425,0.2494500680301931
2020-04-22,0.24452030643785003,0.2667239106084275,0.24209520022269065,0.24664761254960246
2020-04-23,0.24319482915400673,0.26505977750088877,0.24241970463056386,0.24931276272298414
2020-04-24,0.24069587772168355,0.267910607118662,0.2417146014256132,0.24966604833938416
2020-04-27,0.24201481509970144,0.2684827936695364,0.24077803635003428,0.24871151406094022
2020-04-28,0.24365842728474071,0.26541290761539904,0.2427819065442776,0.24813383171661796
2020-04-29,0.24441383074795286,0.2706833342120105,0.23972700445179665,0.24516309415930948
2020-04-30,0.24561644783442116,0.26994064804628404,0.23826607882126452,0.24616413157125
2020-05-06,0.24540864277838945,0.27035569558851796,0.23803856095103607,0.24618438355493022
2020-05-07,0.2450672123040415,0.27391636021053467,0.235912433307616,0.24509131862762376
2020-05-08,0.2448860549471842,0.27503278108896473,0.23435629020506837,0.24571228648854254
2020-05-11,0.2459140306739968,0.2769326915259244,0.23320771797223405,0.24393299019675865
2020-05-12,0.2461039684276634,0.2736809432588139,0.23482982996863516,0.2453726050948586
2020-05-13,0.24761616712925216,0.27096365062981764,0.2352217992792876,0.24618569150733755
2020-05-14,0.2441891465779616,0.27362859886360863,0.23486508113645455,0.24730450357393038
2020-05-15,0.24225158175328726,0.27408245750832405,0.23407913681620465,0.24957421268505522
2020-05-18,0.24050212079819075,0.27634265410980935,0.23064642647311495,0.25249634022013834
2020-05-19,0.24237912425262614,0.27619679137866204,0.23149048100756264,0.2499210892609237
2020-05-20,0.2393215635536323,0.2797848478943853,0.23016091150003298,0.25072025976032697
2020-05-21,0.2405149788875114,0.2781704978949813,0.23190344169106442,0.24939858097625936
2020-05-22,0.23666866921505855,0.2800189688249652,0.23349607015379303,0.24980377030284312
2020-05-25,0.23740370518478782,0.2808382579409541,0.23252693109443118,0.24921859124529233
2020-05-26,0.2379590498828601,0.2802948565235147,0.2314737418139912,0.2502598433631378
2020-05-27,0.23890823959937987,0.28122536363646866,0.2314467495777066,0.24840712988956637
2020-05-28,0.23962979963611197,0.28021374930196263,0.23103149975807347,0.2491124754280246
2020-05-29,0.23750722081204492,0.28367137262124625,0.23065963063683628,0.24814933316641224
2020-06-01,0.23996676122961336,0.28280992991200843,0.22839234675325787,0.24881861340173606
2020-06-02,0.24108705944851108,0.28371599236825223,0.22730151324714695,0.24788309564941047
2020-06-03,0.24120150112221594,0.2852676564862827,0.22738256050250116,0.24613591702080384
2020-06-04,0.24284108729211581,0.28418150358076183,0.2278848747317441,0.24508011523966117
2020-06-05,0.2414785547276244,0.2882185423275411,0.22642794705028704,0.24386259876061211
2020-06-08,0.24245426148551322,0.2896994796262212,0.22665876381267847,0.2411751568854739
2020-06-09,0.2429286220139498,0.290275321884715,0.22601219929439315,0.24077155194113034
2020-06-10,0.24082998498265196,0.2922805466065917,0.2247469124795105,0.24213031765222512
2020-06-11,0.2422266398983699,0.2814253423924248,0.2287468322222301,0.24758876696412724
2020-06-12,0.24190716861266023,0.2835655854749429,0.22826673140489173,0.2462481398260488
2020-06-15,0.2397080364364868,0.2872064977233716,0.22822190737177364,0.24485117231151549
2020-06-16,0.24122810346910362,0.28959603777259824,0.22545817518074734,0.24370538719900528
2020-06-17,0.24123157215964458,0.29047339779085884,0.2244818793313582,0.24380087799331338
2020-06-18,0.24201121538675957,0.29067844709654606,0.2244514675351404,0.24284662554489847
2020-06-19,0.24265893915513795,0.2903119624383949,0.2239835701719292,0.24303329923555322
2020-06-22,0.24026709956159203,0.29266598016308154,0.22279669435410762,0.24425803448260097
2020-06-23,0.23924841105670633,0.2939313514268726,0.22242389375227314,0.24438416549649133
2020-06-24,0.24120291286535508,0.28845126874849447,0.2236355864237024,0.24669801450757745
2020-06-29,0.2402888209366932,0.28848416094690266,0.22412855952941788,0.247086226282074
2020-06-30,0.25001971267300604,0.2500254057791072,0.2500156973983084,0.24993377289866026
2020-07-01,0.2534950774387147,0.25008210274982656,0.24722935634575943,0.2491881088287685
2020-07-02,0.2592967212844758,0.2497858566234122,0.2459464378453366,0.24496565730055697
2020-07-03,0.2619849516216435,0.24895120808202217,0.2442517111387747,0.2448068256561252
2020-07-06,0.2727775841923275,0.2501151999826422,0.2376320616269022,0.2394699584856984
2020-07-07,0.2728135489096392,0.2481302591261325,0.23825629212309693,0.24079468179368063
2020-07-08,0.27322712045103875,0.24979071324113375,0.23630500734908155,0.24067196864163057
2020-07-09,0.27452581128077685,0.25012072444367944,0.23441336772959506,0.24093493417116055
2020-07-10,0.2704261954019762,0.25270194149819597,0.2361252368486503,0.24074143865677036
2020-07-13,0.27591978918467547,0.24702079470942165,0.2357576847246623,0.2412965502604108
2020-07-14,0.274506652967976,0.24887725910992375,0.23609527144010942,0.2405156411198004
2020-07-15,0.271582756499655,0.24966485800537006,0.23760915457106016,0.24113804322190308
2020-07-16,0.26923696745410125,0.24916692015823447,0.2393654755302587,0.24222541755257682
2020-07-17,0.2692883506912653,0.25028296585416,0.2394356593612612,0.2409878005245988
2020-07-20,0.2750989907535674,0.2523479432273077,0.2352890929714087,0.23725884655900267
2020-07-21,0.27475222895973805,0.24976701651696023,0.23612301594285884,0.23935260466046845
2020-07-22,0.27322334332666653,0.24860198561022162,0.23501415878314924,0.24315540885154208
2020-07-23,0.27281868462829634,0.24437432065999568,0.2365810799095868,0.24622077439122467
2020-07-24,0.26596153579300774,0.24394916054029292,0.23895802703485164,0.2511260989592367
2020-07-27,0.2625172895510383,0.24650979277724214,0.23669760181910546,0.254270183062459
2020-07-28,0.26494012528339367,0.24376707025630454,0.2369477957635571,0.25433985536030007
2020-07-29,0.2676429389247469,0.24479599148051737,0.23437703045512023,0.2531789314177699
2020-07-30,0.2683663114352426,0.24623366492558532,0.23475436602263863,0.2506405412101273
2020-07-31,0.26865392763861745,0.2476680454609454,0.23179766636129584,0.2518753009073534
2020-08-03,0.27225645356673395,0.24917502519365317,0.22978048766195283,0.24878302110029066
2020-08-04,0.27249545117675045,0.24918857618769902,0.22959610208293815,0.24871486408586363
2020-08-05,0.2695745810193837,0.2482749470011098,0.22816402825740092,0.2539814643490828
2020-08-06,0.268685502067583,0.2493757883079989,0.22698979932260985,0.25494395104630974
2020-08-07,0.2685775391488561,0.24693835690936858,0.22729603254749797,0.2571831026632071
2020-08-10,0.2710579965937005,0.24652546564130964,0.2276674046570448,0.25474416520113535
2020-08-11,0.2727735265686145,0.24472422009670147,0.23019932191515557,0.2522979101682195
2020-08-12,0.27491744055386275,0.25314731299041165,0.232406979415856,0.2395231950243424
2020-08-13,0.2750611953249688,0.25182243530165727,0.23148385069771713,0.24162747068115137
2020-08-14,0.27601794610368674,0.2504097152079937,0.23076418331329654,0.2428031281550889
2020-08-17,0.27966542196716365,0.24990686284643857,0.2281063920130007,0.24231635828452072
2020-08-18,0.27786429009737684,0.2503673871045832,0.22592515602436328,0.24583823915342554
2020-08-19,0.2782003969565093,0.2500201044869494,0.22748742877747546,0.2442871038714361
2020-08-20,0.27651085217778637,0.2548895185184176,0.22818761560336898,0.24040702768914646
2020-08-21,0.27660680614740846,0.2555962336049489,0.2281015779502727,0.23969040433219424
2020-08-24,0.27668270903380066,0.2567722318395186,0.22724873800441434,0.23929135764540127
2020-08-25,0.2760662798462884,0.2590266396161067,0.22688075039828706,0.23802136262298124
2020-08-26,0.2717035978884034,0.2640209354803116,0.22663047214194929,0.23764002979901583
2020-08-27,0.2715406900272479,0.26201723444269676,0.22623159210605157,0.2402055249997011
2020-08-28,0.27376486303872183,0.26210799531957557,0.22487344173563673,0.23924876771522338
2020-08-31,0.2711497980541302,0.263492108644913,0.22557073639429362,0.2397824241507151
2020-09-01,0.2690040591642459,0.26559174581604544,0.22414827564731826,0.24125101377200464
2020-09-02,0.26863858655018547,0.2685811237990414,0.2241111237235355,0.23866424818021836
2020-09-03,0.27213187048285636,0.258952885327654,0.22823121128341411,0.2406790260689565
2020-09-04,0.27195792240997063,0.25700084868006995,0.22908290190719954,0.2419532972354359
2020-09-07,0.269773292861437,0.2582787666399377,0.22977511919281993,0.24216776899588124
2020-09-08,0.2742961889903017,0.24830903114010314,0.2322069467092478,0.24518273313312675
2020-09-09,0.26857097065744034,0.2549041195306116,0.23195952944143405,0.2445602960354245
2020-09-10,0.2689001735320954,0.2505837505842635,0.23312133283855868,0.24738963296626637
2020-09-11,0.2701032693438161,0.2497472664239713,0.23293240387029024,0.24721193998045843
2020-09-14,0.2693018503613859,0.252992023700581,0.23181849724101125,0.24588252662940444
2020-09-15,0.2686824118885791,0.25466089455317825,0.23120326369932884,0.24544835542690582
2020-09-16,0.27124410155822865,0.2502493255607443,0.23214514865975588,0.2463563235580411
2020-09-17,0.27281099050143154,0.24748122578244783,0.23351244958211842,0.2461902024488384
2020-09-18,0.27776450618104054,0.2430591489116896,0.23282836403509216,0.2463428681259031
2020-09-21,0.27621701533635196,0.2441065988801423,0.23336976104840002,0.2463015100921233
2020-09-22,0.273175688438512,0.2506353819217705,0.23467778772608705,0.24150600726443494
2020-09-23,0.2759440314736268,0.24578970195808297,0.23704256555108832,0.24121851039826916
2020-09-24,0.2730782148369731,0.24893832136232585,0.23860086114519585,0.23937737994880046
2020-09-25,0.2697689189949547,0.2532626018971124,0.23642645639581303,0.24053683689154176
2020-09-28,0.26909894903730797,0.2569699456684684,0.23534433168991792,0.23858161984541634
2020-09-29,0.2689082856257889,0.2553893396544721,0.2347309439697901,0.24096628422102426
2020-09-30,0.25001420419276654,0.2500059723445271,0.25001629255158053,0.2499597681220552
2020-10-09,0.2518256992080466,0.2529649183843128,0.2468807851328858,0.24832487178911616
2020-10-12,0.2532760820648979,0.2550319775674328,0.24389499180121063,0.2477932699137264
2020-10-13,0.253768141531811,0.2556330369574739,0.2439694769741884,0.2466256642575415
2020-10-14,0.2540885413639904,0.25550685196089196,0.2448918734533569,0.24550903444618913
2020-10-15,0.25452592031991195,0.25402083324577507,0.24553882281071784,0.2459107142985772
2020-10-16,0.25612517648842725,0.2523467701030948,0.24505200957524145,0.24647234101798057
2020-10-19,0.2564261348265507,0.24817913593020127,0.24707040731787985,0.24832059500465328
2020-10-20,0.25643341019123816,0.24923455546995688,0.24756778756972178,0.24676051329787824
2020-10-21,0.25625592326354474,0.24805248634882623,0.2474959018710358,0.2481919607123747
2020-10-22,0.2554715447768429,0.2475775166670784,0.2483572149327687,0.2485899889941019
2020-10-23,0.25481952094754096,0.24898410586828204,0.2481689662313412,0.24802366887486801
2020-10-26,0.25559653811846683,0.24647903630195442,0.24960105975627403,0.248319606379407
2020-10-27,0.2539651262051122,0.24821898588780902,0.24883985797055724,0.2489722893743212
2020-10-28,0.25547206025026176,0.24150984572386927,0.2511707314073799,0.2518435843434822
2020-10-29,0.2564702338225078,0.24543516052785957,0.2503100538084275,0.24778078641046397
2020-10-30,0.2559730468825975,0.24162785180944546,0.2532635748022947,0.24913171872027923
2020-11-02,0.2572189894630578,0.24059661430231005,0.25235624465906353,0.24982435905008743
2020-11-03,0.2581723498460544,0.24254036301957416,0.2504235733348854,0.24885995161647528
2020-11-04,0.25643135797093286,0.24946948415839124,0.24758521827987887,0.246510222915168
2020-11-05,0.25715772204685944,0.25385081243857344,0.24505121975178168,0.24393656565895017
2020-11-06,0.25803440659432275,0.2514556358665211,0.24425741306244111,0.2462488708304121
2020-11-09,0.2630291830308396,0.24599658457018514,0.24455415401855413,0.2464163961577229
2020-11-10,0.2650604740851163,0.24381951036110436,0.24760857662764726,0.2435077115606091
2020-11-11,0.26449835011825035,0.2482531139685157,0.2457356519460924,0.24150918358467816
2020-11-12,0.2659763415458663,0.24772841775293603,0.2456646471482934,0.2406268890858165
2020-11-13,0.2632583640378746,0.2500824217554505,0.24528129565289297,0.24137421653010938
2020-11-16,0.2676811916552524,0.24901165513250637,0.24363792411044605,0.23966555375732523
2020-11-17,0.2688142771210942,0.24758828186607293,0.2437239345177209,0.2398698260311042
2020-11-18,0.2709814053626661,0.24596845711445828,0.24383262939754352,0.23921381807877196
2020-11-19,0.2697408290008181,0.24790829614842097,0.2440043143623861,0.23834286341768618
2020-11-20,0.2705218776943247,0.24709331922529934,0.2439387859745145,0.23844232396778767
2020-11-23,0.27356539571392363,0.24573503224242008,0.24352290057779952,0.23717299407118697
2020-11-24,0.272870419600052,0.2502812166494168,0.2440536621859151,0.2327910138010637
2020-11-25,0.2703637806486618,0.25302353344988576,0.24551582832313715,0.23109314934488986
2020-11-26,0.2705387086804307,0.25296212207720575,0.24528468188507796,0.23121078092481767
2020-11-27,0.27165047715791457,0.25427322774891603,0.24438514504006825,0.22968745583123495
2020-11-30,0.2708789181528185,0.2560139286246738,0.2465001199367732,0.22660331824995142
2020-12-01,0.27153390464333876,0.25816601707634496,0.2441269030129639,0.22616949194255218
2020-12-02,0.2712070352701656,0.2564623889301173,0.2433448476503828,0.2289820526054988
2020-12-03,0.2682084527763346,0.2566455371579901,0.24344275803421933,0.23169957648381634
2020-12-04,0.26731542722304596,0.25739454647902077,0.24350157379663256,0.23178477931409375
2020-12-07,0.264564984640704,0.25910187349762775,0.24427827795243795,0.23205117856913657
2020-12-08,0.26336559293502465,0.2588895378873381,0.243820880514795,0.23392031500922925
2020-12-09,0.26259417551385594,0.2559715593365667,0.2462667666412849,0.23516378587440118
2020-12-10,0.2625754032420664,0.2575574472740937,0.24657489621877834,0.23328853818424639
2020-12-11,0.2621806257989682,0.2573670016091746,0.24654285685293728,0.23390579182359145
2020-12-14,0.26068428216066447,0.2591484611886068,0.24675505051733812,0.2334084796927534
2020-12-15,0.2587954767040629,0.26101299676673845,0.2458682337545948,0.23431958375151826
2020-12-16,0.25739666348610685,0.2618888396738457,0.2456158710746818,0.23509492088676898
2020-12-17,0.25766406863719393,0.262245895146122,0.24429205166336465,0.23579429883753852
2020-12-18,0.2587933737653016,0.26120620355242974,0.24366264676842178,0.23633409795166474
2020-12-21,0.25760876838867447,0.2601720767262695,0.24328431173178228,0.23893117718390086
2020-12-22,0.254036065926711,0.26248984465959024,0.2459999877610088,0.237470404752604
2020-12-23,0.25423392976162434,0.261977626175567,0.24627265550474547,0.23751208850047884
2020-12-24,0.2528020904689224,0.262785772765571,0.24635497327696798,0.23805345809288683
2020-12-25,0.2536311256888928,0.26183967587432827,0.24611599241701768,0.23840951223681267
2020-12-28,0.25241843995013236,0.26377746420095316,0.24609543102626377,0.23770497649603978
2020-12-29,0.25151211174249677,0.2648638201049867,0.2463949686042618,0.23722540887006263
2020-12-30,0.25208998969834345,0.2641808250062065,0.24680942841856493,0.2369160688971727
2020-12-31,0.25000946117903305,0.25000216940585385,0.24997196459666124,0.2500093479554823
2021-01-04,0.24839409780136024,0.2468247815239915,0.24971978091528127,0.25505428127655777
2021-01-05,0.2477603275814467,0.246055877442373,0.249729635633621,0.2564471146048919
2021-01-06,0.25042543077503276,0.24249392664347172,0.25033360470381877,0.25673997935320675
2021-01-07,0.24928119218838526,0.24733063778297115,0.2493391390848426,0.2540420073067008
2021-01-08,0.24943286118725966,0.25025721070216184,0.2484421932111172,0.25186072749233157
2021-01-11,0.250442694088252,0.2499034643798022,0.2514857145463305,0.24816102533480666
2021-01-12,0.2500245551692487,0.24929644225849854,0.2511555093258727,0.24951640719775056
2021-01-13,0.24967388648401434,0.2500594435503064,0.2516961244899649,0.24856346081110905
2021-01-14,0.249969504713525,0.24982316560893456,0.25269481384084835,0.24750541151127384
2021-01-15,0.2515187213620941,0.24764692622150755,0.2521986380720974,0.24862860740219403
2021-01-18,0.2528609445604092,0.24797481679482283,0.25147546198067106,0.24768168197286086
2021-01-19,0.25362756011730725,0.25012223984897786,0.2500164747234301,0.2462266780813541
2021-01-20,0.25005454023870977,0.25463882366633933,0.24903031314033847,0.24626930700456814
2021-01-21,0.2491054829091127,0.25521670849718064,0.2485908046716975,0.24708001460031082
2021-01-22,0.24640197709607747,0.25565025991620727,0.2502670467222308,0.24767368513078178
2021-01-25,0.24390957905435323,0.2589955819170068,0.25047198693086925,0.24661581292627557
2021-01-26,0.24328916839762046,0.25924398074686217,0.24993498117417134,0.247524830021728
2021-01-27,0.246084346801465,0.25345842807276864,0.25211969389496297,0.24833043093293009
2021-01-28,0.24410754239943513,0.25656491833458084,0.2522429407598578,0.24707747811123645
2021-01-29,0.24501569881420188,0.2518467419676004,0.2535645215765393,0.24956588575729713
2021-02-01,0.24466816835969984,0.2549550921996259,0.2509792373685334,0.24939042796109115
2021-02-02,0.24341652970178818,0.25908525660926973,0.2506278492885119,0.2468632976430878
2021-02-03,0.24356113882914826,0.25894698450254233,0.2512031205236677,0.24628165830331084
2021-02-04,0.24294748247944375,0.2617632798507365,0.2508926982861445,0.24438944235339047
2021-02-05,0.2459239105409674,0.26226518195169823,0.2502229097905499,0.24158092161925498
2021-02-08,0.2452922896116894,0.263067761922062,0.24933355577793,0.2422993385479993
2021-02-09,0.24550992249519402,0.26148649760643256,0.2488650359914765,0.24413151365520788
2021-02-10,0.24666316439310518,0.26032978643097693,0.2486576433271307,0.2443423742066706
2021-02-18,0.25230451689636835,0.2611853813183766,0.2486084134685286,0.23789464135297111
2021-02-19,0.25576636746816866,0.25964498891858667,0.24831243796745855,0.23626918007676326
2021-02-22,0.2586015127688972,0.25324280486263817,0.24879037589572095,0.23935826227717788
2021-02-23,0.2565748831040272,0.2525825990961814,0.24910207357046185,0.2417333959359075
2021-02-24,0.2557381488068428,0.25465949166809215,0.24871939804697746,0.24087592433109867
2021-02-25,0.2632375885979403,0.2468175906910352,0.2501863102270441,0.23975142734204624
2021-02-26,0.25967228638915035,0.2506432398932303,0.25155747105243836,0.23811987501896859
2021-03-01,0.2606179696388172,0.2551651257695394,0.2493126062560375,0.2348972488103432
2021-03-02,0.2617002102923967,0.25313031595937363,0.25217076330294547,0.23299158339333176
2021-03-03,0.2677449180601056,0.24579571791132845,0.25224816037627096,0.23420407279996353
2021-03-04,0.26950351236240017,0.24355761014313013,0.2535220088183299,0.23340970064551697
2021-03-05,0.26599748790837513,0.24834728303350817,0.2541385133178024,0.23150953982638733
2021-03-08,0.2663999544636557,0.2423131132324657,0.25608680537304124,0.23519290331748635
2021-03-09,0.2615923230896003,0.25195895466061424,0.2539027204514699,0.23253883506872938
2021-03-10,0.2600705394432972,0.25053856355432164,0.2544077470232121,0.23497597521826247
2021-03-11,0.26285575687448115,0.25230196130900406,0.2507059896937254,0.23412921773449244
2021-03-12,0.26825113591965055,0.24987431502622068,0.2508835360509607,0.23098393194181477
2021-03-15,0.2680828899459363,0.2514856071368712,0.24898797722439198,0.23143649355794296
2021-03-16,0.26823475775729183,0.2522219785714778,0.24848290068939696,0.23105335037417443
2021-03-17,0.2665261556959159,0.2529987895628897,0.2485375599298561,0.23193048294163313
2021-03-18,0.26879257446056165,0.24619483184441154,0.2501636796818278,0.23484185537406752
2021-03-19,0.2657157736710085,0.2487620382639488,0.25064873871917065,0.23486638506019875
2021-03-22,0.26699626592752423,0.25175189650583424,0.24924325991601393,0.2320015573474074
2021-03-23,0.2647536552308478,0.2508705110443808,0.2503511572931545,0.23401762924373085
2021-03-24,0.26342537892607487,0.2492204344874632,0.25257353696489926,0.23477354921698254
2021-03-25,0.26280522863485367,0.24906760204853626,0.2526498862553716,0.23547018204402054
2021-03-26,0.263390284819324,0.251804489380771,0.251045680874201,0.23375248448620697
2021-03-29,0.2668606302660289,0.25048176943795164,0.24984385512842594,0.2328067185916526
2021-03-30,0.26724221843205476,0.2510609676064009,0.2508835685166453,0.23080618803973363
2021-03-31,0.25000681144344516,0.25001325258935536,0.25001303466332664,0.24996063208660738
2021-04-01,0.24869048118015244,0.25136862934598225,0.24728494566949627,0.2526497403167635
2021-04-02,0.24625417729196455,0.2514854969038598,0.247259696769165,0.2549944281898487
2021-04-06,0.24548073183934638,0.2550109502524585,0.24646723514237776,0.25303490095996184
2021-04-07,0.24705167054628252,0.25429924249651925,0.24533458798463345,0.2533083398115857
2021-04-08,0.245791821583521,0.25639924581381723,0.24454638387731215,0.25325640852281794
2021-04-09,0.24479328011473434,0.2573701577295172,0.2443794215691761,0.25345101158773103
2021-04-12,0.24541381000089357,0.2575379658908474,0.24465817946267232,0.25238391560394136
2021-04-13,0.24389816740261008,0.2602637221170062,0.24534922826557842,0.2504827489252471
2021-04-14,0.24512063679066592,0.25668089565341257,0.24551501270531714,0.2526773185173716
2021-04-15,0.2442678186788116,0.2595614373070572,0.24452452540504283,0.25164010577115536
2021-04-16,0.24624484877228367,0.2582429650054865,0.2431875296832968,0.2523185812108586
2021-04-19,0.24587513742859193,0.25580707813815146,0.24372822628849802,0.25458347552367416
2021-04-20,0.2466285268646228,0.2547545192448179,0.24499746996500535,0.25361337121563216
2021-04-21,0.24606586264602914,0.25557288068476064,0.2438278401681644,0.2545273342256665
2021-04-22,0.24696218523319635,0.25270347844843594,0.24455127116316794,0.2557769619937365
2021-04-23,0.2451110026522007,0.2559012694055025,0.24432728379985988,0.25465434487807076
2021-04-26,0.24425355563074608,0.25756622246892347,0.2440321551578738,0.25414196325733074
2021-04-27,0.24390949407694618,0.25691204459563305,0.2444341364082736,0.2547382094595267
2021-04-28,0.24618688518483392,0.2558486415885584,0.24493502540609355,0.2530233247754573
2021-04-29,0.24746821926932958,0.2552673850139773,0.24386450138567073,0.25339380230919
2021-04-30,0.2466550151392175,0.2543096637819793,0.24546518083269261,0.2535640196469353
2021-05-06,0.2492496745487909,0.2499041874759788,0.24502402306874674,0.2558160114769896
2021-05-07,0.24922260895172132,0.24969657573456736,0.24363974760833593,0.25743499745560433
2021-05-10,0.25243635715845686,0.24331664365095385,0.2450156808622406,0.25922521979355956
2021-05-11,0.2515291826198303,0.24304093825270273,0.24566934221089667,0.2597544259316728
2021-05-12,0.2548738223025305,0.23752016259894668,0.2466103232250549,0.2609895610380535
2021-05-13,0.2534755743359381,0.24056224254810127,0.2464268205590833,0.25952923601020916
2021-05-14,0.25235468160404456,0.24376075904600536,0.24489777105286867,0.25898070204485885
2021-05-17,0.25314841513114594,0.24104457044974814,0.24431909006984678,0.26148184977054423
2021-05-18,0.25389995653049785,0.23915767491336223,0.2440543772758273,0.26288192560973045
2021-05-19,0.2530145728170454,0.2392117077490512,0.2444649092095046,0.26330274457237574
2021-05-20,0.24896173740611927,0.2439578798618078,0.24423296989747834,0.26284136257760926
2021-05-21,0.24993587544082627,0.24208605030800368,0.2447365115484252,0.26323550734448736
2021-05-24,0.24969059919310013,0.24490075134656505,0.2430741100780539,0.2623285263299915
2021-05-25,0.2528922925536783,0.24400326267067943,0.2423294293978732,0.2607690203746113
2021-05-26,0.25316101577390415,0.24314234574050275,0.24161582866693293,0.2620748386168352
2021-05-27,0.254896208889839,0.2425040652082664,0.24184250736220203,0.260751236485097
2021-05-28,0.25641293356317424,0.24237073311120333,0.2416112498906698,0.2595991020050395
2021-05-31,0.2575070273490562,0.24100391900384477,0.24115383400232543,0.26032925600068246
2021-06-01,0.2571769760150871,0.23989847813294587,0.24114737684138096,0.2617712087517697
2021-06-02,0.25809115715205305,0.24162715626015924,0.24148079739303396,0.2587949127990693
2021-06-03,0.25870316220451994,0.24031245598043624,0.24267594423447947,0.25830243336548775
2021-06-04,0.25752782460905144,0.24504530389236134,0.24165151201533092,0.25576936811695966
2021-06-07,0.2554045475717742,0.24554100426929193,0.24173472750214187,0.257313721143791
2021-06-08,0.255543255161229,0.2452324134382033,0.24149494340585884,0.2577233946996236
2021-06-09,0.2558197364574845,0.24510178490331128,0.24125652043840898,0.2578159733804502
2021-06-10,0.2553750557060301,0.2472539450009161,0.2409089586107928,0.2564560678326531
2021-06-11,0.2543135320034105,0.24713806557088444,0.24025447652699405,0.2582879610521645
2021-06-15,0.25317788873156727,0.24976141797593335,0.24154006733055172,0.2555146317604749
2021-06-16,0.2531068681055285,0.24949275479791344,0.241924792129048,0.25546957768859185
2021-06-17,0.25314035714361466,0.2537763711091916,0.24208540815427648,0.25099184991499196
2021-06-18,0.25310920450084,0.2532019956321045,0.2435237681152338,0.25015898902103845
2021-06-21,0.2523206849236761,0.25490227854466513,0.24347940584902888,0.2492916019329777
2021-06-22,0.2521522113326146,0.2564522624623632,0.24252242245208863,0.24886710115175822
2021-06-23,0.2542529109259971,0.2556597940603647,0.24184252743015017,0.2482387860591906
2021-06-24,0.25383242359052127,0.2577652318609095,0.2415253262177232,0.2468710443338818
2021-06-25,0.2549197945044072,0.2568429051100146,0.24133467964822503,0.2468966518796491
2021-06-28,0.2510468129603138,0.2598026637304964,0.241568873246438,0.24757567138111577
2021-06-29,0.25061486270545047,0.26087834648103564,0.24192063519951468,0.2465801708302599
2021-06-30,0.2500095053282603,0.25001902001306703,0.250003144708502,0.24996001941998672
2021-07-01,0.25048112792761096,0.2492142112675401,0.24859765375767723,0.2516987386913418
2021-07-02,0.24765553843846305,0.25189196048080287,0.2484440524535327,0.25200018882506253
2021-07-05,0.24689098370885332,0.25171848096468746,0.2485022919624709,0.2528799858738191
2021-07-06,0.24682487328090133,0.2514444813394119,0.24749007701598072,0.254232343414676
2021-07-07,0.24615359450037608,0.2523223129676309,0.24778147391314803,0.2537343968161964
2021-07-08,0.24287145339100136,0.2517214663680465,0.25009859171886656,0.25530022924462253
2021-07-09,0.24416559284075842,0.2525509122544195,0.24864699154088477,0.25462828079478883
2021-07-12,0.24272853640703954,0.25355630656712175,0.24977251273053416,0.25393442071152256
2021-07-13,0.24359506632442635,0.25279624477999946,0.2494398079803825,0.2541606770053761
2021-07-14,0.24336009784885757,0.25304605333024055,0.24922574280041848,0.25435991389556184
2021-07-15,0.2447387283105474,0.25051000720536487,0.24864991506685052,0.2560931617153481
2021-07-16,0.24626288485980946,0.24910524559060707,0.24908930502232327,0.25553436761383086
2021-07-19,0.24755962634069165,0.24775955762834057,0.25006204026871637,0.2546105488609612
2021-07-20,0.245809154531005,0.2501896830217753,0.24923074860657032,0.25476222492651723
2021-07-21,0.24423044778152778,0.2521774726718079,0.24964764099789982,0.25393624477181953
2021-07-22,0.24621865166743123,0.25267693496972676,0.24899962848384372,0.252096606354825
2021-07-23,0.24423655191388602,0.25490060120741204,0.2485914591319162,0.25226323270566037
2021-07-26,0.23979313699414007,0.2563339605149693,0.249973431351718,0.253891291452582
2021-07-27,0.23542383151686544,0.2562770442674628,0.25231250855981785,0.2559783423111441
2021-07-28,0.23452878616659442,0.2574308006424135,0.25165078141795977,0.256381377671242
2021-07-29,0.23444298986085696,0.25746658741807305,0.2516675285819894,0.256414657004296
2021-07-30,0.23491329814941858,0.2547196962598515,0.25248499827973225,0.2578737693179668
2021-08-02,0.2348433764212605,0.2558023558725608,0.2537441696176504,0.25560183174851137
2021-08-03,0.23306639632739748,0.25732936818232566,0.2535245658185678,0.25607140229404224
2021-08-04,0.23441762137801547,0.25714251951266254,0.25274167824283544,0.2556899376559467
2021-08-05,0.23377849596060174,0.25857835064029927,0.2528312487916886,0.25480367458907216
2021-08-06,0.23568857448317668,0.2574646283563883,0.25303454710317347,0.25380400805277475
2021-08-09,0.23960458130002807,0.25941151326467743,0.25283107555704215,0.2481445667827435
2021-08-10,0.2409551201151218,0.2585097137333262,0.25323983877669404,0.24728704861001202
2021-08-11,0.2453280328710387,0.257045203893723,0.25205170226165924,0.24556681428929203
2021-08-12,0.24642855141650755,0.25597184360074526,0.25076142211543123,0.24682999355390658
2021-08-13,0.24597408065546109,0.2567072356273476,0.2501573216950013,0.24715318181733165
2021-08-16,0.24693340633896613,0.25547671647751413,0.24906879714439914,0.24851293095019403
2021-08-17,0.24422851135908183,0.2541146765613274,0.2499891675648969,0.2516594705929616
2021-08-18,0.24547107063445983,0.25239501881675847,0.2506879531189827,0.25143777977863224
2021-08-19,0.2433837914757538,0.2539908730265214,0.25150274904604447,0.2511143902106303
2021-08-20,0.2426985461454835,0.2560541570536457,0.250239296820215,0.2509998405867282
2021-08-23,0.24351360939145103,0.2584297018500443,0.24879087056254087,0.2492576992494485
2021-08-24,0.24397221638719963,0.2576402653224061,0.24813881969338739,0.250240607621617
2021-08-25,0.2454556844048934,0.2574967906111114,0.24815719830704558,0.24888223545424304
2021-08-26,0.2476338311149338,0.2561894964970496,0.2478407424899302,0.24832783215754314
2021-08-27,0.24827283151793295,0.25722373272104515,0.24608242150675994,0.2484129804066693
2021-08-30,0.24815526847891448,0.2583165203736512,0.24540437644549243,0.24811583372283827
2021-08-31,0.25287008665800426,0.25642155094423313,0.24403786851162265,0.24666254084946465
2021-09-01,0.252818716141523,0.25658918066453135,0.24430937571783484,0.24627478306737025
2021-09-02,0.2564151172787353,0.2551107043990389,0.24324420118216356,0.2452220647599176
2021-09-03,0.255479656607968,0.2560100325014611,0.24334707247249662,0.24515532111130678
2021-09-06,0.25716702316166284,0.25473059115067037,0.24233934192519527,0.24575515842088233
2021-09-07,0.26131835084133237,0.2539200761119748,0.2407581985447618,0.24399552636866137
2021-09-08,0.26535762270340296,0.2531534631377707,0.24023641176264748,0.241244667387812
2021-09-09,0.27099833694068415,0.2508003679825579,0.2391134692300188,0.23908002603647524
2021-09-10,0.27005924377910306,0.24948296999563305,0.2399941250104117,0.24045583560642583
2021-09-13,0.2761148118823548,0.24756627663386319,0.238113750143647,0.2381973852072273
2021-09-14,0.2726064074463301,0.24818865622744052,0.23957031262554745,0.2396268019768644
2021-09-15,0.2712399243136087,0.24974201893196699,0.23901542853397623,0.23999481740094347
2021-09-16,0.2706404273637024,0.25025511722031607,0.2401221246956302,0.23897449009256233
2021-09-17,0.26785153576446974,0.25044420273609364,0.24260793167089262,0.23908841368755443
2021-09-22,0.2730129009717103,0.24630375566611848,0.24083868095796673,0.23983681683315927
2021-09-23,0.27244150787540633,0.24884547504516036,0.2411492152406513,0.23755595324610032
2021-09-24,0.266464621058963,0.2511442031179094,0.2435282265173869,0.2388550172919234
2021-09-27,0.26205771409462963,0.2513170233973097,0.24526771522471685,0.24134955472271352
2021-09-28,0.27002169704670437,0.2443792187616351,0.24575484881732085,0.239836225198374
2021-09-29,0.2646409887742387,0.24626530851388523,0.24795750162409919,0.24112812578947
2021-09-30,0.25000901928036395,0.249995904866578,0.24998503119674328,0.2500097086843204
2021-10-08,0.24761370227581786,0.25089241776524895,0.24924009643894296,0.2522534479919496
2021-10-11,0.25020255694031324,0.24893334725131985,0.24878670600552358,0.2520770538141619
2021-10-12,0.24901611457010214,0.24815613407853052,0.24897975422249286,0.25384766080601723
2021-10-13,0.24526577126456303,0.2511477707282229,0.24945217462297511,0.25413394648506205
2021-10-14,0.24161769176393916,0.2538395517074831,0.2482869158083925,0.25625550541819325
2021-10-15,0.24259145869565113,0.2547812118574063,0.24757608461901745,0.25505091030175353
2021-10-18,0.24675609030493018,0.2563233183009738,0.24581793535154636,0.2511023224279971
2021-10-19,0.24596163642403734,0.25729070930546966,0.24546353382207023,0.2512837879483616
2021-10-20,0.24289271153339062,0.25772861818758347,0.24727298377639886,0.2521053517891142
2021-10-21,0.24458204658879562,0.2572131505489693,0.2464259210315175,0.2517785489721328
2021-10-22,0.2407731145451804,0.2570576981047646,0.2476898746449665,0.25447897780266593
2021-10-25,0.24068450024614346,0.2586764380107551,0.24711215875984704,0.2535265689554642
2021-10-26,0.23909280487942153,0.2593693368229024,0.24733435634852882,0.2542031678810139
2021-10-27,0.235887065246258,0.26148170450204866,0.24890820470821623,0.25372268941420506
2021-10-28,0.22926569834589308,0.26493880732227293,0.24917185093603436,0.25662330723355375
2021-10-29,0.22850601461941758,0.26623924821396194,0.24937611831833392,0.25587828233703197
2021-11-01,0.2300943882072153,0.2672714395455733,0.24889580390799168,0.25373803316958
2021-11-02,0.22512154363167675,0.2687021820742,0.2502814887744701,0.2558944490058587
2021-11-03,0.22833477517955694,0.2703871828599422,0.24876572821022205,0.252511979085266
2021-11-04,0.2273796139860791,0.2726950631470379,0.24853195673909742,0.25139303207091807
2021-11-05,0.22260324689199226,0.2733690126024674,0.24935779359893406,0.25466961258570653
2021-11-08,0.22277810429669614,0.2721193195865724,0.24857983890514573,0.25652240379778823
2021-11-09,0.2224438680678684,0.27047565591126516,0.2491662910647318,0.25791385087460106
2021-11-10,0.22289822608561813,0.2679557452117051,0.25023101999178193,0.2589146731319133
2021-11-11,0.22558027819031273,0.2666523629342556,0.2471887970321152,0.2605782298602951
2021-11-12,0.22372438237813924,0.26890765676463924,0.24703326589364694,0.26033436325572606
2021-11-15,0.22372103769259383,0.26856639062752,0.2478389229895836,0.25987331627892996
2021-11-16,0.22158868968586368,0.27027821687938736,0.2474931049498046,0.26063965658347615
2021-11-17,0.22137799380848208,0.27058151885119974,0.24763852094270355,0.2604016341858455
2021-11-18,0.22061042490221458,0.2720735606844522,0.24716901716492978,0.2601466660545297
2021-11-19,0.22282183082634155,0.2724265087524613,0.2456861634017209,0.2590651673524413
2021-11-22,0.22362878688026283,0.27124626288055653,0.24745811316935856,0.2576665055920211
2021-11-23,0.22671828221851353,0.27077758249828615,0.24815473758058731,0.25434906518792416
2021-11-24,0.2290288798500023,0.2709793484821117,0.24803085061846253,0.25196058934197574
2021-11-25,0.22854273958629057,0.27139283466040437,0.24814554926265925,0.25191854471018094
2021-11-26,0.22707946583991026,0.26731574414499315,0.2503553067949947,0.2552491492074054
2021-11-29,0.2245652749376427,0.2727165546889175,0.24980883523794492,0.25290900173676906
2021-11-30,0.22540240490175062,0.2696180679391938,0.25123294637947974,0.2537462454222977
2021-12-01,0.2295212825642612,0.2654321874098681,0.25153546946489636,0.25351072442250705
2021-12-02,0.23008718472999282,0.2670697440909861,0.2508865769572221,0.2519561585354653
2021-12-03,0.2341323612181964,0.2628608650116948,0.25099679419253024,0.2520096434528174
2021-12-06,0.2322960408485929,0.26385252762902145,0.2509117258706899,0.2529393708677539
2021-12-07,0.23332743953297846,0.2690751359676077,0.24774501190763168,0.24985208142419585
2021-12-08,0.23314826218755574,0.26969118848912893,0.24736479668435699,0.24979542176787517
2021-12-09,0.23516686253964048,0.266126904006749,0.24852986768435248,0.2501760334318234
2021-12-10,0.23200965936944795,0.2698292888211805,0.24863145507345374,0.24952926451555796
2021-12-13,0.23251923761844465,0.2665381159581562,0.24937535591009213,0.2515669570914259
2021-12-14,0.2311425537207392,0.26510207644415695,0.2508711034455429,0.25288393131562675
2021-12-15,0.23180367240068972,0.2699045652578827,0.24940575604548548,0.24888567317055155
2021-12-16,0.23606341211182935,0.26283872898407007,0.24955790589312069,0.2515396194488946
2021-12-17,0.2355537737784578,0.26122392565986624,0.2490887182379949,0.2541332495239739
2021-12-20,0.23535991600386066,0.26039481578133294,0.24996575812730665,0.25427917620547225
2021-12-21,0.23760224384877565,0.2635124319176324,0.24802301970745363,0.25086197324763615
2021-12-22,0.23641613911433257,0.26611063669434204,0.24785418244079715,0.24961871113179201
2021-12-23,0.23598375329646262,0.26641312286530333,0.24674401671738344,0.25085877842833204
2021-12-24,0.2345910815348805,0.2668768436445822,0.24685795272977454,0.25167379307350085
2021-12-27,0.23444345282245346,0.2696596926624647,0.24583723381566458,0.2500592934151037
2021-12-28,0.2329638705324,0.2690953485988806,0.2465305986140052,0.2514098543212929
2021-12-29,0.23234075842538965,0.26972167023417815,0.24729452859773857,0.2506427141070214
2021-12-30,0.23347204664212237,0.2688546596355645,0.24790226867542292,0.24977069594028686
2021-12-31,0.25000258418690585,0.24999542912985873,0.24999678302050762,0.250003996622439
2022-01-04,0.2534938137269842,0.2490965981989572,0.24954447089577583,0.2478639122183328
2022-01-05,0.25623233066852635,0.242626871543476,0.25086248395338134,0.2502771021564799
2022-01-06,0.25768915120836605,0.24249810374956665,0.25071725151498037,0.249094281081102
2022-01-07,0.2607994466859368,0.24022517991697595,0.25116249525638235,0.2478116638550387
2022-01-10,0.26200575686243666,0.23965109684348107,0.2507993901691303,0.24754254474115
2022-01-11,0.26067443140123375,0.24176410602423115,0.24948413155851212,0.2480761273816309
2022-01-12,0.25923020847364014,0.24246850602849096,0.24948335631625168,0.24881672599512475
2022-01-13,0.25983412629755837,0.23746566199737693,0.25140045929350113,0.25129854041627975
2022-01-14,0.2557873503493865,0.2403759910592051,0.2520360851647869,0.25179935861711644
2022-01-17,0.2567964307249244,0.23996034368299354,0.2522593919104457,0.25098261858785037
2022-01-18,0.2607919851159028,0.23436537227303092,0.2538693422805692,0.25097208120187503
2022-01-19,0.26332305223643415,0.23194757090941132,0.25396271829108796,0.25076544094215314
2022-01-20,0.26293516322918253,0.22861507309835305,0.2543569291019507,0.25409161580821277
2022-01-21,0.26272027880739696,0.2240720095766456,0.25683594516946906,0.2563705375556844
2022-01-24,0.26280437370167364,0.22471535925950148,0.2570966065715606,0.2553824332757541
2022-01-25,0.25870131796792595,0.2218906237415618,0.2602467868421035,0.25916002803737437
2022-01-26,0.2603527503745887,0.2212915361244963,0.2593872738388083,0.2589671982573653
2022-01-27,0.2603376985738783,0.2211966219132759,0.2614751704535958,0.25698925590109567
2022-01-28,0.2562031118990304,0.2284708778406919,0.26058853889975064,0.2547362249814969
2022-02-07,0.26087800473129724,0.22741871815111242,0.25792740009765636,0.25377464291731966
2022-02-08,0.2640534759400161,0.22785887883001368,0.25554812337779664,0.2525382995291264
2022-02-09,0.2633956774490245,0.23132886029507804,0.25345693956312637,0.25181730955644377
2022-02-10,0.2674719266710867,0.22599648311251724,0.2537961543189986,0.25273422103399495
2022-02-11,0.2704219021505721,0.22118300506510585,0.2548533782581303,0.2535404897405592
2022-02-14,0.26543193262410664,0.22149014787334087,0.25508505858706404,0.25799163442907386
2022-02-15,0.2616949032257645,0.22538161708983026,0.25367685621325803,0.2592454042771389
2022-02-16,0.2649372205595314,0.2249174028239912,0.25405671791518364,0.25608743817223134
2022-02-17,0.2653657133799776,0.21907937043653514,0.2557065664288093,0.2598471220970961
2022-02-18,0.2696487193079773,0.21557042977346014,0.25413340136315105,0.26064622827165235
2022-02-21,0.27031122090576204,0.21577793267248574,0.2534379216493434,0.2604717036564333
2022-02-22,0.26806347522555984,0.21409204062242077,0.2536466869471137,0.26419657488393833
2022-02-23,0.2683773621404485,0.21045100318879664,0.256805537849626,0.2643648610367976
2022-02-24,0.26121742324453684,0.2156961737762694,0.2549120085599294,0.2681731683767755
2022-02-25,0.2610177775563298,0.21912964470361176,0.2552995295787273,0.2645518215567434
2022-02-28,0.26148524284873803,0.2198916813454938,0.2557190490927915,0.26290279851279735
2022-03-01,0.2644559590701694,0.2158830211621306,0.25560099023077626,0.2640587997175392
2022-03-02,0.2636877378269481,0.21816886224938287,0.25252373989924193,0.26561844408462965
2022-03-03,0.26819885836661767,0.2144878989328556,0.2528202018422073,0.26449182168380725
2022-03-04,0.26674958098690116,0.21289816878941645,0.25381221665697645,0.26653881128655155
2022-03-07,0.2656019800403094,0.2065041820339685,0.25501753800879623,0.2728750719059835
2022-03-08,0.25833950437000136,0.20556048108472025,0.2561905149167371,0.2799082658318107
2022-03-09,0.2537084083926195,0.21127133448730642,0.253880157280615,0.28113887598410525
2022-03-10,0.25831547261537446,0.2106206596698432,0.2561592762705855,0.2749033560722636
2022-03-11,0.25979554599478993,0.20688518468020267,0.25725424263734753,0.27606379070208253
2022-03-14,0.25727708727343596,0.2055500662049242,0.2603868688958707,0.2767847293427973
2022-03-15,0.24575122125641669,0.2156864938979211,0.2629462235462735,0.2756147962143713
2022-03-16,0.24858870667135904,0.2209857736557519,0.2599255418550516,0.270498728602762
2022-03-17,0.25013277307230314,0.22080501032719915,0.25835713061291066,0.27070384460763425
2022-03-18,0.2535861829567676,0.22283758875519769,0.25516630062552115,0.26840870162465974
2022-03-21,0.25312209030987065,0.22359636209731035,0.25559789756827445,0.2676824211248964
2022-03-22,0.2553469009247547,0.2255044006591735,0.25253735327255966,0.2666101291173257
2022-03-23,0.25665799836168474,0.22310212922438555,0.25391014877084805,0.2663285013731193
2022-03-24,0.25337817102891935,0.22675566098869504,0.25255523250302264,0.2673097216033109
2022-03-25,0.2534441825384878,0.22633473534187848,0.2520864152124874,0.2681334552844076
2022-03-28,0.25706391108735566,0.22834288677352826,0.2505683182116175,0.26402368032189505
2022-03-29,0.25582070922848643,0.23180786487602567,0.25032327717781566,0.2620469465357423
2022-03-30,0.2595466618689963,0.22867621472149882,0.25022278941392695,0.26155313354782006
2022-03-31,0.25000826091868233,0.2499410063473653,0.2500124988481429,0.25001317414126706
2022-04-01,0.2529442772812618,0.24898229660775792,0.24884370094398903,0.24920481322973312
2022-04-06,0.2577331398477617,0.244443874478196,0.2495029529385732,0.24829508418378143
2022-04-07,0.2541122670885782,0.2452696178690212,0.2507704699805166,0.24982261223276575
2022-04-08,0.2573534807884382,0.2416427283144885,0.25063718189698925,0.2503415762682979
2022-04-11,0.2552774813683205,0.23783501223688863,0.2524385542877851,0.25442371883491033
2022-04-12,0.25502031670854186,0.2373624908072015,0.2521902310772551,0.25540175059361825
2022-04-13,0.2522751458257082,0.24089172526407832,0.2513319686105644,0.2554760438466594
2022-04-14,0.257165332291399,0.23476009485406035,0.2515066061084124,0.2565428390491986
2022-04-15,0.2557069262815089,0.2358714605378618,0.25138066223164085,0.25701584331973965
2022-04-18,0.25268055969111175,0.23658543532403997,0.25143738468678756,0.259271436668883
2022-04-19,0.2540933577955441,0.23972866206978377,0.24981691194390337,0.25633604601132803
2022-04-20,0.25064561418529113,0.24007424387304718,0.25292334390744053,0.2563314662222744
2022-04-21,0.24771795272279437,0.23710931649992636,0.25472552884206623,0.2604217098661627
2022-04-22,0.2519630054579624,0.23232238319160822,0.2542914932722154,0.26139765923724245
2022-04-25,0.2435594774847645,0.238080718518542,0.256401269991192,0.26193290899528654
2022-04-26,0.24447202777167476,0.23383693836122146,0.2592335857083954,0.26243152948403603
2022-04-27,0.24582485499358125,0.23336699168151687,0.25856926292206545,0.26221302381743267
2022-04-28,0.24796562042208012,0.2383715956138815,0.2551667285505484,0.25847051287095113
2022-04-29,0.252460851335569,0.22984713118733544,0.2555833290420872,0.26208312404288775
2022-05-05,0.2536082629267585,0.22864671912612253,0.2565251748442655,0.2611942057094583
2022-05-06,0.2481162007825616,0.22991484741240376,0.2584949337642626,0.2634481785038634
2022-05-09,0.2508461072918351,0.22381737337877433,0.2600172766615435,0.2652932730862504
2022-05-10,0.25199938304528496,0.22615752555853375,0.25881535273616413,0.26300190078220853
2022-05-11,0.2536960573454837,0.22176049901002381,0.2607469741209431,0.2637704259536636
2022-05-12,0.2534729840208444,0.22091928083009957,0.2606389791107323,0.26494274805829743
2022-05-13,0.25602391060540025,0.2280489560596279,0.2569252723285268,0.2589762013354278
2022-05-16,0.2580724132695055,0.22590762994880662,0.25788670589390966,0.258107502430915
2022-05-17,0.25479182068504713,0.23073705248456658,0.25689424725813426,0.25755124569813875
2022-05-18,0.25737081236058734,0.22105172902430112,0.2613487368289375,0.2602026664774654
2022-05-19,0.2589112710486835,0.21999982969081092,0.26109345997382094,0.2599694127460205
2022-05-20,0.2597243696133183,0.21888684474026038,0.2606081096758775,0.2607546856631913
2022-05-23,0.25810286780340985,0.21990232686796402,0.26055282733391605,0.26141602651758616
2022-05-24,0.2550606724217107,0.21674248094206425,0.26335334873252964,0.26481727906690056
2022-05-25,0.25732779063930605,0.2183001453766088,0.26155193380865427,0.26279411364790417
2022-05-26,0.25737537702645347,0.22247855591184568,0.25933033621436485,0.2607900092438661
2022-05-27,0.255696552352437,0.22911099089432993,0.2563515414208301,0.2588154913295893
2022-05-30,0.2566100976974214,0.22887361845489795,0.2569498503805225,0.25754091863019285
2022-05-31,0.2569073065527511,0.2275621069473375,0.2575402405535729,0.25796474105473477
2022-06-01,0.2582992625269212,0.22663333306119426,0.2580962257684679,0.2569454988861651
2022-06-02,0.2539641612595088,0.23277020023434308,0.25634518850208915,0.25689494208945657
2022-06-06,0.2558053121711113,0.22789367047572218,0.25822596431285394,0.2580493509999884
2022-06-07,0.2555624943058302,0.22931799822658264,0.25798837254701407,0.2571054817789433
2022-06-08,0.2576351911260727,0.22727178986421673,0.2577289027234956,0.2573384843821105
2022-06-09,0.2591883312724872,0.22261814886476647,0.2589247577949154,0.2592430243254817
2022-06-10,0.2618977011552535,0.21693793779491466,0.26080545445729103,0.2603329884934976
2022-06-13,0.259728899434151,0.2097806812967607,0.2634869828852383,0.26697724003952655
2022-06-14,0.26314353729530254,0.2110284632011318,0.2632904649013107,0.26251135158223093
2022-06-15,0.2629737179812854,0.2151963733642179,0.26189573595638743,0.2599081082690604
2022-06-16,0.2626884060078547,0.2081084007695795,0.2653858839848512,0.2637909124670175
2022-06-17,0.2611140396953443,0.2093864814807008,0.2645582344232892,0.26491492727473653
2022-06-20,0.26058529349816756,0.2102361084875607,0.2647898890437415,0.2643623536021855
2022-06-21,0.2607300235565714,0.21351218044862896,0.2635249058554876,0.26220666824379046
2022-06-22,0.25736768060246124,0.2147590368101997,0.2644838809326335,0.2633630934868841
2022-06-23,0.2582058112725685,0.21662047933010087,0.263045671320269,0.2621018667536179
2022-06-24,0.2560627745678549,0.22290508801879047,0.26159354628214554,0.2594125397573439
2022-06-27,0.2583057353692647,0.2204438923556989,0.26070435919095175,0.2605199976948386
2022-06-28,0.2613752436946559,0.2152498233393769,0.262433882552433,0.260914848171102
2022-06-29,0.2630945035584108,0.2153135001747487,0.2620168745250721,0.25954897760224577
2022-06-30,0.2500099444136834,0.2499502829737057,0.25001462844406336,0.2500098923577412
2022-07-01,0.2504651046290094,0.2511232081894564,0.2502467341945862,0.24814968779503274
2022-07-04,0.24950715486807265,0.25147677159448933,0.24977935178762026,0.24922147366834865
2022-07-05,0.24921837693000667,0.2541816802819634,0.2488078079794691,0.2477769527484537
2022-07-06,0.24565641627881674,0.2586399395611362,0.2507627237342157,0.24492562427808495
2022-07-07,0.24537670084056998,0.2632144567004098,0.2503771187558503,0.24101645782082917
2022-07-08,0.24570546492552836,0.2635688010033645,0.2503628425783745,0.24034762349877722
2022-07-11,0.24638054306030968,0.25900450353742754,0.2523835799847552,0.24221599890681203
2022-07-12,0.24826418921432017,0.2572761894790666,0.252167467879244,0.2422768056241121
2022-07-13,0.24816008932089167,0.2576176713896093,0.25295338428367015,0.241253467716834
2022-07-14,0.24516929881791177,0.2590541607694043,0.25401644913037946,0.2417446565877576
2022-07-15,0.2410381648741495,0.264786804770201,0.25403469403706697,0.2401249046944672
2022-07-18,0.24530428496266138,0.26114279182430444,0.25305484676562934,0.24048270798592383
2022-07-19,0.24426388680844896,0.2670328348596392,0.2510937210943406,0.23759430929739217
2022-07-20,0.24333739006560945,0.27012276346387426,0.25012965343553245,0.23639502121859063
2022-07-21,0.23926488642297064,0.27501694440275604,0.25070492645198966,0.23499804487119128
2022-07-22,0.23957873486329198,0.27012308101236865,0.2509809993940563,0.23930195947410285
2022-07-25,0.23971825489692833,0.26887948512074566,0.251186334115956,0.24020069921779444
2022-07-26,0.2435735485438263,0.26393913431710553,0.25180219004943794,0.24066987444073956
2022-07-27,0.24011505314198822,0.2731464287417993,0.24924994287219376,0.23747348076044275
2022-07-28,0.23994664598993626,0.27331547372143733,0.24803949216364168,0.23868335350396766
2022-07-29,0.23613296811444373,0.27667955107117803,0.2471124964188963,0.2400600386421488
2022-08-01,0.2359937671362087,0.27631382214692507,0.24720993496200175,0.24046754975757856
2022-08-02,0.23158434523641058,0.27682879208927363,0.24856361160853957,0.24300824661701473
2022-08-03,0.2273918123850718,0.28437869992220344,0.24747848034424952,0.24073608220621512
2022-08-04,0.22845499146331685,0.28382622565179255,0.2468026527092054,0.2409012502912855
2022-08-05,0.2297979604969487,0.28071855406815505,0.2466184741479249,0.24285013188661053
2022-08-08,0.23175579272788147,0.2807200965809869,0.246279609412608,0.24122963820156454
2022-08-09,0.23296380536829453,0.2776247870944931,0.24682141618682774,0.242575095074324
2022-08-10,0.23045363942971442,0.2834164418971467,0.24488611000522154,0.24122903093135695
2022-08-11,0.2335428411760756,0.2806566424882999,0.24524997261305906,0.24053574925100277
2022-08-12,0.2331946735226201,0.28433845226139004,0.24310718483978405,0.23934502281080863
2022-08-15,0.23232901625610636,0.28548223003288653,0.2433770612066938,0.23879707683355908
2022-08-16,0.23248882740574672,0.28576701378562275,0.24343496691777858,0.2382945927683794
2022-08-17,0.23413910404875438,0.2837668722831299,0.2441087088043462,0.23797067778124759
2022-08-18,0.23266683282674805,0.28476040382842593,0.244943734155731,0.2376143566188712
2022-08-19,0.23555050177070747,0.2812535094349848,0.24557163170951016,0.2376096442019135
2022-08-22,0.23885925848789671,0.27579662054602283,0.24700362527160383,0.23832569751078692
2022-08-23,0.23840262362474532,0.2760929737012519,0.24632164799067666,0.2391679900887295
2022-08-24,0.23624305787370178,0.2767094189311192,0.2466381877902054,0.2403945543048234
2022-08-25,0.2391878713360975,0.27902586089262976,0.2434384385536845,0.2383332169495498
2022-08-26,0.2414425807881492,0.270686924806998,0.24638291490482747,0.2414727911094525
2022-08-29,0.24351348260923272,0.2692977795663188,0.24713533316495426,0.24003859104502373
2022-08-30,0.24421480832769513,0.2669128605706853,0.24759945910164727,0.24125803663393616
2022-08-31,0.243762148599178,0.2669648962754383,0.24840484857662778,0.24085321658925896
2022-09-01,0.24620734308683326,0.26637621329126304,0.2483980404917571,0.23900352872869865
2022-09-02,0.24668124310688144,0.2639988014095379,0.24932703425927116,0.23997798857816544
2022-09-05,0.24964375477134396,0.26248284065394467,0.2478122865533582,0.2400462885899072
2022-09-06,0.25181398720929593,0.2603404570128175,0.24733675013742137,0.24049401021484962
2022-09-07,0.2508244102533763,0.26460112875796943,0.24606958386914385,0.23849015320098077
2022-09-08,0.2503680248039108,0.265073447374602,0.24529791192410644,0.23924593374802217
2022-09-09,0.2512483713849571,0.26827754663360465,0.24300877809649504,0.2374507464933599
2022-09-13,0.2534418970187357,0.2595928334575797,0.24650107431660717,0.2404494247899216
2022-09-14,0.251831005308395,0.2626144136253514,0.24652913102554802,0.23901066535704887
2022-09-15,0.2540117148144387,0.2593063238934839,0.24753930626377632,0.23912781298629218
2022-09-16,0.2486987246374798,0.2607414264326493,0.24968776787245037,0.2408571033180675
2022-09-19,0.2481933067406087,0.2626099785074292,0.24911632876791856,0.2400654438961586
2022-09-20,0.24746642422905815,0.2612855700469905,0.2498702778476851,0.24136275470072918
2022-09-21,0.24994616850759263,0.2570774600485759,0.25042917788041813,0.24253219303098617
2022-09-22,0.24980203251879504,0.2561246411192894,0.25131025604199647,0.24274801562998252
2022-09-23,0.2488235611414301,0.2535875316694509,0.2522434227421638,0.24533035669046743
2022-09-26,0.24594872653509717,0.2551812967497679,0.25334321753804134,0.24551153634459838
2022-09-27,0.24745476577219197,0.25587458200930585,0.25220064942438786,0.24445485153236715
2022-09-28,0.24439969564729308,0.2612644795305272,0.25082763534562486,0.24349309139197486
2022-09-29,0.24432213408830597,0.25571266875577014,0.2525358514783398,0.24741412895163842
2022-09-30,0.2500036029796818,0.2500133892259504,0.24999870221523196,0.2499750763131137
2022-10-10,0.25048235010674935,0.24850169729162588,0.2500268948579026,0.2509798494018566
2022-10-11,0.2510516144628184,0.24651939846318555,0.25088593312787744,0.2515338136566842
2022-10-12,0.2533259352937272,0.2456146589406633,0.25008455728705187,0.25096564210148503
2022-10-13,0.25006817192027947,0.2503832318623493,0.2493083500414895,0.25023107275271644
2022-10-14,0.2533012651216953,0.24396196659832217,0.2512789101250137,0.2514486309172385
2022-10-17,0.2506720897154222,0.2508110623169969,0.24966680654450205,0.24884087529800702
2022-10-18,0.2496594273472165,0.2524198985292944,0.24944989777193527,0.24846162010192874
2022-10-19,0.24912729661822774,0.2521443314587264,0.25010640934376954,0.2486127821552258
2022-10-20,0.24817267104014137,0.2521994547755372,0.2509272428058703,0.24869141451327725
2022-10-21,0.24739681787053155,0.25617269936847437,0.24916142416803505,0.24725990253318667
2022-10-24,0.24174855007188678,0.2589225804454945,0.2493473726169833,0.2499723432326531
2022-10-25,0.23900934982547553,0.2645706172026329,0.24768941696276442,0.2487215157918224
2022-10-26,0.23905241997083906,0.26028884861378887,0.2498801757100773,0.25076938703093843
2022-10-27,0.24117591801101235,0.2563268543900525,0.25118789603782343,0.2513001249715719
2022-10-28,0.23603287159132572,0.2636548016556686,0.25050991747556584,0.2497932435113997
2022-10-31,0.2323671306805874,0.2629327922854305,0.2531059147519254,0.2515849116201637
2022-11-01,0.23444916056483447,0.2612296523668195,0.25269831894995715,0.2516136217433781
2022-11-02,0.23870850840614735,0.2542849648900222,0.25372108507819857,0.25327614854353847
2022-11-03,0.23829728900844663,0.2517568122017608,0.2554436949524518,0.2544928511680785
2022-11-04,0.24030700841738342,0.25380806133615247,0.25302154655864656,0.2528541080346109
2022-11-07,0.24040585872145928,0.25460531343331827,0.2520718577000796,0.25290773462203525
2022-11-08,0.23988276122968008,0.25562732018445694,0.2516890080109798,0.25279169514728816
2022-11-09,0.23986175345270774,0.2498969484170864,0.2518299315867483,0.25840214157585795
2022-11-10,0.2357846140257097,0.26435163487110264,0.2469841063265707,0.2528705946801561
2022-11-11,0.23907387005230232,0.26439612272498325,0.24364752502399933,0.25287353534332413
2022-11-14,0.24105528071434662,0.2612410003636506,0.24488411776603322,0.25281055158542753
2022-11-15,0.2410107289155583,0.2620822707525085,0.24380349448823427,0.2530945018089767
2022-11-16,0.24125554918300898,0.2590944597705149,0.24444022143661914,0.2552007301353116
2022-11-17,0.24025464394229518,0.2595502531842039,0.24480308790306377,0.2553829811542625
2022-11-18,0.23903537041327877,0.2612039434497099,0.24470766073100148,0.2550439878271771
2022-11-21,0.23907654226910546,0.26010563919288615,0.24591448827657167,0.25489425550813366
2022-11-22,0.2398177385907417,0.26307532772127296,0.24398848743331686,0.253109439852671
2022-11-23,0.2406929462810717,0.26353830845720394,0.24375239626456507,0.25200736880676594
2022-11-24,0.24129264872526388,0.2627105065994726,0.24351903931404098,0.25246884293284183
2022-11-25,0.24514034883869396,0.26066003179327796,0.2422879472722709,0.25190273792001827
2022-11-28,0.24480945796898357,0.25897012636957484,0.24292074711840225,0.25329069763715706
2022-11-29,0.2504803647161404,0.2568304370195201,0.24101316611815335,0.2516671142281289
2022-11-30,0.24759649841373532,0.26518734492007867,0.2385734109815009,0.2486339151427461
2022-12-01,0.24639112882273648,0.2641354671274614,0.2393563717345107,0.2501081864248727
2022-12-02,0.24549282470739836,0.2615349194656414,0.2403251451424929,0.25263822981248546
2022-12-05,0.25043490550141323,0.25754999681123103,0.2408607561118009,0.25114543042219
2022-12-06,0.25195953900603635,0.25286757996505493,0.2430095896149004,0.2521542865102963
2022-12-07,0.25106373390806874,0.25282036286998283,0.24410577099807348,0.2520011070157269
2022-12-08,0.2510662455443616,0.2538166856479991,0.24332432223250242,0.2517837516966979
2022-12-09,0.2493526142941995,0.2531456210207691,0.24403139237812452,0.2534613465081702
2022-12-12,0.24581619682098488,0.25660635937757476,0.24438308606339332,0.2531853187793693
2022-12-13,0.24576392844849337,0.2586252808107681,0.24295946204625238,0.2526423377760538
2022-12-14,0.244994326199198,0.25602871816475664,0.2436705306810755,0.25529742802305705
2022-12-15,0.24606132462970354,0.2505280643248273,0.24715286547092413,0.25624861262427534
2022-12-16,0.2483696964414121,0.2492909177810669,0.2468391841415634,0.2554910796635254
2022-12-19,0.24546636190938603,0.24737654183324032,0.24874920811935813,0.25839870985648716
2022-12-20,0.24359940474824235,0.24821528614108085,0.24923650710881107,0.2589396042730937
2022-12-21,0.2421892967054786,0.24965458171814023,0.24799807407404642,0.26014890077511105
2022-12-22,0.24246409848135192,0.2457150819738222,0.24987878380759523,0.2619328255960004
2022-12-23,0.24166618793082367,0.24673014294395038,0.250199123836947,0.2613953325331802
2022-12-26,0.24166625486187104,0.24709691458878041,0.25039892500407346,0.2608286790951438
2022-12-27,0.24486321599884872,0.24331591221382234,0.25034767850211875,0.26146395462776123
2022-12-28,0.24549809971921865,0.24091852887019768,0.25097683895759143,0.2625972766388782
2022-12-29,0.2427958652214838,0.2463667474572893,0.25031511826930286,0.26051304630833927
2022-12-30,0.2437707481075265,0.24471707349247812,0.24964170558711482,0.2618612764997235
2022-12-31,0.2500027995128324,0.24999974043813478,0.24998402561073613,0.2500060862948981
2023-01-03,0.2513143598129862,0.2476256000165081,0.2501010048472956,0.2509516908808803
2023-01-04,0.25217278465148324,0.2473698986348597,0.2494508525766896,0.25099914626141934
2023-01-05,0.253461753255842,0.2442197769294717,0.25060916375391296,0.2517019481127355
2023-01-06,0.25209657522873286,0.2498969416702582,0.24943058398412812,0.24856857282865152
2023-01-09,0.25163157538011943,0.24859697212078896,0.24908065377480135,0.2506834824078997
2023-01-10,0.25030009156566363,0.24900003477317317,0.2491711146502647,0.25152143083219974
2023-01-11,0.24973737790261316,0.25196432883031594,0.24775790348619123,0.25053310560808184
2023-01-12,0.24932921673840197,0.2528751610330534,0.24767873526495743,0.2501096040806031
2023-01-13,0.25103844166525063,0.2525637829731696,0.2468658335673697,0.2495246770285895
2023-01-16,0.2514606702758386,0.25153368851405256,0.24620608665496824,0.2507923011717371
2023-01-17,0.2507114146000974,0.2519311641693755,0.24620616745491808,0.2511440072066882
2023-01-18,0.2519047677649131,0.25028600265235906,0.24638193579764753,0.2514200397905937
2023-01-19,0.2529228424095261,0.2482641964724466,0.24660208301226264,0.2522036183000022
2023-01-20,0.2523673786713023,0.25248490814524616,0.243762071230103,0.2513784607530966
2023-01-30,0.25069527897128374,0.25660966998358486,0.24268764727278627,0.2500002650767599
2023-01-31,0.25062575877960214,0.26010219402771845,0.2423538199679284,0.24691110402370192
2023-02-01,0.2498625766867158,0.262971739356395,0.24028168733667601,0.24687693023707696
2023-02-02,0.24743069257275474,0.26790469127202005,0.23791666832471375,0.24674095434185797
2023-02-03,0.24771726656487988,0.266920517017763,0.24007316739472093,0.2452819926174236
2023-02-06,0.2484250568116016,0.26701547428613426,0.2412500310821131,0.24330234611058185
2023-02-07,0.24769067482597248,0.2716216041961759,0.2396809935423571,0.24099968515390036
2023-02-08,0.24794762589156003,0.2676622934768989,0.24140743896367906,0.24297554925414008
2023-02-09,0.2498062167432666,0.2655479452754975,0.24126615317309238,0.2433725991566864
2023-02-10,0.25103248267386563,0.2645134868741765,0.24170224291256276,0.24274468807005598
2023-02-13,0.2502556926768811,0.2677011708263301,0.24021456917757797,0.24182151473618352
2023-02-14,0.25090503410998083,0.2687999515787452,0.2395787781992714,0.2407092031962392
2023-02-15,0.24993373887633213,0.27066215387004766,0.23933579653638087,0.24006128534585733
2023-02-16,0.24996655027488657,0.26832973536877314,0.24065249975011963,0.24104415359847228
2023-02-17,0.2497546427512593,0.2677500845541494,0.24123298769798227,0.2412552066606557
2023-02-20,0.2539480201368473,0.26596760206926573,0.23939049648731697,0.24068685009295415
2023-02-21,0.25771750195219956,0.26052732686035796,0.24061551120708957,0.24113259284562194
2023-02-22,0.25717070264413344,0.26084016938534915,0.24014062619376067,0.24184145124662942
2023-02-23,0.2565871702435376,0.26329447208208684,0.2395543476715582,0.24055697627370282
2023-02-24,0.2571168670629196,0.2598375840185989,0.24071233779335008,0.24232614593854285
2023-02-27,0.25534931877504874,0.2632451562412365,0.24019699617967244,0.24120147992301796
2023-02-28,0.256618917694311,0.2624560780683379,0.24007329850502432,0.2408446614832748
2023-03-01,0.2583353370111629,0.2598297765278708,0.23994384906656022,0.24188399753257717
2023-03-02,0.2595068957553696,0.2597550604468051,0.23946672218917645,0.24126429209998893
2023-03-03,0.2592677396884983,0.263586506438768,0.2371539513775631,0.23998484227553776
2023-03-06,0.25835273523279634,0.26276421960600616,0.23705183449524017,0.24182426413809355
2023-03-07,0.25844020652916266,0.2610243259068796,0.23806541179014842,0.24246308269007452
2023-03-08,0.2583993078097372,0.263756634153882,0.23799683566431346,0.23984024960838132
2023-03-09,0.25888215653562846,0.2609231650726029,0.23917225266363915,0.24101542262204145
2023-03-10,0.2560840396080042,0.2589899197867856,0.2409483825867974,0.24397060749697827
2023-03-13,0.2578943364959761,0.25822907190747907,0.2393356616386753,0.244533925166224
2023-03-14,0.25480374643712744,0.26093583640334933,0.2380027770383379,0.24625067753524832
2023-03-15,0.2580614565955913,0.2600818578044324,0.23693946317356418,0.2449102907156445
2023-03-16,0.25349948534087186,0.26632402231580193,0.23518391144043363,0.24498570714420365
2023-03-17,0.25601029481674636,0.2638335842667037,0.23460056569515944,0.24554869931202586
2023-03-20,0.2530568728969707,0.26130951280856035,0.23274260562844407,0.2528842106214593
2023-03-21,0.25248378195889376,0.2656136166645555,0.23299048353095153,0.24890530853502113
2023-03-22,0.2557216365273898,0.263412887026863,0.2344636458693147,0.24639497781196212
2023-03-23,0.2544693807043897,0.26519607090015157,0.23304595648951917,0.2472817780218604
2023-03-24,0.2529717821743662,0.2652915375512787,0.23327146678419491,0.2484583894857632
2023-03-27,0.2518195836734165,0.2657278907344694,0.23440269657098808,0.2480429783805491
2023-03-28,0.25286238432758423,0.2648748187091356,0.23469689263075927,0.24755904475085241
2023-03-29,0.25046091792392106,0.26853904787086125,0.2338003596755642,0.24719284382645473
2023-03-30,0.25072288264242065,0.27033640665065073,0.23272552186510417,0.2462083880682485
2023-03-31,0.24997277613080257,0.2500144837739001,0.25000731680403504,0.2500041693206175
2023-04-03,0.2524473047620544,0.25001970383776057,0.250188110544342,0.24734362549745645
2023-04-04,0.2533573102289822,0.24806354555450338,0.24960016124259904,0.24897773063869377
2023-04-06,0.2508600772123478,0.24716637824202678,0.2492956192383978,0.2526766747708774
2023-04-07,0.2507091336704279,0.24748175994510438,0.24953405859176106,0.25227379702913544
2023-04-10,0.25175223718457035,0.2474141222387632,0.25010180870809934,0.2507305787076849
2023-04-11,0.25369029980184965,0.24559219798928034,0.24968862336272807,0.251027629439516
2023-04-12,0.2566533545811587,0.2425470405102525,0.24891239754753366,0.25188596249016687
2023-04-13,0.2559022692221489,0.2454358417853213,0.24765980606338833,0.2510008438597385
2023-04-14,0.25523139883482876,0.24484222075216044,0.24787055678486794,0.25205458349402854
2023-04-17,0.25835165785907577,0.2449587292129284,0.2472635038377635,0.24942487107796418
2023-04-18,0.25871230852865523,0.24546722035410948,0.24739669345655052,0.24842253978426232
2023-04-19,0.2591059024226092,0.24498873803742566,0.24752199788699922,0.24838212348903438
2023-04-20,0.26075793325654795,0.24378126836359407,0.2471430338647867,0.24831652840081275
2023-04-21,0.25828552810146904,0.24450457268220813,0.2485634491027363,0.24864520760695485
2023-04-24,0.2587593543434582,0.2442619331509177,0.2487632756857507,0.24821419418073315
2023-04-25,0.2608129442756898,0.2398123936714522,0.24892147299784215,0.2504519458009401
2023-04-26,0.2601325765729354,0.2416872555906873,0.24828999667463317,0.24988893207892618
2023-04-27,0.2588781227267768,0.2461057397997503,0.24671717860781472,0.24829772983171292
2023-04-28,0.2621599392888483,0.2468481893402426,0.24566579424923685,0.24532485362885437
2023-05-04,0.267257537393834,0.2396329021570461,0.24430536151619867,0.24880298385331676
2023-05-05,0.26592251041637116,0.24306939207114933,0.24289358721396434,0.24811330424248482
2023-05-08,0.27210929020507313,0.24227820994737367,0.24134554236351857,0.24426575792782845
2023-05-09,0.2701178016982021,0.24187418924917164,0.2423758069366449,0.24563099811474015
2023-05-10,0.26425302601446554,0.24539038084436587,0.24327631537843172,0.2470790705527959
2023-05-11,0.2635159554674124,0.24548628354715565,0.24368020318615582,0.24731635011753716
2023-05-12,0.2618067120866875,0.246691161534868,0.24457975348667238,0.24692116057227867
2023-05-15,0.2603591526269151,0.24831619315922343,0.2439346823533701,0.24738876184215608
2023-05-16,0.2586839067689193,0.2487152117288047,0.24493542650136035,0.247664240478622
2023-05-17,0.257365958158997,0.25213808048405645,0.2443198449389091,0.24617490437932274
2023-05-18,0.2580577195654333,0.255479234554226,0.24246954941982365,0.24399229337294498
2023-05-19,0.25505336544408186,0.2573153644642768,0.24360679022311532,0.24402327182492137
2023-05-22,0.25445041343995567,0.25732332703072774,0.24351353969197523,0.24471151298158844
2023-05-23,0.2526479837678612,0.25641736549303,0.24566445372183043,0.2452689808426468
2023-05-24,0.24972747248609778,0.25671606760065524,0.2461748125710258,0.24738042850076672
2023-05-25,0.24736930806055613,0.26173041791215174,0.24519529472479176,0.2457037653207381
2023-05-26,0.2484774351535696,0.2667882818785417,0.242643605086402,0.24208947541630066
2023-05-29,0.24972661568250323,0.26593006926386553,0.24271605109068792,0.24162606185093638
2023-05-30,0.25003998498949664,0.2673062257000382,0.24209093162749437,0.24056165872618354
2023-05-31,0.2483083085198059,0.26553895253204696,0.2423832366938605,0.24376830308249725
2023-06-01,0.2481957058886805,0.26808594908757594,0.24136944620464518,0.24234770562354335
2023-06-02,0.2477607748665164,0.2691287430060754,0.24043782573290745,0.24267146657380034
2023-06-05,0.2504011653549165,0.26906747691322086,0.24049765038601414,0.24003251779600604
2023-06-06,0.24845779874053434,0.26967159211297925,0.2405397563495858,0.241329663985851
2023-06-07,0.251211131698341,0.2657864000537971,0.24108041821822193,0.24192085904494734
2023-06-08,0.25183198064261164,0.2683739442715283,0.23992813088047174,0.23986475885488243
2023-06-09,0.251448964443168,0.2677677369400195,0.23970626753279312,0.2410758484110021
2023-06-12,0.2486436123672618,0.2719050520872663,0.23894141139552535,0.2405087457140053
2023-06-13,0.24725620185612912,0.273944454317641,0.23847273647761333,0.24032543436518
2023-06-14,0.24596327757493436,0.2762662554721429,0.23877625424342963,0.23899303848247774
2023-06-15,0.24613808597796746,0.27909312084794136,0.23801915241243882,0.23674846746030642
2023-06-16,0.24593964724057243,0.2769552535613909,0.23803117957227368,0.23907274463018602
2023-06-19,0.24346550413258713,0.2776257342854218,0.23868357263748533,0.24022400893923584
2023-06-20,0.24122404944588252,0.27900495812079573,0.23903860216981804,0.2407312098208842
2023-06-21,0.24057137605539702,0.2774810937700978,0.2405139699662194,0.24143237318066177
2023-06-26,0.23792620867458134,0.27705488955386515,0.24230555144745325,0.24271215516931188
2023-06-27,0.24037395608270498,0.2793231911322948,0.23989149311662858,0.24041017571290668
2023-06-28,0.2413877372146723,0.2797166008438329,0.23988803965606598,0.2390064388319188
2023-06-29,0.24093173637875306,0.27964055573074914,0.24011716004435604,0.23930936363091707
2023-06-30,0.24997057345981502,0.2499962167109658,0.25001343961218053,0.25001358200046436
2023-07-03,0.25240723907341944,0.24901411164472034,0.2489742556318731,0.24959822974369625
2023-07-04,0.2516451063232602,0.24906427711224255,0.24915295641559235,0.2501314894466686
2023-07-05,0.25128531177609015,0.24869298277977162,0.24938759673120078,0.25062793608787215
2023-07-06,0.2512801074603814,0.2478544151402231,0.24990606522816666,0.2509532268651953
2023-07-07,0.2520577819051779,0.24690019011703918,0.2501910521318583,0.25084478626958084
2023-07-10,0.25255552134238246,0.24630347057002208,0.24988147388432,0.25125335395240506
2023-07-11,0.25280165324176,0.2471315924569442,0.24970943985469737,0.2503511415773794
2023-07-12,0.2513879882092674,0.24906840775488112,0.24917084769469258,0.25036659663515304
2023-07-13,0.25278245224583606,0.2503251239889483,0.24683558968191122,0.25005073111003867
2023-07-14,0.2537914384777421,0.24984426733274145,0.24720585884073792,0.249152322421842
2023-07-17,0.25157562905723296,0.25183608987005474,0.24698747206648172,0.24959470706200948
2023-07-18,0.25028705345518487,0.25341073185570057,0.2463651964554072,0.24993093707255118
2023-07-19,0.2509408193283254,0.25211574305995554,0.2451082105302619,0.2518291769964733
2023-07-20,0.25151335247676143,0.24814439985290493,0.24717298360155115,0.2531631656040148
2023-07-21,0.25185803929742,0.24797836358617192,0.24791987945887015,0.2522376068905695
2023-07-24,0.251788551289944,0.24816721531762684,0.24790682119803958,0.2521313077136026
2023-07-25,0.25557557119900726,0.24884589786400216,0.24600319073141477,0.249569257117694
2023-07-26,0.25510532063965047,0.24756003453512104,0.2464120377187319,0.2509165230032509
2023-07-27,0.2554665911790466,0.24677593060195235,0.2464827034005658,0.2512686936822287
2023-07-28,0.257648861903217,0.2499101768627393,0.24462208047648712,0.24781284144082105
2023-07-31,0.2593903178391768,0.2494203038723531,0.24404102963355243,0.24714232117642812
2023-08-01,0.25988736874015816,0.24845630573309052,0.24400705917495938,0.2476432409904585
2023-08-02,0.25854273836295744,0.24541436114010948,0.2461697274003121,0.24986709829582143
2023-08-03,0.25906809910279344,0.2455546457301635,0.2465132345218461,0.24885794237189918
2023-08-04,0.2598529543057628,0.24453565482871484,0.2468131927620376,0.2487921121862746
2023-08-07,0.258000803391042,0.24613628671712565,0.24676161037553598,0.24909521779369467
2023-08-08,0.2582911432362609,0.24499162616050998,0.24723899085267426,0.2494721479981888
2023-08-09,0.25768489082038104,0.24336915590740363,0.24829360147680252,0.25064623400857117
2023-08-10,0.2581013889106865,0.24379724201954475,0.24825625476316873,0.24983899694205888
2023-08-11,0.25526400787069964,0.24333891466232108,0.24952237858174006,0.25186855377307693
2023-08-14,0.25436020226091366,0.24548969176829796,0.24887642998551837,0.25126755524606365
2023-08-15,0.2557875806058495,0.24333014011131165,0.24953460054192372,0.2513415563385024
2023-08-16,0.2554622743798077,0.24186725749257337,0.2503207605670796,0.2523435714393947
2023-08-17,0.2558842035142368,0.2402622548416438,0.25089567116551953,0.25295171832181923
2023-08-18,0.25531608492310626,0.24005793433806782,0.2515188881141777,0.2531009284814222
2023-08-21,0.2527815984108237,0.24298325806418225,0.25104828022914133,0.2531807215253696
2023-08-22,0.2553508256892345,0.24192417898817292,0.2502342614383865,0.2524846076220419
2023-08-23,0.25402601931106344,0.24494484263486888,0.24927620960961183,0.25174682682169325
2023-08-24,0.2542095016173547,0.24073441842790935,0.250904271548115,0.2541456670325182
2023-08-25,0.2538795793277209,0.24240323438735828,0.2503269152325979,0.2533841383061029
2023-08-28,0.25606841292870763,0.24278877743049582,0.24891111673427094,0.25222558970917386
2023-08-29,0.25442717561764044,0.24673352066707901,0.2473467348677762,0.25148649963310593
2023-08-30,0.25226647059534796,0.24799846424779706,0.2474400280905676,0.25228896930052064
2023-08-31,0.2504161370836309,0.24864093637815093,0.24747278728326624,0.2534640719636901
2023-09-01,0.2520785104850965,0.24800769070543452,0.24683675928550786,0.2530709769262214
2023-09-04,0.25565409077107676,0.24668191849574964,0.245021252074701,0.25263670846950037
2023-09-05,0.25344410350103247,0.24762768051754155,0.24557605670131208,0.25334611671413876
2023-09-06,0.25386917281611554,0.24675211845968112,0.24605257768450425,0.2533200667920204
2023-09-07,0.2536746003829696,0.24560723919223734,0.24661623977704275,0.25409584107259386
2023-09-08,0.2518203717799435,0.2462083011107859,0.24637300293538897,0.2555922515840047
2023-09-11,0.2526128193944736,0.24776837171155305,0.2451465593237868,0.25446620893101873
2023-09-12,0.2528789193995976,0.24519939104891583,0.24599044548498591,0.2559251854934296
2023-09-13,0.25304541892983073,0.24537008978845704,0.24571967637550687,0.2558587684132049
2023-09-14,0.25337446457609447,0.24571666514281498,0.24431646816967914,0.25658639551825096
2023-09-15,0.25534658233261226,0.24300676775100752,0.24581816488775157,0.25582243168368096
2023-09-18,0.2551889066718028,0.24333264181760703,0.24580302255399372,0.25566937297955006
2023-09-19,0.25632579478107004,0.24217214334709958,0.24522483792486072,0.2562711804443008
2023-09-20,0.2576914234493826,0.23937216146368537,0.24571039719005539,0.25721996183610624
2023-09-21,0.2571608317176362,0.2363571986510915,0.24728798769731633,0.25918789006515053
2023-09-22,0.2588487435957865,0.23612164276285094,0.246715867102637,0.2583076607411358
2023-09-25,0.2576635012850127,0.2366603240813282,0.24582052909178237,0.25984957431032557
2023-09-26,0.2584134979986588,0.23432111346657272,0.24700393237918758,0.26025535385450044
2023-09-27,0.25938046616181126,0.2362870790464173,0.2486196656003466,0.2557066473240649
2023-09-28,0.2500076638236044,0.24999038265091966,0.2500022487916085,0.24999139713190197
2023-10-09,0.24904862781388035,0.2558289321325724,0.2502154018024487,0.24489873108052831
2023-10-10,0.24517410910350948,0.25587743343240793,0.24877493585192548,0.2501652582283407
2023-10-11,0.24424978509918494,0.2573995726265097,0.24820950911133968,0.25013288069528045
2023-10-12,0.24674247484160206,0.2556279598760763,0.24772254578509822,0.24989878664364965
2023-10-13,0.2466850589936064,0.2530075962248408,0.24846803378935098,0.2518310652583574
2023-10-16,0.24598687286300785,0.25404071234546327,0.24658568278987628,0.25337855026759065
2023-10-17,0.2468357554908714,0.2527422156166331,0.2461348611029902,0.2542789982217307
2023-10-18,0.24629141128558837,0.250022400925585,0.2467781580433603,0.2568998361579559
2023-10-19,0.24298755927474858,0.24910984158367913,0.24792644847873996,0.2599679108984074
2023-10-20,0.24186124172438028,0.2458400934534722,0.24857022204064474,0.2637201880803151
2023-10-23,0.23927789401662225,0.24751220310374006,0.24979243695659073,0.2634091785978241
2023-10-24,0.24008912302128693,0.24873211775598575,0.24849547698116045,0.26267503190393593
2023-10-25,0.2436786012970869,0.2437987346056073,0.24989279641685658,0.2626215795881232
2023-10-26,0.24529320692820542,0.2395784945937106,0.2502960966205642,0.2648238981602646
2023-10-27,0.24527804448909304,0.24006501163551416,0.2496730146714385,0.2649756490745276
2023-10-30,0.24129903231879765,0.2428446460067977,0.25000026562331384,0.2658477686410819
2023-10-31,0.24113623814641244,0.24376307700582978,0.2498044730220727,0.2652879407904568
2023-11-01,0.24034111451352308,0.2470866142294427,0.24901568177010228,0.26354834751327233
2023-11-02,0.23959297842245325,0.25001083445135397,0.2478979802584363,0.2624900136592957
2023-11-03,0.23785967327553137,0.2524925875504412,0.24735308285167812,0.2622864799302356
2023-11-06,0.23766631718724068,0.2535665494803407,0.24758816727565067,0.2611707847456652
2023-11-07,0.23760802775264547,0.2557254023985658,0.24735837539090236,0.2593000178245407
2023-11-08,0.23778087672379325,0.25603049450885584,0.24758903501895155,0.2585914147284421
2023-11-09,0.23904955558124222,0.25464640578792186,0.24825566749648473,0.2580401698930904
2023-11-10,0.2362132506486428,0.2589317118722042,0.2471210155524613,0.2577258604173158
2023-11-13,0.23727642595201145,0.25819067688214253,0.2471561028426711,0.25736863443078173
2023-11-14,0.23575042182150302,0.2620410637324961,0.24546203762936233,0.25673836852114157
2023-11-15,0.23700064399771614,0.2614677807737798,0.2449250256008646,0.25659845907114714
2023-11-16,0.237005496637279,0.26170109701133076,0.24504710658472825,0.2562382090445137
2023-11-17,0.2364545056302953,0.2617144774628624,0.24516678625236102,0.2566561395186645
2023-11-20,0.23681972604029827,0.26437212628400203,0.24504682595541646,0.2537532329722627
2023-11-21,0.2380645032396328,0.2623933179175209,0.2453156432122339,0.2542184376158787
2023-11-22,0.23783693240882198,0.26302294075183874,0.2453203761150406,0.25381164737085665
2023-11-23,0.2386737557711497,0.2629564129626101,0.24501395370124146,0.25334777626118093
2023-11-24,0.2387779687383657,0.26247069700698783,0.24519196825312312,0.25355125854874794
2023-11-27,0.23737575592829555,0.261940213058564,0.24482813147188728,0.25584780142661956
2023-11-28,0.2368289364743388,0.26221783523111813,0.2446847795062206,0.25626036322028584
2023-11-29,0.23497156199196606,0.2618874455889792,0.24497935517912905,0.2581535407566454
2023-11-30,0.23580911529179044,0.2611378511521498,0.24505714265426773,0.25798779644011605
2023-12-01,0.23639091912899451,0.2616184871734624,0.24449223700034303,0.2574902825953877
2023-12-04,0.23667527149535347,0.2584973820920692,0.2441950475882148,0.26062422983177913
2023-12-05,0.2343293016350019,0.2612303600367199,0.24575409363435344,0.2586781260933182
2023-12-06,0.23448799739013174,0.26017565463812115,0.2462355039464567,0.25909270833464876
2023-12-07,0.233737563747941,0.26296528071917036,0.24510151910692907,0.2581875418754586
2023-12-08,0.23301062055946042,0.2637251690200895,0.24518577175035716,0.25807034179616695
2023-12-11,0.23509279486248963,0.2654333131597784,0.24475265057259815,0.2547131689023445
2023-12-12,0.23585626129617782,0.2667841159131664,0.2441629582959599,0.2531886130043121
2023-12-13,0.23383291368560782,0.2698002731456224,0.24426506130489853,0.2520937051407977
2023-12-14,0.23256454900422072,0.26826547531905,0.243235269120466,0.25592669213852665
2023-12-15,0.23129513730242907,0.26940292595375626,0.243690833525754,0.2556030818270933
2023-12-18,0.2307960053561999,0.2706080254388881,0.24344613021629782,0.2551418287561284
2023-12-19,0.23032631442129006,0.2717831618538825,0.2430311797329247,0.2548513456701489
2023-12-20,0.23059057892289905,0.2685649247692305,0.24378225006525203,0.25705422287884433
2023-12-21,0.22941336905827006,0.27125422773175517,0.24350064788694395,0.25582375266018725
2023-12-22,0.22906873076970968,0.27075709875696424,0.24314057809114373,0.2570256043858587
2023-12-25,0.22895499453900633,0.27075801456986953,0.24329960969595762,0.25697939980639506
2023-12-26,0.22832943867905142,0.27157348932561765,0.24282230670263136,0.2572667995617451
2023-12-27,0.22914618030366446,0.27130436020369614,0.24227178189229967,0.2572697394447959
2023-12-28,0.22853100303557067,0.27139390241444117,0.2424834871066223,0.2575836601160914
2023-12-29,0.23025994943436312,0.27003800943152945,0.2430938090844854,0.25660027188511964
2023-12-31,0.2500123132463583,0.2500076510959356,0.24995983677556255,0.25001377648927153
2024-01-02,0.252611083360643,0.24559488017324174,0.24972013855633896,0.25206747688094
2024-01-03,0.25571974003293907,0.2436667508122419,0.2497271783996487,0.2508799112991
2024-01-04,0.2576868520518246,0.24231787119951523,0.24978692569509267,0.2502019343399308
2024-01-05,0.25820237306873356,0.24239602505157032,0.2497447335480973,0.24965046052068293
2024-01-08,0.25521716638587205,0.2470098792021688,0.24921218921448196,0.24855437202422273
2024-01-09,0.2562111386847839,0.24688599623766852,0.24906373830749615,0.24783274747980402
2024-01-10,0.25449706912969977,0.24884566168947095,0.24900969856394548,0.2476411886753399
2024-01-11,0.25318545916639296,0.24954571356641067,0.24927681798116233,0.24798561998668417
2024-01-12,0.25388300386241813,0.2492423668883382,0.2486806485147553,0.2481875992019429
2024-01-15,0.2546130087005421,0.24838493440412224,0.2476856933164994,0.24931000925995236
2024-01-16,0.25564861407370526,0.24830862827552036,0.24738711482167164,0.24864929571221386
2024-01-17,0.25416679482163723,0.24867447801193726,0.2494829219819523,0.24766941172901938
2024-01-18,0.2520505328289078,0.2520756158629281,0.2491868875407335,0.24668057840976046
2024-01-19,0.24916736026272127,0.25563440121484704,0.24804978891971347,0.24714209892605465
2024-01-22,0.24389251767665782,0.25754515130900807,0.2501517739442163,0.24840415892505405
2024-01-23,0.24539708326007234,0.2577562836314295,0.24916807197291016,0.24767218335896504
2024-01-24,0.24955824519650954,0.2572368214539792,0.24747208473454108,0.24572651409731208
2024-01-25,0.2553135391766851,0.2556965028290151,0.2460579985006928,0.24292566791587789
2024-01-26,0.2578424767325751,0.2534335165285673,0.24503629909784183,0.2436814418371557
2024-01-29,0.25760895623323593,0.2550522405235233,0.24446137328840317,0.2428711840430205
2024-01-30,0.25538734205554414,0.2541998353581236,0.24612577534282326,0.24428077752873067
2024-01-31,0.25640494410395887,0.25053775365905095,0.2476656814496982,0.24538532082248088
2024-02-01,0.2533812122627997,0.2536004115543972,0.24761967267779866,0.24539240335835785
2024-02-02,0.2519944063087027,0.25610133791222034,0.24621178400567817,0.24568621008607056
2024-02-05,0.25231401306867507,0.2565219789392836,0.24713298006807852,0.2440247509899425
2024-02-06,0.25582294365402514,0.25540358518274014,0.2455789264272315,0.2431882852641581
2024-02-07,0.25750772621061097,0.2559833545361218,0.2444219736867873,0.24208073097831082
2024-02-08,0.25700264893406594,0.25643568122991106,0.24417678112850122,0.24237867289602164
2024-02-19,0.2620686657957525,0.2538604685962418,0.24335196344029433,0.24071271483441228
2024-02-20,0.26420715577646514,0.2518133791186577,0.24342868108874488,0.2405446027376267
2024-02-21,0.2653778439979643,0.2506262551446032,0.2434750958617072,0.24051462342155733
2024-02-22,0.26618691816475937,0.25526147316558223,0.2409156444680745,0.23762985347554397
2024-02-23,0.2664993814186985,0.2548695467209391,0.24138840987986718,0.2372365416885433
2024-02-26,0.26143178903164965,0.25588392678471683,0.24294483716446622,0.23973329759407255
2024-02-27,0.2622562867586341,0.2558543382397041,0.24237482603731914,0.23950841454965738
2024-02-28,0.26098331722771334,0.2554697796572331,0.24368697045426274,0.23985377404752725
2024-02-29,0.26206248088323414,0.2564518902156928,0.24250820983077898,0.2389712940688989
2024-03-01,0.26095366705366724,0.2590877275332525,0.2408082393527764,0.23914426758130586
2024-03-04,0.2614601581393174,0.2570496664757241,0.24037839790032697,0.24110569922346445
2024-03-05,0.26301547718024726,0.2520132441166625,0.24047201720841507,0.24449319093968996
2024-03-06,0.2619079740688385,0.252590099819766,0.2403671508895533,0.24512872844603517
2024-03-07,0.2610325842388457,0.2546166727644106,0.23842205569944896,0.2459226849231941
2024-03-08,0.2631888240517906,0.25123230222057236,0.23880441735862062,0.24676844209764118
2024-03-11,0.26200979858513457,0.25084737054425726,0.23908605101178632,0.24805075147269098
2024-03-12,0.2566565171732597,0.2557125077374764,0.23944306491389833,0.24818185427320152
2024-03-13,0.2566923510466598,0.2541643194636544,0.24039976329788987,0.24873749113472438
2024-03-14,0.2574653218723052,0.2535211700251696,0.24011900420300591,0.24888843013368642
2024-03-15,0.25840498471891765,0.2509812894406678,0.24057783918045164,0.2500298078228699
2024-03-18,0.25810526179016424,0.25314734011801554,0.24079752035703902,0.2479438035149258
2024-03-19,0.256917882710452,0.25388404584068125,0.24090871004145026,0.24828328835622995
2024-03-20,0.25723027265868786,0.25559815158032984,0.23951964428321018,0.24764588753949193
2024-03-21,0.25653005303701637,0.25478077655838044,0.23804517449688617,0.25063799423944955
2024-03-22,0.2562449766367224,0.25585376964859513,0.23842272060403233,0.24947251533319184
2024-03-25,0.25684512107305635,0.25521357418536694,0.238357973020858,0.24957731068596511
2024-03-26,0.25715361431536904,0.25412240295011645,0.2383980852595471,0.25031987461872046
2024-03-27,0.2560377760574104,0.25442044900175753,0.23821534326237484,0.2513204247732991
2024-03-28,0.25532619869963985,0.2539856549523838,0.23802172003898012,0.2526604205002176
2024-03-29,0.2569553876710687,0.25189782938049654,0.23633874408162098,0.25480208242728436
2024-03-31,0.2500088175206642,0.24999944266806484,0.2499835092008894,0.25000276404003335
2024-04-01,0.24976849475921034,0.2494761478835321,0.24873417076342205,0.25201573979446323
2024-04-02,0.2513631382700103,0.24745038338714587,0.249070458573682,0.2521105714489435
2024-04-03,0.25236129577614996,0.24671528410809598,0.24820075582559445,0.2527172405059385
2024-04-08,0.25137485504410534,0.24393034598426136,0.2463379581183896,0.25835146175469986
2024-04-09,0.24981654740607526,0.24481898734201507,0.2464156845718819,0.2589434027176738
2024-04-10,0.25058684603205555,0.242885430632135,0.24631999361686716,0.2602023487700498
2024-04-11,0.25170816999206375,0.24570200675640425,0.24532693477737966,0.2572575322528382
2024-04-12,0.2509057341472517,0.24108976284498826,0.24522360064673612,0.2627755570533967
2024-04-15,0.25669163655321214,0.23778597896803827,0.2460103806463599,0.2595066445299561
2024-04-16,0.2559769253784377,0.23753464411028757,0.24569362434030165,0.260789456748674
2024-04-17,0.2598065348680579,0.23392423302620652,0.24526159007952936,0.2610023066957634
2024-04-18,0.26066446905286594,0.23284694228024166,0.24573715047793662,0.26074609761749584
2024-04-19,0.26199743894522726,0.22887992715038505,0.24655589113100343,0.2625613857918976
2024-04-22,0.25849868351686345,0.23274576249288872,0.2485560684535322,0.26019409104826247
2024-04-23,0.25604434907672174,0.237736109417959,0.2503717130815212,0.2558424018248665
2024-04-24,0.25515439037847104,0.23816739177806334,0.24917883036446956,0.25749396833529115
2024-04-25,0.25689117355868835,0.2366831918774375,0.24919993731545712,0.25722028171737826
2024-04-26,0.2533122934845043,0.24004803899248509,0.2478334410985392,0.2588008246523797
2024-04-29,0.25319294730952246,0.24145709519536426,0.2476829834138628,0.25766155764754833
2024-04-30,0.2553312980065008,0.23790198755103462,0.24954061324994212,0.2572206621255614
2024-05-06,0.2545977768261995,0.24410838339202187,0.24732877223628846,0.253959680367336
2024-05-07,0.2545766032368151,0.24385515145006423,0.24753344439377906,0.25402941932971174
2024-05-08,0.2554563511679856,0.24369784822854587,0.24728855127132357,0.2535518712140078
2024-05-09,0.256876338379234,0.24371661114809162,0.24657262417376602,0.2528290560541109
2024-05-10,0.2562353806150765,0.24234384064558714,0.2446586833626121,0.25675676769423494
2024-05-13,0.2576854661837694,0.24261492896977618,0.24476937685188238,0.2549249066231311
2024-05-14,0.25672195613509724,0.24440126620206498,0.24491403661310765,0.25395741724190407
2024-05-15,0.2548918067071031,0.2467247579396128,0.24342608229070176,0.2549520592784607
2024-05-16,0.25481481806161593,0.2457955522456889,0.24282789491115014,0.2565564490387829
2024-05-17,0.2561515805213237,0.2450405933358607,0.242349662767713,0.25645288990243653
2024-05-20,0.25621509797048825,0.24426406090748926,0.24003000152248033,0.25948561819786414
2024-05-21,0.2571084823205843,0.24519440382858076,0.24017900702497944,0.2575128811594384
2024-05-22,0.2567140943875401,0.24522084752167594,0.2404913907222233,0.25756843724130335
2024-05-23,0.25629427987125314,0.24644557577239637,0.24285542924135345,0.25439943919486196
2024-05-24,0.25618312565490897,0.2489207551500106,0.2428508816212196,0.25203996001841134
2024-05-27,0.259356455719534,0.24780981915936628,0.24184271781852876,0.25098575330090783
2024-05-28,0.2583339016298447,0.24840519950219211,0.2419112893524037,0.2513443584610051
2024-05-29,0.2585231188284451,0.24677506289750983,0.24194442638961583,0.25275214035688875
2024-05-30,0.2583214109894824,0.24563246467595262,0.2434737690212376,0.25256706910310905
2024-05-31,0.25809884318639376,0.2454661812938765,0.24317578129322512,0.25325391159483984
2024-06-03,0.2566745639618014,0.24701453173965032,0.24425403058941295,0.25205157370755915
2024-06-04,0.2564275952864607,0.24691894951313123,0.24348611205473586,0.2531620610451947
2024-06-05,0.25281102741412464,0.25186565534906946,0.24368358092645556,0.2516344550421226
2024-06-06,0.2523657165747488,0.2504817965158602,0.24257169351918073,0.25457553728610516
2024-06-07,0.2542067047892591,0.24965925940498465,0.24195831049377,0.25417048262154596
2024-06-11,0.2518154721045782,0.254706037474284,0.24431283832392228,0.2491603616919245
2024-06-12,0.25287868313168116,0.25634470196378983,0.24250213500209009,0.24826922792837666
2024-06-13,0.250473944039554,0.25793705009106943,0.24289142267477967,0.24869232496309726
2024-06-14,0.2502518299744729,0.25879789660759867,0.24267556249235925,0.24826946133691477
2024-06-17,0.2473335069458931,0.26168883444831,0.24243097990009174,0.2485414337132888
2024-06-18,0.24798286733755248,0.26135009857899766,0.24230580859074,0.2483559872895289
2024-06-19,0.2477133843020141,0.26096655030284754,0.2422346325382427,0.24908020234111872
2024-06-20,0.2476554890053572,0.2591266071951089,0.2422053600709975,0.2510073134381292
2024-06-21,0.24756571883560924,0.25842465304992873,0.2421049416313146,0.2518994555951048
2024-06-24,0.24678678427990078,0.25764349785793883,0.2444225230561453,0.25114192000081836
2024-06-25,0.24672099813751766,0.2597068861563602,0.24358436568112848,0.24998249690041233
2024-06-26,0.24790085839776496,0.26028603200806294,0.24359960711550582,0.24820825249107717
2024-06-27,0.24786483680397517,0.2608985764291921,0.24401479765239797,0.24721653788158315
2024-06-28,0.24932916410852546,0.25846575325959814,0.24318908459946845,0.24901076631243785
2024-06-30,0.24999719889919345,0.24999554361735202,0.25000430648571725,0.25000243217252155
2024-07-01,0.253389216004204,0.2502138243308292,0.24806880709865245,0.24832763657466347
2024-07-02,0.2530684021803262,0.2519242799252573,0.247460645673639,0.2475461581247739
2024-07-03,0.25018100198735943,0.2536311810882686,0.24710660862627004,0.2490806953592305
2024-07-04,0.249225106554674,0.25361142535664066,0.24707204533644672,0.25009090985332083
2024-07-05,0.24729565787051802,0.2557835883399285,0.24642468343383947,0.25049555801063517
2024-07-08,0.24610390354805586,0.2566052791477578,0.24611602510428773,0.25117427960945954
2024-07-09,0.24848277226170087,0.2562655981214782,0.2460716403673091,0.24917947768609028
2024-07-10,0.24394372017298044,0.25889823196437234,0.24592485394582966,0.2512326826664879
2024-07-11,0.24553260190039516,0.25438008433672465,0.2472129829879364,0.25287381703011824
2024-07-12,0.2449665864809681,0.2552163590950254,0.24683120256889352,0.25298533924564537
2024-07-15,0.246449817918213,0.25505342778215234,0.24619606800988364,0.252300175407214
2024-07-16,0.24500611946505269,0.2545514062876081,0.24562173687336566,0.2548202278450452
2024-07-17,0.2450005350613254,0.24856070945003012,0.24715308763047944,0.25928515527557233
2024-07-18,0.24611309217152455,0.24739719258174805,0.24706191536915134,0.25942728717051655
2024-07-19,0.24688474996028129,0.24787261861529725,0.2500119478728202,0.25523016509607116
2024-07-22,0.24394138540182353,0.2510466506359436,0.24988221301569974,0.2551292339645449
2024-07-23,0.243477753907616,0.2509519914047394,0.2511501573175811,0.2544195787620528
2024-07-24,0.245226282362549,0.24336243249136708,0.2525877585369313,0.2588230049360918
2024-07-25,0.24625868499481493,0.24319495397471813,0.2554916904539195,0.2550541434829596
2024-07-26,0.24410956791729144,0.24483719762413722,0.2551147527555307,0.25593795571518313
2024-07-29,0.24433641001319975,0.2446280405173581,0.25455887897913865,0.2564761464873214
2024-07-30,0.2436786219485226,0.24261406598262455,0.25600570460296185,0.2577010808528652
2024-07-31,0.2431148424249489,0.24688157270373082,0.2532253710871446,0.2567776933179943
2024-08-01,0.24397437568304361,0.24158057139792263,0.2544427927074176,0.26000173816038225
2024-08-02,0.24487424241161584,0.23698523521627582,0.2557523141740959,0.26238768370901644
2024-08-05,0.24564906358384145,0.23340733757047527,0.2595717977064421,0.261371268902923
2024-08-06,0.24510445880427853,0.2360434305331998,0.2599750329858915,0.2588765444053495
2024-08-07,0.2464290307191007,0.23371494778536206,0.2605438781777974,0.2593116095498601
2024-08-08,0.24495425444979457,0.23949768362848547,0.2578306095565139,0.25771692231573057
2024-08-09,0.24418990854965447,0.2399169048952275,0.25641395602108386,0.25947870234717124
2024-08-12,0.2446103403009755,0.2399328287021225,0.2549026998701546,0.26055360369676434
2024-08-13,0.24326735439709973,0.24380937770261193,0.2530262860702541,0.25989645919889925
2024-08-14,0.24296832857973502,0.24386838593938506,0.25372559033198183,0.25943717239127256
2024-08-15,0.24353457644754736,0.24785058791036094,0.2516320979279003,0.25698221893471285
2024-08-16,0.24398196128303884,0.24794562828730446,0.2513240854330373,0.25674780712713896
2024-08-19,0.2451343297732611,0.24856902943156153,0.249251910725802,0.2570442171088934
2024-08-20,0.24347583668451553,0.24843891042465016,0.2500529526385016,0.2580317857500185
2024-08-21,0.2415923865877225,0.24961360555369305,0.2500320474376337,0.25876144602881124
2024-08-22,0.24332069245877772,0.2462646082573847,0.25129114870168007,0.25912303401617803
2024-08-23,0.24230510285795626,0.24900401462580296,0.25080647189809985,0.25788389530944783
2024-08-26,0.2428255375595525,0.24612119682000005,0.25120840225921487,0.25984434709607357
2024-08-27,0.2437947287637535,0.24692707690411647,0.25028856985978565,0.2589891090973286
2024-08-28,0.24339979211281534,0.24490468321084913,0.2517945591499515,0.2599004477388397
2024-08-29,0.23941250723206475,0.24602879696756666,0.2527561385093334,0.26180203712684347
2024-08-30,0.23784362594792116,0.2485386625155049,0.2526396753281518,0.2609775163597807
2024-09-02,0.2390350270521492,0.24814007322475953,0.2531535835573289,0.25967079640936863
2024-09-03,0.23851719002230626,0.24306926649070873,0.25582418759764447,0.26258883100785907
2024-09-04,0.23837966875621142,0.24337804280693512,0.2567528945792936,0.2614888675341648
2024-09-05,0.23756908490532233,0.24262511603290174,0.25659875160778883,0.2632065215954492
2024-09-06,0.2378632301485185,0.23782005855923188,0.2585825450443332,0.2657336363117465
2024-09-09,0.2342303549141992,0.24146703447728537,0.25934409072745973,0.26495798907852
2024-09-10,0.2335145561308714,0.2430839657801798,0.2584972112475987,0.26490373842611153
2024-09-11,0.22752071572385127,0.24813428774980315,0.2584345962988592,0.26590987256832355
2024-09-12,0.22786503678524297,0.24981632347708482,0.25764022038824363,0.26467789345246145
2024-09-13,0.22632083725144705,0.2494196766655827,0.2571144742309069,0.26714448791844775
2024-09-18,0.22930291824495994,0.2466033831869962,0.25736728628499134,0.26672588863882307
2024-09-19,0.22798038978212415,0.2513570168563731,0.2554116610273371,0.26525041252282205
2024-09-20,0.22763468897035283,0.24946555662710027,0.2553967067088023,0.26750252812991776
2024-09-23,0.22922776473900922,0.24861562949691013,0.25418677159793973,0.2679693171069229
2024-09-24,0.236808071287721,0.24709281385509263,0.2509920813503946,0.26510652179216404
2024-09-25,0.23921519394053645,0.24522995545564744,0.25027458985208095,0.265279751816725
2024-09-26,0.2441376354512241,0.24515138983990398,0.24728314585641667,0.26342732471866886
2024-09-27,0.2455452252650195,0.24378856197737972,0.24628805103648463,0.2643776557774845
2024-09-30,0.2500065816193635,0.24999161835031314,0.2499899617564446,0.25000975510286844
2024-10-08,0.2518421863085574,0.2516969994196875,0.24835033285490368,0.24810840746939752
2024-10-09,0.23821343973146508,0.2577714847218196,0.25337054158299105,0.2506424217633779
2024-10-10,0.24499891183780234,0.2551294109246566,0.25119654575578493,0.2486730438302918
2024-10-11,0.2406350203263951,0.25591080409286643,0.2516669699838773,0.2517851144518182
2024-10-14,0.2454473408128369,0.2550489967600626,0.2490070173271817,0.2504945767531374
2024-10-15,0.241904354320825,0.2537086624415644,0.25106966318194723,0.2533152368063078
2024-10-16,0.24402925246177748,0.25301538774944315,0.24894412942996827,0.2540091643041082
2024-10-17,0.2411501187871873,0.2536755438402442,0.2497267355438033,0.25544553324649716
2024-10-18,0.24146082710211705,0.25424550466941503,0.2482970028518398,0.255994606376092
2024-10-21,0.23959105662972108,0.25350992932315863,0.24813681474355512,0.258760142024076
2024-10-22,0.240221893390368,0.2539931996216582,0.24720826782572958,0.25857458643161835
2024-10-23,0.24054397658463844,0.25089012033555363,0.2477154192456429,0.26084842516100554
2024-10-24,0.23965466061403562,0.2535184762516708,0.24796539885880223,0.258859402672992
2024-10-25,0.2390021881302649,0.2543889953990712,0.24822019227062644,0.2583865612056069
2024-10-28,0.2391958062896822,0.25438147169083863,0.24745847641267207,0.258962188329137
2024-10-29,0.2355427008796819,0.2565247380441149,0.24726435771514013,0.26066614846795977
2024-10-30,0.23386775602591356,0.2550432539526083,0.2473343949218778,0.2637525395143512
2024-10-31,0.23535147908829174,0.2502698939945317,0.24962634742584416,0.2647502071729763
2024-11-01,0.23737746894061357,0.25133889688560074,0.24953124745084626,0.26175031717141695
2024-11-04,0.23961224840806591,0.2507947897161592,0.24962201743799545,0.2599688750341766
2024-11-05,0.24107275692885255,0.25195253512329985,0.24839846830427256,0.2585741822678371
2024-11-06,0.23884804954927075,0.257113831418818,0.24672736103372053,0.2573087136528172
2024-11-07,0.24169084900864246,0.26222367887550074,0.24589601912986767,0.25018741739253014
2024-11-08,0.23888899556317983,0.26239720299811986,0.2466975540618964,0.25201420640808186
2024-11-11,0.23721381629383204,0.26353323966937253,0.24697187167411264,0.2522790306330774
2024-11-12,0.23652624873761066,0.2651061946193854,0.2489092940371714,0.24945620868972376
2024-11-13,0.23761366025765768,0.26465463067261147,0.2484445571602286,0.2492851001447089
2024-11-14,0.23794210783756845,0.26495998049970265,0.250690548951816,0.24640529362488814
2024-11-15,0.23897490604276886,0.26034953205920136,0.2523021273646389,0.24837135182958958
2024-11-18,0.2409639171739783,0.2598185298915465,0.2500132546471463,0.24920223243654757
2024-11-19,0.24000919413138694,0.26011261762256266,0.24873435211634218,0.2511417831580423
2024-11-20,0.24034595620689497,0.2598055067989898,0.2485370653081546,0.2513094197656837
2024-11-21,0.23875278808072356,0.25960910783877017,0.2479027522251602,0.2537333083253335
2024-11-22,0.2333609555111784,0.260729486599842,0.24850173067054593,0.2574057789685193
2024-11-25,0.23422595959166442,0.26160349673413963,0.2493187657225596,0.2548497255685025
2024-11-26,0.23529699426139797,0.26348334306566723,0.249836612059568,0.25138099441929573
2024-11-27,0.2372965717412991,0.26045707578098093,0.2489711187560051,0.2532731848836706
2024-11-28,0.2367809867135476,0.26067831452331797,0.24972291069025826,0.25281573612653346
2024-11-29,0.23639012791464925,0.26177897434601743,0.248854396380473,0.25297445846548927
2024-12-02,0.23590966915638745,0.263719678603286,0.24889918067111655,0.25146943508094377
2024-12-03,0.23751558028842132,0.26347992445886775,0.24746615986190565,0.2515363100324355
2024-12-04,0.23717985454906487,0.2655406015407717,0.2470626186689111,0.2502149077010027
2024-12-05,0.23727241751688763,0.26478611331623014,0.24741283020005256,0.2505266193563307
2024-12-06,0.23911460435351997,0.26599613141537204,0.24625142417591983,0.24863582941135617
2024-12-09,0.2397746088638222,0.2636575816642943,0.24678021883962836,0.24978558092853453
2024-12-10,0.2395867171118146,0.2624885827965592,0.2476431139816844,0.25027958013339696
2024-12-11,0.2379737240548408,0.26520958898166974,0.24622727642415676,0.2505874186015651
2024-12-12,0.23875488592708044,0.263066068076899,0.2462506557161124,0.2519264005095178
2024-12-13,0.23517502964319442,0.2663967682976276,0.24798647936898885,0.25043972437974604
2024-12-16,0.23630355566105227,0.26866688884331025,0.24758884322128788,0.2474387247329325
2024-12-17,0.23613260102449182,0.268136241561912,0.24790087165879784,0.24782829464894532
2024-12-18,0.24013147615622793,0.2607538678676575,0.2496755730758578,0.24943707326011455
2024-12-19,0.23864116528938384,0.26067362179220127,0.25098861829931135,0.24969457636963116
2024-12-20,0.23686341903587443,0.26283582181803256,0.25176045041170586,0.24853829095623245
2024-12-23,0.23624107804201397,0.26384042292193016,0.25019890420030266,0.24971758892158413
2024-12-24,0.23761238490110798,0.2661421359341435,0.24854168076112135,0.24770180200324668
2024-12-25,0.23886712926590148,0.26576102686084374,0.24785171346851792,0.24751813686315327
2024-12-26,0.23793738333553457,0.2655247343393539,0.24842217496687574,0.24811371305347246
2024-12-27,0.23903897210218938,0.26260126676915796,0.24946293597916705,0.2488948260801971
2024-12-30,0.24157107310453624,0.2598490844678492,0.24991101170881816,0.24866682674292231
2024-12-31,0.2500005884535731,0.25001016007811055,0.2500005241699353,0.24998505992709535
2025-01-02,0.24503439110893832,0.2499989487560101,0.25157901028282,0.25338397537400864
2025-01-03,0.24139390537136027,0.2533112584011511,0.25091264798583546,0.25437852797861765
2025-01-06,0.2414128225399223,0.25535281305283736,0.25048450574454895,0.25274620686527866
2025-01-07,0.2429084027623203,0.2519174996154517,0.2511480591394819,0.25402237215398055
2025-01-08,0.2434359960508568,0.25126574158700055,0.2505845850495967,0.25471002046926344
2025-01-09,0.24107803101266204,0.2519613188087499,0.25072594384666463,0.256231039365427
2025-01-10,0.23971773673620275,0.2492318122471232,0.2521450453203704,0.25890172057267175
2025-01-13,0.23790318152704698,0.24913216154681686,0.25222492704953803,0.26073603640332726
2025-01-14,0.24085010950698924,0.24836562645650018,0.25232328233132945,0.2584572946800331
2025-01-15,0.2395546817310255,0.25226096044905455,0.2506683741049338,0.25751232197330975
2025-01-16,0.24140085694467495,0.25014822858884306,0.25021607784067956,0.25823117929165273
2025-01-17,0.24011750650583735,0.2534451834540881,0.2489568572103697,0.25747680956982016
2025-01-20,0.24014266733604786,0.2535419027822124,0.24882495552435158,0.25748682970716874
2025-01-21,0.23842237923366758,0.25429899409147544,0.2492505765525912,0.2580244063657496
2025-01-22,0.23458556982429177,0.2572067789008331,0.24874162079378373,0.25946239194830806
2025-01-23,0.2372584101713097,0.25673224431604336,0.24745792956358875,0.2585477933470161
2025-01-24,0.23806699913778076,0.25525940247263257,0.24755689378900467,0.25911308209406697
2025-01-27,0.24260947254118306,0.24876080507774287,0.24926241970501145,0.2593636632341758
2025-02-05,0.23540960115530912,0.25193924647535737,0.24656806674165316,0.2660794895853432
2025-02-06,0.2351493285373363,0.25285899301003584,0.24649605857114315,0.2654920291488426
2025-02-07,0.23597173868195556,0.25024714128816916,0.24699376446437132,0.2667837559504549
2025-02-10,0.23414868154220103,0.2516689304096447,0.24493969424344034,0.2692391176879963
2025-02-11,0.23578313412429047,0.2501303289690865,0.24424316362572568,0.26983980991946926
2025-02-12,0.2365831714878135,0.2504495049542737,0.24429263875387808,0.26867111917981185
2025-02-13,0.23561010746225064,0.2527909307609935,0.24291650871882584,0.2686789063237047
2025-02-14,0.23542868112862855,0.2532743299833817,0.24205082245928877,0.26924262631330437
2025-02-17,0.23633864461141046,0.25437250679761625,0.24276558227000253,0.2665197086197813
2025-02-18,0.2356421945900944,0.25426095910067653,0.24179907417827906,0.26829422491370436
2025-02-19,0.23515822318391053,0.2539211693421796,0.24156983636419296,0.26934723085389684
2025-02-20,0.23504015806653242,0.2529838234899642,0.24138407435525563,0.27058839912082344
2025-02-21,0.23526131485722326,0.25029732430262636,0.243300581889698,0.27113719714811174
2025-02-24,0.2357740452694846,0.24814401909919204,0.24330359195471726,0.27277475107533056
2025-02-25,0.2348358326221333,0.24626654417583105,0.24496731773131022,0.2739266953954419
2025-02-26,0.2365047339621584,0.24687102547512066,0.2450822766692516,0.2715383544742177
2025-02-27,0.24008090336425827,0.24159922839566536,0.24616917208229946,0.27214706350580264
2025-02-28,0.2386701107051031,0.24527274194077858,0.2464645277804136,0.2695889905757037
2025-03-03,0.2399833982752894,0.24094023249977609,0.24795604011557215,0.27111668418589596
2025-03-04,0.23941053378617347,0.23959176157779838,0.24725462294463751,0.27373944479708956
2025-03-05,0.24001862545272384,0.24124353642684362,0.24589879729258166,0.27283542574538516
2025-03-06,0.24110963357424472,0.23665157787147753,0.2475843484127436,0.27465079058103425
2025-03-07,0.24063159904305725,0.23837889937525916,0.24652160987155916,0.2744642433422798
2025-03-10,0.24168587665419736,0.23167842297904995,0.2485758682252975,0.2780561494587927
2025-03-11,0.24386190651349324,0.23157289223821576,0.24796291728332256,0.27659859240493373
2025-03-12,0.24252478817418835,0.23312280312607706,0.24777182891258065,0.27657690305437244
2025-03-13,0.2441545576672675,0.2291789263970534,0.24788241959107776,0.2787804139102441
2025-03-14,0.24336465324837048,0.2320915154724036,0.2453608084461983,0.2791793830168003
2025-03-17,0.24369085850747782,0.23283008528635693,0.24376129504849534,0.27971412769538767
2025-03-18,0.24387328450047543,0.22947241527944268,0.24429507376440654,0.28235558664414423
2025-03-19,0.2436108910310891,0.23068238444736963,0.24272048152373257,0.2829826303759042
2025-03-20,0.24255084290549023,0.2302311823242632,0.24357495281314356,0.28363940876779076
2025-03-21,0.24207872891410523,0.23132709731284581,0.24365407967400485,0.2829364764758007
2025-03-24,0.2420701261564185,0.23482563022133354,0.24228216755125553,0.280818482085616
2025-03-25,0.24305738636213237,0.23548738521680856,0.24190447863191383,0.2795471654107174
2025-03-26,0.24312539856682597,0.23192790222821705,0.2431852931499924,0.2817578093876192
2025-03-27,0.24377163517687322,0.2305871770118711,0.24317101622256135,0.28246657312842915
2025-03-28,0.24352929494497705,0.22506344325649433,0.24364018997403816,0.28776346593912344
2025-03-31,0.25001424167492653,0.2500162361604219,0.2499518160597133,0.2500176607929186
2025-04-01,0.24956207391069735,0.25095490178196145,0.2487677837531732,0.25071519542964316
2025-04-02,0.2506046034261703,0.2521291360128755,0.2484574891946954,0.2488087263842759
2025-04-03,0.2534861576616618,0.24110672630725896,0.25219002693289805,0.25321704370009535
2025-04-07,0.24851501413676658,0.23523922548371018,0.26258040826421386,0.2536653051130555
2025-04-08,0.2536282512782386,0.23050401384175107,0.26152537199906867,0.2543423159297945
2025-04-09,0.24530794455956437,0.2503263188544865,0.25388861858410405,0.25047707246960615
2025-04-10,0.24779715818231818,0.2410896919330768,0.25515905010351514,0.25595405404386695
2025-04-11,0.24446429556256014,0.24351377078350278,0.252868126039785,0.25915376227192494
2025-04-14,0.24512884691245987,0.24369219896633965,0.25159148818572186,0.25958742082713876
2025-04-15,0.247067608185329,0.24322622286725673,0.25082613360247125,0.2588799903890175
2025-04-16,0.2488661169512461,0.23555262500257138,0.25076127593870917,0.2648199372175679
2025-04-17,0.24871304339649122,0.2351761227294294,0.25018416852299824,0.26592662053292676
2025-04-18,0.24906418616280543,0.23465808722115605,0.24986267602846318,0.26641500583424027
2025-04-21,0.24802245296279057,0.229522289985684,0.2501766120957042,0.2722786000935772
2025-04-22,0.245728648174818,0.23209423247944247,0.24672050663350187,0.2754565685148905
2025-04-23,0.24674809211733797,0.23954748528889827,0.24872389256344554,0.2649804854266127
2025-04-24,0.2465562222574626,0.243469914778834,0.24603245331167445,0.2639413655264404
2025-04-25,0.24617510612379426,0.2462019948587571,0.24603395222734556,0.26158890267786095
2025-04-28,0.24766969766409233,0.24631536923741915,0.24654708473134068,0.25946780420313637
2025-04-29,0.2465499881242618,0.24730038322246206,0.24655592343118532,0.2595936611328674
2025-04-30,0.24332361553163784,0.24844928964479596,0.24759123695988294,0.26063581360100024
2025-05-06,0.24190485071404771,0.24948413728932423,0.24586743790308965,0.2627435301444975
2025-05-07,0.24287549995682164,0.24916027209196615,0.24439937748193385,0.26356480673043653
2025-05-08,0.24403244945671557,0.25183671249634504,0.24460692569213152,0.2595238686342867
2025-05-09,0.24555794551137564,0.25144327485879814,0.244282019503942,0.2587167164736666
2025-05-12,0.24550239229477308,0.2613565391816352,0.24321102970650824,0.2499299951901396
2025-05-13,0.246032544567511,0.2630071085355703,0.24158006594881218,0.24938023767733145
2025-05-14,0.24722389075386297,0.26414151497781796,0.2412334497444781,0.24740110129262316
2025-05-15,0.24831261553443898,0.26654157661267464,0.24307595173333676,0.2420698125238853
2025-05-16,0.2459845411311366,0.26691913622635977,0.2423191777155978,0.2447771014672882
2025-05-19,0.2455795562257647,0.2661386978349767,0.24178264851619435,0.2464990541185461
2025-05-20,0.24659294256384356,0.26524790534355813,0.2418483229770848,0.24631078578778554
2025-05-21,0.24699100843022448,0.26058939234512746,0.24065641501361607,0.25176314108417397
2025-05-22,0.24748050883367406,0.26003805860696816,0.2399276884828967,0.25255370106914166
2025-05-23,0.24678219664673912,0.25892768873583266,0.24116864218749154,0.2531214292084286
2025-05-26,0.2462854181011381,0.25922655491460767,0.24170314107525398,0.25278484260887135
2025-05-27,0.24556316427508806,0.2641377136395034,0.2404195297490946,0.24987954924589528
2025-05-28,0.24666165608018079,0.2630040902049786,0.24024691673927032,0.2500872939024872
2025-05-29,0.24691992147238417,0.26409126505802905,0.24055397936233666,0.24843479094042673
2025-05-30,0.24712021888232602,0.26287782280443206,0.24033267838541553,0.24966923687542245
2025-06-03,0.24725741919730324,0.26438993525750043,0.23796496934077213,0.25038763357053095
2025-06-04,0.2478362584472248,0.26448864072714495,0.23756350697524045,0.2501115513096587
2025-06-05,0.2468380876370171,0.2632072587931431,0.23840110411577364,0.2515535067645987
2025-06-06,0.2466467737370865,0.26495544202089016,0.23802415163073481,0.2503735900499028
2025-06-09,0.24718616499596097,0.26592967144896323,0.23853865498069599,0.24834546593817633
2025-06-10,0.2470283013511205,0.2670421165737189,0.23801078708195694,0.24791875244979292
2025-06-11,0.2474179401559293,0.26594684002667646,0.23813912822754246,0.24849604905932265
2025-06-12,0.2475303366897091,0.26560062046556054,0.2372982199215702,0.2495707805288526
2025-06-13,0.24619151500599315,0.2624738169328948,0.237694169643351,0.2536404559567564
2025-06-16,0.24656042090013527,0.26527901827699785,0.236776339926277,0.2513841786072821
2025-06-17,0.24718545661453514,0.2636925138046897,0.23813764340094934,0.2509843436856343
2025-06-18,0.24840228016921626,0.2634171520095354,0.23788896736523424,0.2502915580061973
2025-06-19,0.24827899151574806,0.26395811720183576,0.23837924968696064,0.24938359905846186
2025-06-20,0.24954255668664524,0.2626241301501817,0.23844858672276084,0.2493846839003771
2025-06-23,0.24987626860547496,0.26431081769552406,0.2373676165008784,0.24844525484845958
2025-06-24,0.25010115715650383,0.26781593734965936,0.2368782057009661,0.245204657501154
2025-06-25,0.2512404549002869,0.26749941109263187,0.23599975468591983,0.24526033715883003
2025-06-26,0.2512917950264011,0.2686924269067292,0.23512685808839745,0.24488887799636608
2025-06-27,0.24889443415440574,0.2714733946126409,0.236568362215294,0.24306376678465996
2025-06-30,0.24996191186715366,0.2500178979265375,0.25000486061978355,0.2500070817788993
2025-07-01,0.25171642231545827,0.24692900203908622,0.24937743182609826,0.251968922064465
2025-07-02,0.2517941390071804,0.2483058763641357,0.24909402225950147,0.25079775589812053
2025-07-03,0.2508196757792957,0.24956850780852938,0.24808429304054355,0.25151935070376896
2025-07-04,0.2529617998500935,0.24931091576259323,0.2478372856156526,0.24988183453921453
2025-07-07,0.2547613677164416,0.24782361396185515,0.24838225508408227,0.24902458278591255
2025-07-08,0.2540228949693355,0.24780673182562385,0.24810381495334358,0.25005838338793945
2025-07-09,0.255249728018564,0.2494860861908581,0.24797337263477412,0.24728264318701787
2025-07-10,0.2559163589889339,0.2483783813024246,0.24701454401362583,0.24868256707624442
2025-07-11,0.25435682503648455,0.2485273470077919,0.2476927251571878,0.24941492929626924
2025-07-14,0.25489776526050417,0.24806627783234708,0.2463567536788921,0.2506710698233105
2025-07-15,0.253101738871016,0.24889418481016176,0.2472404592213248,0.2507554665118198
2025-07-16,0.25260204900293515,0.24978340899194013,0.2475904980433494,0.25001587921025986
2025-07-17,0.25198371993741414,0.2511679004920338,0.2474440250244753,0.24939619426671691
2025-07-18,0.2527021754015021,0.25065927649272834,0.24691043406804714,0.24971997028322063
2025-07-21,0.2520890696093722,0.25143493782581444,0.24610646071989709,0.2503614071792058
2025-07-22,0.25262383128383076,0.2500176956572447,0.24592301792934865,0.2514273272966364
2025-07-23,0.2520427830998788,0.2500205690389136,0.24479953838706697,0.25312901099679874
2025-07-24,0.2516623217438228,0.25208391321576656,0.2457408402798201,0.25050477421444545
2025-07-25,0.2502362297468558,0.25317221741911905,0.24613799176602488,0.25044539993063003
2025-07-28,0.2494239363496347,0.2543027656736813,0.2465453857627975,0.24971974897326413
2025-07-29,0.24894923733840288,0.25483476954262285,0.2468512632827414,0.24935653480522887
2025-07-30,0.24939011722882704,0.25436845725866997,0.24684295013713317,0.24939030024129544
2025-07-31,0.24754965005869634,0.25443973087830546,0.24825253957233376,0.2497498676243107
2025-08-01,0.24874550333366988,0.2506774727297598,0.24955110723887466,0.25101766236084677
2025-08-04,0.2480715492273947,0.2527937095732414,0.2474506884981929,0.2516758693399997
2025-08-05,0.25055792990177583,0.25020043566823086,0.2469303460937717,0.25230312487727624
2025-08-06,0.24993693260862357,0.25266758161887615,0.246193181378922,0.2511941693011595
2025-08-07,0.2500922367152337,0.25263253351066595,0.2457727729271923,0.25149434236547524
2025-08-08,0.2496402725551439,0.25436314092679374,0.2449717239823261,0.25101677479797535
2025-08-11,0.24934544310999557,0.2548695237938751,0.2458287296472371,0.24994817068510314
2025-08-12,0.24938344585732372,0.2574298616711787,0.2447976447495024,0.24838094413502423
2025-08-13,0.24830651991599884,0.25751590576649575,0.24508981317805867,0.2490796500839005
2025-08-14,0.24833893253365888,0.2574628093217164,0.24498531281306304,0.24920483118379
2025-08-15,0.24825082271156498,0.25693459051945955,0.24542978977316862,0.2493766612544237
2025-08-18,0.24894307105313315,0.2567673039291883,0.24463729545909974,0.2496441943118765
2025-08-19,0.24996035717933945,0.2541865801324612,0.24576555046813897,0.2500793478231148
2025-08-20,0.25201732343640965,0.2529533394512629,0.24571902326944628,0.24930214503373505
2025-08-21,0.2531480363926052,0.2512671946228697,0.24586905900079756,0.2497075464783669
2025-08-22,0.2516119130903317,0.25449394790077373,0.24493996441089377,0.24894603444887983
2025-08-25,0.2531246846638499,0.25262901192476067,0.2446724168768984,0.24956576730435603
2025-08-26,0.2523305190025986,0.25343313770862286,0.24451779832747728,0.24971043390621628
2025-08-27,0.2489045156942674,0.2546417742525764,0.24538388421449184,0.25106168096122466
2025-08-28,0.24885869789207546,0.25551222419731867,0.2444774755586147,0.25114347325927755
2025-08-29,0.24861896872189646,0.25322890538227194,0.24551153596594102,0.2526324318678361
2025-09-01,0.24723149377972492,0.252326897076022,0.244708175010501,0.25572531001029186
2025-09-02,0.2488729877915942,0.24987839706073947,0.24430776587215444,0.25693274071387406
2025-09-03,0.24551934219269905,0.2512127678051665,0.2440796949988423,0.2591801067512504
2025-09-04,0.24540325139865823,0.252758506114541,0.24332218722916782,0.2585079898554017
2025-09-05,0.24434501769916847,0.25318090119688097,0.2431027543636884,0.2593632574601784
2025-09-08,0.24360283186367052,0.25320511311023464,0.2418017331454449,0.2613822852551437
2025-09-09,0.24346957133367533,0.252557584880217,0.24045247978325768,0.26351236685777574
2025-09-10,0.24338533900497297,0.2531936410194087,0.24026411314923438,0.2631488989951671
2025-09-11,0.24378829714906783,0.2542738107967316,0.24022936245702053,0.2617005347425826
2025-09-12,0.24185669361329518,0.25502845142346026,0.24032648629074607,0.2627803781930642
2025-09-15,0.24005846497091737,0.25745568426852966,0.24036027996878548,0.26211757895304055
2025-09-16,0.23859463994413535,0.25640199921886797,0.24018185519220261,0.2648135326721803
2025-09-17,0.23975516505389036,0.2562414942487284,0.2409064233834963,0.2630889308128459
2025-09-18,0.23613754077858504,0.26013361925577766,0.2417138810088005,0.2620069350686903
2025-09-19,0.23668131088042899,0.26113871832283503,0.240439543230758,0.26173243244331773
2025-09-22,0.2340241807739634,0.26145321314262665,0.23979021370672265,0.26472442853547684
2025-09-23,0.23511781086287992,0.2586062990273635,0.23882296524666569,0.26744498461341626
2025-09-24,0.2347792404030225,0.2577396784965826,0.2382846602004759,0.2691884845447282
2025-09-25,0.2338604206773807,0.2579202682083478,0.23945602692031243,0.2687553148290072
2025-09-26,0.2335313994825022,0.2586316038458029,0.23917710508303758,0.26865193690200045
2025-09-29,0.23255326985039934,0.2585470121951514,0.23816364479256819,0.27072814834128583
2025-09-30,0.25001488579078557,0.25000793264659954,0.24995799691188497,0.25001510925859305
2025-10-09,0.24634536498323512,0.2502966168876807,0.24625178781716647,0.2571022210727691
2025-10-10,0.2509213431144261,0.24402914611934456,0.2490119956508154,0.2560334609073486
2025-10-13,0.24866532150632084,0.24541975881685762,0.2455458938008141,0.26036503210677586
2025-10-14,0.2514040549108684,0.24216892694214698,0.2439753686226938,0.26244768382863665
2025-10-15,0.25072526581341287,0.24180368686854967,0.24200155555181627,0.26546555684211665
2025-10-16,0.25144756644033317,0.24007264330928174,0.24134463810253406,0.2671312297663777
2025-10-17,0.24846489571007951,0.2394404483928406,0.2393953632320128,0.2726954050490345
2025-10-20,0.24939957285263714,0.24339814628163522,0.2398534927120095,0.26734488722854693
2025-10-21,0.24914780451248422,0.24210458699467707,0.23901675568280778,0.2697269682617697
2025-10-22,0.25357894413741305,0.2425318246739295,0.24167837146564464,0.26220693083882024
2025-10-23,0.2546366235220782,0.24421135058505683,0.24130977657450092,0.2598383243595789
2025-10-24,0.2533577179916555,0.24693331803567603,0.24129734790338625,0.25840768930160046
2025-10-27,0.25271939674456567,0.2503697736135558,0.24068194359122158,0.25622497211758916
2025-10-28,0.2542994765263316,0.25404379686872836,0.24296891345315277,0.24868386981225674
2025-10-29,0.25128982867848754,0.25425152881603913,0.24216274006340643,0.2522919729442851
2025-10-30,0.25280909172945054,0.25175863034288043,0.2435793761732465,0.2518489531565983
2025-10-31,0.25131498627760845,0.25163334378406665,0.2425326852207642,0.2545150574732186
2025-11-03,0.2536317390216317,0.2517137250429866,0.2415839575301943,0.25306666698676394
2025-11-04,0.2572664677338805,0.24737614166689828,0.24237563611446658,0.25297782940732705
2025-11-05,0.25722767561564225,0.24926045228522611,0.24236585971649063,0.2511420878970592
2025-11-06,0.25793140090961614,0.24506815065363324,0.2428790990364269,0.2541174128838384
2025-11-07,0.25821753884015775,0.24445273068004272,0.2429805395064008,0.25434525106177025
2025-11-10,0.2573506142698153,0.246852704345556,0.24004256750391278,0.25575022301887373
2025-11-11,0.2572383540351175,0.24524969175009592,0.23930183845355743,0.2582062373375704
2025-11-12,0.2588373849980012,0.24469250998308828,0.23909677597820536,0.2573694551431363
2025-11-13,0.2588383071678308,0.24016434225696356,0.2393584011873109,0.26163506984583906
2025-11-14,0.2589456733389986,0.2411206573063535,0.24028845694796092,0.2596413174166076
2025-11-17,0.2591098253693745,0.24114390007738598,0.24246956585918114,0.25727278003479975
2025-11-18,0.25948395450413586,0.2404686184933512,0.24456328264054317,0.255480181543919
2025-11-19,0.25830298376429983,0.24016107407676213,0.24277185717976965,0.2587601499098306
2025-11-20,0.26094646173016167,0.2360306971209793,0.24423563594733338,0.2587832470783145
2025-11-21,0.25866277093911366,0.23839761697585046,0.24492813150610335,0.2580075107040626
2025-11-24,0.25574065974559335,0.24331387248675004,0.24377453553831108,0.25716698172341407
2025-11-25,0.2555001791826361,0.24294904843304918,0.24194158080233777,0.25960526927261496
2025-11-26,0.2539852500594023,0.24497231530462157,0.24157643131831927,0.25946208155997735
2025-11-27,0.2542634783988016,0.24461498230443993,0.24111970376422948,0.25999791730152927
2025-11-28,0.253117121643714,0.2458302115175177,0.24064927669615876,0.2603994830896792
2025-12-01,0.2539200229540831,0.24396649959886768,0.23986431520193718,0.2622452696664912
2025-12-02,0.2534900493234935,0.2459310789861249,0.23953537338864897,0.261039609102491
2025-12-03,0.25280747647544577,0.24690033442539383,0.23997804295266165,0.26031024808729236
2025-12-04,0.2521911860954684,0.24703965288133767,0.24008566170956874,0.26067959258319245
2025-12-05,0.25023813324145566,0.24771116262786091,0.2399959215802619,0.26205088460410414
2025-12-08,0.2500699004707701,0.24762309801069565,0.24043638340760237,0.261866712953452
2025-12-09,0.249411150060209,0.24871868188272533,0.24119585894235726,0.2606703931590401
2025-12-10,0.2480283090938243,0.24947482718302064,0.24099840064433345,0.26149455030030644
2025-12-11,0.2478420073529758,0.24861607403535085,0.24139178550925622,0.26214621660559867
2025-12-12,0.24759114536755447,0.24439529937315913,0.24183577788597468,0.2661738494581062
2025-12-15,0.24778298731037085,0.2424562274418637,0.24090816072262464,0.26884870796066584
2025-12-16,0.24751301454643818,0.24384847945958588,0.24199275998620434,0.2666418136183461
2025-12-17,0.24821719696801042,0.23966813456909877,0.24276056050339315,0.2693501674178953
2025-12-18,0.24902709057720382,0.24158629208011528,0.241102306809934,0.26828039696567024
2025-12-19,0.2479741031557981,0.24391438318311368,0.24059090660211235,0.26751670442284065
2025-12-22,0.24545718176236353,0.24403549354341508,0.2394237167896184,0.2710797218151759
2025-12-23,0.24453013572401777,0.24371985990925604,0.23834874192893654,0.2733973979474638
2025-12-24,0.24448138896630844,0.2439780556745072,0.23815838220349986,0.273378312065686
2025-12-25,0.24516376342486657,0.24401447602829468,0.23838909519013934,0.27242879941076226
2025-12-26,0.2446036746767545,0.24366238486419464,0.23834689526629207,0.27338318118520105
2025-12-29,0.24533816685064716,0.24300223652157374,0.23844363170261754,0.2732120916223206
2025-12-30,0.24672585853059875,0.24416406001217333,0.24003681464779847,0.2690693662900727
2025-12-31,0.2499825616066929,0.250006585715042,0.250006926966581,0.25000186272501396
2026-01-05,0.24836952108280827,0.24984536723684037,0.2484673202220946,0.25331574021140274
2026-01-06,0.24751281607695214,0.2508855578938165,0.2470002149349812,0.2545993688369763
2026-01-07,0.24674233975465215,0.2516134362297484,0.2473380333993022,0.2543041439139349
2026-01-08,0.24606263398689268,0.2511018702862597,0.24850334801111518,0.25433009364321263
2026-01-09,0.2450979101317117,0.25230160096323373,0.24753341884894797,0.2550650249175628
2026-01-12,0.24408358045764594,0.2509290695916674,0.2463378046998909,0.2586475122513514
2026-01-13,0.24456585821409652,0.2502848778100825,0.24634685195125938,0.2588003804201969
2026-01-14,0.2424788458093993,0.248091697909871,0.24691944421446552,0.26250797704381856
2026-01-15,0.2420939692928854,0.24894156606379997,0.24713462066652167,0.261827806892868
2026-01-16,0.2406385075582882,0.24936313424578446,0.2479980210411696,0.26199829547952763
2026-01-19,0.24004813687884274,0.24837912105012688,0.24719421596318178,0.26437649157867443
2026-01-20,0.24327179409876926,0.2427388936491383,0.24714846953502223,0.2668388100160847
2026-01-21,0.23901457449413402,0.24379860953272356,0.24493422783645277,0.2722505739916108
2026-01-22,0.23908483938144848,0.24540879556897935,0.24455976568203905,0.2709445872543801
2026-01-23,0.23671672890634093,0.24432268969635634,0.24319136858353782,0.27576721386133385
2026-01-26,0.23544302248468366,0.2425027003879816,0.24076870441390036,0.28128359451294066
2026-01-27,0.23409470647949837,0.24446451975285005,0.2404789248681683,0.2809598724330908
2026-01-28,0.23200389156374276,0.24218200568741985,0.23807298573195287,0.2877391624597249
2026-01-29,0.2315916919021008,0.23709096428566945,0.23428368891185292,0.2970317315667029
2026-01-30,0.2366322593540817,0.23911307922929215,0.23975532946682637,0.28449736473230963
2026-02-02,0.2420463698491462,0.2493286992878531,0.24804845044423768,0.26057444426565474
2026-02-03,0.2384844944484604,0.24217028652419412,0.24505302044500654,0.2742901873304269
2026-02-04,0.2397269759669619,0.23538467613855724,0.24272389820279588,0.2821624576009071
2026-02-05,0.24470814967428042,0.23432130480220711,0.24499367770806532,0.2759748581093421
2026-02-06,0.24351350679660858,0.2390301370400792,0.24480621674832992,0.27264813271887234
2026-02-09,0.242673243797748,0.2386274257155484,0.24284541633930745,0.2758519241883082
2026-02-10,0.24350055050430466,0.2372504221797813,0.24305951149243538,0.2761875246394876
2026-02-11,0.24338091002903894,0.23716557019967474,0.24252118574466788,0.27693034867839517
2026-02-12,0.24283123323760059,0.2340257684054829,0.24440535539231323,0.278735643760519
2026-02-13,0.24171825059267268,0.23563977744397688,0.24567997300569355,0.27695998807851624
2026-02-24,0.2398720382627298,0.23484139234837703,0.2424912329702361,0.28279335213879686
2026-02-25,0.2390272734777884,0.23740555660499596,0.24179613238893993,0.2817690568556624
2026-02-26,0.23956511628910454,0.23528295705399846,0.24252094272346808,0.2826289952336651
2026-02-27,0.2403273117921329,0.2346264964761682,0.24277299178720158,0.2822712110497818
2026-03-02,0.2386311623485551,0.23105171827165635,0.23902467697420776,0.29129048641960703
2026-03-03,0.24215971592256863,0.2292086779023006,0.24014575759509818,0.2884838829538471
2026-03-04,0.2407142062737085,0.2342561289045483,0.2418082947795271,0.28321939196379364
2026-03-05,0.24152919946617754,0.23353600247858,0.24218896098369072,0.28274385615862885
2026-03-06,0.24386914164788803,0.2312313646993241,0.243306451228452,0.28159105175313287
2026-03-09,0.24316150086634308,0.23388725688613296,0.24207454717570384,0.2808747111794664
2026-03-10,0.24249243908718882,0.23328821513157974,0.24217981899602878,0.2820375423380764
2026-03-11,0.2441222937906591,0.23228777133924142,0.24121540172854802,0.2823725560554169
2026-03-12,0.2462570794640653,0.22921487623861272,0.24216172266620045,0.28236433769937636
2026-03-13,0.2478216027596261,0.22905964960446107,0.24318498267190616,0.2799317714105487
2026-03-16,0.24831556599472127,0.2321305213615247,0.24330294371685454,0.2762489723940555
2026-03-17,0.24849674162555196,0.23254272051349997,0.24291327245774735,0.2760452727032718
2026-03-18,0.2489119306643362,0.2302259550512078,0.24440832292563536,0.27645178836948053
2026-03-19,0.2516408225323746,0.2330285374077643,0.24778350462165608,0.26754510408092746
2026-03-20,0.2534873075274742,0.23078821581549083,0.2503672668516291,0.2653551573888152
2026-03-23,0.2538748604764021,0.2425446676573783,0.2594130101722904,0.24416533471295293
2026-03-24,0.2544657165175381,0.23625335774841835,0.25508027275587697,0.25419856225068066
2026-03-25,0.2529742476225202,0.23477917919179125,0.25201169973739534,0.26023280862722153
2026-03-26,0.2557534599052196,0.23228364500636312,0.25497170795883767,0.2569890985688073
2026-03-27,0.255939081124897,0.2290883329158479,0.2561938405934493,0.2587766475121647
2026-03-30,0.2569104521342537,0.22646468810866158,0.2552531034081375,0.26136966854226557
2026-03-31,0.25000085105806436,0.24996161944718112,0.2500070527647841,0.25001062478850633
2026-04-01,0.24778110793809183,0.24997778440144855,0.24749597465226034,0.25472546555109615
2026-04-02,0.24986371315718836,0.2507970694031763,0.24851716132604074,0.2508023075071105
2026-04-03,0.24712186598953184,0.25122569217958257,0.24887307998334374,0.25275959143500276
2026-04-07,0.24602278713718465,0.25298648793661443,0.24938334187025651,0.25158758049650715
2026-04-08,0.244119425303597,0.2553908962866105,0.24535928166293136,0.2551109206651992
2026-04-09,0.24372359489886938,0.2586475571647872,0.24675745498857177,0.25085180035366866
2026-04-10,0.2427922068701016,0.2582370873704903,0.24614329320962186,0.25280787829801044
2026-04-13,0.2417135556826044,0.2607109323569783,0.24619777888690805,0.2513582178394447
2026-04-14,0.24104123134554784,0.26327946046610495,0.24463660344099444,0.2510233277846513
2026-04-15,0.24087763268642215,0.2651032273756978,0.24306129623702535,0.2509385987759269
2026-04-16,0.24017017517917108,0.26600650867189857,0.24260317265060355,0.2512009357102471
2026-04-17,0.23920840536270085,0.26890481695364055,0.24244017034943652,0.24942743773140655
2026-04-20,0.24004579160830292,0.2680453747950835,0.24235667624790314,0.24953299661025108
2026-04-21,0.24153019307218673,0.2668914519718654,0.2427024612464982,0.24885672081245377
2026-04-22,0.23964504425581573,0.2706618921880481,0.24203205068955985,0.24764190819573806
2026-04-23,0.24185839478610308,0.2699761068476144,0.2425105781876361,0.24563575805736348
2026-04-24,0.24069579006302988,0.2742121733385125,0.2414074950875082,0.24366545398981648
2026-04-27,0.239137761498937,0.27428610566463885,0.24158914556052596,0.24496787010317195
2026-04-28,0.24142543311274678,0.2730755021490484,0.24305827342454786,0.2424215672950961
2026-04-29,0.24213031873583166,0.27467777981768043,0.2433775230947785,0.2397951578161662
2026-04-30,0.23987397083040865,0.2769563135468207,0.24289957374331042,0.2402509545498091
2026-05-06,0.23564504295511937,0.28448861850111995,0.23959439559264598,0.24025300298588956
2026-05-07,0.23440695751344628,0.2834706430158909,0.23935973486831283,0.24274374892723802
2026-05-08,0.23315220234812561,0.2887208799580444,0.23819111995607908,0.23991697692109543
2026-05-11,0.23328040273374837,0.2896122482310802,0.23847106213012317,0.23861745413929666
2026-05-12,0.23361082586784057,0.28755083782941127,0.23905509217961257,0.23976437024656885
2026-05-13,0.23294900344094224,0.2894792472147283,0.238337228626903,0.23921571630365845
2026-05-14,0.23223293086655444,0.2911290316124819,0.23797850907971016,0.23864074512011776
2026-05-15,0.23336324538699268,0.28997030367281384,0.24064050576020315,0.2360069507621057
2026-05-18,0.23284531315835036,0.2898789732996787,0.24181648499287237,0.23544015864303394
2026-05-19,0.23451625579626412,0.288067436485135,0.2422092044604661,0.2351880215317514
2026-05-20,0.23348468930696012,0.2926278444459314,0.24197998878382163,0.23188841435911747
2026-05-21,0.23214483528440583,0.29285538819196666,0.24173733200932593,0.2332433942015703
2026-05-22,0.23127266282964012,0.2939945804457126,0.24146633398845288,0.2332473847900657
2026-05-25,0.2307948557669137,0.29354636935360756,0.24141968361574967,0.23422006627200637
2026-05-26,0.23039043227354866,0.2971937753275085,0.24043255179788428,0.23196430317596914
2026-05-27,0.2298154143823297,0.29799607231367575,0.2415927696298,0.23057673840019455
2026-05-28,0.2295281108144398,0.30133839392148354,0.24259611875620132,0.22651830367216189
2026-05-29,0.2315010795863347,0.2988840704531006,0.2401382643295232,0.22945771853398853
2026-06-01,0.23385714070492178,0.2993371358190545,0.23930249846104554,0.22748443670070959
2026-06-02,0.2329090476432512,0.30000070499556014,0.23867270013684327,0.2283988128987622
2026-06-03,0.23247568453246104,0.30099966965128294,0.24006628256813836,0.22643951053247496
2026-06-04,0.23051808837261675,0.30066102397962907,0.24112167879223045,0.22768028549837652
2026-06-05,0.23443404853740202,0.2902688176636925,0.2443758646088979,0.23090207578635466
2026-06-08,0.2357540585457159,0.2957609104269224,0.24487884981471855,0.2235869361315603
2026-06-09,0.23656712402479332,0.2929877571093171,0.24532290350359093,0.2251029204896591
2026-06-10,0.2409251414873956,0.290469158707842,0.2479353285908337,0.2206508516157652
2026-06-11,0.23818453147271376,0.29928530503336387,0.2471560275415342,0.2153546673720353
2026-06-12,0.238768039759736,0.29899209112613284,0.2455926534370746,0.2166278790917498
2026-06-15,0.2332205159727333,0.3037475015587808,0.24227234163980238,0.22074056650538967
2026-06-16,0.2316546761034534,0.3005506110666631,0.2445331087999249,0.2232423746702463
2026-06-17,0.23147957397781466,0.298826902051159,0.2457573517000189,0.223916857870133
2026-06-18,0.22566766773659708,0.30595874963991054,0.24550884876921927,0.22284544352558067
2026-06-22,0.22725130939343594,0.30707188077252273,0.24677737747172857,0.21888003807553616
2026-06-23,0.23135670885291298,0.30085569673416995,0.2498248678186128,0.21794308429043435
2026-06-24,0.22850903554278246,0.3016624838791123,0.251507956658371,0.21830074870014632
2026-06-25,0.2270658941489906,0.30543099438558374,0.25292141191022594,0.21456183020455924
2026-06-26,0.22651845636631576,0.3026004057017442,0.25364463201103354,0.21721658907242378
2026-06-29,0.2259426191354102,0.30653221731630115,0.2515985486013621,0.21590688568749514
2026-06-30,0.24992848650647553,0.2500350421269418,0.2500160469154793,0.2500174717403325
2026-07-01,0.2535969249046264,0.24723955308586346,0.25088243992086323,0.2482781155147715
2026-07-02,0.2546908980327259,0.24249846122067364,0.25016557250842053,0.2526421113714813
2026-07-03,0.25350819754545956,0.2406063967818132,0.24829144604496617,0.2575910240632389
2026-07-06,0.25669700772646786,0.24187673902048595,0.24666744295946555,0.25475589669639354
2026-07-07,0.25724281272291266,0.2392364373713877,0.24842436626872977,0.2550934493104951
2026-07-08,0.25916517819923396,0.23919992443514707,0.24777382801853287,0.25385814433079934
2026-07-09,0.2564283869739057,0.24281284788331023,0.2476671998743934,0.2530886415550034
2026-07-10,0.25704941351131233,0.24317040823662134,0.2473959466614084,0.25238131110041
2026-07-13,0.26232509838798335,0.2393376908829601,0.24816862907313353,0.25016565141443975
2026-07-14,0.26375344457671307,0.24125955307895852,0.24745548600547054,0.24752859525493698
2026-07-15,0.26646794811137275,0.23988268081538464,0.24707594825386686,0.24657050677742892
2026-07-16,0.2658662723049063,0.2375465519884002,0.2486145508687654,0.24796968989675122
2026-07-17,0.2677465826968854,0.23498101744295066,0.24971359686412872,0.2475558565883957
2026-07-20,0.2729140971305564,0.23338389956724873,0.24781660272097789,0.24588247570962987
2026-07-21,0.26807622240721624,0.2366189462123936,0.2466908530765842,0.24861106740929856
2026-07-22,0.268717971375058,0.23441696754589034,0.24593575901979836,0.25092640342566724
2026-07-23,0.2709952172900957,0.23094935398362815,0.2469439920191717,0.25110852522082716
2026-07-24,0.27094610779308204,0.2302510106256879,0.24908187044362984,0.24971807616071623
2026-07-27,0.2710731612907881,0.22873844841513266,0.24831192167384153,0.2518735423273792
2026-07-28,0.27412207372183806,0.22723752456167418,0.24903295764722952,0.24960450899695022
2026-07-29,0.2771646747514545,0.22309518210669366,0.24980002234363635,0.24993717740356586
2026-07-30,0.27843146635241306,0.22782683992252048,0.24710033978096804,0.2466384451355213
2026-07-31,0.2768862178480534,0.2288234784792023,0.24687783886823642,0.24740956082575874
2026-08-03,0.27617762710887095,0.2319790672370152,0.2459099897024256,0.24593042301568302
2026-08-04,0.26961629729572506,0.2391978429529339,0.2454923526204952,0.24569062079307785
2026-08-05,0.26625134650671256,0.2370770956457729,0.24534290598779956,0.2513257667461471
2026-08-06,0.2652192796681138,0.23494404292527402,0.24408619857162442,0.25574760860656026
2026-08-07,0.26302470738882594,0.23709206807135755,0.2435100712077034,0.25637029112444043
2026-08-10,0.263029754831783,0.23522091768104123,0.24258791235221341,0.25915856517576236
2026-08-11,0.2632285768405364,0.2345295569371365,0.24247843975337074,0.2597605760708316
2026-08-12,0.26128390770601445,0.2354828512650389,0.2417910004741524,0.2614393987625007
2026-08-13,0.260795873404729,0.23797820655169324,0.2417986160283883,0.25942446483577164
2026-08-14,0.26077133524564855,0.23846137563206804,0.24279076806687658,0.2579736720533718
2026-08-17,0.260380707036785,0.23725064821042352,0.24205607163064044,0.2603097335569533
2026-08-18,0.26202026148314334,0.23379533101891078,0.24264414292995518,0.2615374196769842
2026-08-19,0.26529466237713517,0.2332047323899666,0.24257349080132837,0.2589242683146938
2026-08-20,0.2652903040420425,0.23000635009079318,0.24110164368142714,0.2635988732127479
2026-08-21,0.26289890561867396,0.23000225747221134,0.24022932680768708,0.266866690886423
2026-08-24,0.2640182118503378,0.22637488410280351,0.23888846408331416,0.27071563877617755
2026-08-25,0.2636633596016567,0.2278593962518569,0.2388741500392116,0.26960029267570845
2026-08-26,0.26431359026530066,0.22766909673311167,0.2385048102049192,0.26950970412973635
2026-08-27,0.2629679444166141,0.23110536953568536,0.23848602094881166,0.2674378644452474
2026-08-28,0.2634903181451924,0.2295248277653721,0.23866612050561173,0.2683159313922695
2026-08-31,0.26735210544669336,0.23123805654271792,0.24032275804128794,0.2610842595550461
2026-09-01,0.2707601611551439,0.22839006323496078,0.24065664714522042,0.2601903056488568
2026-09-02,0.2710216056704684,0.23046955751041878,0.24220488315169564,0.25630111237883324
2026-09-03,0.25000624126271936,0.25000749219055357,0.24997987493393373,0.2500057186124992
