date,DIV_shares,NDX_shares,BOND_shares,GOLD_shares,DIV_value,NDX_value,BOND_value,GOLD_value,cash,total_value
2018-12-19,2497200.0,1090400.0,2377600.0,2388300.0,2497200.0,2497016.0,2497145.728,2497146.7725,141.45,9988649.94744985
2018-12-20,2497200.0,1090400.0,2377600.0,2388300.0,2497200.0,2462123.2,2505776.4159999997,2497958.7945,141.45,9963199.857449848
2018-12-21,2497200.0,1090400.0,2377600.0,2388300.0,2494702.8,2381433.6,2503969.44,2515634.6028,141.45,9895881.88974985
2018-12-24,2497200.0,1090400.0,2377600.0,2388300.0,2494702.8,2330184.8,2499784.864,2522761.29,141.45,9847575.20094985
2018-12-26,2497200.0,1090400.0,2377600.0,2388300.0,2494702.8,2465394.4,2509200.16,2544315.6975000002,141.45,10013754.50444985
2018-12-27,2497200.0,1090400.0,2377600.0,2388300.0,2494702.8,2477388.8,2514121.792,2532319.2666,141.45,10018674.105549848
2018-12-28,2497200.0,1090400.0,2377600.0,2388300.0,2495701.6799999997,2465394.4,2518116.1599999997,2547652.1525999997,141.45,10027005.839549849
2018-12-31,2511800.0,1103000.0,2370800.0,2354500.0,2511297.64,2511531.0,2511506.98,2511507.478,14.44,10045857.54091409
2019-01-02,2511800.0,1103000.0,2370800.0,2354500.0,2511297.64,2519252.0,2518998.708,2521999.13,14.44,10071561.92091409
2019-01-03,2511800.0,1103000.0,2370800.0,2354500.0,2511297.64,2437630.0,2519259.496,2535335.018,14.44,10003536.596914088
2019-01-04,2511800.0,1103000.0,2370800.0,2354500.0,2513307.0799999996,2542415.0,2513451.0360000003,2536936.078,14.44,10106123.63691409
2019-01-07,2511800.0,1103000.0,2370800.0,2354500.0,2513307.0799999996,2564475.0,2510511.244,2525288.3665,14.44,10113596.133414088
2019-01-08,2511800.0,1103000.0,2370800.0,2354500.0,2513307.0799999996,2584329.0,2517884.432,2512663.5375,14.44,10128198.492414089
2019-01-09,2511800.0,1103000.0,2370800.0,2354500.0,2513307.0799999996,2607492.0,2519781.072,2504929.005,14.44,10145523.599914089
2019-01-10,2511800.0,1103000.0,2370800.0,2354500.0,2513307.0799999996,2600874.0,2518666.796,2504573.4755,14.44,10137435.79441409
2019-01-11,2511800.0,1103000.0,2370800.0,2354500.0,2514060.6199999996,2583226.0,2519543.992,2498793.178,14.44,10115638.232914088
2019-01-14,2511800.0,1103000.0,2370800.0,2354500.0,2514060.6199999996,2546827.0,2517078.3600000003,2501371.3555,14.44,10079351.77841409
2019-01-15,2511800.0,1103000.0,2370800.0,2354500.0,2514060.6199999996,2595359.0,2515632.1720000003,2490969.1744999997,14.44,10116035.409414088
2019-01-16,2511800.0,1103000.0,2370800.0,2354500.0,2514060.6199999996,2597565.0,2526134.816,2496660.001,14.44,10134434.879914088
2019-01-17,2511800.0,1103000.0,2370800.0,2354500.0,2514060.6199999996,2616316.0,2526300.772,2497816.0605,14.44,10154507.89541409
2019-01-18,2511800.0,1103000.0,2370800.0,2354500.0,2524610.18,2644994.0,2523598.0599999996,2499327.6495000003,14.44,10192544.332414089
2019-01-21,2511800.0,1103000.0,2370800.0,2354500.0,2526117.2600000002,2648303.0,2520184.108,2489547.0565000004,14.44,10184165.867414089
2019-01-22,2511800.0,1103000.0,2370800.0,2354500.0,2514060.6199999996,2598668.0,2520112.984,2495058.941,14.44,10127914.98791409
2019-01-23,2511800.0,1103000.0,2370800.0,2354500.0,2525112.54,2606389.0,2520207.816,2490879.7035,14.44,10142603.502414089
2019-01-24,2511800.0,1103000.0,2370800.0,2354500.0,2531894.4,2617419.0000000005,2517386.5640000002,2493102.3515,14.44,10159816.75841409
2019-01-25,2511800.0,1103000.0,2370800.0,2354500.0,2545458.12,2656024.0,2516793.864,2490969.1744999997,14.44,10209259.60141409
2019-01-28,2511800.0,1103000.0,2370800.0,2354500.0,2542946.32,2603080.0,2515679.588,2509018.7715000003,14.44,10170739.12241409
2019-01-29,2511800.0,1103000.0,2370800.0,2354500.0,2560026.56,2573299.0,2519994.4439999997,2521999.13,14.44,10175333.576914089
2019-01-30,2511800.0,1103000.0,2370800.0,2354500.0,2550984.08,2641685.0,2520776.808,2529022.6034999997,14.44,10242482.934414089
2019-01-31,2511800.0,1103000.0,2370800.0,2354500.0,2560026.56,2667054.0,2524095.928,2528846.016,14.44,10280036.94691409
2019-02-01,2511800.0,1103000.0,2370800.0,2354500.0,2585646.9200000004,2657127.0,2524095.928,2535158.4305000002,14.44,10302042.72141409
2019-02-11,2511800.0,1103000.0,2370800.0,2354500.0,2607248.4,2686908.0,2530923.832,2534979.4885,14.44,10360074.163414089
2019-02-12,2511800.0,1103000.0,2370800.0,2354500.0,2619305.04,2738749.0,2532488.56,2538179.2539999997,14.44,10428736.29691409
2019-02-13,2511800.0,1103000.0,2370800.0,2354500.0,2647186.02,2735440.0,2532180.356,2531690.252,14.44,10446511.07091409
2019-02-14,2511800.0,1103000.0,2370800.0,2354500.0,2641911.24,2742058.0,2529335.396,2526710.4845,14.44,10440029.56341409
2019-02-15,2511800.0,1103000.0,2370800.0,2354500.0,2596698.8400000003,2749779.0,2530070.344,2543425.08,14.44,10419987.70691409
2019-02-18,2511800.0,1103000.0,2370800.0,2354500.0,2648441.92,2750882.0000000005,2523574.352,2557205.9685,14.44,10480118.683414089
2019-02-19,2511800.0,1103000.0,2370800.0,2354500.0,2646181.3000000003,2754191.0,2521891.0840000003,2563341.7955,14.44,10485619.62241409
2019-02-20,2511800.0,1103000.0,2370800.0,2354500.0,2649697.82,2750882.0000000005,2523479.52,2577923.214,14.44,10501996.99691409
2019-02-21,2511800.0,1103000.0,2370800.0,2354500.0,2633371.12,2726616.0,2520895.3479999998,2563607.854,14.44,10444504.76491409
2019-02-22,2511800.0,1103000.0,2370800.0,2354500.0,2652711.98,2744264.0,2520160.4,2547693.7885,14.44,10464844.611414088
2019-02-25,2511800.0,1103000.0,2370800.0,2354500.0,2754691.06,2753088.0,2514067.444,2542269.0205,14.44,10564129.96741409
2019-02-26,2511800.0,1103000.0,2370800.0,2354500.0,2735852.56,2748676.0,2509989.668,2539335.3135,14.44,10533867.98441409
2019-02-27,2511800.0,1103000.0,2370800.0,2354500.0,2742885.6,2742058.0,2515015.764,2538358.196,14.44,10538332.00291409
2019-02-28,2511800.0,1103000.0,2370800.0,2354500.0,2736103.7399999998,2736543.0,2515418.8,2521820.188,14.44,10509900.17091409
2019-03-01,2511800.0,1103000.0,2370800.0,2354500.0,2766747.6999999997,2759705.9999999995,2510179.332,2508307.7125000004,14.44,10544955.18741409
2019-03-04,2511800.0,1103000.0,2370800.0,2354500.0,2801410.54,2761912.0,2510084.5,2474965.638,14.44,10548387.120914089
2019-03-05,2511800.0,1103000.0,2370800.0,2354500.0,2829793.88,2761912.0,2509041.348,2464207.9274999998,14.44,10564969.59841409
2019-03-06,2511800.0,1103000.0,2370800.0,2354500.0,2854660.7,2747573.0,2511483.272,2479589.876,14.44,10593321.29091409
2019-03-07,2511800.0,1103000.0,2370800.0,2354500.0,2839338.72,2716689.0,2518998.708,2468563.7525,14.44,10543604.62341409
2019-03-08,2511800.0,1103000.0,2370800.0,2354500.0,2735099.02,2717792.0,2522175.58,2490879.7035,14.44,10465960.74641409
2019-03-11,2511800.0,1103000.0,2370800.0,2354500.0,2780311.42,2774045.0,2523669.1840000004,2499327.6495000003,14.44,10577367.696414089
2019-03-12,2511800.0,1103000.0,2370800.0,2354500.0,2805178.24,2785075.0,2521867.376,2493102.3515,14.44,10605237.41041409
2019-03-13,2511800.0,1103000.0,2370800.0,2354500.0,2797642.84,2806032.0,2523052.776,2511241.4195,14.44,10637983.478414088
2019-03-14,2511800.0,1103000.0,2370800.0,2354500.0,2768254.7800000003,2796105.0,2522341.536,2504839.534,14.44,10591555.292914089
2019-03-15,2511800.0,1103000.0,2370800.0,2354500.0,2812462.46,2828092.0,2523455.812,2506172.1810000003,14.44,10670196.895914089
2019-03-18,2511800.0,1103000.0,2370800.0,2354500.0,2893342.42,2831401.0,2524807.1679999996,2505995.5935,14.44,10755560.624414088
2019-03-19,2511800.0,1103000.0,2370800.0,2354500.0,2889574.72,2839122.0,2524996.832,2514085.6555,14.44,10767793.650414089
2019-03-20,2511800.0,1103000.0,2370800.0,2354500.0,2901129.0,2852358.0,2523669.1840000004,2508663.242,14.44,10785833.86891409
2019-03-21,2511800.0,1103000.0,2370800.0,2354500.0,2902887.26,2884345.0000000005,2527012.012,2525467.3085000003,14.44,10839726.02341409
2019-03-22,2511800.0,1103000.0,2370800.0,2354500.0,2919213.96,2824783.0,2530449.672,2525467.3085000003,14.44,10799928.38341409
2019-03-25,2511800.0,1103000.0,2370800.0,2354500.0,2887062.92,2826989.0,2536613.752,2531334.7225,14.44,10782014.83741409
2019-03-26,2511800.0,1103000.0,2370800.0,2354500.0,2850641.82,2838019.0,2540833.776,2535245.547,14.44,10764754.585914088
2019-03-27,2511800.0,1103000.0,2370800.0,2354500.0,2887565.28,2825886.0,2536258.132,2530355.2505,14.44,10780079.105414089
2019-03-28,2511800.0,1103000.0,2370800.0,2354500.0,2857172.5,2835813.0,2541070.856,2524932.8370000003,14.44,10759003.63591409
2019-03-29,2316200.0,1041700.0,2521000.0,2568800.0,2702078.9200000004,2702169.8,2701150.66,2702074.4816,8.53,10807482.39468471
2019-04-01,2316200.0,1041700.0,2521000.0,2568800.0,2770638.44,2732379.1,2687133.9000000004,2711481.4272000003,8.53,10901641.40028471
2019-04-02,2316200.0,1041700.0,2521000.0,2568800.0,2767164.14,2738629.3,2680755.77,2706826.7616,8.53,10893384.504684709
2019-04-03,2316200.0,1041700.0,2521000.0,2568800.0,2801675.52,2757379.9,2668125.56,2711966.9304,8.53,10939156.443484709
2019-04-04,2316200.0,1041700.0,2521000.0,2568800.0,2836650.1399999997,2750088.0,2663108.77,2718273.3343999996,8.53,10968128.777484708
2019-04-08,2316200.0,1041700.0,2521000.0,2568800.0,2826922.0999999996,2777172.1999999997,2666915.48,2726904.5023999996,8.53,10997922.815484708
2019-04-09,2316200.0,1041700.0,2521000.0,2568800.0,2839429.58,2763630.1,2658923.91,2728651.2864,8.53,10990643.40948471
2019-04-10,2316200.0,1041700.0,2521000.0,2568800.0,2844525.2199999997,2777172.1999999997,2658167.6100000003,2741068.8655999997,8.53,11020942.428684708
2019-04-11,2316200.0,1041700.0,2521000.0,2568800.0,2808160.88,2769880.3,2661293.65,2741551.8000000003,8.53,10980895.163084708
2019-04-12,2316200.0,1041700.0,2521000.0,2568800.0,2802370.38,2789672.6,2650453.35,2718951.4976,8.53,10961456.36068471
2019-04-15,2316200.0,1041700.0,2521000.0,2568800.0,2788009.94,2784464.1,2643041.6100000003,2705855.7551999995,8.53,10921379.93828471
2019-04-16,2316200.0,1041700.0,2521000.0,2568800.0,2831786.1199999996,2793839.4,2639285.3200000003,2705177.592,8.53,10970096.96508471
2019-04-17,2316200.0,1041700.0,2521000.0,2568800.0,2841282.5399999996,2803214.6999999997,2639487.0,2688978.7391999997,8.53,10972971.512284707
2019-04-18,2316200.0,1041700.0,2521000.0,2568800.0,2815572.72,2799047.9,2646621.43,2679373.996,8.53,10940624.57908471
2019-04-19,2316200.0,1041700.0,2521000.0,2568800.0,2828543.44,2804256.4000000004,2643848.33,2688105.3471999997,8.53,10964762.05028471
2019-04-22,2316200.0,1041700.0,2521000.0,2568800.0,2761836.88,2811548.3,2637066.8400000003,2692857.6272,8.53,10903318.180284709
2019-04-23,2316200.0,1041700.0,2521000.0,2568800.0,2742380.8,2849049.5,2639209.6900000004,2683643.3416,8.53,10914291.864684708
2019-04-24,2316200.0,1041700.0,2521000.0,2568800.0,2746086.7199999997,2845924.4000000004,2632529.04,2677241.8919999995,8.53,10901790.585084708
2019-04-25,2316200.0,1041700.0,2521000.0,2568800.0,2674979.38,2859466.5,2635655.08,2692372.1240000003,8.53,10862481.61708471
2019-04-26,2316200.0,1041700.0,2521000.0,2568800.0,2643479.06,2863633.3000000003,2638831.54,2701005.8608,8.53,10846958.29388471
2019-04-29,2316200.0,1041700.0,2521000.0,2568800.0,2645100.4,2866758.4,2634999.62,2696058.352,8.53,10842925.30508471
2019-04-30,2316200.0,1041700.0,2521000.0,2568800.0,2674747.7600000002,2846966.1,2643293.71,2699744.58,8.53,10864760.68308471
2019-05-06,2316200.0,1041700.0,2521000.0,2568800.0,2545040.56,2854258.0,2650932.34,2710900.8784,8.53,10761140.31148471
2019-05-07,2316200.0,1041700.0,2521000.0,2568800.0,2568665.8,2810506.6,2651108.81,2707892.8136,8.53,10738182.55668471
2019-05-08,2316200.0,1041700.0,2521000.0,2568800.0,2546661.9,2802173.0,2653881.91,2716526.5503999996,8.53,10719251.893484708
2019-05-09,2316200.0,1041700.0,2521000.0,2568800.0,2511455.66,2791756.0,2660260.04,2724674.784,8.53,10688155.01708471
2019-05-10,2316200.0,1041700.0,2521000.0,2568800.0,2583952.7199999997,2804256.4000000004,2662428.1,2722928.0,8.53,10773573.75308471
2019-05-13,2316200.0,1041700.0,2521000.0,2568800.0,2561948.8200000003,2705294.9,2669436.48,2739419.696,8.53,10676108.429084709
2019-05-14,2316200.0,1041700.0,2521000.0,2568800.0,2545503.8,2749046.3,2666713.8000000003,2774339.9632,8.53,10735612.396284709
2019-05-15,2316200.0,1041700.0,2521000.0,2568800.0,2586732.16,2798006.1999999997,2668831.44,2763766.7824,8.53,10817345.115484709
2019-05-16,2316200.0,1041700.0,2521000.0,2568800.0,2604335.2800000003,2827173.8,2670873.45,2774437.5776,8.53,10876828.640684709
2019-05-17,2316200.0,1041700.0,2521000.0,2568800.0,2542492.7399999998,2804256.4000000004,2671428.07,2767645.6703999997,8.53,10785831.41348471
2019-05-20,2316200.0,1041700.0,2521000.0,2568800.0,2518172.6399999997,2761546.6999999997,2670949.08,2759790.28,8.53,10710467.233084708
2019-05-21,2316200.0,1041700.0,2521000.0,2568800.0,2548746.48,2788630.9,2665932.29,2754066.9936,8.53,10757385.196684709
2019-05-22,2316200.0,1041700.0,2521000.0,2568800.0,2536933.86,2777172.1999999997,2660663.4,2751834.7064,8.53,10726612.69948471
2019-05-23,2316200.0,1041700.0,2521000.0,2568800.0,2509602.6999999997,2735504.1999999997,2662503.73,2754162.0392,8.53,10661781.202284709
2019-05-24,2316200.0,1041700.0,2521000.0,2568800.0,2520257.22,2733420.8000000003,2663991.12,2772400.5192,8.53,10690078.19228471
2019-05-27,2316200.0,1041700.0,2521000.0,2568800.0,2551989.1599999997,2730295.7,2657663.41,2770751.3496,8.53,10710708.152684709
2019-05-28,2316200.0,1041700.0,2521000.0,2568800.0,2565654.7399999998,2724045.5,2661545.75,2771915.016,8.53,10723169.539084708
2019-05-29,2316200.0,1041700.0,2521000.0,2568800.0,2554768.6,2701128.1,2667747.41,2773756.8456,8.53,10697409.48868471
2019-05-30,2316200.0,1041700.0,2521000.0,2568800.0,2563106.92,2712586.8000000003,2670142.3600000003,2758528.9992,8.53,10704373.612284709
2019-05-31,2316200.0,1041700.0,2521000.0,2568800.0,2562180.44,2668835.4,2670696.98,2793934.7695999998,8.53,10695656.12268471
2019-06-03,2316200.0,1041700.0,2521000.0,2568800.0,2560790.7199999997,2608416.8,2677629.73,2829533.1999999997,8.53,10676378.983084708
2019-06-04,2316200.0,1041700.0,2521000.0,2568800.0,2543187.6,2674043.9000000004,2683049.88,2859023.024,8.53,10759312.93708471
2019-06-05,2316200.0,1041700.0,2521000.0,2568800.0,2545967.04,2696961.3,2683327.19,2872311.4263999998,8.53,10798575.489484709
2019-06-06,2316200.0,1041700.0,2521000.0,2568800.0,2529985.2600000002,2719878.7,2683806.18,2875704.8112000003,8.53,10809383.48428471
2019-06-10,2316200.0,1041700.0,2521000.0,2568800.0,2552684.02,2803214.6999999997,2682344.0,2870274.368,8.53,10908525.621084709
2019-06-11,2316200.0,1041700.0,2521000.0,2568800.0,2605030.14,2807381.5,2675486.88,2853299.7376,8.53,10941206.79068471
2019-06-12,2316200.0,1041700.0,2521000.0,2568800.0,2586963.78,2791756.0,2676470.07,2878324.9872000003,8.53,10933523.37028471
2019-06-13,2316200.0,1041700.0,2521000.0,2568800.0,2576309.2600000002,2807381.5,2679394.4299999997,2885987.7176,8.53,10949081.44068471
2019-06-14,2316200.0,1041700.0,2521000.0,2568800.0,2556853.18,2794881.0999999996,2682646.52,2930317.4992,8.53,10964706.83228471
2019-06-17,2316200.0,1041700.0,2521000.0,2568800.0,2554536.98,2812590.0,2684335.59,2894911.7288,8.53,10946382.831884708
2019-06-18,2316200.0,1041700.0,2521000.0,2568800.0,2553842.12,2853216.3,2682293.5799999996,2916445.9792,8.53,11005806.51228471
2019-06-19,2316200.0,1041700.0,2521000.0,2568800.0,2584184.34,2863633.3000000003,2680478.4600000004,2903059.9624,8.53,11031364.59548471
2019-06-20,2316200.0,1041700.0,2521000.0,2568800.0,2628655.38,2886550.6999999997,2682369.21,2964269.3288,8.53,11161853.151884709
2019-06-21,2316200.0,1041700.0,2521000.0,2568800.0,2633982.64,2868841.8,2683503.6599999997,2987547.7944,8.53,11173884.42748471
2019-06-24,2316200.0,1041700.0,2521000.0,2568800.0,2633982.64,2867800.1,2681285.1799999997,3009179.6592,8.53,11192256.112284709
2019-06-25,2316200.0,1041700.0,2521000.0,2568800.0,2610357.4,2821965.3000000003,2683251.56,3072716.3584,8.53,11188299.15148471
2019-06-26,2316200.0,1041700.0,2521000.0,2568800.0,2609662.54,2839674.2,2681890.2199999997,3020238.3432,8.53,11151473.836284708
2019-06-27,2316200.0,1041700.0,2521000.0,2568800.0,2625875.94,2854258.0,2680327.1999999997,3014805.3312,8.53,11175275.00428471
2019-06-28,2316200.0,1041700.0,2521000.0,2568800.0,2613831.7,2857383.1,2685041.4699999997,3020043.1144,8.53,11176307.917484708
2019-06-30,2476200.0,1018600.0,2622400.0,2376700.0,2794144.08,2794019.8,2793459.152,2794110.3142000004,1.34,11175734.684071729
2019-07-01,2476200.0,1018600.0,2622400.0,2376700.0,2847877.6199999996,2827633.5999999996,2793564.048,2733349.9787,1.34,11202426.584571728
2019-07-02,2476200.0,1018600.0,2622400.0,2376700.0,2858525.2800000003,2831708.0,2805286.176,2752556.0914,1.34,11248076.885271728
2019-07-03,2476200.0,1018600.0,2622400.0,2376700.0,2864963.4,2858191.6,2809429.568,2825701.4105999996,1.34,11358287.316471728
2019-07-04,2476200.0,1018600.0,2622400.0,2376700.0,2863477.68,2861247.4000000004,2809324.6720000003,2799134.658,1.34,11333185.747871729
2019-07-05,2476200.0,1018600.0,2622400.0,2376700.0,2869915.8000000003,2854117.2,2802427.7600000002,2805328.3381999996,1.34,11331790.43607173
2019-07-08,2476200.0,1018600.0,2622400.0,2376700.0,2808753.66,2840875.4000000004,2802270.4159999997,2790609.4351,1.34,11242510.248971729
2019-07-09,2476200.0,1018600.0,2622400.0,2376700.0,2811725.1,2855135.8,2803004.688,2767724.1907999995,1.34,11237591.116671728
2019-07-10,2476200.0,1018600.0,2622400.0,2376700.0,2796620.28,2882638.0,2804106.0960000004,2764582.1934,1.34,11247947.90727173
2019-07-11,2476200.0,1018600.0,2622400.0,2376700.0,2794391.7,2873470.6,2805495.968,2812237.4051,1.34,11285597.010971729
2019-07-12,2476200.0,1018600.0,2622400.0,2376700.0,2809991.7600000002,2888749.5999999996,2807095.6319999998,2795186.9593,1.34,11301025.289171727
2019-07-15,2476200.0,1018600.0,2622400.0,2376700.0,2817420.36,2897917.0,2804971.488,2798775.7763,1.34,11319085.962171728
2019-07-16,2476200.0,1018600.0,2622400.0,2376700.0,2820391.8,2884675.1999999997,2805994.224,2802008.0883,1.34,11313070.650171729
2019-07-17,2476200.0,1018600.0,2622400.0,2376700.0,2820639.42,2875507.8,2805679.536,2787557.7523,1.34,11289385.846171727
2019-07-18,2476200.0,1018600.0,2622400.0,2376700.0,2796867.9,2878563.6,2808826.416,2812508.3489,1.34,11296767.60277173
2019-07-19,2476200.0,1018600.0,2622400.0,2376700.0,2826829.92,2848005.5999999996,2809980.2720000003,2847151.1281,1.34,11331968.257971728
2019-07-22,2476200.0,1018600.0,2622400.0,2376700.0,2807020.32,2878563.6,2811029.2320000003,2829199.913,1.34,11325814.40287173
2019-07-23,2476200.0,1018600.0,2622400.0,2376700.0,2816182.26,2898935.6,2811291.472,2811431.7038000003,1.34,11337842.37367173
2019-07-24,2476200.0,1018600.0,2622400.0,2376700.0,2832525.1799999997,2920326.2,2807095.6319999998,2821123.8864,1.34,11381072.236271728
2019-07-25,2476200.0,1018600.0,2622400.0,2376700.0,2844410.94,2886712.4,2808800.1920000003,2821931.9644,1.34,11361856.834271729
2019-07-26,2476200.0,1018600.0,2622400.0,2376700.0,2846144.28,2919307.6,2808511.728,2814483.3866000003,1.34,11388448.332471728
2019-07-29,2476200.0,1018600.0,2622400.0,2376700.0,2848868.1,2910140.2,2806308.912,2816995.5585,1.34,11382314.108371729
2019-07-30,2476200.0,1018600.0,2622400.0,2376700.0,2862982.44,2898935.6,2807882.352,2828841.0313,1.34,11398642.761171728
2019-07-31,2476200.0,1018600.0,2622400.0,2376700.0,2840449.02,2860228.8,2812235.536,2841855.8405000004,1.34,11354770.534371728
2019-08-01,2476200.0,1018600.0,2622400.0,2376700.0,2815687.02,2845968.4,2813808.9760000003,2799942.736,1.34,11275408.469871728
2019-08-02,2476200.0,1018600.0,2622400.0,2376700.0,2783744.04,2809298.8,2824849.28,2865908.0445,1.34,11283801.502371728
2019-08-05,2476200.0,1018600.0,2622400.0,2376700.0,2734962.9,2715587.6,2832532.912,2948474.6025,1.34,11231559.352371728
2019-08-06,2476200.0,1018600.0,2622400.0,2376700.0,2697819.9,2772629.2,2832323.12,2958257.0997,1.34,11261030.65757173
2019-08-07,2476200.0,1018600.0,2622400.0,2376700.0,2691134.16,2796057.0,2834499.7120000003,3022247.3704999997,1.34,11343939.580371728
2019-08-08,2476200.0,1018600.0,2622400.0,2376700.0,2722581.9,2862266.0,2830723.456,3049082.6902,1.34,11464655.384071728
2019-08-09,2476200.0,1018600.0,2622400.0,2376700.0,2699800.8600000003,2837819.6,2835810.912,3049800.4535999997,1.34,11423233.163471729
2019-08-12,2476200.0,1018600.0,2622400.0,2376700.0,2730010.5,2809298.8,2833634.32,3029876.5775,1.34,11402821.535371728
2019-08-13,2476200.0,1018600.0,2622400.0,2376700.0,2716391.4,2875507.8,2839115.136,3108136.5551,1.34,11539152.228971729
2019-08-14,2476200.0,1018600.0,2622400.0,2376700.0,2721096.18,2786889.6,2839036.464,3033914.5908,1.34,11380938.17267173
2019-08-15,2476200.0,1018600.0,2622400.0,2376700.0,2731991.46,2783833.8000000003,2839115.136,3060210.3996,1.34,11415152.13347173
2019-08-16,2476200.0,1018600.0,2622400.0,2376700.0,2730753.36,2829670.8,2837305.6799999997,3069992.8967999998,1.34,11467724.074671729
2019-08-19,2476200.0,1018600.0,2622400.0,2376700.0,2779286.8800000004,2874489.2,2838511.984,3057249.0314,1.34,11549538.43327173
2019-08-20,2476200.0,1018600.0,2622400.0,2376700.0,2772105.9,2857173.0,2837961.2800000003,3046839.0854,1.34,11514080.603271728
2019-08-21,2476200.0,1018600.0,2622400.0,2376700.0,2769382.08,2882638.0,2834368.5919999997,3041453.4831999997,1.34,11527843.493071727
2019-08-22,2476200.0,1018600.0,2622400.0,2376700.0,2771610.6599999997,2874489.2,2832978.72,3052942.451,1.34,11532022.368871728
2019-08-23,2476200.0,1018600.0,2622400.0,2376700.0,2777305.92,2787908.2,2831982.208,3045581.8111,1.34,11442779.476971729
2019-08-26,2476200.0,1018600.0,2622400.0,2376700.0,2753534.4000000004,2828652.2,2836571.408,3152740.084,1.34,11571499.429871729
2019-08-27,2476200.0,1018600.0,2622400.0,2376700.0,2785477.38,2833745.2,2835942.0319999997,3158394.2533,1.34,11613560.203171728
2019-08-28,2476200.0,1018600.0,2622400.0,2376700.0,2783744.04,2842912.6,2835470.0,3171409.0625,1.34,11633537.040371729
2019-08-29,2476200.0,1018600.0,2622400.0,2376700.0,2765420.16,2886712.4,2839062.6879999996,3186486.8473,1.34,11677683.433171729
2019-08-30,2476200.0,1018600.0,2622400.0,2376700.0,2756258.2199999997,2883656.6,2835076.6399999997,3143855.9793999996,1.34,11618848.777271727
2019-09-02,2476200.0,1018600.0,2622400.0,2376700.0,2776563.06,2883656.6,2833398.304,3133892.8529999997,1.34,11627512.154871728
2019-09-03,2476200.0,1018600.0,2622400.0,2376700.0,2772353.52,2853098.6,2834263.696,3153457.8474,1.34,11613175.001271728
2019-09-04,2476200.0,1018600.0,2622400.0,2376700.0,2799591.72,2893842.6,2836728.7520000003,3168625.9468,1.34,11698790.35667173
2019-09-05,2476200.0,1018600.0,2622400.0,2376700.0,2811477.48,2945791.1999999997,2843573.216,3178498.7586000003,1.34,11779341.992471728
2019-09-06,2476200.0,1018600.0,2622400.0,2376700.0,2826087.06,2942735.4,2843756.7840000005,3096110.4531,1.34,11708691.034971729
2019-09-09,2476200.0,1018600.0,2622400.0,2376700.0,2845401.42,2934586.5999999996,2842366.912,3091083.7326,1.34,11713440.002471728
2019-09-10,2476200.0,1018600.0,2622400.0,2376700.0,2830048.98,2927456.4,2838957.7920000004,3048093.983,1.34,11644558.49287173
2019-09-11,2476200.0,1018600.0,2622400.0,2376700.0,2833020.42,2954958.5999999996,2837331.904,3054465.9157000002,1.34,11679778.177571729
2019-09-12,2476200.0,1018600.0,2622400.0,2376700.0,2851096.68,2966163.1999999997,2830487.44,3060481.3433999997,1.34,11708230.001271728
2019-09-16,2476200.0,1018600.0,2622400.0,2376700.0,2856296.6999999997,2934586.5999999996,2830303.872,3057070.7789000003,1.34,11678259.288771728
2019-09-17,2476200.0,1018600.0,2622400.0,2376700.0,2817172.7399999998,2950884.1999999997,2827943.712,3050608.5316,1.34,11646610.521471728
2019-09-18,2476200.0,1018600.0,2622400.0,2376700.0,2831782.32,2950884.1999999997,2822856.256,3060840.2251,1.34,11666364.338971728
2019-09-19,2476200.0,1018600.0,2622400.0,2376700.0,2837725.1999999997,2954958.5999999996,2826212.928,3049173.0048,1.34,11668071.070671728
2019-09-20,2476200.0,1018600.0,2622400.0,2376700.0,2836239.48,2925419.1999999997,2826973.4239999996,3063352.397,1.34,11651985.838871727
2019-09-23,2476200.0,1018600.0,2622400.0,2376700.0,2802563.1599999997,2924400.6,2827891.264,3094853.1788000003,1.34,11649709.540671729
2019-09-24,2476200.0,1018600.0,2622400.0,2376700.0,2815934.64,2883656.6,2824718.16,3105263.1248,1.34,11629573.86267173
2019-09-25,2476200.0,1018600.0,2622400.0,2376700.0,2789686.92,2918289.0,2825321.312,3125187.0009,1.34,11658485.570771728
2019-09-26,2476200.0,1018600.0,2622400.0,2376700.0,2788448.8200000003,2906065.8000000003,2823197.168,3081391.55,1.34,11599104.675871728
2019-09-27,2476200.0,1018600.0,2622400.0,2376700.0,2781763.08,2873470.6,2819316.0160000003,3063889.5312,1.34,11538440.56507173
2019-09-30,2578800.0,1014600.0,2683700.0,2244600.0,2886708.7199999997,2886537.0,2886265.676,2886645.384,79.66,11546236.438897328
2019-10-08,2578800.0,1014600.0,2683700.0,2244600.0,2906049.72,2832763.1999999997,2894182.591,2882407.5792,79.66,11515482.749097329
2019-10-09,2578800.0,1014600.0,2683700.0,2244600.0,2936995.32,2865230.4,2895873.3219999997,2919362.6736,79.66,11617541.374497328
2019-10-10,2578800.0,1014600.0,2683700.0,2244600.0,2951952.3600000003,2883493.2,2892277.164,2902665.0942,79.66,11630467.477097329
2019-10-11,2578800.0,1014600.0,2683700.0,2244600.0,2969230.32,2922048.0,2884870.152,2887154.9082,79.66,11663383.039097328
2019-10-14,2578800.0,1014600.0,2683700.0,2244600.0,3004817.7600000002,2921033.4,2884065.042,2847571.3871999998,79.66,11657567.248097328
2019-10-15,2578800.0,1014600.0,2683700.0,2244600.0,2989860.7199999997,2957559.0,2883474.628,2858080.6044,79.66,11689054.611297328
2019-10-16,2578800.0,1014600.0,2683700.0,2244600.0,2989602.84,2951471.4,2883850.3460000004,2850029.2242,79.66,11675033.46909733
2019-10-17,2578800.0,1014600.0,2683700.0,2244600.0,2980061.28,2960602.8000000003,2886721.905,2861133.2604,79.66,11688598.90429733
2019-10-18,2578800.0,1014600.0,2683700.0,2244600.0,2943958.08,2929150.2,2881461.853,2851894.4868,79.66,11606544.27869733
2019-10-21,2578800.0,1014600.0,2683700.0,2244600.0,2956594.2,2954515.1999999997,2876040.7789999996,2855115.4878,79.66,11642345.325697329
2019-10-22,2578800.0,1014600.0,2683700.0,2244600.0,2964072.7199999997,2929150.2,2875933.4310000003,2849860.8792,79.66,11619096.88909733
2019-10-23,2578800.0,1014600.0,2683700.0,2244600.0,2944989.5999999996,2939296.1999999997,2877087.4220000003,2853503.8649999998,79.66,11614956.745897328
2019-10-24,2578800.0,1014600.0,2683700.0,2244600.0,2950920.8400000003,2965675.8,2876658.0300000003,2848163.9616,79.66,11641498.29049733
2019-10-25,2578800.0,1014600.0,2683700.0,2244600.0,2969488.1999999997,2991040.8,2873625.449,2880035.037,79.66,11714269.144897329
2019-10-28,2578800.0,1014600.0,2683700.0,2244600.0,2975677.32,3021478.8000000003,2864474.032,2878677.054,79.66,11740386.86489733
2019-10-29,2578800.0,1014600.0,2683700.0,2244600.0,2953499.64,2992055.4,2864098.3140000002,2853674.4546,79.66,11663407.46749733
2019-10-30,2578800.0,1014600.0,2683700.0,2244600.0,2942926.56,3004230.5999999996,2861092.5700000003,2846383.9938,79.66,11654713.382697329
2019-10-31,2578800.0,1014600.0,2683700.0,2244600.0,2929001.0399999996,3003216.0,2867372.4280000003,2850538.7484,79.66,11650207.875297328
2019-11-01,2578800.0,1014600.0,2683700.0,2244600.0,2964588.48,3027566.4,2870136.639,2875373.0028,79.66,11737744.18069733
2019-11-04,2578800.0,1014600.0,2683700.0,2244600.0,2969746.08,3042785.4,2866272.111,2869016.2956000003,79.66,11747899.54549733
2019-11-05,2578800.0,1014600.0,2683700.0,2244600.0,2991923.76,3042785.4,2875530.876,2856046.9968,79.66,11766366.69169733
2019-11-06,2578800.0,1014600.0,2683700.0,2244600.0,2977224.6,3025537.2,2874484.2330000005,2814768.8028,79.66,11692094.49469733
2019-11-07,2578800.0,1014600.0,2683700.0,2244600.0,2986250.4,3031624.8,2873759.634,2813583.654,79.66,11705298.146897329
2019-11-08,2578800.0,1014600.0,2683700.0,2244600.0,2973356.4,3042785.4,2872954.5239999997,2775694.806,79.66,11664870.788897328
2019-11-11,2578800.0,1014600.0,2683700.0,2244600.0,2924101.32,3036697.8,2878509.783,2771627.5908000004,79.66,11611016.152697328
2019-11-12,2578800.0,1014600.0,2683700.0,2244600.0,2925648.6,3047858.4,2879314.8929999997,2745605.9430000004,79.66,11598507.494897328
2019-11-13,2578800.0,1014600.0,2683700.0,2244600.0,2911465.2,3047858.4,2881622.875,2771288.6562,79.66,11612314.79009733
2019-11-14,2578800.0,1014600.0,2683700.0,2244600.0,2909660.04,3049887.5999999996,2879261.219,2780356.8402000004,79.66,11619245.35809733
2019-11-15,2578800.0,1014600.0,2683700.0,2244600.0,2897281.8,3071194.2,2882025.43,2773068.6240000003,79.66,11623649.71289733
2019-11-18,2578800.0,1014600.0,2683700.0,2244600.0,2932611.36,3073223.4,2889673.975,2770440.1974,79.66,11666028.591297328
2019-11-19,2578800.0,1014600.0,2683700.0,2244600.0,2965362.1199999996,3076267.2,2894987.701,2784341.0052,79.66,11721037.68509733
2019-11-20,2578800.0,1014600.0,2683700.0,2244600.0,2946536.8800000004,3061048.1999999997,2895497.6040000003,2793833.4186,79.66,11696995.76149733
2019-11-21,2578800.0,1014600.0,2683700.0,2244600.0,2944731.7199999997,3059019.0,2895846.4850000003,2792392.3854,79.66,11692069.249297328
2019-11-22,2578800.0,1014600.0,2683700.0,2244600.0,2941379.2800000003,3065106.6,2895739.137,2795698.6812,79.66,11698003.35709733
2019-11-25,2578800.0,1014600.0,2683700.0,2244600.0,2983671.6,3105690.6,2891525.7279999997,2770610.787,79.66,11751578.373897329
2019-11-26,2578800.0,1014600.0,2683700.0,2244600.0,2982640.08,3108734.4,2894343.613,2770354.9026,79.66,11756152.65449733
2019-11-27,2578800.0,1014600.0,2683700.0,2244600.0,2971809.12,3131055.5999999996,2893941.058,2775441.1662,79.66,11772326.603097329
2019-11-28,2578800.0,1014600.0,2683700.0,2244600.0,2958141.48,3128011.8000000003,2895443.9299999997,2767982.3604,79.66,11749659.229297329
2019-11-29,2578800.0,1014600.0,2683700.0,2244600.0,2959688.76,3113807.4,2895739.137,2776882.1994,79.66,11746197.155297328
2019-12-02,2578800.0,1014600.0,2683700.0,2244600.0,2962009.68,3076267.2,2890586.433,2773831.788,79.66,11702774.759897329
2019-12-03,2578800.0,1014600.0,2683700.0,2244600.0,2973614.2800000003,3053946.0,2894021.569,2787730.3512000004,79.66,11709391.85909733
2019-12-04,2578800.0,1014600.0,2683700.0,2244600.0,2965362.1199999996,3076267.2,2894934.0270000002,2839603.0572,79.66,11776246.06309733
2019-12-05,2578800.0,1014600.0,2683700.0,2244600.0,2972840.64,3087427.8000000003,2894236.2649999997,2817058.2948000003,79.66,11771642.65869733
2019-12-06,2578800.0,1014600.0,2683700.0,2244600.0,2984445.2399999998,3113807.4,2895014.538,2801292.2243999997,79.66,11794639.06129733
2019-12-09,2578800.0,1014600.0,2683700.0,2244600.0,2997855.0,3101632.1999999997,2894611.983,2782051.5132,79.66,11776230.35509733
2019-12-10,2578800.0,1014600.0,2683700.0,2244600.0,2992955.2800000003,3098588.4,2895256.071,2790951.3521999996,79.66,11777830.762097329
2019-12-11,2578800.0,1014600.0,2683700.0,2244600.0,2999144.4,3115836.6,2897161.4979999997,2785104.1692,79.66,11797326.326097328
2019-12-12,2578800.0,1014600.0,2683700.0,2244600.0,2997597.12,3134099.4,2898020.282,2801716.4538,79.66,11831512.914697329
2019-12-13,2578800.0,1014600.0,2683700.0,2244600.0,3035505.48,3138157.8,2895926.9960000003,2776882.1994,79.66,11846552.13429733
2019-12-16,2578800.0,1014600.0,2683700.0,2244600.0,3046852.2,3157435.2,2896061.181,2797139.7144,79.66,11897567.95429733
2019-12-17,2578800.0,1014600.0,2683700.0,2244600.0,3070061.4,3161493.6,2891552.565,2793494.484,79.66,11916681.70789733
2019-12-18,2578800.0,1014600.0,2683700.0,2244600.0,3062067.12,3163522.8,2891418.38,2797988.1732,79.66,11915076.13209733
2019-12-19,2578800.0,1014600.0,2683700.0,2244600.0,3071350.8000000003,3187873.1999999997,2892894.415,2791970.4006000003,79.66,11944168.47449733
2019-12-20,2578800.0,1014600.0,2683700.0,2244600.0,3068514.12,3202077.6,2901589.603,2803072.1922,79.66,11975333.17409733
2019-12-23,2578800.0,1014600.0,2683700.0,2244600.0,3034473.9600000004,3213238.1999999997,2903253.497,2813074.1298,79.66,11964119.44569733
2019-12-24,2578800.0,1014600.0,2683700.0,2244600.0,3041178.84,3214252.8000000003,2906634.959,2820532.9356,79.66,11982679.19349733
2019-12-25,2578800.0,1014600.0,2683700.0,2244600.0,3035505.48,3212223.6,2907171.699,2833841.169,79.66,11988821.60689733
2019-12-26,2578800.0,1014600.0,2683700.0,2244600.0,3065419.56,3230486.4000000004,2913290.535,2844011.4516,79.66,12053287.60549733
2019-12-27,2578800.0,1014600.0,2683700.0,2244600.0,3074961.1199999996,3231501.0,2914229.83,2849604.9948,79.66,12070376.60369733
2019-12-30,2578800.0,1014600.0,2683700.0,2244600.0,3116479.8,3206136.0,2914444.526,2849180.7654,79.66,12086320.750297328
2019-12-31,2491400.0,956500.0,2788800.0,2382700.0,3028296.7,3028279.0,3027772.2720000003,3028347.3671,68.93,12112764.26569024
2020-01-02,2491400.0,956500.0,2788800.0,2382700.0,3060435.76,3070365.0,3025541.232,3037256.2824000004,68.93,12193667.20099024
2020-01-03,2491400.0,956500.0,2788800.0,2382700.0,3056200.38,3046452.5,3024230.496,3084941.2575,68.93,12211893.560090238
2020-01-06,2491400.0,956500.0,2788800.0,2382700.0,3042497.68,3066539.0,3027604.944,3149452.8600000003,68.93,12286163.41059024
2020-01-07,2491400.0,956500.0,2788800.0,2382700.0,3060934.0399999996,3064626.0,3025095.0239999997,3121020.1009,68.93,12271744.091490239
2020-01-08,2491400.0,956500.0,2788800.0,2382700.0,3021071.6399999997,3078017.0,3032596.896,3167897.3407,68.93,12299651.803290239
2020-01-09,2491400.0,956500.0,2788800.0,2382700.0,3049224.46,3105755.5,3034047.0719999997,3072074.6775,68.93,12261170.63609024
2020-01-10,2491400.0,956500.0,2788800.0,2382700.0,3038760.58,3091408.0,3039847.776,3080264.0174,68.93,12250349.299990239
2020-01-13,2491400.0,956500.0,2788800.0,2382700.0,3047480.48,3123929.0,3040070.8800000004,3070726.0693,68.93,12282275.35589024
2020-01-14,2491400.0,956500.0,2788800.0,2382700.0,3049971.88,3098103.5,3038313.9359999998,3045893.5699,68.93,12232351.81249024
2020-01-15,2491400.0,956500.0,2788800.0,2382700.0,3031784.66,3094277.5,3038537.04,3063978.2629,68.93,12228646.38949024
2020-01-16,2491400.0,956500.0,2788800.0,2382700.0,3011853.4600000004,3122972.5,3038648.592,3068207.5554,68.93,12241751.03399024
2020-01-17,2491400.0,956500.0,2788800.0,2382700.0,3010607.76,3142102.5,3040768.0799999996,3061998.2392,68.93,12255545.50579024
2020-01-20,2491400.0,956500.0,2788800.0,2382700.0,3008863.78,3132537.5,3046429.3439999996,3065867.7440000004,68.93,12253767.29459024
2020-01-21,2491400.0,956500.0,2788800.0,2382700.0,2961776.3200000003,3128711.5,3054963.0719999997,3092499.1819,68.93,12238019.000490239
2020-01-22,2491400.0,956500.0,2788800.0,2382700.0,2966011.6999999997,3146885.0,3057947.0880000005,3071536.1873,68.93,12242448.901890239
2020-01-23,2491400.0,956500.0,2788800.0,2382700.0,2883546.36,3158363.0,3064110.3359999997,3089170.55,68.93,12195259.172590239
2020-02-03,2491400.0,956500.0,2788800.0,2382700.0,2651347.88,3141146.0,3099026.112,3161959.6522999997,68.93,12053548.570890239
2020-02-04,2491400.0,956500.0,2788800.0,2382700.0,2704414.6999999997,3232970.0,3096906.624,3143605.7142,68.93,12177965.964790238
2020-02-05,2491400.0,956500.0,2788800.0,2382700.0,2731570.96,3246361.0,3095986.32,3122549.7942999997,68.93,12196537.000890238
2020-02-06,2491400.0,956500.0,2788800.0,2382700.0,2757481.52,3280795.0,3098552.016,3102037.1300000004,68.93,12238934.59259024
2020-02-07,2491400.0,956500.0,2788800.0,2382700.0,2741536.56,3256882.5,3105468.24,3123450.4549,68.93,12227406.68149024
2020-02-10,2491400.0,956500.0,2788800.0,2382700.0,2780651.54,3301838.0,3108535.92,3133886.6809,68.93,12324981.06749024
2020-02-11,2491400.0,956500.0,2788800.0,2382700.0,2802326.72,3302794.5,3100866.72,3128759.1105,68.93,12334815.97709024
2020-02-12,2491400.0,956500.0,2788800.0,2382700.0,2814534.5799999996,3328620.0,3099500.208,3115172.9551,68.93,12357896.669690238
2020-02-13,2491400.0,956500.0,2788800.0,2382700.0,2802326.72,3325750.5,3100866.72,3137846.7283,68.93,12366859.59489024
2020-02-14,2491400.0,956500.0,2788800.0,2382700.0,2823752.76,3337228.5,3093392.736,3140906.1151,68.93,12395349.037690239
2020-02-17,2491400.0,956500.0,2788800.0,2382700.0,2876570.44,3335315.5,3089237.424,3154041.9402,68.93,12455234.23079024
2020-02-18,2491400.0,956500.0,2788800.0,2382700.0,2857635.8000000003,3338185.0,3091468.464,3171137.8126999997,68.93,12458496.00329024
2020-02-19,2491400.0,956500.0,2788800.0,2382700.0,2852154.72,3378358.0,3090548.16,3205505.8775000004,68.93,12526635.68409024
2020-02-20,2491400.0,956500.0,2788800.0,2382700.0,2886037.7600000002,3346793.5,3088400.784,3215944.4862,68.93,12537245.45679024
2020-02-21,2491400.0,956500.0,2788800.0,2382700.0,2888030.88,3292273.0,3095456.4480000003,3282164.4845999996,68.93,12557993.73919024
2020-02-24,2491400.0,956500.0,2788800.0,2382700.0,2856140.9600000004,3165058.5,3102121.6799999997,3345236.9363,68.93,12468627.00289024
2020-02-25,2491400.0,956500.0,2788800.0,2382700.0,2825995.02,3079930.0,3101675.472,3279824.6732,68.93,12287494.09179024
2020-02-26,2491400.0,956500.0,2788800.0,2382700.0,2844680.52,3087582.0,3104073.8400000003,3299439.0596000003,68.93,12335844.34619024
2020-02-27,2491400.0,956500.0,2788800.0,2382700.0,2861622.04,2937411.5,3110655.408,3295300.3097,68.93,12205058.18429024
2020-02-28,2491400.0,956500.0,2788800.0,2382700.0,2796347.3600000003,2941237.5,3119969.9999999995,3242575.9241,68.93,12100199.71069024
2020-03-02,2491400.0,956500.0,2788800.0,2382700.0,2894259.38,3068452.0,3118408.272,3186163.1189,68.93,12267351.69749024
2020-03-03,2491400.0,956500.0,2788800.0,2382700.0,2890273.1399999997,2961324.0,3117348.528,3182472.3166,68.93,12151486.91119024
2020-03-04,2491400.0,956500.0,2788800.0,2382700.0,2928640.7,3082799.5,3130344.336,3238978.0471,68.93,12380831.50969024
2020-03-05,2491400.0,956500.0,2788800.0,2382700.0,2963520.3,2983323.5,3129953.904,3252113.8722,68.93,12328980.50279024
2020-03-06,2491400.0,956500.0,2788800.0,2382700.0,2919671.6599999997,2931672.5,3139937.8079999997,3304657.1726,68.93,12296008.06719024
2020-03-09,2491400.0,956500.0,2788800.0,2382700.0,2847421.06,2731764.0,3159710.4,3313925.8756,68.93,12052890.26219024
2020-03-10,2491400.0,956500.0,2788800.0,2382700.0,2879560.1199999996,2876195.5,3142977.6,3256702.9524,68.93,12155505.09899024
2020-03-11,2491400.0,956500.0,2788800.0,2382700.0,2849912.46,2763328.5,3141694.7520000003,3283065.1452,68.93,12038069.78379024
2020-03-12,2491400.0,956500.0,2788800.0,2382700.0,2811544.9000000004,2513682.0,3138571.296,3251844.6271,68.93,11715711.74969024
2020-03-13,2491400.0,956500.0,2788800.0,2382700.0,2768941.96,2776719.5,3129451.92,3158719.1802999997,68.93,11833901.48689024
2020-03-16,2491400.0,956500.0,2788800.0,2382700.0,2700179.3200000003,2437162.0,3128643.168,3060828.3335,68.93,11326881.74809024
2020-03-17,2491400.0,956500.0,2788800.0,2382700.0,2693701.6799999997,2592115.0,3121308.624,2936935.0815999997,68.93,11344129.312190238
2020-03-18,2491400.0,956500.0,2788800.0,2382700.0,2649853.04,2501247.5,3121671.1679999996,3001806.4718,68.93,11274647.10639024
2020-03-19,2491400.0,956500.0,2788800.0,2382700.0,2605007.8400000003,2545246.5,3118687.1520000002,2981560.6698999996,68.93,11250571.08849024
2020-03-20,2491400.0,956500.0,2788800.0,2382700.0,2648856.48,2462031.0,3124655.184,3015931.1174000003,68.93,11251542.70799024
2020-03-23,2491400.0,956500.0,2788800.0,2382700.0,2574861.9000000004,2462987.5,3135615.168,3008732.9806999997,68.93,11182266.47529024
2020-03-24,2491400.0,956500.0,2788800.0,2382700.0,2640385.72,2648548.5,3137483.664,3164299.4636999997,68.93,11590786.27429024
2020-03-25,2491400.0,956500.0,2788800.0,2382700.0,2699681.0399999996,2610288.5,3138459.744,3220352.4812,68.93,11668850.69179024
2020-03-26,2491400.0,956500.0,2788800.0,2382700.0,2681244.68,2752807.0,3145710.624,3211445.9486,68.93,11791277.179190239
2020-03-27,2491400.0,956500.0,2788800.0,2382700.0,2697687.92,2638983.5,3142224.624,3242125.5938000004,68.93,11721090.56439024
2020-03-30,2491400.0,956500.0,2788800.0,2382700.0,2679749.84,2742285.5,3142140.96,3228720.5236,68.93,11792965.75019024
2020-03-31,2748700.0,1030800.0,2609100.0,2171700.0,2945232.05,2943964.8,2945256.444,2945179.1871,158.75,11779791.22848294
2020-04-01,2748700.0,1030800.0,2609100.0,2171700.0,2933412.6399999997,2817176.4,2952040.104,2909669.7204,158.75,11612457.611782938
2020-04-02,2748700.0,1030800.0,2609100.0,2171700.0,2961724.2499999995,2882116.8,2946821.904,2914262.8659,158.75,11705084.567282937
2020-04-03,2748700.0,1030800.0,2609100.0,2171700.0,2951279.1900000004,2846038.8000000003,2942960.436,2930663.5443,158.75,11671100.717682939
2020-04-07,2748700.0,1030800.0,2609100.0,2171700.0,2995808.1300000004,3035706.0,2962502.595,2999877.7950000004,158.75,11994053.26738294
2020-04-08,2748700.0,1030800.0,2609100.0,2171700.0,2989211.2499999995,3084153.6,2969025.345,2992168.26,158.75,12034717.202382939
2020-04-09,2748700.0,1030800.0,2609100.0,2171700.0,2996357.87,3089307.6,2961667.6829999997,2993562.4913999997,158.75,12041054.39178294
2020-04-10,2748700.0,1030800.0,2609100.0,2171700.0,2981789.76,3082092.0,2958249.762,3008488.5855,158.75,12030778.854882939
2020-04-13,2748700.0,1030800.0,2609100.0,2171700.0,2984263.5900000003,3115077.5999999996,2956084.209,3006766.4274,158.75,12062350.57378294
2020-04-14,2748700.0,1030800.0,2609100.0,2171700.0,3010925.98,3255266.4,2957701.851,3047605.2459,158.75,12271658.224282939
2020-04-15,2748700.0,1030800.0,2609100.0,2171700.0,2993059.43,3217126.8,2961798.1380000003,3023822.9592,158.75,12195966.074582938
2020-04-16,2748700.0,1030800.0,2609100.0,2171700.0,2988936.38,3293406.0,2967746.886,3057855.6699,158.75,12308103.683282938
2020-04-17,2748700.0,1030800.0,2609100.0,2171700.0,3001855.27,3320206.8000000003,2962006.866,2990528.6265000002,158.75,12274756.309882939
2020-04-20,2748700.0,1030800.0,2609100.0,2171700.0,3012850.0700000003,3277944.0,2956240.755,2993071.6872,158.75,12240265.259582939
2020-04-21,2748700.0,1030800.0,2609100.0,2171700.0,2990585.6,3160432.8,2959293.4020000002,3027923.1288,158.75,12138393.678182939
2020-04-22,2748700.0,1030800.0,2609100.0,2171700.0,2992784.56,3264543.5999999996,2963102.688,3018821.5341,158.75,12239411.129482938
2020-04-23,2748700.0,1030800.0,2609100.0,2171700.0,2986737.42,3255266.4,2977217.9189999998,3061873.3149,158.75,12281253.801282939
2020-04-24,2748700.0,1030800.0,2609100.0,2171700.0,2969970.35,3305775.5999999996,2982540.483,3080654.1765,158.75,12339099.35688294
2020-04-27,2748700.0,1030800.0,2609100.0,2171700.0,2991959.95,3319176.0,2976670.008,3074749.3242,158.75,12362714.02958294
2020-04-28,2748700.0,1030800.0,2609100.0,2171700.0,2992234.82,3259389.6,2981470.752,3047194.7946,158.75,12280448.71398294
2020-04-29,2748700.0,1030800.0,2609100.0,2171700.0,3046384.21,3373808.4,2987967.4110000003,3055723.0605,158.75,12464041.82888294
2020-04-30,2748700.0,1030800.0,2609100.0,2171700.0,3071672.25,3375870.0,2979748.7460000003,3078521.5670999996,158.75,12505971.310482938
2020-05-06,2748700.0,1030800.0,2609100.0,2171700.0,3063426.15,3374839.2,2971425.717,3073109.6907,158.75,12482959.505082939
2020-05-07,2748700.0,1030800.0,2609100.0,2171700.0,3069198.42,3430502.4,2954544.8400000003,3069500.3252999997,158.75,12523904.73268294
2020-05-08,2748700.0,1030800.0,2609100.0,2171700.0,3088439.32,3468642.0,2955640.662,3098859.5376,158.75,12611740.26698294
2020-05-11,2748700.0,1030800.0,2609100.0,2171700.0,3105756.13,3497504.4,2945282.5349999997,3080736.7010999997,158.75,12629438.513482938
2020-05-12,2748700.0,1030800.0,2609100.0,2171700.0,3087614.71,3433594.8,2946169.6289999997,3078439.0425,158.75,12545976.928882938
2020-05-13,2748700.0,1030800.0,2609100.0,2171700.0,3097235.16,3389270.4,2942203.797,3079342.4697,158.75,12508210.574082939
2020-05-14,2748700.0,1030800.0,2609100.0,2171700.0,3059577.9699999997,3428440.8000000003,2942751.708,3098611.9638,158.75,12529541.189182939
2020-05-15,2748700.0,1030800.0,2609100.0,2171700.0,3049407.78,3450087.6,2946534.903,3141583.3917,158.75,12587772.422082938
2020-05-18,2748700.0,1030800.0,2609100.0,2171700.0,3064525.63,3521212.8,2938942.422,3217358.3481,158.75,12742197.947482938
2020-05-19,2748700.0,1030800.0,2609100.0,2171700.0,3074695.8200000003,3503689.2,2936568.141,3170369.2752,158.75,12685481.18358294
2020-05-20,2748700.0,1030800.0,2609100.0,2171700.0,3059577.9699999997,3576876.0,2942464.707,3205303.2414,158.75,12784380.66578294
2020-05-21,2748700.0,1030800.0,2609100.0,2171700.0,3054355.44,3532551.6,2944995.534,3167170.3611,158.75,12699231.68248294
2020-05-22,2748700.0,1030800.0,2609100.0,2171700.0,3000480.92,3550075.1999999997,2960258.769,3167007.4836,158.75,12677981.11998294
2020-05-25,2748700.0,1030800.0,2609100.0,2171700.0,3011475.7199999997,3562444.8,2949613.641,3161348.0334,158.75,12685040.941782938
2020-05-26,2748700.0,1030800.0,2609100.0,2171700.0,3019996.69,3557290.8000000003,2937690.054,3176109.0783,158.75,12691245.36968294
2020-05-27,2748700.0,1030800.0,2609100.0,2171700.0,3029892.0100000002,3566568.0,2935263.591,3150359.2314,158.75,12682241.579782939
2020-05-28,2748700.0,1030800.0,2609100.0,2171700.0,3049132.9099999997,3565537.2,2939725.152,3169793.7747,158.75,12724347.784082938
2020-05-29,2748700.0,1030800.0,2609100.0,2171700.0,3030166.8800000004,3619138.8000000003,2942803.8899999997,3165941.1788999997,158.75,12758209.496282939
2020-06-01,2748700.0,1030800.0,2609100.0,2171700.0,3084866.0100000002,3635631.6,2936072.4120000005,3198660.0111,158.75,12855388.78048294
2020-06-02,2748700.0,1030800.0,2609100.0,2171700.0,3101633.08,3650062.8,2924279.2800000003,3189065.4405,158.75,12865199.34788294
2020-06-03,2748700.0,1030800.0,2609100.0,2171700.0,3096685.42,3662432.4,2919269.808,3160036.3266,158.75,12838582.701982938
2020-06-04,2748700.0,1030800.0,2609100.0,2171700.0,3104106.91,3632539.2,2912929.695,3132727.1991,158.75,12782461.75148294
2020-06-05,2748700.0,1030800.0,2609100.0,2171700.0,3102182.8200000003,3702633.6,2908833.4080000003,3132809.7237,158.75,12846618.299082939
2020-06-08,2748700.0,1030800.0,2609100.0,2171700.0,3119499.63,3727372.8000000003,2916269.343,3103042.2318,158.75,12866342.752182938
2020-06-09,2748700.0,1030800.0,2609100.0,2171700.0,3134067.74,3744896.4,2915825.796,3106238.9742,158.75,12901187.657582939
2020-06-10,2748700.0,1030800.0,2609100.0,2171700.0,3123897.5500000003,3791282.4,2915277.8850000002,3140764.6607999997,158.75,12971381.243182939
2020-06-11,2748700.0,1030800.0,2609100.0,2171700.0,3096410.5500000003,3597492.0,2924096.643,3164955.2271,158.75,12783113.167482939
2020-06-12,2748700.0,1030800.0,2609100.0,2171700.0,3103282.3,3637693.1999999997,2928297.2939999998,3158970.0219,158.75,12828401.563282939
2020-06-15,2748700.0,1030800.0,2609100.0,2171700.0,3072221.9899999998,3680986.8000000003,2925009.828,3138139.0755,158.75,12816516.44088294
2020-06-16,2748700.0,1030800.0,2609100.0,2171700.0,3114277.1,3738711.5999999996,2910685.8690000004,3146259.0618000003,158.75,12910092.37818294
2020-06-17,2748700.0,1030800.0,2609100.0,2171700.0,3120324.2399999998,3757266.0,2903667.39,3153558.1455,158.75,12934974.522882938
2020-06-18,2748700.0,1030800.0,2609100.0,2171700.0,3137641.05,3768604.8000000003,2909981.412,3148472.0241,158.75,12964858.033482939
2020-06-19,2748700.0,1030800.0,2609100.0,2171700.0,3150010.1999999997,3768604.8000000003,2907581.04,3154869.8523000004,158.75,12981224.63968294
2020-06-22,2748700.0,1030800.0,2609100.0,2171700.0,3128570.3400000003,3810867.6,2901084.381,3180537.1745999996,158.75,13021218.242982939
2020-06-23,2748700.0,1030800.0,2609100.0,2171700.0,3118675.02,3831483.6,2899362.375,3185621.1243000003,158.75,13035300.86668294
2020-06-24,2748700.0,1030800.0,2609100.0,2171700.0,3134067.74,3747988.8000000003,2905806.852,3205468.2906,158.75,12993490.42998294
2020-06-29,2748700.0,1030800.0,2609100.0,2171700.0,3118400.1500000004,3743865.6,2908676.8619999997,3206614.9482,158.75,12977716.307582939
2020-06-30,2857200.0,883800.0,2930900.0,2212200.0,3272636.88,3272711.4,3272584.3219999997,3271511.97,70.83,13089515.40265224
2020-07-01,2857200.0,883800.0,2930900.0,2212200.0,3353209.92,3308063.4,3270327.529,3296237.7294,70.83,13227909.40905224
2020-07-02,2857200.0,883800.0,2930900.0,2212200.0,3447783.24,3321320.4,3270268.9110000003,3257227.7946,70.83,13296671.17625224
2020-07-03,2857200.0,883800.0,2930900.0,2212200.0,3498927.1199999996,3324855.6,3262091.7,3269505.5046,70.83,13355450.755252238
2020-07-06,2857200.0,883800.0,2930900.0,2212200.0,3718645.8000000003,3409700.4,3239523.77,3264578.9352,70.83,13632519.73585224
2020-07-07,2857200.0,883800.0,2930900.0,2212200.0,3703216.92,3368161.8,3234130.9140000003,3268587.4416,70.83,13574167.906252239
2020-07-08,2857200.0,883800.0,2930900.0,2212200.0,3728646.0,3408816.6,3224781.3430000003,3284375.9129999997,70.83,13646690.68665224
2020-07-09,2857200.0,883800.0,2930900.0,2212200.0,3766646.7600000002,3431795.4,3216281.733,3305761.2504,70.83,13720555.97405224
2020-07-10,2857200.0,883800.0,2930900.0,2212200.0,3692359.56,3450355.1999999997,3224019.309,3287048.2506,70.83,13653853.150252238
2020-07-13,2857200.0,883800.0,2930900.0,2212200.0,3772075.44,3376999.8000000003,3223022.803,3298744.1520000002,70.83,13670913.02565224
2020-07-14,2857200.0,883800.0,2930900.0,2212200.0,3756932.28,3406165.2,3231229.3230000003,3291727.0536,70.83,13686124.68725224
2020-07-15,2857200.0,883800.0,2930900.0,2212200.0,3708074.16,3408816.6,3244213.21,3292395.138,70.83,13653569.938652238
2020-07-16,2857200.0,883800.0,2930900.0,2212200.0,3653787.36,3381418.8000000003,3248404.397,3287216.3778,70.83,13570897.765452238
2020-07-17,2857200.0,883800.0,2930900.0,2212200.0,3651501.6,3393792.0,3246704.475,3267751.23,70.83,13559820.135652239
2020-07-20,2857200.0,883800.0,2930900.0,2212200.0,3800933.16,3486591.0,3250895.662,3278110.9625999997,70.83,13816601.61525224
2020-07-21,2857200.0,883800.0,2930900.0,2212200.0,3790647.2399999998,3445936.2,3257695.3499999996,3302252.7012,70.83,13796602.321852239
2020-07-22,2857200.0,883800.0,2930900.0,2212200.0,3792075.84,3450355.1999999997,3261769.301,3374761.9806,70.83,13879033.152252238
2020-07-23,2857200.0,883800.0,2930900.0,2212200.0,3759218.04,3367278.0,3259893.525,3392720.6202000002,70.83,13779181.015852239
2020-07-24,2857200.0,883800.0,2930900.0,2212200.0,3638358.4800000004,3337228.8,3268950.006,3435409.4436,70.83,13680017.56025224
2020-07-27,2857200.0,883800.0,2930900.0,2212200.0,3622643.88,3401746.2,3266341.505,3508836.7860000003,70.83,13799639.201652238
2020-07-28,2857200.0,883800.0,2930900.0,2212200.0,3641501.4,3350485.8,3256757.4620000003,3495804.7158,70.83,13744620.208452238
2020-07-29,2857200.0,883800.0,2930900.0,2212200.0,3711502.8,3394675.8000000003,3250192.2460000003,3510925.1028,70.83,13867366.77945224
2020-07-30,2857200.0,883800.0,2930900.0,2212200.0,3715217.16,3408816.6,3249899.156,3469824.639,70.83,13843828.385652239
2020-07-31,2857200.0,883800.0,2930900.0,2212200.0,3760932.36,3467147.4,3244975.244,3526045.4898,70.83,13999171.324452238
2020-08-03,2857200.0,883800.0,2930900.0,2212200.0,3847219.8000000003,3521059.2,3246997.565,3515519.8422,70.83,14130867.23785224
2020-08-04,2857200.0,883800.0,2930900.0,2212200.0,3855219.96,3525478.1999999997,3248287.161,3518776.2005999996,70.83,14147832.352252237
2020-08-05,2857200.0,883800.0,2930900.0,2212200.0,3834648.12,3531664.8,3245590.733,3612838.9446,70.83,14224813.428252239
2020-08-06,2857200.0,883800.0,2930900.0,2212200.0,3837505.32,3561714.0,3241985.726,3641241.3804,70.83,14282517.257052239
2020-08-07,2857200.0,883800.0,2930900.0,2212200.0,3828648.0,3520175.4,3240168.568,3666217.1184,70.83,14255279.91705224
2020-08-10,2857200.0,883800.0,2930900.0,2212200.0,3864648.72,3514872.6,3246001.059,3632051.9016,70.83,14257645.111252239
2020-08-11,2857200.0,883800.0,2930900.0,2212200.0,3847791.24,3452122.8000000003,3247232.037,3558958.6014,70.83,14106175.50905224
2020-08-12,2857200.0,883800.0,2930900.0,2212200.0,3839219.6399999997,3535200.0,3245561.4239999996,3344939.3124,70.83,13964991.207052238
2020-08-13,2857200.0,883800.0,2930900.0,2212200.0,3859505.76,3533432.4000000004,3248052.689,3390382.3248,70.83,14031444.004452238
2020-08-14,2857200.0,883800.0,2930900.0,2212200.0,3888934.92,3528129.6,3251335.297,3420957.1410000003,70.83,14089427.78865224
2020-08-17,2857200.0,883800.0,2930900.0,2212200.0,3989794.08,3565249.1999999997,3254236.888,3456960.696,70.83,14266311.694652239
2020-08-18,2857200.0,883800.0,2930900.0,2212200.0,3994079.88,3598833.6,3247495.818,3533730.6726,70.83,14374210.801252238
2020-08-19,2857200.0,883800.0,2930900.0,2212200.0,3968079.36,3566133.0,3244740.7720000003,3484361.0052,70.83,14263384.967852239
2020-08-20,2857200.0,883800.0,2930900.0,2212200.0,3928078.56,3620928.6000000006,3241604.709,3415192.1478,70.83,14205874.84745224
2020-08-21,2857200.0,883800.0,2930900.0,2212200.0,3935793.0,3636837.0,3245620.042,3410515.557,70.83,14228836.429652238
2020-08-24,2857200.0,883800.0,2930900.0,2212200.0,3948364.6799999997,3664234.8,3242923.614,3414776.2542000003,70.83,14270370.17885224
2020-08-25,2857200.0,883800.0,2930900.0,2212200.0,3936364.44,3693400.2,3235039.493,3393890.8740000003,70.83,14258765.837652238
2020-08-26,2857200.0,883800.0,2930900.0,2212200.0,3876363.24,3766755.5999999996,3233310.262,3390382.3248,70.83,14266882.257452238
2020-08-27,2857200.0,883800.0,2930900.0,2212200.0,3878934.7199999997,3742893.0000000005,3231698.267,3431314.6614,70.83,14284911.47905224
2020-08-28,2857200.0,883800.0,2930900.0,2212200.0,3931507.1999999997,3764104.2,3229382.8559999997,3435825.3372,70.83,14360890.423852239
2020-08-31,2857200.0,883800.0,2930900.0,2212200.0,3893506.44,3783547.8,3239025.517,3443094.6264,70.83,14359245.21405224
2020-09-01,2857200.0,883800.0,2930900.0,2212200.0,3884077.6799999997,3834808.2,3236417.0160000003,3483358.8786,70.83,14438732.605252238
2020-09-02,2857200.0,883800.0,2930900.0,2212200.0,3869220.24,3868392.5999999996,3227888.0969999996,3437497.7604,70.83,14403069.528052239
2020-09-03,2857200.0,883800.0,2930900.0,2212200.0,3849791.28,3663350.9999999995,3228738.058,3404834.6274,70.83,14146785.796052238
2020-09-04,2857200.0,883800.0,2930900.0,2212200.0,3829790.88,3619161.0,3226012.321,3407256.9864,70.83,14082292.018052239
2020-09-07,2857200.0,883800.0,2930900.0,2212200.0,3782075.64,3620928.6000000006,3221322.8809999996,3395061.1278,70.83,14019459.079452239
2020-09-08,2857200.0,883800.0,2930900.0,2212200.0,3809504.76,3448587.6,3224957.197,3405168.6696,70.83,13888289.05725224
2020-09-09,2857200.0,883800.0,2930900.0,2212200.0,3741503.4000000004,3551108.4,3231463.795,3407007.0078000003,70.83,13931153.43345224
2020-09-10,2857200.0,883800.0,2930900.0,2212200.0,3727217.4,3473334.0,3231287.941,3429060.4296,70.83,13860970.60125224
2020-09-11,2857200.0,883800.0,2930900.0,2212200.0,3736360.4400000004,3454774.1999999997,3222172.842,3419702.8236000002,70.83,13833081.13625224
2020-09-14,2857200.0,883800.0,2930900.0,2212200.0,3738646.2,3512221.2,3218274.745,3413521.9368000003,70.83,13882734.91245224
2020-09-15,2857200.0,883800.0,2930900.0,2212200.0,3750360.7199999997,3554643.6,3227213.9899999998,3426051.8375999997,70.83,13958340.978252238
2020-09-16,2857200.0,883800.0,2930900.0,2212200.0,3766646.7600000002,3475101.6,3223696.91,3421041.2046,70.83,13886557.30525224
2020-09-17,2857200.0,883800.0,2930900.0,2212200.0,3765503.8800000004,3415887.0,3223081.421,3398067.5075999997,70.83,13802610.63925224
2020-09-18,2857200.0,883800.0,2930900.0,2212200.0,3848076.96,3367278.0,3225543.377,3412769.7888,70.83,13853738.95645224
2020-09-21,2857200.0,883800.0,2930900.0,2212200.0,3825219.36,3380535.0,3231844.8120000004,3410931.4506,70.83,13848601.45325224
2020-09-22,2857200.0,883800.0,2930900.0,2212200.0,3768361.08,3457425.6,3237296.2860000003,3331489.1364,70.83,13794642.93305224
2020-09-23,2857200.0,883800.0,2930900.0,2212200.0,3765503.8800000004,3354021.0,3234658.476,3291642.99,70.83,13645897.17665224
2020-09-24,2857200.0,883800.0,2930900.0,2212200.0,3703502.64,3376116.0,3235918.7630000003,3246449.9562000004,70.83,13562058.18985224
2020-09-25,2857200.0,883800.0,2930900.0,2212200.0,3684645.12,3459193.2,3229236.311,3285378.0396,70.83,13658523.50125224
2020-09-28,2857200.0,883800.0,2930900.0,2212200.0,3698359.68,3531664.8,3234453.3129999996,3278944.9620000003,70.83,13743493.585652238
2020-09-29,2857200.0,883800.0,2930900.0,2212200.0,3700931.1599999997,3514872.6,3230555.2160000005,3316370.9616,70.83,13762800.768252239
2020-09-30,2672000.0,858200.0,3124600.0,2297100.0,3438062.4,3437949.2,3438091.1180000002,3437313.8241,51.74,13751468.285974571
2020-10-09,2672000.0,858200.0,3124600.0,2297100.0,3497648.0,3513470.8000000003,3428967.286,3449024.4398999996,51.74,13889162.26977457
2020-10-12,2672000.0,858200.0,3124600.0,2297100.0,3562577.5999999996,3587275.9999999995,3430623.3239999996,3485456.4458999997,51.74,14065985.11377457
2020-10-13,2672000.0,858200.0,3124600.0,2297100.0,3567921.5999999996,3594141.5999999996,3430154.634,3467500.0152,51.74,14059769.59307457
2020-10-14,2672000.0,858200.0,3124600.0,2297100.0,3554561.6,3574403.0,3425905.178,3434538.9273,51.74,13989460.44917457
2020-10-15,2672000.0,858200.0,3124600.0,2297100.0,3550553.6,3543507.8,3425186.52,3430374.2849999997,51.74,13949673.94887457
2020-10-16,2672000.0,858200.0,3124600.0,2297100.0,3579144.0,3526343.8,3424405.37,3444253.3632,51.74,13974198.27707457
2020-10-19,2672000.0,858200.0,3124600.0,2297100.0,3560172.8000000003,3445672.9999999995,3430279.6180000002,3447636.9914999995,51.74,13883814.15337457
2020-10-20,2672000.0,858200.0,3124600.0,2297100.0,3554027.2,3454255.0000000005,3431154.5059999996,3419966.1248999997,51.74,13859454.57477457
2020-10-21,2672000.0,858200.0,3124600.0,2297100.0,3556966.4,3443098.3999999994,3435372.7160000005,3445034.3772,51.74,13880523.63707457
2020-10-22,2672000.0,858200.0,3124600.0,2297100.0,3539598.4,3430225.4,3441028.242,3444253.3632,51.74,13855157.149074571
2020-10-23,2672000.0,858200.0,3124600.0,2297100.0,3527307.2,3446531.2,3435247.7320000003,3433236.4716000003,51.74,13842374.347474571
2020-10-26,2672000.0,858200.0,3124600.0,2297100.0,3517955.2,3392464.6,3435435.208,3417797.6625,51.74,13763704.414374571
2020-10-27,2672000.0,858200.0,3124600.0,2297100.0,3513145.6,3433658.2,3442246.836,3444078.7836,51.74,13833181.163474571
2020-10-28,2672000.0,858200.0,3124600.0,2297100.0,3498716.8,3307502.8000000003,3439809.648,3449024.4398999996,51.74,13695105.43177457
2020-10-29,2672000.0,858200.0,3124600.0,2297100.0,3524368.0,3372726.0,3439715.91,3404959.1706,51.74,13741820.824474571
2020-10-30,2672000.0,858200.0,3124600.0,2297100.0,3478409.6,3283473.2,3441590.67,3385443.009,51.74,13588968.22287457
2020-11-02,2672000.0,858200.0,3124600.0,2297100.0,3509404.8,3282615.0,3443059.232,3408515.0814,51.74,13643645.85727457
2020-11-03,2672000.0,858200.0,3124600.0,2297100.0,3550820.8,3335823.4,3444246.58,3422741.0217,51.74,13753683.54557457
2020-11-04,2672000.0,858200.0,3124600.0,2297100.0,3570059.2,3473135.4,3446902.49,3431936.313,51.74,13922085.146874571
2020-11-05,2672000.0,858200.0,3124600.0,2297100.0,3615750.4,3569253.8,3445527.666,3429855.1404,51.74,14060438.75027457
2020-11-06,2672000.0,858200.0,3124600.0,2297100.0,3634454.4000000004,3541791.4,3440403.322,3468453.3117,51.74,14085154.177574571
2020-11-09,2672000.0,858200.0,3124600.0,2297100.0,3696177.6,3456829.5999999996,3436560.064,3462728.9385,51.74,14052347.946374571
2020-11-10,2672000.0,858200.0,3124600.0,2297100.0,3679611.2,3384740.8,3437341.214,3380412.36,51.74,13882157.317874571
2020-11-11,2672000.0,858200.0,3124600.0,2297100.0,3698582.4000000004,3471419.0,3436216.3580000005,3377116.0215,51.74,13983385.52337457
2020-11-12,2672000.0,858200.0,3124600.0,2297100.0,3715148.8000000003,3460262.4,3431435.72,3361068.4809,51.74,13967967.144774571
2020-11-13,2672000.0,858200.0,3124600.0,2297100.0,3679611.2,3495448.6000000006,3428342.366,3373732.3932000003,51.74,13977186.30307457
2020-11-16,2672000.0,858200.0,3124600.0,2297100.0,3768588.8000000003,3505747.0,3430092.1419999995,3374166.5451,51.74,14078646.23097457
2020-11-17,2672000.0,858200.0,3124600.0,2297100.0,3779276.8000000003,3480859.2,3426530.0979999998,3372344.9448,51.74,14059062.78667457
2020-11-18,2672000.0,858200.0,3124600.0,2297100.0,3799851.1999999997,3449105.8000000003,3419156.0420000004,3354388.5141000003,51.74,14022553.29997457
2020-11-19,2672000.0,858200.0,3124600.0,2297100.0,3775268.8000000003,3469702.6,3415062.8159999996,3335825.649,51.74,13995911.60887457
2020-11-20,2672000.0,858200.0,3124600.0,2297100.0,3790232.0000000005,3461978.8,3417781.2180000003,3340771.3052999997,51.74,14010815.06717457
2020-11-23,2672000.0,858200.0,3124600.0,2297100.0,3849283.2,3457687.8,3426561.344,3337213.0974,51.74,14070797.18527457
2020-11-24,2672000.0,858200.0,3124600.0,2297100.0,3828708.8000000003,3511754.4,3424374.124,3266345.2653,51.74,14031234.33317457
2020-11-25,2672000.0,858200.0,3124600.0,2297100.0,3772596.8,3530634.8,3425873.932,3224623.038,51.74,13953780.31387457
2020-11-26,2672000.0,858200.0,3124600.0,2297100.0,3776872.0,3531493.0,3424311.632,3227832.0867,51.74,13960560.46257457
2020-11-27,2672000.0,858200.0,3124600.0,2297100.0,3804928.0,3561530.0000000005,3423030.546,3217164.3543000002,51.74,14006704.64417457
2020-11-30,2672000.0,858200.0,3124600.0,2297100.0,3772864.0,3565821.0,3433310.48,3156183.2405999997,51.74,13928230.46447457
2020-12-01,2672000.0,858200.0,3124600.0,2297100.0,3814547.1999999997,3626753.2,3429529.714,3177261.4302,51.74,14048143.28807457
2020-12-02,2672000.0,858200.0,3124600.0,2297100.0,3818020.8000000003,3610447.4,3425780.194,3223582.4517,51.74,14077882.58957457
2020-12-03,2672000.0,858200.0,3124600.0,2297100.0,3775803.2,3613022.0,3427155.0179999997,3261836.058,51.74,14077868.01987457
2020-12-04,2672000.0,858200.0,3124600.0,2297100.0,3765649.6,3625894.9999999995,3430185.8800000004,3265132.3965000003,51.74,14086914.62037457
2020-12-07,2672000.0,858200.0,3124600.0,2297100.0,3714614.4000000004,3637909.8,3429779.6819999996,3258105.5675999997,51.74,14040461.19347457
2020-12-08,2672000.0,858200.0,3124600.0,2297100.0,3709537.6,3646491.8,3434247.86,3294797.1459,51.74,14085126.14977457
2020-12-09,2672000.0,858200.0,3124600.0,2297100.0,3659838.4,3567537.4,3432279.362,3277534.4394,51.74,13937241.34527457
2020-12-10,2672000.0,858200.0,3124600.0,2297100.0,3657166.4,3587275.9999999995,3434310.3520000004,3249257.1384,51.74,13928061.63427457
2020-12-11,2672000.0,858200.0,3124600.0,2297100.0,3643004.8,3576119.4,3425717.702,3250125.4422,51.74,13895019.08807457
2020-12-14,2672000.0,858200.0,3124600.0,2297100.0,3619758.4,3598432.5999999996,3426342.622,3241017.4407,51.74,13885602.80657457
2020-12-15,2672000.0,858200.0,3124600.0,2297100.0,3610406.4,3641342.6,3430060.896,3268947.8796,51.74,13950809.519474572
2020-12-16,2672000.0,858200.0,3124600.0,2297100.0,3594908.8,3657648.3999999994,3430373.356,3283433.3921999997,51.74,13966415.692074569
2020-12-17,2672000.0,858200.0,3124600.0,2297100.0,3617353.5999999996,3681678.0,3429623.452,3310323.2448,51.74,14039030.04067457
2020-12-18,2672000.0,858200.0,3124600.0,2297100.0,3640867.2,3674812.4,3427998.6599999997,3324896.0472,51.74,14068626.05107457
2020-12-21,2672000.0,858200.0,3124600.0,2297100.0,3636057.6,3672237.8,3433872.9080000003,3372429.9375,51.74,14114649.98937457
2020-12-22,2672000.0,858200.0,3124600.0,2297100.0,3555630.4,3673954.1999999997,3443152.9699999997,3323768.1711,51.74,13996557.484974569
2020-12-23,2672000.0,858200.0,3124600.0,2297100.0,3555363.2,3663655.8000000003,3444027.858,3321514.716,51.74,13984613.317874571
2020-12-24,2672000.0,858200.0,3124600.0,2297100.0,3530246.4,3669663.1999999997,3440215.8460000004,3324289.6128000002,51.74,13964466.802674571
2020-12-25,2672000.0,858200.0,3124600.0,2297100.0,3552958.4000000004,3667946.8,3447683.6399999997,3339728.4219,51.74,14008369.00577457
2020-12-28,2672000.0,858200.0,3124600.0,2297100.0,3541201.5999999996,3700558.4000000004,3452495.524,3334785.0627,51.74,14029092.33057457
2020-12-29,2672000.0,858200.0,3124600.0,2297100.0,3526238.4000000004,3713431.4,3454495.268,3325936.6335,51.74,14020153.44537457
2020-12-30,2672000.0,858200.0,3124600.0,2297100.0,3536926.4000000004,3706565.8,3462837.9499999997,3324030.0405,51.74,14030411.93437457
2020-12-31,2640100.0,811400.0,3174000.0,2428400.0,3512653.05,3512550.5999999996,3512126.22,3512651.4592,99.15,14050080.478692649
2021-01-04,2640100.0,811400.0,3174000.0,2428400.0,3489156.16,3467112.1999999997,3507777.84,3582710.7992000002,99.15,14046856.148692649
2021-01-05,2640100.0,811400.0,3174000.0,2428400.0,3487044.08,3463055.1999999997,3514760.6399999997,3609304.2076,99.15,14074263.277092649
2021-01-06,2640100.0,811400.0,3174000.0,2428400.0,3517669.24,3406257.2,3516379.38,3606368.272,99.15,14046773.24149265
2021-01-07,2640100.0,811400.0,3174000.0,2428400.0,3518989.29,3491454.1999999997,3519807.3000000003,3586195.5532,99.15,14116545.49269265
2021-01-08,2640100.0,811400.0,3174000.0,2428400.0,3529285.68,3540949.6,3515268.48,3563638.1456,99.15,14149241.05509265
2021-01-11,2640100.0,811400.0,3174000.0,2428400.0,3496548.44,3489020.0,3511110.5399999996,3464692.9876,99.15,13961471.117092649
2021-01-12,2640100.0,811400.0,3174000.0,2428400.0,3498396.51,3488208.6,3514221.0599999996,3491286.3959999997,99.15,13992211.715492649
2021-01-13,2640100.0,811400.0,3174000.0,2428400.0,3494172.3499999996,3499568.1999999997,3522473.46,3478632.0036,99.15,13994945.163092649
2021-01-14,2640100.0,811400.0,3174000.0,2428400.0,3488628.1399999997,3486585.8,3526663.14,3454238.7256,99.15,13956214.955092648
2021-01-15,2640100.0,811400.0,3174000.0,2428400.0,3508956.9099999997,3454941.2,3518442.48,3468636.7092,99.15,13951076.44869265
2021-01-18,2640100.0,811400.0,3174000.0,2428400.0,3533773.85,3465489.4,3514411.5,3461392.7920000004,99.15,13975166.691492649
2021-01-19,2640100.0,811400.0,3174000.0,2428400.0,3568359.1599999997,3519041.8,3517553.76,3464234.02,99.15,14069287.889492648
2021-01-20,2640100.0,811400.0,3174000.0,2428400.0,3533773.85,3598558.9999999995,3519299.46,3480280.8871999998,99.15,14132012.34669265
2021-01-21,2640100.0,811400.0,3174000.0,2428400.0,3533773.85,3620466.8,3526472.7,3505040.8536,99.15,14185853.35309265
2021-01-22,2640100.0,811400.0,3174000.0,2428400.0,3474635.6100000003,3605050.1999999997,3529138.8600000003,3492568.5912,99.15,14101492.410692649
2021-01-25,2640100.0,811400.0,3174000.0,2428400.0,3435562.13,3648054.4000000004,3527996.2199999997,3473680.496,99.15,14085392.395492649
2021-01-26,2640100.0,811400.0,3174000.0,2428400.0,3426585.79,3651300.0,3520188.18,3486242.6092000003,99.15,14084415.728692649
2021-01-27,2640100.0,811400.0,3174000.0,2428400.0,3436354.16,3539326.8000000003,3520632.54,3467718.774,99.15,13964131.42349265
2021-01-28,2640100.0,811400.0,3174000.0,2428400.0,3399128.7500000005,3572594.1999999997,3512411.88,3440484.268,99.15,13924718.24749265
2021-01-29,2640100.0,811400.0,3174000.0,2428400.0,3396752.6599999997,3491454.1999999997,3515268.48,3459833.7592,99.15,13863408.248692648
2021-02-01,2640100.0,811400.0,3174000.0,2428400.0,3429225.8899999997,3573405.6,3517680.7199999997,3495412.2476,99.15,14015823.607092649
2021-02-02,2640100.0,811400.0,3174000.0,2428400.0,3415233.3600000003,3635072.0000000005,3516411.12,3463592.9224,99.15,14030408.551892651
2021-02-03,2640100.0,811400.0,3174000.0,2428400.0,3402296.87,3617221.2,3509047.4400000004,3440299.7095999997,99.15,13968964.369092649
2021-02-04,2640100.0,811400.0,3174000.0,2428400.0,3394112.56,3656979.8,3505111.6799999997,3414257.548,99.15,13970560.737492649
2021-02-05,2640100.0,811400.0,3174000.0,2428400.0,3445858.5199999996,3674830.6,3506095.62,3385005.0415999996,99.15,14011888.931092648
2021-02-08,2640100.0,811400.0,3174000.0,2428400.0,3447706.5900000003,3697549.8000000003,3504508.62,3405639.1563999997,99.15,14055503.31589265
2021-02-09,2640100.0,811400.0,3174000.0,2428400.0,3462491.1500000004,3687813.0,3509809.1999999997,3443051.0867999997,99.15,14103263.586292649
2021-02-10,2640100.0,811400.0,3174000.0,2428400.0,3478067.7399999998,3670773.6,3506190.84,3445343.4964,99.15,14100474.82589265
2021-02-18,2640100.0,811400.0,3174000.0,2428400.0,3549878.46,3674830.6,3497874.9599999995,3347134.1435999996,99.15,14069817.313092649
2021-02-19,2640100.0,811400.0,3174000.0,2428400.0,3609544.7199999997,3664282.4,3504349.92,3334387.472,99.15,14112663.66149265
2021-02-22,2640100.0,811400.0,3174000.0,2428400.0,3639905.87,3564480.1999999997,3501810.72,3369050.4536,99.15,14075346.393092649
2021-02-23,2640100.0,811400.0,3174000.0,2428400.0,3609280.71,3553120.5999999996,3504159.48,3400503.0904,99.15,14067163.02989265
2021-02-24,2640100.0,811400.0,3174000.0,2428400.0,3603208.48,3588010.8,3504318.18,3393807.9916,99.15,14089444.60109265
2021-02-25,2640100.0,811400.0,3174000.0,2428400.0,3684787.57,3454941.2,3502096.38,3356029.3728000005,99.15,13997953.67229265
2021-02-26,2640100.0,811400.0,3174000.0,2428400.0,3612184.8200000003,3486585.8,3499303.26,3312378.8828000003,99.15,13910551.91229265
2021-03-01,2640100.0,811400.0,3174000.0,2428400.0,3665514.8400000003,3588822.2,3506508.2399999998,3303760.4912,99.15,14064704.92069265
2021-03-02,2640100.0,811400.0,3174000.0,2428400.0,3640697.9,3521476.0,3508126.98,3241311.7567999996,99.15,13911711.786292648
2021-03-03,2640100.0,811400.0,3174000.0,2428400.0,3722805.01,3417616.8,3507333.4799999995,3256443.1172,99.15,13904297.556692649
2021-03-04,2640100.0,811400.0,3174000.0,2428400.0,3727821.1999999997,3368932.8000000003,3506762.16,3228565.0852,99.15,13832180.39469265
2021-03-05,2640100.0,811400.0,3174000.0,2428400.0,3675283.2099999995,3431410.6,3511427.9399999995,3198763.7604,99.15,13816984.659892648
2021-03-08,2640100.0,811400.0,3174000.0,2428400.0,3656538.5,3325928.6,3514982.82,3228198.3968,99.15,13725747.46629265
2021-03-09,2640100.0,811400.0,3174000.0,2428400.0,3619049.08,3485774.4000000004,3512665.8000000003,3217103.0372,99.15,13834691.46669265
2021-03-10,2640100.0,811400.0,3174000.0,2428400.0,3593968.13,3462243.8000000003,3515712.8400000003,3247181.1996,99.15,13819205.119092649
2021-03-11,2640100.0,811400.0,3174000.0,2428400.0,3683995.54,3536081.1999999997,3513713.2199999997,3281385.2136,99.15,14015274.323092649
2021-03-12,2640100.0,811400.0,3174000.0,2428400.0,3756070.27,3498756.8000000003,3512887.98,3234252.398,99.15,14002066.59749265
2021-03-15,2640100.0,811400.0,3174000.0,2428400.0,3779831.17,3545818.0,3510602.6999999997,3263135.7876,99.15,14099486.80709265
2021-03-16,2640100.0,811400.0,3174000.0,2428400.0,3792503.6500000004,3566102.9999999995,3513237.12,3266805.1,99.15,14138748.01949265
2021-03-17,2640100.0,811400.0,3174000.0,2428400.0,3768742.75,3577462.5999999996,3514379.76,3279551.7715999996,99.15,14140236.03109265
2021-03-18,2640100.0,811400.0,3174000.0,2428400.0,3775607.01,3458186.8,3513935.4,3298716.7043999997,99.15,14046545.06389265
2021-03-19,2640100.0,811400.0,3174000.0,2428400.0,3729405.2600000002,3491454.1999999997,3517934.64,3296424.2948000003,99.15,14035317.54429265
2021-03-22,2640100.0,811400.0,3174000.0,2428400.0,3770854.8299999996,3555554.8,3520124.7,3276615.836,99.15,14123249.315492649
2021-03-23,2640100.0,811400.0,3174000.0,2428400.0,3724917.0900000003,3529589.9999999995,3522283.0200000005,3292480.5732,99.15,14069369.83269265
2021-03-24,2640100.0,811400.0,3174000.0,2428400.0,3678451.33,3480094.5999999996,3526917.0599999996,3278359.4272000003,99.15,13963921.566692648
2021-03-25,2640100.0,811400.0,3174000.0,2428400.0,3669474.9899999998,3477660.3999999994,3527678.82,3287803.4748,99.15,13962716.834292648
2021-03-26,2640100.0,811400.0,3174000.0,2428400.0,3698780.1,3536081.1999999997,3525425.28,3282577.5579999997,99.15,14042963.28749265
2021-03-29,2640100.0,811400.0,3174000.0,2428400.0,3765574.63,3534458.4,3525457.02,3285052.0976,99.15,14110641.297092648
2021-03-30,2640100.0,811400.0,3174000.0,2428400.0,3754486.21,3527155.8000000003,3524663.5199999996,3242596.3803999997,99.15,14049001.059892649
2021-03-31,2474500.0,796600.0,3165300.0,2663000.0,3518491.55,3518582.1999999997,3518579.133,3517841.6410000003,88.23,14073582.75434799
2021-04-01,2474500.0,796600.0,3165300.0,2663000.0,3537050.3,3575140.8000000003,3517059.789,3593361.6580000003,88.23,14222700.77734799
2021-04-02,2474500.0,796600.0,3165300.0,2663000.0,3503892.0,3578327.2,3518199.2970000003,3628254.9469999997,88.23,14228761.67434799
2021-04-06,2474500.0,796600.0,3165300.0,2663000.0,3503644.55,3639665.4,3517724.502,3611462.069,88.23,14272584.751347989
2021-04-07,2474500.0,796600.0,3165300.0,2663000.0,3539029.9,3642851.8000000003,3514432.5900000003,3628657.06,88.23,14325059.58034799
2021-04-08,2474500.0,796600.0,3165300.0,2663000.0,3531853.85,3684275.0,3513957.795,3639114.661,88.23,14369289.536347989
2021-04-09,2474500.0,796600.0,3165300.0,2663000.0,3523935.4499999997,3704986.5999999996,3517977.7260000003,3648568.3109999998,88.23,14395556.317347988
2021-04-12,2474500.0,796600.0,3165300.0,2663000.0,3532843.65,3707376.4,3521966.0039999997,3633181.497,88.23,14395455.781347988
2021-04-13,2474500.0,796600.0,3165300.0,2663000.0,3508593.55,3744020.0,3529467.765,3603315.952,88.23,14385485.49734799
2021-04-14,2474500.0,796600.0,3165300.0,2663000.0,3524430.3499999996,3690647.8,3530100.825,3633082.966,88.23,14378350.171347989
2021-04-15,2474500.0,796600.0,3165300.0,2663000.0,3525667.6,3746409.8000000003,3529372.806,3632076.352,88.23,14433614.78834799
2021-04-16,2474500.0,796600.0,3165300.0,2663000.0,3576147.4,3750392.8000000003,3531746.781,3664354.575,88.23,14522729.786347989
2021-04-19,2474500.0,796600.0,3165300.0,2663000.0,3566496.85,3710562.8000000003,3535355.223,3692814.056,88.23,14505317.15934799
2021-04-20,2474500.0,796600.0,3165300.0,2663000.0,3559815.7,3677105.5999999996,3536273.1599999997,3660634.364,88.23,14433917.054347988
2021-04-21,2474500.0,796600.0,3165300.0,2663000.0,3569466.2499999995,3707376.4,3537001.1789999995,3692209.5549999997,88.23,14506141.614347989
2021-04-22,2474500.0,796600.0,3165300.0,2663000.0,3570208.6,3653207.6,3535355.223,3697639.412,88.23,14456499.06534799
2021-04-23,2474500.0,796600.0,3165300.0,2663000.0,3545711.0500000003,3701800.2,3534373.98,3683762.519,88.23,14465735.979347989
2021-04-26,2474500.0,796600.0,3165300.0,2663000.0,3530864.0500000003,3723308.4000000004,3527663.5439999998,3673808.225,88.23,14455732.44934799
2021-04-27,2474500.0,796600.0,3165300.0,2663000.0,3518986.4499999997,3706579.8,3526555.6890000002,3675216.952,88.23,14427427.121347988
2021-04-28,2474500.0,796600.0,3165300.0,2663000.0,3547443.2,3686664.8000000003,3529404.459,3645953.245,88.23,14409553.934347989
2021-04-29,2474500.0,796600.0,3165300.0,2663000.0,3584065.8,3697020.6,3531873.3929999997,3669885.6259999997,88.23,14482933.649347989
2021-04-30,2474500.0,796600.0,3165300.0,2663000.0,3555609.0500000003,3665953.2,3538457.217,3655204.507,88.23,14415312.20434799
2021-05-06,2474500.0,796600.0,3165300.0,2663000.0,3603119.4499999997,3612581.0,3542034.0059999996,3698041.5250000004,88.23,14455864.211347988
2021-05-07,2474500.0,796600.0,3165300.0,2663000.0,3622420.55,3629309.6,3541274.3340000003,3741786.626,88.23,14534879.340347989
2021-05-10,2474500.0,796600.0,3165300.0,2663000.0,3652114.55,3520175.4,3544756.164,3750332.1930000004,88.23,14467466.53734799
2021-05-11,2474500.0,796600.0,3165300.0,2663000.0,3631576.2,3509023.0,3546971.874,3750332.1930000004,88.23,14437991.49734799
2021-05-12,2474500.0,796600.0,3165300.0,2663000.0,3667951.35,3418210.6,3549029.3189999997,3755964.438,88.23,14391243.93734799
2021-05-13,2474500.0,796600.0,3165300.0,2663000.0,3650382.4000000004,3464413.4000000004,3548871.054,3737563.108,88.23,14401318.19234799
2021-05-14,2474500.0,796600.0,3165300.0,2663000.0,3658300.8,3533717.6,3550200.48,3754355.9859999996,88.23,14496663.09634799
2021-05-17,2474500.0,796600.0,3165300.0,2663000.0,3676859.55,3501056.9999999995,3548617.83,3797898.6989999996,88.23,14524521.309347989
2021-05-18,2474500.0,796600.0,3165300.0,2663000.0,3693191.25,3478752.2,3549978.9089999995,3823841.645,88.23,14545852.23434799
2021-05-19,2474500.0,796600.0,3165300.0,2663000.0,3680323.85,3479548.8000000003,3555961.3260000004,3829974.534,88.23,14545896.74034799
2021-05-20,2474500.0,796600.0,3165300.0,2663000.0,3630586.4000000004,3557615.6,3561627.213,3832991.713,88.23,14582909.15634799
2021-05-21,2474500.0,796600.0,3165300.0,2663000.0,3641721.65,3527344.8,3565963.6739999996,3835505.5850000004,88.23,14570623.939347988
2021-05-24,2474500.0,796600.0,3165300.0,2663000.0,3663744.6999999997,3593462.6,3566660.04,3849182.7529999996,88.23,14673138.323347988
2021-05-25,2474500.0,796600.0,3165300.0,2663000.0,3721895.45,3591072.8,3566438.469,3837819.732,88.23,14717314.681347989
2021-05-26,2474500.0,796600.0,3165300.0,2663000.0,3740701.65,3592666.0,3570110.217,3872412.102,88.23,14775978.19934799
2021-05-27,2474500.0,796600.0,3165300.0,2663000.0,3759507.85,3576734.0,3566976.57,3845864.6550000003,88.23,14749171.305347988
2021-05-28,2474500.0,796600.0,3165300.0,2663000.0,3782273.25,3575140.8000000003,3563937.8819999998,3829271.502,88.23,14750711.66434799
2021-05-31,2474500.0,796600.0,3165300.0,2663000.0,3809740.2,3565581.6,3567799.548,3851494.237,88.23,14794703.81534799
2021-06-01,2474500.0,796600.0,3165300.0,2663000.0,3807018.25,3551242.8000000003,3569730.3809999996,3875027.168,88.23,14803106.829347989
2021-06-02,2474500.0,796600.0,3165300.0,2663000.0,3810235.1,3567174.8,3565014.084,3820624.741,88.23,14763136.955347989
2021-06-03,2474500.0,796600.0,3165300.0,2663000.0,3801574.35,3531327.8,3566058.6329999994,3795685.7460000003,88.23,14694734.759347988
2021-06-04,2474500.0,796600.0,3165300.0,2663000.0,3792418.6999999997,3608598.0,3558620.1780000003,3766523.233,88.23,14726248.341347989
2021-06-07,2474500.0,796600.0,3165300.0,2663000.0,3756043.5500000003,3610987.8000000003,3555011.7359999996,3784120.337,88.23,14706251.65334799
2021-06-08,2474500.0,796600.0,3165300.0,2663000.0,3761982.35,3610191.2,3555170.001,3794077.294,88.23,14721509.07534799
2021-06-09,2474500.0,796600.0,3165300.0,2663000.0,3771385.45,3613377.5999999996,3556689.345,3800814.684,88.23,14742355.309347989
2021-06-10,2474500.0,796600.0,3165300.0,2663000.0,3772375.25,3652411.0,3558683.4839999997,3788343.855,88.23,14771901.819347989
2021-06-11,2474500.0,796600.0,3165300.0,2663000.0,3761734.9,3655597.4000000004,3553777.269,3820523.547,88.23,14791721.34634799
2021-06-15,2474500.0,796600.0,3165300.0,2663000.0,3726597.0,3676309.0,3555296.6130000004,3760992.182,88.23,14719283.025347989
2021-06-16,2474500.0,796600.0,3165300.0,2663000.0,3717441.35,3664359.9999999995,3553207.5149999997,3752143.0330000003,88.23,14687240.12834799
2021-06-17,2474500.0,796600.0,3165300.0,2663000.0,3713977.05,3723308.4000000004,3551783.1300000004,3682454.986,88.23,14671611.796347989
2021-06-18,2474500.0,796600.0,3165300.0,2663000.0,3695665.75,3697020.6,3555708.102,3652589.441,88.23,14601072.123347988
2021-06-21,2474500.0,796600.0,3165300.0,2663000.0,3692696.35,3730477.8,3563304.8219999997,3648365.923,88.23,14634933.125347989
2021-06-22,2474500.0,796600.0,3165300.0,2663000.0,3706306.1,3769511.2,3564760.8600000003,3658019.298,88.23,14698685.68834799
2021-06-23,2474500.0,796600.0,3165300.0,2663000.0,3750352.2,3771104.4,3567293.1,3661640.9779999997,88.23,14750478.908347989
2021-06-24,2474500.0,796600.0,3165300.0,2663000.0,3748867.4999999995,3806951.4,3567103.182,3646054.4390000002,88.23,14769064.751347989
2021-06-25,2474500.0,796600.0,3165300.0,2663000.0,3768168.5999999996,3796595.6,3567356.4059999995,3649572.262,88.23,14781781.098347988
2021-06-28,2474500.0,796600.0,3165300.0,2663000.0,3704821.4000000004,3834035.8,3564950.778,3653596.055,88.23,14757492.263347989
2021-06-29,2474500.0,796600.0,3165300.0,2663000.0,3694675.95,3845984.8000000003,3566501.775,3635194.725,88.23,14742445.48034799
2021-06-30,2453400.0,763100.0,3265300.0,2722300.0,3681817.38,3681957.5,3681723.709,3681088.6154,122.39,14726709.591164568
2021-07-01,2453400.0,763100.0,3265300.0,2722300.0,3707578.08,3688825.4,3679699.223,3725600.9427,122.39,14801826.03246457
2021-07-02,2453400.0,763100.0,3265300.0,2722300.0,3669550.38,3732322.1,3681233.9140000003,3733925.7361,122.39,14817154.51686457
2021-07-05,2453400.0,763100.0,3265300.0,2722300.0,3659246.1,3730795.9000000004,3683127.788,3748010.9163,122.39,14821303.09106457
2021-07-06,2453400.0,763100.0,3265300.0,2722300.0,3672739.8000000003,3741479.3,3682637.993,3782962.526,122.39,14879942.005764568
2021-07-07,2453400.0,763100.0,3265300.0,2722300.0,3664152.9,3755978.1999999997,3688384.921,3776997.9667,122.39,14885636.37446457
2021-07-08,2453400.0,763100.0,3265300.0,2722300.0,3598892.4600000004,3730032.8,3705984.888,3783063.2511,122.39,14818095.78586457
2021-07-09,2453400.0,763100.0,3265300.0,2722300.0,3634221.42,3759030.6,3700923.673,3789950.6701,122.39,14884248.749864569
2021-07-12,2453400.0,763100.0,3265300.0,2722300.0,3612386.1599999997,3773529.5,3717217.5200000005,3779156.7506000004,122.39,14882412.31736457
2021-07-13,2453400.0,763100.0,3265300.0,2722300.0,3633976.08,3771240.2,3721168.533,3791594.9392999997,122.39,14918102.139064569
2021-07-14,2453400.0,763100.0,3265300.0,2722300.0,3635693.46,3780397.4,3723323.6309999996,3800025.9024,122.39,14939562.780164568
2021-07-15,2453400.0,763100.0,3265300.0,2722300.0,3658264.74,3744531.7,3716727.725,3827986.6456999998,122.39,14947633.197464569
2021-07-16,2453400.0,763100.0,3265300.0,2722300.0,3676910.5799999996,3719349.4,3719111.3940000003,3815341.5621999996,122.39,14930835.32296457
2021-07-19,2453400.0,763100.0,3265300.0,2722300.0,3682798.74,3685773.0,3720025.678,3787691.1610999997,122.39,14876410.965864569
2021-07-20,2453400.0,763100.0,3265300.0,2722300.0,3673721.16,3739190.0000000005,3724858.322,3807528.5612,122.39,14945420.42996457
2021-07-21,2453400.0,763100.0,3265300.0,2722300.0,3647960.4600000004,3766661.6,3728874.641,3792931.5886,122.39,14936550.676364569
2021-07-22,2453400.0,763100.0,3265300.0,2722300.0,3684516.12,3781160.5,3726131.789,3772476.2264000005,122.39,14964407.02216457
2021-07-23,2453400.0,763100.0,3265300.0,2722300.0,3665379.6,3825420.3,3730735.8619999997,3785839.9971,122.39,15007498.145864569
2021-07-26,2453400.0,763100.0,3265300.0,2722300.0,3587852.1599999997,3835340.5999999996,3740172.579,3798792.7005,122.39,14962280.426264567
2021-07-27,2453400.0,763100.0,3265300.0,2722300.0,3482601.3,3791080.8,3732433.818,3786662.1317,122.39,14792900.436464569
2021-07-28,2453400.0,763100.0,3265300.0,2722300.0,3477449.16,3817026.1999999997,3731323.616,3801465.9991,122.39,14827387.361864569
2021-07-29,2453400.0,763100.0,3265300.0,2722300.0,3483337.32,3825420.3,3739258.2949999995,3809790.7925,122.39,14857929.094264569
2021-07-30,2453400.0,763100.0,3265300.0,2722300.0,3489961.5000000005,3784212.9,3751013.375,3831071.0116,122.39,14856381.17336457
2021-08-02,2453400.0,763100.0,3265300.0,2722300.0,3476958.48,3787265.3000000003,3756792.956,3784296.4529999997,122.39,14805435.575764569
2021-08-03,2453400.0,763100.0,3265300.0,2722300.0,3450216.4200000004,3809395.2,3753070.5140000004,3790772.8047,122.39,14803577.32546457
2021-08-04,2453400.0,763100.0,3265300.0,2722300.0,3480393.24,3817789.3000000003,3752450.107,3796222.8493,122.39,14846977.88306457
2021-08-05,2453400.0,763100.0,3265300.0,2722300.0,3476467.8000000003,3845260.9,3759797.032,3789128.5355,122.39,14870776.65426457
2021-08-06,2453400.0,763100.0,3265300.0,2722300.0,3499775.1,3823131.0,3757348.057,3768773.8984000003,122.39,14849150.44216457
2021-08-09,2453400.0,763100.0,3265300.0,2722300.0,3548843.0999999996,3842208.5,3744743.999,3675330.9508999996,122.39,14811248.936664568
2021-08-10,2453400.0,763100.0,3265300.0,2722300.0,3562091.46,3821604.8,3743699.1029999997,3655697.7232999997,122.39,14783215.473064568
2021-08-11,2453400.0,763100.0,3265300.0,2722300.0,3640845.6,3814736.9,3740629.721,3644389.2890999997,122.39,14840723.896864569
2021-08-12,2453400.0,763100.0,3265300.0,2722300.0,3682798.74,3825420.3,3747552.157,3688798.1689999998,122.39,14944691.75276457
2021-08-13,2453400.0,763100.0,3265300.0,2722300.0,3680100.0,3840682.3000000003,3742686.8600000003,3697740.9244999997,122.39,14961332.47126457
2021-08-16,2453400.0,763100.0,3265300.0,2722300.0,3708559.44,3836866.8,3740629.721,3732281.4669,122.39,15018459.814664569
2021-08-17,2453400.0,763100.0,3265300.0,2722300.0,3656792.6999999997,3804816.5999999996,3743046.0429999996,3768055.2112000003,122.39,14972832.940964568
2021-08-18,2453400.0,763100.0,3265300.0,2722300.0,3673721.16,3777345.0,3751797.047,3763018.9562,122.39,14966004.54996457
2021-08-19,2453400.0,763100.0,3265300.0,2722300.0,3634221.42,3792607.0,3755454.1829999997,3749655.1855,122.39,14932060.175264569
2021-08-20,2453400.0,763100.0,3265300.0,2722300.0,3640354.92,3840682.3000000003,3753462.35,3764870.1202,122.39,14999492.07696457
2021-08-23,2453400.0,763100.0,3265300.0,2722300.0,3670777.08,3895625.5000000005,3750327.6619999995,3757364.7391,122.39,15074217.36786457
2021-08-24,2453400.0,763100.0,3265300.0,2722300.0,3690404.28,3897151.7,3753429.6969999997,3785222.0349999997,122.39,15126330.098764569
2021-08-25,2453400.0,763100.0,3265300.0,2722300.0,3712730.22,3894862.4,3753592.962,3764559.778,122.39,15125867.746764569
2021-08-26,2453400.0,763100.0,3265300.0,2722300.0,3742661.7,3871969.4,3745788.8949999996,3753150.6187,122.39,15113693.000464568
2021-08-27,2453400.0,763100.0,3265300.0,2722300.0,3782161.4400000004,3918518.5,3748792.971,3784296.4529999997,122.39,15233891.75076457
2021-08-30,2453400.0,763100.0,3265300.0,2722300.0,3795900.48,3951331.8,3753821.5330000003,3795297.2673,122.39,15296473.467064569
2021-08-31,2453400.0,763100.0,3265300.0,2722300.0,3891337.74,3945990.1,3755421.53,3795811.7819999997,122.39,15388683.538764568
2021-09-01,2453400.0,763100.0,3265300.0,2722300.0,3894772.5,3952858.0,3763682.739,3793960.618,122.39,15405396.24376457
2021-09-02,2453400.0,763100.0,3265300.0,2722300.0,3966166.44,3945990.1,3762441.925,3793035.036,122.39,15467755.88776457
2021-09-03,2453400.0,763100.0,3265300.0,2722300.0,3949237.98,3957436.6,3761690.906,3789643.0502,122.39,15458130.92296457
2021-09-06,2453400.0,763100.0,3265300.0,2722300.0,3991436.46,3953621.1,3761299.07,3814315.2551,122.39,15520794.271864569
2021-09-07,2453400.0,763100.0,3265300.0,2722300.0,4075097.4,3959725.9,3754474.593,3804958.71,122.39,15594378.98976457
2021-09-08,2453400.0,763100.0,3265300.0,2722300.0,4145019.3,3954384.2,3752613.372,3768362.8311,122.39,15620502.089864569
2021-09-09,2453400.0,763100.0,3265300.0,2722300.0,4252232.88,3935306.7,3751927.659,3751402.9020999996,122.39,15690992.52786457
2021-09-10,2453400.0,763100.0,3265300.0,2722300.0,4223528.1,3901730.3000000003,3753331.738,3760552.5524000004,122.39,15639265.07716457
2021-09-13,2453400.0,763100.0,3265300.0,2722300.0,4345707.42,3896388.6,3747617.463,3748933.7759999996,122.39,15738769.645764569
2021-09-14,2453400.0,763100.0,3265300.0,2722300.0,4265481.24,3883415.9000000004,3748564.4,3749448.2907,122.39,15647032.21746457
2021-09-15,2453400.0,763100.0,3265300.0,2722300.0,4250024.82,3913176.8000000003,3745103.182,3760449.105,122.39,15668876.29376457
2021-09-16,2453400.0,763100.0,3265300.0,2722300.0,4224509.46,3906308.9,3748139.911,3730226.1303999997,122.39,15609306.788164569
2021-09-17,2453400.0,763100.0,3265300.0,2722300.0,4141093.86,3871969.4,3750817.457,3696404.2751999996,122.39,15460407.378964568
2021-09-22,2453400.0,763100.0,3265300.0,2722300.0,4258857.06,3842208.5,3756956.2210000004,3741327.6698,122.39,15599471.837564569
2021-09-23,2453400.0,763100.0,3265300.0,2722300.0,4248307.44,3880363.5,3760352.133,3704320.7236,122.39,15593466.18336457
2021-09-24,2453400.0,763100.0,3265300.0,2722300.0,4111407.7199999997,3875021.8000000003,3757511.322,3685406.1832000003,122.39,15429469.41196457
2021-09-27,2453400.0,763100.0,3265300.0,2722300.0,4012781.04,3848313.3000000003,3755682.7539999997,3695685.5880000005,122.39,15312585.06876457
2021-09-28,2453400.0,763100.0,3265300.0,2722300.0,4125637.44,3733848.3,3754866.4289999995,3664436.3063000003,122.39,15278910.862064568
2021-09-29,2453400.0,763100.0,3265300.0,2722300.0,4010818.3200000003,3732322.1,3757968.4639999997,3654464.5213999995,122.39,15155695.79216457
2021-09-30,2291900.0,777300.0,3300700.0,2839800.0,3796532.35,3796333.2,3796168.077,3796542.819,5.1,15185581.54793012
2021-10-08,2291900.0,777300.0,3300700.0,2839800.0,3765133.3200000003,3814988.4000000004,3789863.74,3835683.7824000004,5.1,15205674.34433012
2021-10-11,2291900.0,777300.0,3300700.0,2839800.0,3799282.63,3780009.9000000004,3777783.178,3827746.5414,5.1,15184827.35133012
2021-10-12,2291900.0,777300.0,3300700.0,2839800.0,3777509.58,3764463.9,3776958.003,3850802.8776,5.1,15169739.46253012
2021-10-13,2291900.0,777300.0,3300700.0,2839800.0,3714253.14,3803328.9,3777651.1500000004,3848550.9162,5.1,15143789.20813012
2021-10-14,2291900.0,777300.0,3300700.0,2839800.0,3676436.79,3862403.7,3777915.206,3899164.6716000005,5.1,15215925.46953012
2021-10-15,2291900.0,777300.0,3300700.0,2839800.0,3699814.17,3885722.6999999997,3775835.765,3889835.9285999998,5.1,15251213.66553012
2021-10-18,2291900.0,777300.0,3300700.0,2839800.0,3773613.35,3919923.9,3759266.251,3840079.7928,5.1,15292888.39573012
2021-10-19,2291900.0,777300.0,3300700.0,2839800.0,3774071.73,3947906.6999999997,3766428.77,3855735.6102000005,5.1,15344147.91213012
2021-10-20,2291900.0,777300.0,3300700.0,2839800.0,3702335.26,3928474.2,3769102.337,3842760.5640000002,5.1,15242677.462930119
2021-10-21,2291900.0,777300.0,3300700.0,2839800.0,3748860.83,3942465.6,3777123.0379999997,3859166.0886,5.1,15327620.65853012
2021-10-22,2291900.0,777300.0,3300700.0,2839800.0,3667956.7600000002,3916037.4000000004,3773327.2329999995,3876752.97,5.1,15234079.464930119
2021-10-25,2291900.0,777300.0,3300700.0,2839800.0,3676207.6,3951015.9000000004,3774383.457,3872356.9596,5.1,15273969.01853012
2021-10-26,2291900.0,777300.0,3300700.0,2839800.0,3651455.08,3961120.8000000003,3777321.08,3882222.4247999997,5.1,15272124.48673012
2021-10-27,2291900.0,777300.0,3300700.0,2839800.0,3580406.18,3968893.8,3778047.2339999997,3851123.775,5.1,15178476.09093012
2021-10-28,2291900.0,777300.0,3300700.0,2839800.0,3479562.58,4020972.9,3781678.004,3894768.6612,5.1,15176987.247130118
2021-10-29,2291900.0,777300.0,3300700.0,2839800.0,3464436.04,4036518.9,3780852.829,3879433.7411999996,5.1,15161246.612130119
2021-11-01,2291900.0,777300.0,3300700.0,2839800.0,3502481.58,4068388.2,3788675.488,3862383.582,5.1,15221933.951930119
2021-11-02,2291900.0,777300.0,3300700.0,2839800.0,3413097.48,4073829.3,3794550.734,3879649.566,5.1,15161132.18193012
2021-11-03,2291900.0,777300.0,3300700.0,2839800.0,3480937.7199999997,4122021.9,3792405.279,3849516.4482,5.1,15244886.449130118
2021-11-04,2291900.0,777300.0,3300700.0,2839800.0,3472686.8800000004,4164773.4,3795738.986,3839435.1582,5.1,15272639.52613012
2021-11-05,2291900.0,777300.0,3300700.0,2839800.0,3397054.1799999997,4171769.1,3805344.023,3886405.4502,5.1,15260577.85513012
2021-11-08,2291900.0,777300.0,3300700.0,2839800.0,3408972.06,4163996.1,3803792.694,3925330.5888,5.1,15302096.54473012
2021-11-09,2291900.0,777300.0,3300700.0,2839800.0,3397054.1799999997,4130572.2,3805145.981,3938734.4448,5.1,15271511.90773012
2021-11-10,2291900.0,777300.0,3300700.0,2839800.0,3388803.34,4073829.3,3804353.813,3936374.571,5.1,15203366.12593012
2021-11-11,2291900.0,777300.0,3300700.0,2839800.0,3466727.94,4097925.6,3798808.637,4004578.0475999997,5.1,15368045.32653012
2021-11-12,2291900.0,777300.0,3300700.0,2839800.0,3441058.66,4136013.3,3799567.798,4004149.2378,5.1,15380794.097730119
2021-11-15,2291900.0,777300.0,3300700.0,2839800.0,3433724.58,4122021.9,3803891.715,3988598.4930000002,5.1,15348241.78993012
2021-11-16,2291900.0,777300.0,3300700.0,2839800.0,3406221.78,4154668.5,3804419.8269999996,4006506.2718,5.1,15371821.480730118
2021-11-17,2291900.0,777300.0,3300700.0,2839800.0,3399804.46,4155445.8000000003,3803099.547,3999108.5928,5.1,15357463.50173012
2021-11-18,2291900.0,777300.0,3300700.0,2839800.0,3398429.32,4191201.6,3807555.4919999996,4007471.8038,5.1,15404663.317730118
2021-11-19,2291900.0,777300.0,3300700.0,2839800.0,3448392.7399999998,4216075.2,3802241.365,4009294.9554000003,5.1,15476009.36233012
2021-11-22,2291900.0,777300.0,3300700.0,2839800.0,3441975.42,4174878.3000000003,3808743.7440000004,3965865.8940000003,5.1,15391468.45993012
2021-11-23,2291900.0,777300.0,3300700.0,2839800.0,3478645.8200000003,4154668.5,3807555.4919999996,3902597.9897999996,5.1,15343472.903730119
2021-11-24,2291900.0,777300.0,3300700.0,2839800.0,3522650.3,4167882.6,3814916.0530000003,3875358.6282,5.1,15380812.683130119
2021-11-25,2291900.0,777300.0,3300700.0,2839800.0,3514399.4600000004,4173323.6999999997,3815840.249,3873859.2138,5.1,15377427.72473012
2021-11-26,2291900.0,777300.0,3300700.0,2839800.0,3468561.46,4083156.9,3824091.9990000003,3898843.7742000003,5.1,15274659.23513012
2021-11-29,2291900.0,777300.0,3300700.0,2839800.0,3436474.8600000003,4173323.6999999997,3822771.7189999996,3870212.9105999996,5.1,15302788.291530117
2021-11-30,2291900.0,777300.0,3300700.0,2839800.0,3429140.78,4101812.1,3822111.579,3860347.4453999996,5.1,15213417.006330118
2021-12-01,2291900.0,777300.0,3300700.0,2839800.0,3483688.0,4028745.9,3817820.669,3847801.209,5.1,15178060.87993012
2021-12-02,2291900.0,777300.0,3300700.0,2839800.0,3496981.02,4059060.6,3813100.668,3829356.708,5.1,15198504.097930118
2021-12-03,2291900.0,777300.0,3300700.0,2839800.0,3553820.14,3989880.9,3809799.968,3825173.6826,5.1,15178679.79253012
2021-12-06,2291900.0,777300.0,3300700.0,2839800.0,3540068.7399999998,4020972.9,3823761.9290000005,3854662.1658,5.1,15239470.836730119
2021-12-07,2291900.0,777300.0,3300700.0,2839800.0,3594615.96,4145340.9000000004,3816731.4379999996,3849192.711,5.1,15405886.110930119
2021-12-08,2291900.0,777300.0,3300700.0,2839800.0,3595074.34,4158554.9999999995,3814288.92,3851768.4096,5.1,15419691.771530118
2021-12-09,2291900.0,777300.0,3300700.0,2839800.0,3610200.88,4085488.8000000003,3815345.1440000003,3840616.515,5.1,15351656.44093012
2021-12-10,2291900.0,777300.0,3300700.0,2839800.0,3562987.7399999998,4143786.3000000003,3818249.7600000002,3832037.4792,5.1,15357066.38113012
2021-12-13,2291900.0,777300.0,3300700.0,2839800.0,3557945.56,4078493.1,3815873.256,3849408.5357999997,5.1,15301725.553730119
2021-12-14,2291900.0,777300.0,3300700.0,2839800.0,3519441.64,4036518.9,3819834.0960000004,3850481.9802,5.1,15226281.71813012
2021-12-15,2291900.0,777300.0,3300700.0,2839800.0,3550153.0999999996,4133681.4,3819735.0749999997,3811769.8266000003,5.1,15315344.503530119
2021-12-16,2291900.0,777300.0,3300700.0,2839800.0,3610659.26,4020195.5999999996,3817061.508,3847372.3992,5.1,15295293.869130118
2021-12-17,2291900.0,777300.0,3300700.0,2839800.0,3611117.6399999997,4004649.6,3818612.8370000003,3895947.1782,5.1,15330332.35713012
2021-12-20,2291900.0,777300.0,3300700.0,2839800.0,3596449.48,3978998.6999999997,3819636.0539999995,3885547.8306,5.1,15280637.166530117
2021-12-21,2291900.0,777300.0,3300700.0,2839800.0,3659247.54,4058283.3000000003,3819735.0749999997,3863457.0264,5.1,15400728.043330118
2021-12-22,2291900.0,777300.0,3300700.0,2839800.0,3648246.4200000004,4106475.9000000004,3824752.1390000004,3851981.3946,5.1,15431460.95553012
2021-12-23,2291900.0,777300.0,3300700.0,2839800.0,3662914.58,4135236.0,3829934.238,3893803.1292,5.1,15521893.04913012
2021-12-24,2291900.0,777300.0,3300700.0,2839800.0,3637703.6799999997,4138345.1999999997,3827920.8109999998,3902597.9897999996,5.1,15506572.782730117
2021-12-27,2291900.0,777300.0,3300700.0,2839800.0,3654663.74,4203638.4,3832277.735,3898094.0670000003,5.1,15588679.04393012
2021-12-28,2291900.0,777300.0,3300700.0,2839800.0,3624410.6599999997,4186537.8000000003,3835479.4140000003,3911390.0106,5.1,15557822.98653012
2021-12-29,2291900.0,777300.0,3300700.0,2839800.0,3606992.22,4187315.0999999996,3839143.191,3891122.358,5.1,15524577.970930118
2021-12-30,2291900.0,777300.0,3300700.0,2839800.0,3619368.48,4167882.6,3843071.024,3872036.0622,5.1,15502363.26813012
2021-12-31,2443300.0,728800.0,3339300.0,2819800.0,3886801.64,3886690.4,3886711.4489999996,3886823.5992,18.77,15547045.854110718
2022-01-04,2443300.0,728800.0,3339300.0,2819800.0,3947884.1399999997,3879402.4000000004,3886377.519,3860204.6872,18.77,15573887.512110718
2022-01-05,2443300.0,728800.0,3339300.0,2819800.0,3968407.8600000003,3757692.8,3885242.1569999997,3876176.0344,18.77,15487537.617310718
2022-01-06,2443300.0,728800.0,3339300.0,2819800.0,3988442.9200000004,3753320.0000000005,3880533.744,3855413.847,18.77,15477729.276910719
2022-01-07,2443300.0,728800.0,3339300.0,2819800.0,4030467.6799999997,3712507.2,3881535.534,3829750.8471999997,18.77,15454280.027110718
2022-01-10,2443300.0,728800.0,3339300.0,2819800.0,4058809.96,3712507.2,3885208.7640000004,3834755.9922,18.77,15491300.68211072
2022-01-11,2443300.0,728800.0,3339300.0,2819800.0,4064185.22,3769353.5999999996,3889716.819,3867764.571,18.77,15591038.97591072
2022-01-12,2443300.0,728800.0,3339300.0,2819800.0,4043172.8400000003,3781743.2,3891152.718,3880755.3896,18.77,15596842.91351072
2022-01-13,2443300.0,728800.0,3339300.0,2819800.0,4023137.7800000003,3676796.0,3892555.2240000004,3890977.1646000003,18.77,15483484.934510719
2022-01-14,2443300.0,728800.0,3339300.0,2819800.0,3951304.76,3713236.0,3893356.6560000004,3889699.7952,18.77,15447615.97711072
2022-01-17,2443300.0,728800.0,3339300.0,2819800.0,3965964.56,3705948.0,3895894.5239999997,3876176.0344,18.77,15444001.884310719
2022-01-18,2443300.0,728800.0,3339300.0,2819800.0,4014341.9,3607560.0,3907782.432,3863185.2158,18.77,15392888.31371072
2022-01-19,2443300.0,728800.0,3339300.0,2819800.0,4058321.3000000003,3574764.0,3914060.316,3864784.0423999997,18.77,15411948.424310718
2022-01-20,2443300.0,728800.0,3339300.0,2819800.0,4048548.1,3520104.0,3916464.612,3912379.4466,18.77,15397514.92451072
2022-01-21,2443300.0,728800.0,3339300.0,2819800.0,4011898.5999999996,3421716.0,3922041.243,3914934.1854000003,18.77,15270608.794310719
2022-01-24,2443300.0,728800.0,3339300.0,2819800.0,4018739.8400000003,3436292.0,3931458.069,3905245.3526000003,18.77,15291754.02751072
2022-01-25,2443300.0,728800.0,3339300.0,2819800.0,3904393.4000000004,3348836.0,3927718.053,3911316.3819999998,18.77,15092282.60091072
2022-01-26,2443300.0,728800.0,3339300.0,2819800.0,3935667.64,3345192.0,3921072.8460000004,3914722.7004,18.77,15116673.952310719
2022-01-27,2443300.0,728800.0,3339300.0,2819800.0,3898529.48,3312396.0,3915563.0009999997,3848386.9054,18.77,14974894.152310718
2022-01-28,2443300.0,728800.0,3339300.0,2819800.0,3857482.04,3439936.0,3923510.5349999997,3835396.0868,18.77,15056343.42771072
2022-02-07,2443300.0,728800.0,3339300.0,2819800.0,3966941.88,3458156.0,3922074.636,3858927.3178000003,18.77,15206118.599710718
2022-02-08,2443300.0,728800.0,3339300.0,2819800.0,4053923.36,3498240.0,3923343.5700000003,3877134.7664,18.77,15352660.462310718
2022-02-09,2443300.0,728800.0,3339300.0,2819800.0,4074447.08,3578408.0,3920705.523,3895342.215,18.77,15468921.583910719
2022-02-10,2443300.0,728800.0,3339300.0,2819800.0,4131620.3000000003,3490952.0,3920371.593,3903967.9832,18.77,15446930.642110718
2022-02-11,2443300.0,728800.0,3339300.0,2819800.0,4143348.14,3388920.0000000005,3904810.4549999996,3884694.6501999996,18.77,15321792.01111072
2022-02-14,2443300.0,728800.0,3339300.0,2819800.0,4061253.26,3388920.0000000005,3902940.447,3947412.6418,18.77,15300545.114710718
2022-02-15,2443300.0,728800.0,3339300.0,2819800.0,4028024.3800000004,3469088.0,3904610.0969999996,3990321.5384,18.77,15392062.781310719
2022-02-16,2443300.0,728800.0,3339300.0,2819800.0,4073469.7600000002,3458156.0,3906179.5679999995,3937402.3518000003,18.77,15375226.445710719
2022-02-17,2443300.0,728800.0,3339300.0,2819800.0,4056366.6599999997,3348836.0,3908717.436,3972009.7572,18.77,15285948.619110718
2022-02-18,2443300.0,728800.0,3339300.0,2819800.0,4143348.14,3312396.0,3904944.027,4005018.336,18.77,15365725.26891072
2022-02-21,2443300.0,728800.0,3339300.0,2819800.0,4154098.6599999997,3316040.0,3894792.555,4002886.5672,18.77,15367836.548110718
2022-02-22,2443300.0,728800.0,3339300.0,2819800.0,4115494.5199999996,3286888.0,3894158.0880000005,4056127.211,18.77,15352686.584910719
2022-02-23,2443300.0,728800.0,3339300.0,2819800.0,4075424.4,3195788.0,3899701.3260000004,4014492.864,18.77,15185425.355910718
2022-02-24,2443300.0,728800.0,3339300.0,2819800.0,3998216.12,3301464.0,3901704.906,4104681.3472,18.77,15306085.139110718
2022-02-25,2443300.0,728800.0,3339300.0,2819800.0,3993329.52,3352479.9999999995,3905845.638,4047397.1102,18.77,15299071.034110717
2022-02-28,2443300.0,728800.0,3339300.0,2819800.0,3995284.16,3359768.0000000005,3907181.3580000005,4016943.2702,18.77,15279195.55411072
2022-03-01,2443300.0,728800.0,3339300.0,2819800.0,4035354.28,3294175.9999999995,3900235.614,4029293.9941999996,18.77,15259078.654110719
2022-03-02,2443300.0,728800.0,3339300.0,2819800.0,4069560.48,3367056.0,3897263.6369999996,4099357.5648,18.77,15433256.447710719
2022-03-03,2443300.0,728800.0,3339300.0,2819800.0,4128199.68,3301464.0,3891486.648,4071139.8262,18.77,15392308.92011072
2022-03-04,2443300.0,728800.0,3339300.0,2819800.0,4095459.46,3268668.0000000005,3896829.528,4092223.4708000002,18.77,15353199.22471072
2022-03-07,2443300.0,728800.0,3339300.0,2819800.0,4058809.96,3155704.0,3897063.279,4169954.0776,18.77,15281550.08251072
2022-03-08,2443300.0,728800.0,3339300.0,2819800.0,3929315.06,3126552.0,3896629.1700000004,4257373.5172,18.77,15209888.51311072
2022-03-09,2443300.0,728800.0,3339300.0,2819800.0,3890222.2600000002,3239516.0,3892855.761,4310825.646,18.77,15333438.432910718
2022-03-10,2443300.0,728800.0,3339300.0,2819800.0,3923939.8000000003,3199431.9999999995,3891186.111,4175917.9546000003,18.77,15190494.63151072
2022-03-11,2443300.0,728800.0,3339300.0,2819800.0,3944463.52,3141127.9999999995,3905879.031,4191463.512,18.77,15182952.828910718
2022-03-14,2443300.0,728800.0,3339300.0,2819800.0,3867743.9,3090112.0,3914494.4250000003,4161009.6720000003,18.77,15033378.76291072
2022-03-15,2443300.0,728800.0,3339300.0,2819800.0,3645403.6,3199431.9999999995,3900469.365,4088391.3625999996,18.77,14833715.093510717
2022-03-16,2443300.0,728800.0,3339300.0,2819800.0,3734339.7199999997,3319684.0,3904643.49,4063475.6098,18.77,15022161.58571072
2022-03-17,2443300.0,728800.0,3339300.0,2819800.0,3781251.08,3337904.0,3905578.4940000004,4092223.4708000002,18.77,15116975.810710719
2022-03-18,2443300.0,728800.0,3339300.0,2819800.0,3881426.38,3410784.0,3905611.8869999996,4108301.9703999995,18.77,15306143.003310718
2022-03-21,2443300.0,728800.0,3339300.0,2819800.0,3865300.6,3414427.9999999995,3903107.4120000005,4087644.1156,18.77,15270498.893510718
2022-03-22,2443300.0,728800.0,3339300.0,2819800.0,3940554.24,3480020.0000000005,3897196.8510000003,4114370.18,18.77,15432160.03691072
2022-03-23,2443300.0,728800.0,3339300.0,2819800.0,3940554.24,3425360.0,3898365.6059999997,4089028.6374,18.77,15353327.249310719
2022-03-24,2443300.0,728800.0,3339300.0,2819800.0,3917098.56,3505527.9999999995,3904376.346,4132473.2959999996,18.77,15459494.967910718
2022-03-25,2443300.0,728800.0,3339300.0,2819800.0,3925405.7800000003,3505527.9999999995,3904376.346,4152916.846,18.77,15488245.737910718
2022-03-28,2443300.0,728800.0,3339300.0,2819800.0,4007989.3200000003,3560188.0,3906713.856,4116501.9488,18.77,15591411.890710719
2022-03-29,2443300.0,728800.0,3339300.0,2819800.0,3993329.52,3618492.0,3907515.288,4090520.3116,18.77,15609875.885510718
2022-03-30,2443300.0,728800.0,3339300.0,2819800.0,4057343.98,3574764.0,3911589.234,4088710.0,18.77,15632425.979910718
2022-03-31,2324800.0,809700.0,3335900.0,2690300.0,3903804.16,3902754.0,3903870.3340000003,3903880.8785,391.3,15614700.67290997
2022-04-01,2324800.0,809700.0,3335900.0,2690300.0,3973083.2,3910851.0,3908674.03,3914346.1455,391.3,15707345.67590997
2022-04-06,2324800.0,809700.0,3335900.0,2690300.0,4042362.2399999998,3833929.5000000005,3913277.5719999997,3894333.0038,391.3,15684293.616209969
2022-04-07,2324800.0,809700.0,3335900.0,2690300.0,3972153.28,3833929.5000000005,3919916.0130000003,3905099.5844,391.3,15631489.677809969
2022-04-08,2324800.0,809700.0,3335900.0,2690300.0,4022833.92,3777250.5,3917847.755,3913226.9807,391.3,15631550.456109969
2022-04-11,2324800.0,809700.0,3335900.0,2690300.0,3958669.4400000004,3688183.5,3914645.2909999997,3945429.8717,391.3,15507319.40310997
2022-04-12,2324800.0,809700.0,3335900.0,2690300.0,3958204.4799999995,3684135.0,3914278.342,3964124.7663999996,391.3,15521133.888809968
2022-04-13,2324800.0,809700.0,3335900.0,2690300.0,3930306.8800000004,3752959.5,3915612.702,3980175.0962,391.3,15579445.47860997
2022-04-14,2324800.0,809700.0,3335900.0,2690300.0,4004700.48,3655795.4999999995,3916580.113,3995006.7200999996,391.3,15572474.113509968
2022-04-15,2324800.0,809700.0,3335900.0,2690300.0,3985172.1599999997,3676038.0,3917747.678,4005571.5282,391.3,15584920.666609969
2022-04-18,2324800.0,809700.0,3335900.0,2690300.0,3926122.24,3676038.0,3906805.9260000004,4028530.5483999997,391.3,15537888.01480997
2022-04-19,2324800.0,809700.0,3335900.0,2690300.0,3973548.16,3748911.0,3906672.49,4008619.6381,391.3,15638142.58850997
2022-04-20,2324800.0,809700.0,3335900.0,2690300.0,3871721.92,3708426.0,3906906.003,3959551.2564000003,391.3,15446996.47980997
2022-04-21,2324800.0,809700.0,3335900.0,2690300.0,3802442.88,3639601.5,3910008.3899999997,3997444.1319,391.3,15349888.202309968
2022-04-22,2324800.0,809700.0,3335900.0,2690300.0,3872651.84,3570777.0,3908440.517,4017661.7364,391.3,15369922.393809969
2022-04-25,2324800.0,809700.0,3335900.0,2690300.0,3719215.04,3635553.0,3915312.4709999994,3999782.0026000002,391.3,15270253.814009968
2022-04-26,2324800.0,809700.0,3335900.0,2690300.0,3690852.48,3530292.0000000005,3913711.239,3961991.3585,391.3,15097238.37790997
2022-04-27,2324800.0,809700.0,3335900.0,2690300.0,3718750.0799999996,3530292.0000000005,3911542.904,3966664.4096,391.3,15127640.694009969
2022-04-28,2324800.0,809700.0,3335900.0,2690300.0,3798723.1999999997,3651747.0,3909040.9790000003,3959653.4878000002,391.3,15319555.967209969
2022-04-29,2324800.0,809700.0,3335900.0,2690300.0,3864282.5599999996,3518146.5,3912076.648,4011565.5166,391.3,15306462.52500997
2022-05-05,2324800.0,809700.0,3335900.0,2690300.0,3870792.0,3489806.9999999995,3915312.4709999994,3986575.3199,391.3,15262878.091309968
2022-05-06,2324800.0,809700.0,3335900.0,2690300.0,3757341.7600000002,3481710.0,3914511.8550000004,3989521.1984,391.3,15143476.11380997
2022-05-09,2324800.0,809700.0,3335900.0,2690300.0,3779659.84,3372400.5,3917847.755,3997344.5908,391.3,15067643.986209968
2022-05-10,2324800.0,809700.0,3335900.0,2690300.0,3816391.6799999997,3425031.0000000005,3919615.7819999997,3983018.7432999997,391.3,15144448.505709969
2022-05-11,2324800.0,809700.0,3335900.0,2690300.0,3811742.08,3331915.5,3917680.9600000004,3963107.8329999996,391.3,15024837.673409969
2022-05-12,2324800.0,809700.0,3335900.0,2690300.0,3813601.9200000004,3323818.5000000005,3921417.1679999996,3986169.0845999997,391.3,15045397.97300997
2022-05-13,2324800.0,809700.0,3335900.0,2690300.0,3904269.12,3477661.5,3918014.5500000003,3949290.4521999997,391.3,15249626.92260997
2022-05-16,2324800.0,809700.0,3335900.0,2690300.0,3921937.6,3433128.0,3919115.3970000003,3922470.8515,391.3,15197043.14890997
2022-05-17,2324800.0,809700.0,3335900.0,2690300.0,3889390.4,3522194.9999999995,3921483.886,3931512.9498,391.3,15264973.536209969
2022-05-18,2324800.0,809700.0,3335900.0,2690300.0,3865212.48,3319769.9999999995,3924953.222,3907741.4590000003,391.3,15018068.46140997
2022-05-19,2324800.0,809700.0,3335900.0,2690300.0,3892645.12,3307624.5,3925453.6070000003,3908553.9296,391.3,15034668.45700997
2022-05-20,2324800.0,809700.0,3335900.0,2690300.0,3910313.5999999996,3295479.0,3923618.862,3925825.6556,391.3,15055628.418009968
2022-05-23,2324800.0,809700.0,3335900.0,2690300.0,3891715.1999999997,3315721.5,3928656.0709999995,3941671.5226,391.3,15078155.594009968
2022-05-24,2324800.0,809700.0,3335900.0,2690300.0,3806627.52,3234751.5,3930390.739,3952239.021,391.3,14924400.08040997
2022-05-25,2324800.0,809700.0,3335900.0,2690300.0,3870327.04,3283333.5,3933860.0749999997,3952543.0248999996,391.3,15040454.940309968
2022-05-26,2324800.0,809700.0,3335900.0,2690300.0,3915428.1599999997,3384546.0,3945168.7759999996,3967374.6488,391.3,15212908.885209968
2022-05-27,2324800.0,809700.0,3335900.0,2690300.0,3935421.4400000004,3526243.5000000005,3945502.3659999995,3983424.9785999996,391.3,15390983.58500997
2022-05-30,2324800.0,809700.0,3335900.0,2690300.0,3935421.4400000004,3510049.5,3940631.9520000005,3949696.6874999995,391.3,15336190.87990997
2022-05-31,2324800.0,809700.0,3335900.0,2690300.0,3926122.24,3477661.5,3935794.897,3942282.2207,391.3,15282252.158109969
2022-06-01,2324800.0,809700.0,3335900.0,2690300.0,3935886.4000000004,3453370.4999999995,3932792.5870000003,3915258.1572000002,391.3,15237698.94460997
2022-06-02,2324800.0,809700.0,3335900.0,2690300.0,3895899.84,3570777.0,3932425.638,3940859.0519999997,391.3,15340352.830409968
2022-06-06,2324800.0,809700.0,3335900.0,2690300.0,3894504.96,3469564.5,3931358.1500000004,3928669.3027000003,391.3,15224488.21310997
2022-06-07,2324800.0,809700.0,3335900.0,2690300.0,3898224.64,3497904.0,3935227.7939999998,3921760.6122999997,391.3,15253508.346709969
2022-06-08,2324800.0,809700.0,3335900.0,2690300.0,3933096.64,3469564.5,3934527.2550000004,3928567.0713000004,391.3,15266146.76670997
2022-06-09,2324800.0,809700.0,3335900.0,2690300.0,3940536.0,3384546.0,3936528.795,3941367.5187,391.3,15203369.614109969
2022-06-10,2324800.0,809700.0,3335900.0,2690300.0,3954019.8400000003,3275236.5,3937529.565,3930396.4753000005,391.3,15097573.68070997
2022-06-13,2324800.0,809700.0,3335900.0,2690300.0,3879626.24,3133539.0,3935761.538,3987896.2572,391.3,14937214.335609969
2022-06-14,2324800.0,809700.0,3335900.0,2690300.0,3932631.68,3153781.5,3934827.486,3923183.781,391.3,14944815.74740997
2022-06-15,2324800.0,809700.0,3335900.0,2690300.0,3947975.36,3230703.0,3931791.8170000003,3901951.9334,391.3,15012813.41080997
2022-06-16,2324800.0,809700.0,3335900.0,2690300.0,3894040.0,3084957.0,3934026.87,3910383.3335999995,391.3,14823798.50400997
2022-06-17,2324800.0,809700.0,3335900.0,2690300.0,3882416.0,3113296.5,3933626.5619999995,3938930.1069,391.3,14868660.469309969
2022-06-20,2324800.0,809700.0,3335900.0,2690300.0,3868932.1599999997,3121393.5,3931358.1500000004,3925010.4947,391.3,14847085.60510997
2022-06-21,2324800.0,809700.0,3335900.0,2690300.0,3890785.28,3186169.5,3932492.356,3912820.7454,391.3,14922659.18180997
2022-06-22,2324800.0,809700.0,3335900.0,2690300.0,3828015.68,3194266.5,3933860.0749999997,3917189.7926000003,391.3,14873723.34800997
2022-06-23,2324800.0,809700.0,3335900.0,2690300.0,3860562.8800000004,3238800.0,3932926.023,3918814.7338000005,391.3,14951494.93720997
2022-06-24,2324800.0,809700.0,3335900.0,2690300.0,3846149.12,3348109.5,3929223.1739999996,3896463.7213999997,391.3,15020336.815809969
2022-06-27,2324800.0,809700.0,3335900.0,2690300.0,3885205.7600000002,3315721.5,3921283.7320000003,3918510.7299,391.3,15041113.02230997
2022-06-28,2324800.0,809700.0,3335900.0,2690300.0,3903339.2,3214509.0,3919148.7560000005,3896463.7213999997,391.3,14933851.97780997
2022-06-29,2324800.0,809700.0,3335900.0,2690300.0,3937746.2399999998,3222606.0,3921617.322,3884680.2074,391.3,14967041.06980997
2022-06-30,2199100.0,948600.0,3172300.0,2592200.0,3733631.98,3732741.0,3733701.9310000003,3733631.2026000004,227.77,14933933.88313418
2022-07-01,2199100.0,948600.0,3172300.0,2592200.0,3737150.54,3746970.0,3733892.269,3702602.5686000003,227.77,14920843.14713418
2022-07-04,2199100.0,948600.0,3172300.0,2592200.0,3727034.68,3756456.0,3731100.645,3722767.2924,227.77,14937586.38693418
2022-07-05,2199100.0,948600.0,3172300.0,2592200.0,3738909.82,3813371.9999999995,3732750.2410000004,3717284.7893999997,227.77,15002544.619934179
2022-07-06,2199100.0,948600.0,3172300.0,2592200.0,3657982.94,3851315.9999999995,3734019.1610000003,3647100.9744,227.77,14890646.84493418
2022-07-07,2199100.0,948600.0,3172300.0,2592200.0,3661061.68,3927203.9999999995,3735668.7569999998,3596006.1202,227.77,14920168.32673418
2022-07-08,2199100.0,948600.0,3172300.0,2592200.0,3665459.8800000004,3931946.9999999995,3734939.128,3585531.04,227.77,14918104.81753418
2022-07-11,2199100.0,948600.0,3172300.0,2592200.0,3650066.1799999997,3837087.0,3738999.672,3588369.4990000003,227.77,14814750.12053418
2022-07-12,2199100.0,948600.0,3172300.0,2592200.0,3684372.14,3818115.0000000005,3742298.864,3595516.1944,227.77,14840529.96793418
2022-07-13,2199100.0,948600.0,3172300.0,2592200.0,3673376.64,3813371.9999999995,3744329.136,3571141.7378,227.77,14802447.283334179
2022-07-14,2199100.0,948600.0,3172300.0,2592200.0,3617959.32,3822858.0000000005,3748516.572,3567421.9308,227.77,14756983.592334181
2022-07-15,2199100.0,948600.0,3172300.0,2592200.0,3557703.98,3908232.0,3749531.7079999996,3544224.333,227.77,14759919.79053418
2022-07-18,2199100.0,948600.0,3172300.0,2592200.0,3635552.12,3870288.0,3750419.952,3564093.546,227.77,14820581.38753418
2022-07-19,2199100.0,948600.0,3172300.0,2592200.0,3648746.72,3988863.0,3750768.9050000003,3549118.4066000003,227.77,14937724.80113418
2022-07-20,2199100.0,948600.0,3172300.0,2592200.0,3653144.92,4055265.0000000005,3755114.9560000002,3548921.3994000005,227.77,15012674.044934181
2022-07-21,2199100.0,948600.0,3172300.0,2592200.0,3585852.46,4121666.9999999995,3757303.843,3521905.491,227.77,14986956.56353418
2022-07-22,2199100.0,948600.0,3172300.0,2592200.0,3584093.1799999997,4041036.0,3754670.8340000003,3579952.6256,227.77,14959980.40913418
2022-07-25,2199100.0,948600.0,3172300.0,2592200.0,3585852.46,4022064.0,3757399.0119999996,3593069.1575999996,227.77,14958612.39913418
2022-07-26,2199100.0,948600.0,3172300.0,2592200.0,3637311.4,3941433.0000000005,3760190.636,3593950.5056,227.77,14933113.31113418
2022-07-27,2199100.0,948600.0,3172300.0,2592200.0,3623237.1599999997,4121666.9999999995,3761078.88,3583376.9217999997,227.77,15089587.731334178
2022-07-28,2199100.0,948600.0,3172300.0,2592200.0,3635112.3000000003,4140639.0,3757716.2419999996,3615973.8367999997,227.77,15149669.14833418
2022-07-29,2199100.0,948600.0,3172300.0,2592200.0,3598607.24,4216527.0,3765932.499,3658454.8104000003,227.77,15239749.31893418
2022-08-01,2199100.0,948600.0,3172300.0,2592200.0,3601246.1599999997,4216527.0,3772403.9910000004,3669515.7278,227.77,15259920.648334181
2022-08-02,2199100.0,948600.0,3172300.0,2592200.0,3515481.2600000002,4202298.0,3773228.789,3688897.6072,227.77,15180133.42573418
2022-08-03,2199100.0,948600.0,3172300.0,2592200.0,3470179.8000000003,4339845.0,3776718.319,3673823.9642000003,227.77,15260794.85273418
2022-08-04,2199100.0,948600.0,3172300.0,2592200.0,3497008.8200000003,4344588.0,3777860.347,3687526.3334,227.77,15307211.26993418
2022-08-05,2199100.0,948600.0,3172300.0,2592200.0,3517680.36,4297158.0,3775163.892,3717479.2044,227.77,15307709.22593418
2022-08-08,2199100.0,948600.0,3172300.0,2592200.0,3551546.5,4301901.0,3774117.0330000003,3696728.6434,227.77,15324520.94593418
2022-08-09,2199100.0,948600.0,3172300.0,2592200.0,3562102.1799999997,4244985.0,3773990.141,3709062.331,227.77,15290367.421534179
2022-08-10,2199100.0,948600.0,3172300.0,2592200.0,3551986.32,4368303.0,3774434.2630000003,3718067.6338,227.77,15413018.98633418
2022-08-11,2199100.0,948600.0,3172300.0,2592200.0,3595528.5,4320873.0,3775766.6289999997,3703188.4058000003,227.77,15395584.30433418
2022-08-12,2199100.0,948600.0,3172300.0,2592200.0,3621477.88,4415733.0,3775417.6760000004,3716991.8707999997,227.77,15529848.19633418
2022-08-15,2199100.0,948600.0,3172300.0,2592200.0,3620598.24,4448934.0,3792770.1569999997,3721396.0186,227.77,15583926.18513418
2022-08-16,2199100.0,948600.0,3172300.0,2592200.0,3627195.54,4458420.0,3797972.7290000003,3717774.7152,227.77,15601590.75373418
2022-08-17,2199100.0,948600.0,3172300.0,2592200.0,3643468.88,4415733.0,3798607.189,3703092.4944,227.77,15561129.33293418
2022-08-18,2199100.0,948600.0,3172300.0,2592200.0,3611801.8400000003,4420476.0,3802382.2260000003,3688604.6886,227.77,15523492.52413418
2022-08-19,2199100.0,948600.0,3172300.0,2592200.0,3646547.6199999996,4354074.0,3801684.32,3678425.1192,227.77,15480958.82873418
2022-08-22,2199100.0,948600.0,3172300.0,2592200.0,3676455.38,4244985.0,3801811.212,3668242.9576000003,227.77,15391722.31913418
2022-08-23,2199100.0,948600.0,3172300.0,2592200.0,3677774.8400000003,4259214.0,3799939.555,3689581.9480000003,227.77,15426738.11253418
2022-08-24,2199100.0,948600.0,3172300.0,2592200.0,3640390.14,4263957.0,3800574.015,3704362.6723999996,227.77,15409511.596934179
2022-08-25,2199100.0,948600.0,3172300.0,2592200.0,3728354.14,4349331.0,3794610.091,3715032.1676,227.77,15587555.16813418
2022-08-26,2199100.0,948600.0,3172300.0,2592200.0,3718678.1,4169096.9999999995,3794768.7060000002,3719143.3968,227.77,15401914.97233418
2022-08-29,2199100.0,948600.0,3172300.0,2592200.0,3744187.6599999997,4140639.0,3799876.1089999997,3690758.8068,227.77,15375689.34533418
2022-08-30,2199100.0,948600.0,3172300.0,2592200.0,3749465.5,4097952.0000000005,3801430.5360000003,3704069.7537999996,227.77,15353145.55933418
2022-08-31,2199100.0,948600.0,3172300.0,2592200.0,3728793.96,4083722.9999999995,3799812.663,3684296.4521999997,227.77,15296853.844734179
2022-09-01,2199100.0,948600.0,3172300.0,2592200.0,3770137.04,4078980.0,3803682.869,3659826.0842,227.77,15312853.76273418
2022-09-02,2199100.0,948600.0,3172300.0,2592200.0,3762660.1,4026807.0,3803016.686,3660414.5136,227.77,15253126.069134181
2022-09-05,2199100.0,948600.0,3172300.0,2592200.0,3834350.7600000002,4031550.0,3806220.709,3686940.4962,227.77,15359289.73473418
2022-09-06,2199100.0,948600.0,3172300.0,2592200.0,3876573.48,4007834.9999999995,3807648.244,3702307.0578,227.77,15394591.55133418
2022-09-07,2199100.0,948600.0,3172300.0,2592200.0,3880092.04,4093209.0000000005,3806537.939,3689289.0294,227.77,15469355.77793418
2022-09-08,2199100.0,948600.0,3172300.0,2592200.0,3884050.42,4112181.0,3805395.911,3711509.3678,227.77,15513364.46833418
2022-09-09,2199100.0,948600.0,3172300.0,2592200.0,3931111.16,4197555.0,3802191.8880000003,3715229.1747999997,227.77,15646314.99233418
2022-09-13,2199100.0,948600.0,3172300.0,2592200.0,3908240.5199999996,4003091.9999999995,3801208.475,3707888.0644,227.77,15420656.82893418
2022-09-14,2199100.0,948600.0,3172300.0,2592200.0,3879652.22,4045778.9999999995,3797972.7290000003,3682144.9262,227.77,15405776.64473418
2022-09-15,2199100.0,948600.0,3172300.0,2592200.0,3898124.6599999997,3979377.0000000005,3798797.527,3669712.735,227.77,15346239.69153418
2022-09-16,2199100.0,948600.0,3172300.0,2592200.0,3782012.18,3965147.9999999995,3797052.7619999996,3662763.0468,227.77,15207203.75833418
2022-09-19,2199100.0,948600.0,3172300.0,2592200.0,3783331.6399999997,4003091.9999999995,3797401.715,3659434.662,227.77,15243487.786534179
2022-09-20,2199100.0,948600.0,3172300.0,2592200.0,3764419.38,3974634.0000000005,3800986.414,3671571.3424000004,227.77,15211838.905934181
2022-09-21,2199100.0,948600.0,3172300.0,2592200.0,3795206.78,3903489.0,3802540.8409999995,3682632.2597999997,227.77,15184096.65033418
2022-09-22,2199100.0,948600.0,3172300.0,2592200.0,3779373.26,3875031.0,3802191.8880000003,3672649.6976,227.77,15129473.61513418
2022-09-23,2199100.0,948600.0,3172300.0,2592200.0,3746386.76,3818115.0000000005,3797877.56,3693791.6807999997,227.77,15056398.77033418
2022-09-26,2199100.0,948600.0,3172300.0,2592200.0,3679973.94,3818115.0000000005,3790612.993,3673432.5420000004,227.77,14962362.244534181
2022-09-27,2199100.0,948600.0,3172300.0,2592200.0,3719997.56,3846572.9999999995,3791342.6220000004,3674899.7271999996,227.77,15033040.67873418
2022-09-28,2199100.0,948600.0,3172300.0,2592200.0,3687011.06,3941433.0000000005,3783982.886,3673334.0384000004,227.77,15085988.75393418
2022-09-29,2199100.0,948600.0,3172300.0,2592200.0,3657103.3000000003,3827601.0,3780049.234,3703385.413,227.77,14968366.71653418
2022-09-30,2233400.0,941900.0,3132600.0,2603700.0,3729778.0,3729924.0,3729704.886,3729352.4136,137.69,14918896.990069078
2022-10-10,2233400.0,941900.0,3132600.0,2603700.0,3745411.8000000003,3715795.5,3738601.4699999997,3752850.8061,137.69,14952797.266569078
2022-10-11,2233400.0,941900.0,3132600.0,2603700.0,3740945.0,3673410.0,3738476.166,3748130.298,137.69,14901099.154469078
2022-10-12,2233400.0,941900.0,3132600.0,2603700.0,3788739.76,3673410.0,3740261.748,3753439.2423,137.69,14955988.440769078
2022-10-13,2233400.0,941900.0,3132600.0,2603700.0,3753452.04,3758181.0,3742047.33,3755897.1351,137.69,15009715.19556908
2022-10-14,2233400.0,941900.0,3132600.0,2603700.0,3779806.1599999997,3640443.5,3749628.222,3752160.8255999996,137.69,14922176.398069078
2022-10-17,2233400.0,941900.0,3132600.0,2603700.0,3765512.4,3767600.0,3750411.372,3738004.5087,137.69,15021665.971169079
2022-10-18,2233400.0,941900.0,3132600.0,2603700.0,3754345.4,3795857.0000000005,3751194.522,3736332.9333,137.69,15037867.545769079
2022-10-19,2233400.0,941900.0,3132600.0,2603700.0,3736478.2,3781728.4999999995,3751163.196,3728761.3737000003,137.69,14998268.960169079
2022-10-20,2233400.0,941900.0,3132600.0,2603700.0,3707444.0,3767600.0,3748594.4639999997,3715193.493,137.69,14938969.647469077
2022-10-21,2233400.0,941900.0,3132600.0,2603700.0,3720397.7199999997,3852371.0,3746934.186,3718338.7626,137.69,15038179.35906908
2022-10-24,2233400.0,941900.0,3132600.0,2603700.0,3636421.8800000004,3894756.5,3750724.6319999998,3760125.5439000004,137.69,15042166.246369079
2022-10-25,2233400.0,941900.0,3132600.0,2603700.0,3616321.28,4003075.0,3747654.684,3763270.8134999997,137.69,15130459.467969079
2022-10-26,2233400.0,941900.0,3132600.0,2603700.0,3589967.1599999997,3908885.0000000005,3752572.866,3765926.5875,137.69,15017489.303969078
2022-10-27,2233400.0,941900.0,3132600.0,2603700.0,3606941.0,3833533.0000000005,3756676.5719999997,3758355.0279,137.69,14955643.290369079
2022-10-28,2233400.0,941900.0,3132600.0,2603700.0,3545745.84,3960689.5,3763223.7060000002,3752457.6474,137.69,15022254.383869078
2022-10-31,2233400.0,941900.0,3132600.0,2603700.0,3458643.2399999998,3913594.5000000005,3767327.412,3744688.2066,137.69,14884391.049069079
2022-11-01,2233400.0,941900.0,3132600.0,2603700.0,3491250.88,3890047.0,3763004.424,3746851.8813,137.69,14891291.875769079
2022-11-02,2233400.0,941900.0,3132600.0,2603700.0,3536812.2399999998,3767600.0,3759245.304,3752652.9249,137.69,14816448.159369078
2022-11-03,2233400.0,941900.0,3132600.0,2603700.0,3508224.7199999997,3706376.5,3760654.9740000004,3746656.6038,137.69,14722050.48826908
2022-11-04,2233400.0,941900.0,3132600.0,2603700.0,3567186.48,3767600.0,3755924.7479999997,3753439.2423,137.69,14844288.160769079
2022-11-07,2233400.0,941900.0,3132600.0,2603700.0,3584160.32,3795857.0000000005,3758086.242,3770548.1550000003,137.69,14908789.407469079
2022-11-08,2233400.0,941900.0,3132600.0,2603700.0,3584160.32,3819404.4999999995,3760560.9960000003,3777036.5754,137.69,14941300.081869079
2022-11-09,2233400.0,941900.0,3132600.0,2603700.0,3580140.2,3729924.0,3758775.414,3856871.2248,137.69,14925848.529269079
2022-11-10,2233400.0,941900.0,3132600.0,2603700.0,3587287.08,4021912.9999999995,3757679.004,3847237.5347999996,137.69,15214254.309269078
2022-11-11,2233400.0,941900.0,3132600.0,2603700.0,3679303.16,4069008.0000000005,3749690.874,3891677.4864,137.69,15389817.21086908
2022-11-14,2233400.0,941900.0,3132600.0,2603700.0,3667689.4800000004,3974817.9999999995,3725945.7660000003,3846547.5543,137.69,15215138.490769079
2022-11-15,2233400.0,941900.0,3132600.0,2603700.0,3685556.6799999997,4007784.5,3728263.89,3870342.7686,137.69,15292085.52906908
2022-11-16,2233400.0,941900.0,3132600.0,2603700.0,3674836.36,3946561.0000000005,3723345.708,3887251.1964,137.69,15232131.954869078
2022-11-17,2233400.0,941900.0,3132600.0,2603700.0,3661882.6399999997,3955980.0,3731208.534,3892463.8038,137.69,15241672.66826908
2022-11-18,2233400.0,941900.0,3132600.0,2603700.0,3641782.04,3979527.4999999995,3728201.238,3885678.5615999997,137.69,15235327.030069077
2022-11-21,2233400.0,941900.0,3132600.0,2603700.0,3627488.2800000003,3946561.0000000005,3731239.8600000003,3867489.1134,137.69,15172915.94386908
2022-11-22,2233400.0,941900.0,3132600.0,2603700.0,3666349.44,4021912.9999999995,3730112.124,3869553.8475,137.69,15288066.101969078
2022-11-23,2233400.0,941900.0,3132600.0,2603700.0,3690470.16,4040751.0,3737379.756,3863950.6851000004,137.69,15332689.29156908
2022-11-24,2233400.0,941900.0,3132600.0,2603700.0,3706997.32,4036041.5,3741201.528,3878698.0419,137.69,15363076.080369078
2022-11-25,2233400.0,941900.0,3132600.0,2603700.0,3778019.44,4017203.4999999995,3734059.1999999997,3882239.0739,137.69,15411658.904369079
2022-11-28,2233400.0,941900.0,3132600.0,2603700.0,3757472.1599999997,3974817.9999999995,3728483.1720000003,3887646.9587999997,137.69,15348557.981269078
2022-11-29,2233400.0,941900.0,3132600.0,2603700.0,3867355.44,3965399.0,3721184.2139999997,3885678.5615999997,137.69,15439754.906069078
2022-11-30,2233400.0,941900.0,3132600.0,2603700.0,3860655.2399999998,4134940.9999999995,3719962.5,3876831.189,137.69,15592527.619469078
2022-12-01,2233400.0,941900.0,3132600.0,2603700.0,3835194.48,4111393.5,3725695.158,3893052.24,137.69,15565473.06846908
2022-12-02,2233400.0,941900.0,3132600.0,2603700.0,3806160.28,4054879.4999999995,3726039.744,3916943.7912,137.69,15504161.005669078
2022-12-05,2233400.0,941900.0,3132600.0,2603700.0,3869588.84,3979527.4999999995,3721654.104,3880567.4984999998,137.69,15451475.632969078
2022-12-06,2233400.0,941900.0,3132600.0,2603700.0,3852615.0,3866499.5000000005,3715764.816,3855592.8081,137.69,15290609.814569078
2022-12-07,2233400.0,941900.0,3132600.0,2603700.0,3830281.0,3857080.4999999995,3724128.858,3844581.7608,137.69,15256209.809269078
2022-12-08,2233400.0,941900.0,3132600.0,2603700.0,3843234.72,3885337.5,3724724.0519999997,3854218.0545,137.69,15307652.01696908
2022-12-09,2233400.0,941900.0,3132600.0,2603700.0,3803926.88,3861789.9999999995,3722750.514,3866606.4590999996,137.69,15255211.543569077
2022-12-12,2233400.0,941900.0,3132600.0,2603700.0,3744518.4400000004,3908885.0000000005,3722687.8619999997,3856772.2842,137.69,15233001.27666908
2022-12-13,2233400.0,941900.0,3132600.0,2603700.0,3763725.68,3960689.5,3720776.976,3869064.3518999997,137.69,15314394.198369078
2022-12-14,2233400.0,941900.0,3132600.0,2603700.0,3749431.92,3918304.0,3729172.344,3907112.2199999997,137.69,15304158.174469078
2022-12-15,2233400.0,941900.0,3132600.0,2603700.0,3709677.4,3777019.0,3726133.722,3863263.3083,137.69,15076231.12076908
2022-12-16,2233400.0,941900.0,3132600.0,2603700.0,3748985.24,3762890.5,3725883.114,3856478.0661,137.69,15094374.610569078
2022-12-19,2233400.0,941900.0,3132600.0,2603700.0,3682429.92,3711086.0,3731678.424,3876438.0302999998,137.69,15001770.064769078
2022-12-20,2233400.0,941900.0,3132600.0,2603700.0,3646695.52,3715795.5,3731083.23,3876339.0897,137.69,14970051.03016908
2022-12-21,2233400.0,941900.0,3132600.0,2603700.0,3645802.16,3758181.0,3733244.724,3916157.4738,137.69,15053523.048269078
2022-12-22,2233400.0,941900.0,3132600.0,2603700.0,3624808.2,3673410.0,3735656.826,3915863.2557,137.69,14949875.972169079
2022-12-23,2233400.0,941900.0,3132600.0,2603700.0,3611854.48,3687538.5,3739384.62,3906719.0612999997,137.69,14945634.351769079
2022-12-26,2233400.0,941900.0,3132600.0,2603700.0,3606494.32,3687538.5,3736815.888,3892463.8038,137.69,14923450.202269077
2022-12-27,2233400.0,941900.0,3132600.0,2603700.0,3649375.5999999996,3626315.0,3731114.556,3896788.5494999997,137.69,14903731.395969078
2022-12-28,2233400.0,941900.0,3132600.0,2603700.0,3652055.68,3583929.5,3733557.984,3906424.8431999995,137.69,14876105.697669078
2022-12-29,2233400.0,941900.0,3132600.0,2603700.0,3624808.2,3678119.5,3737066.4960000003,3889315.9305000002,137.69,14929447.81696908
2022-12-30,2233400.0,941900.0,3132600.0,2603700.0,3649822.2800000003,3663991.0,3737724.342,3920680.1007,137.69,14972355.413169079
2022-12-31,2290700.0,962200.0,3136500.0,2485800.0,3743003.8,3742958.0,3742722.7199999997,3743053.0091999997,110.02,14971847.544482699
2023-01-03,2290700.0,962200.0,3136500.0,2485800.0,3764536.38,3709281.0,3746361.06,3759103.8198,110.02,14979392.2750827
2023-01-04,2290700.0,962200.0,3136500.0,2485800.0,3791108.5,3718903.0,3750187.59,3773464.2864,110.02,15033773.3916827
2023-01-05,2290700.0,962200.0,3136500.0,2485800.0,3789734.08,3651549.0,3747082.4549999996,3763421.6544,110.02,14951897.204682698
2023-01-06,2290700.0,962200.0,3136500.0,2485800.0,3785610.8200000003,3752580.0,3745576.935,3732632.5356,110.02,15016510.3058827
2023-01-09,2290700.0,962200.0,3136500.0,2485800.0,3783778.26,3738147.0,3745420.11,3769521.8076,110.02,15036977.1928827
2023-01-10,2290700.0,962200.0,3136500.0,2485800.0,3757664.2800000003,3738147.0,3740715.36,3775999.8024,110.02,15012636.4576827
2023-01-11,2290700.0,962200.0,3136500.0,2485800.0,3771866.62,3805501.0,3741969.9600000004,3783884.76,110.02,15103332.3552827
2023-01-12,2290700.0,962200.0,3136500.0,2485800.0,3766368.9400000004,3819934.0,3741436.7550000004,3778157.4768,110.02,15106007.1870827
2023-01-13,2290700.0,962200.0,3136500.0,2485800.0,3801645.7199999997,3824745.0,3738457.08,3778721.7534,110.02,15143679.568682699
2023-01-16,2290700.0,962200.0,3136500.0,2485800.0,3814015.5,3815123.0,3734316.9000000004,3803878.0494,110.02,15167443.4646827
2023-01-17,2290700.0,962200.0,3136500.0,2485800.0,3806227.12,3824745.0,3737829.78,3812794.614,110.02,15181706.5292827
2023-01-18,2290700.0,962200.0,3136500.0,2485800.0,3820429.46,3795879.0,3736669.275,3813077.9952,110.02,15166165.7454827
2023-01-19,2290700.0,962200.0,3136500.0,2485800.0,3832799.24,3762202.0,3737014.29,3821900.0994,110.02,15154025.6446827
2023-01-20,2290700.0,962200.0,3136500.0,2485800.0,3866243.46,3868043.9999999995,3734410.995,3851093.3345999997,110.02,15319901.8048827
2023-01-30,2290700.0,962200.0,3136500.0,2485800.0,3863494.62,3954642.0000000005,3740088.06,3852783.6785999998,110.02,15411118.3738827
2023-01-31,2290700.0,962200.0,3136500.0,2485800.0,3870824.86,4017185.0,3743067.735,3813453.351,110.02,15444640.961282698
2023-02-01,2290700.0,962200.0,3136500.0,2485800.0,3890066.7399999998,4094161.0,3740903.5500000003,3843583.7328,110.02,15568825.0380827
2023-02-02,2290700.0,962200.0,3136500.0,2485800.0,3892357.44,4214436.0,3742691.355,3881507.0976,110.02,15731101.9078827
2023-02-03,2290700.0,962200.0,3136500.0,2485800.0,3862120.1999999997,4161515.0,3742942.275,3824152.2342000003,110.02,15590839.7244827
2023-02-06,2290700.0,962200.0,3136500.0,2485800.0,3853873.6799999997,4142270.9999999995,3742565.895,3774403.9188,110.02,15513224.5090827
2023-02-07,2290700.0,962200.0,3136500.0,2485800.0,3869450.44,4243302.0,3744322.3349999995,3764923.0776,110.02,15622107.867882699
2023-02-08,2290700.0,962200.0,3136500.0,2485800.0,3846085.3000000003,4151893.0000000005,3744635.985,3768960.0168000003,110.02,15511684.317082701
2023-02-09,2290700.0,962200.0,3136500.0,2485800.0,3878613.24,4123027.0,3746016.0449999995,3778721.7534,110.02,15526488.0536827
2023-02-10,2290700.0,962200.0,3136500.0,2485800.0,3890066.7399999998,4098972.0,3745482.8400000003,3761636.85,110.02,15496268.4452827
2023-02-13,2290700.0,962200.0,3136500.0,2485800.0,3903810.94,4175948.0,3747176.5500000003,3772243.7586,110.02,15599289.2638827
2023-02-14,2290700.0,962200.0,3136500.0,2485800.0,3924885.38,4204814.0,3747709.7550000004,3765392.8938,110.02,15642912.0440827
2023-02-15,2290700.0,962200.0,3136500.0,2485800.0,3913890.0199999996,4238491.0,3747929.3099999996,3759290.2547999998,110.02,15659710.6000827
2023-02-16,2290700.0,962200.0,3136500.0,2485800.0,3894648.1399999997,4180758.9999999995,3749528.925,3755631.1572000002,110.02,15580677.237482699
2023-02-17,2290700.0,962200.0,3136500.0,2485800.0,3881820.22,4161515.0,3749372.1,3749717.4390000002,110.02,15542534.7742827
2023-02-20,2290700.0,962200.0,3136500.0,2485800.0,3973448.2199999997,4161515.0,3745671.0300000003,3765954.6846000003,110.02,15646698.9498827
2023-02-21,2290700.0,962200.0,3136500.0,2485800.0,4011931.98,4055673.0,3745702.3949999996,3753751.8924000002,110.02,15567169.2826827
2023-02-22,2290700.0,962200.0,3136500.0,2485800.0,4012848.2600000002,4070106.0000000005,3747113.82,3773653.2072,110.02,15603831.3024827
2023-02-23,2290700.0,962200.0,3136500.0,2485800.0,4013306.4,4118216.0000000005,3746894.2649999997,3762576.4824,110.02,15641103.162682699
2023-02-24,2290700.0,962200.0,3136500.0,2485800.0,4003685.46,4046051.0,3748242.9600000004,3773372.3118,110.02,15571461.747082701
2023-02-27,2290700.0,962200.0,3136500.0,2485800.0,3985359.86,4108593.9999999995,3748870.2600000002,3764547.7218,110.02,15607481.8570827
2023-02-28,2290700.0,962200.0,3136500.0,2485800.0,4007808.72,4098972.0,3749403.4650000003,3761450.415,110.02,15617744.615282701
2023-03-01,2290700.0,962200.0,3136500.0,2485800.0,4037129.6799999997,4060483.9999999995,3749717.115,3780036.7416,110.02,15627477.5518827
2023-03-02,2290700.0,962200.0,3136500.0,2485800.0,4061411.0999999996,4065294.9999999995,3747772.485,3775905.342,110.02,15650493.942282699
2023-03-03,2290700.0,962200.0,3136500.0,2485800.0,4098062.3,4166326.0,3748525.245,3793271.1408,110.02,15806294.7010827
2023-03-06,2290700.0,962200.0,3136500.0,2485800.0,4091648.34,4161515.0,3754296.4050000003,3829879.5174,110.02,15837449.2776827
2023-03-07,2290700.0,962200.0,3136500.0,2485800.0,4077446.0,4118216.0000000005,3755990.115,3825372.762,110.02,15777134.8922827
2023-03-08,2290700.0,962200.0,3136500.0,2485800.0,4076987.8600000003,4161515.0,3755080.53,3784165.6554,110.02,15777859.060682701
2023-03-09,2290700.0,962200.0,3136500.0,2485800.0,4066908.7800000003,4098972.0,3757276.08,3786231.3552,110.02,15709498.2304827
2023-03-10,2290700.0,962200.0,3136500.0,2485800.0,3995897.08,4041240.0,3759722.5500000003,3806880.8957999996,110.02,15603850.5410827
2023-03-13,2290700.0,962200.0,3136500.0,2485800.0,4050415.7399999998,4055673.0,3758938.4250000003,3840580.8863999997,110.02,15705718.0666827
2023-03-14,2290700.0,962200.0,3136500.0,2485800.0,4026134.3200000003,4123027.0,3760663.5,3890987.9388,110.02,15800922.7740827
2023-03-15,2290700.0,962200.0,3136500.0,2485800.0,4095771.6,4127838.0,3760538.04,3887045.4600000004,110.02,15871303.115282701
2023-03-16,2290700.0,962200.0,3136500.0,2485800.0,4057287.8400000003,4262546.0,3764145.015,3921023.8602,110.02,16005112.7304827
2023-03-17,2290700.0,962200.0,3136500.0,2485800.0,4108141.3800000004,4233680.0,3764584.125,3940266.438,110.02,16046781.9582827
2023-03-20,2290700.0,962200.0,3136500.0,2485800.0,4095313.46,4228869.0,3766560.1199999996,4092519.2021999997,110.02,16183371.7974827
2023-03-21,2290700.0,962200.0,3136500.0,2485800.0,4079278.56,4291412.0,3764333.205,4021462.6092000003,110.02,16156596.389482701
2023-03-22,2290700.0,962200.0,3136500.0,2485800.0,4105392.54,4228869.0,3764113.65,3955660.9973999998,110.02,16054146.2026827
2023-03-23,2290700.0,962200.0,3136500.0,2485800.0,4108599.52,4281790.0,3762702.2250000006,3992550.2694,110.02,16145752.029682701
2023-03-24,2290700.0,962200.0,3136500.0,2485800.0,4078362.28,4276979.0,3760757.595,4005598.2336,110.02,16121807.1238827
2023-03-27,2290700.0,962200.0,3136500.0,2485800.0,4044001.7800000003,4267357.0,3764301.84,3983352.8094,110.02,16059123.4446827
2023-03-28,2290700.0,962200.0,3136500.0,2485800.0,4055455.28,4248113.0,3764113.65,3970399.3056,110.02,16038191.2508827
2023-03-29,2290700.0,962200.0,3136500.0,2485800.0,4033922.6999999997,4325089.0,3765587.8049999997,3981287.1096,110.02,16105996.629882699
2023-03-30,2290700.0,962200.0,3136500.0,2485800.0,4055913.42,4373199.0,3764772.315,3982882.9932000004,110.02,16176877.7434827
2023-03-31,2291900.0,883200.0,3390800.0,2520600.0,4070872.78,4071552.0000000005,4071435.2840000005,4071384.0264,20.42,16285264.51164364
2023-04-03,2291900.0,883200.0,3390800.0,2520600.0,4106626.42,4067136.0000000005,4069875.516,4023603.5327999997,20.42,16267261.89004364
2023-04-04,2291900.0,883200.0,3390800.0,2520600.0,4131378.94,4045056.0,4070112.872,4059963.1878,20.42,16306531.42104364
2023-04-06,2291900.0,883200.0,3390800.0,2520600.0,4096542.06,4036224.0000000005,4070994.4799999995,4126207.0764,20.42,16329988.03764364
2023-04-07,2291900.0,883200.0,3390800.0,2520600.0,4093333.4,4040640.0,4074147.924,4118879.6922000004,20.42,16327021.43744364
2023-04-10,2291900.0,883200.0,3390800.0,2520600.0,4102501.0,4031808.0000000005,4075605.968,4085852.2704,20.42,16295787.65964364
2023-04-11,2291900.0,883200.0,3390800.0,2520600.0,4146505.48,4014144.0,4081099.0640000002,4102984.7885999996,20.42,16344753.753843639
2023-04-12,2291900.0,883200.0,3390800.0,2520600.0,4210220.3,3978816.0,4083235.268,4132014.5387999997,20.42,16404306.528043639
2023-04-13,2291900.0,883200.0,3390800.0,2520600.0,4217554.38,4045056.0,4081709.408,4136773.4316000002,20.42,16481113.64084364
2023-04-14,2291900.0,883200.0,3390800.0,2520600.0,4202886.220000001,4031808.0000000005,4081675.5000000005,4150573.7166,20.42,16466963.857843641
2023-04-17,2291900.0,883200.0,3390800.0,2520600.0,4261558.859999999,4040640.0,4078657.688,4114309.8444,20.42,16495186.81364364
2023-04-18,2291900.0,883200.0,3390800.0,2520600.0,4267976.180000001,4049472.0,4081302.512,4098225.8958,20.42,16496997.00904364
2023-04-19,2291900.0,883200.0,3390800.0,2520600.0,4273476.74,4040640.0,4082421.476,4096607.6706,20.42,16493166.307843639
2023-04-20,2291900.0,883200.0,3390800.0,2520600.0,4307855.24,4027391.9999999995,4082930.0960000004,4102316.8296,20.42,16520514.58684364
2023-04-21,2291900.0,883200.0,3390800.0,2520600.0,4245057.18,4018560.0,4085269.7479999997,4086613.4916,20.42,16435520.840843638
2023-04-24,2291900.0,883200.0,3390800.0,2520600.0,4252391.26,4014144.0,4088118.0200000005,4079094.5418000002,20.42,16433768.24304364
2023-04-25,2291900.0,883200.0,3390800.0,2520600.0,4284019.4799999995,3939072.0,4088694.456,4113833.451,20.42,16425639.808243638
2023-04-26,2291900.0,883200.0,3390800.0,2520600.0,4287228.14,3983232.0,4092051.3479999998,4118403.2988,20.42,16480935.208043639
2023-04-27,2291900.0,883200.0,3390800.0,2520600.0,4301437.92,4089216.0,4099375.4760000003,4125637.4208,20.42,16615687.23804364
2023-04-28,2291900.0,883200.0,3390800.0,2520600.0,4375695.48,4120128.0,4100392.716,4094702.097,20.42,16690938.714243641
2023-05-04,2291900.0,883200.0,3390800.0,2520600.0,4491665.62,4027391.9999999995,4105919.72,4181509.0404,20.42,16806506.801643636
2023-05-05,2291900.0,883200.0,3390800.0,2520600.0,4502666.74,4115712.0,4112735.2279999997,4201116.7878,20.42,16932251.17704364
2023-05-08,2291900.0,883200.0,3390800.0,2520600.0,4632388.279999999,4124544.0,4108666.268,4158380.0148,20.42,17023998.984043635
2023-05-09,2291900.0,883200.0,3390800.0,2520600.0,4581508.100000001,4102463.9999999995,4110972.012,4166183.7924,20.42,16961148.325643636
2023-05-10,2291900.0,883200.0,3390800.0,2520600.0,4470121.76,4151040.0,4115278.3279999997,4179605.9874,20.42,16916066.496643636
2023-05-11,2291900.0,883200.0,3390800.0,2520600.0,4455911.9799999995,4151040.0,4120500.16,4181985.4337999998,20.42,16909457.995043635
2023-05-12,2291900.0,883200.0,3390800.0,2520600.0,4410073.9799999995,4155456.0,4119889.816,4159330.281,20.42,16844770.498243637
2023-05-15,2291900.0,883200.0,3390800.0,2520600.0,4394030.68,4190784.0,4116838.0960000004,4175131.9224,20.42,16876805.119643636
2023-05-16,2291900.0,883200.0,3390800.0,2520600.0,4349567.82,4181952.0000000005,4118397.864,4164280.7394,20.42,16814218.844643638
2023-05-17,2291900.0,883200.0,3390800.0,2520600.0,4336274.8,4248192.0,4116465.108,4147720.3974,20.42,16848672.726643637
2023-05-18,2291900.0,883200.0,3390800.0,2520600.0,4380279.28,4336512.0,4115685.2240000004,4141532.3244,20.42,16974029.24964364
2023-05-19,2291900.0,883200.0,3390800.0,2520600.0,4311522.28,4349760.0,4118024.8759999997,4125065.2446,20.42,16904392.82184364
2023-05-22,2291900.0,883200.0,3390800.0,2520600.0,4305563.34,4354176.0,4120500.16,4140771.1032,20.42,16921031.024443638
2023-05-23,2291900.0,883200.0,3390800.0,2520600.0,4242306.9,4305600.0,4125043.832,4118403.2988,20.42,16791374.452043638
2023-05-24,2291900.0,883200.0,3390800.0,2520600.0,4184092.6399999997,4301184.0,4124569.1199999996,4144768.7748,20.42,16754634.956043638
2023-05-25,2291900.0,883200.0,3390800.0,2520600.0,4161173.64,4402752.0,4124603.028,4133156.3706,20.42,16821705.45984364
2023-05-26,2291900.0,883200.0,3390800.0,2520600.0,4219846.28,4530816.0,4120771.4239999996,4111360.7424000003,20.42,16982814.86764364
2023-05-29,2291900.0,883200.0,3390800.0,2520600.0,4242306.9,4517568.0,4123212.8,4104696.276,20.42,16987804.397243638
2023-05-30,2291900.0,883200.0,3390800.0,2520600.0,4258808.58,4552896.0,4123416.2479999997,4097368.8918,20.42,17032510.141043637
2023-05-31,2291900.0,883200.0,3390800.0,2520600.0,4228555.5,4521984.0,4127654.7479999997,4151241.6755999997,20.42,17029456.344843637
2023-06-01,2291900.0,883200.0,3390800.0,2520600.0,4247807.46,4588224.0,4130977.7320000003,4147720.3974,20.42,17114750.01064364
2023-06-02,2291900.0,883200.0,3390800.0,2520600.0,4252391.26,4619136.0,4126705.324,4165041.9606,20.42,17163294.965843637
2023-06-05,2291900.0,883200.0,3390800.0,2520600.0,4298687.64,4619136.0,4128671.9880000004,4120686.9623999996,20.42,17167203.011643637
2023-06-06,2291900.0,883200.0,3390800.0,2520600.0,4267976.180000001,4632384.0,4131961.064,4145529.996,20.42,17177871.66124364
2023-06-07,2291900.0,883200.0,3390800.0,2520600.0,4307396.86,4557312.0,4133690.372,4148101.008,20.42,17146520.66124364
2023-06-08,2291900.0,883200.0,3390800.0,2520600.0,4338566.7,4623552.0,4133486.924,4132395.1494,20.42,17228021.19464364
2023-06-09,2291900.0,883200.0,3390800.0,2520600.0,4341775.36,4623552.0,4139013.9280000003,4162662.5142,20.42,17267024.22344364
2023-06-12,2291900.0,883200.0,3390800.0,2520600.0,4308772.0,4711872.0,4140641.5119999996,4167802.0176000004,20.42,17329107.95084364
2023-06-13,2291900.0,883200.0,3390800.0,2520600.0,4304646.58,4769280.0,4151729.428,4183984.2695999998,20.42,17409660.698843636
2023-06-14,2291900.0,883200.0,3390800.0,2520600.0,4277602.16,4804608.0,4152611.036,4156381.179,20.42,17391222.796243638
2023-06-15,2291900.0,883200.0,3390800.0,2520600.0,4284019.4799999995,4857600.0,4142709.8999999994,4120593.7002000003,20.42,17404943.501443636
2023-06-16,2291900.0,883200.0,3390800.0,2520600.0,4274393.5,4813440.0,4136945.54,4155047.7816,20.42,17379847.24284364
2023-06-19,2291900.0,883200.0,3390800.0,2520600.0,4213428.96,4804608.0,4130672.56,4157331.4452000004,20.42,17306061.386443637
2023-06-20,2291900.0,883200.0,3390800.0,2520600.0,4173091.52,4826688.0,4135284.048,4164565.5672,20.42,17299649.55644364
2023-06-21,2291900.0,883200.0,3390800.0,2520600.0,4138713.02,4773696.0,4137725.424,4153525.3392,20.42,17203680.204443637
2023-06-26,2291900.0,883200.0,3390800.0,2520600.0,4065372.22,4733952.0,4140200.7079999996,4147148.2212,20.42,17086693.570443638
2023-06-27,2291900.0,883200.0,3390800.0,2520600.0,4146047.1,4817856.0,4137725.424,4146671.8278,20.42,17248320.77304364
2023-06-28,2291900.0,883200.0,3390800.0,2520600.0,4165299.0599999996,4826688.0,4139420.824,4124208.2406,20.42,17255636.54584364
2023-06-29,2291900.0,883200.0,3390800.0,2520600.0,4154756.32,4822272.0,4140709.328,4126779.2526000002,20.42,17244537.32184364
2023-06-30,2384000.0,781500.0,3549700.0,2643600.0,4340787.2,4341232.5,4341531.579,4341534.0516,107.46,17365192.79017384
2023-07-03,2384000.0,781500.0,3549700.0,2643600.0,4400387.2,4341232.5,4340537.663,4351415.8284,107.46,17433680.650973838
2023-07-04,2384000.0,781500.0,3549700.0,2643600.0,4382268.8,4337325.0,4338869.3040000005,4355909.9484,107.46,17414480.51197384
2023-07-05,2384000.0,781500.0,3549700.0,2643600.0,4374640.0,4329510.0,4341602.573,4363195.71,107.46,17409055.74257384
2023-07-06,2384000.0,781500.0,3549700.0,2643600.0,4365580.8,4306065.0,4341709.064,4359901.7844,107.46,17373364.10797384
2023-07-07,2384000.0,781500.0,3549700.0,2643600.0,4376070.399999999,4286527.5,4343661.399,4355011.1244,107.46,17361377.88297384
2023-07-10,2384000.0,781500.0,3549700.0,2643600.0,4391328.0,4282620.0,4344832.8,4368686.4672,107.46,17387574.72677384
2023-07-11,2384000.0,781500.0,3549700.0,2643600.0,4400864.0,4302157.5,4347033.614,4358204.5932,107.46,17408367.166773837
2023-07-12,2384000.0,781500.0,3549700.0,2643600.0,4385606.399999999,4345140.0,4346927.123000001,4367787.6432,107.46,17445568.62577384
2023-07-13,2384000.0,781500.0,3549700.0,2643600.0,4450928.0,4407660.0,4346217.183,4402828.5612,107.46,17607741.203773838
2023-07-14,2384000.0,781500.0,3549700.0,2643600.0,4461417.6,4392030.0,4345649.231,4379866.2516,107.46,17579070.542173836
2023-07-17,2384000.0,781500.0,3549700.0,2643600.0,4430425.600000001,4435012.5,4349624.895,4395540.1559999995,107.46,17610710.61057384
2023-07-18,2384000.0,781500.0,3549700.0,2643600.0,4422796.8,4477995.0,4353494.068,4416503.904,107.46,17670897.23157384
2023-07-19,2384000.0,781500.0,3549700.0,2643600.0,4457126.399999999,4477995.0,4353529.565,4472905.11,107.46,17761663.534573838
2023-07-20,2384000.0,781500.0,3549700.0,2643600.0,4431856.0,4372492.5,4355375.409,4460926.9584,107.46,17620758.326973837
2023-07-21,2384000.0,781500.0,3549700.0,2643600.0,4428995.2,4360770.0,4359741.54,4435670.004000001,107.46,17585284.20357384
2023-07-24,2384000.0,781500.0,3549700.0,2643600.0,4432332.8,4368585.0,4364001.180000001,4438366.476,107.46,17603392.91557384
2023-07-25,2384000.0,781500.0,3549700.0,2643600.0,4514819.2,4395937.5,4345720.225000001,4408715.8584,107.46,17665300.242973838
2023-07-26,2384000.0,781500.0,3549700.0,2643600.0,4505760.0,4372492.5,4352216.176,4431775.9812,107.46,17662352.11677384
2023-07-27,2384000.0,781500.0,3549700.0,2643600.0,4514342.399999999,4360770.0,4355588.391,4440161.4804,107.46,17670969.730973836
2023-07-28,2384000.0,781500.0,3549700.0,2643600.0,4584432.0,4446735.0,4352642.14,4409416.4124,107.46,17793333.01197384
2023-07-31,2384000.0,781500.0,3549700.0,2643600.0,4624483.2,4446735.0,4350831.793,4406122.4868,107.46,17828279.93937384
2023-08-01,2384000.0,781500.0,3549700.0,2643600.0,4634972.8,4431105.0,4351754.715000001,4416604.3608,107.46,17834544.335373838
2023-08-02,2384000.0,781500.0,3549700.0,2643600.0,4573465.600000001,4341232.5,4354594.475,4419998.743199999,107.46,17689398.77777384
2023-08-03,2384000.0,781500.0,3549700.0,2643600.0,4580140.8,4341232.5,4358179.672,4399632.4488,107.46,17679292.88037384
2023-08-04,2384000.0,781500.0,3549700.0,2643600.0,4588246.4,4317787.5,4358002.187,4392944.1408,107.46,17657087.68737384
2023-08-07,2384000.0,781500.0,3549700.0,2643600.0,4558684.8,4349047.5,4360096.51,4401329.64,107.46,17669265.909573838
2023-08-08,2384000.0,781500.0,3549700.0,2643600.0,4556300.8,4321695.0,4361338.905,4400732.1864,107.46,17640174.35097384
2023-08-09,2384000.0,781500.0,3549700.0,2643600.0,4526262.4,4274805.0,4361303.408,4402627.6476,107.46,17565105.91517384
2023-08-10,2384000.0,781500.0,3549700.0,2643600.0,4533891.2,4282620.0,4360948.438,4388751.3912,107.46,17566318.48877384
2023-08-11,2384000.0,781500.0,3549700.0,2643600.0,4463801.600000001,4255267.5,4363397.731000001,4404425.2956,107.46,17486999.58617384
2023-08-14,2384000.0,781500.0,3549700.0,2643600.0,4465708.8,4309972.5,4369432.221,4411412.3304,107.46,17556633.310973838
2023-08-15,2384000.0,781500.0,3549700.0,2643600.0,4489548.8,4270897.5,4379797.345,4411512.7872,107.46,17551863.89177384
2023-08-16,2384000.0,781500.0,3549700.0,2643600.0,4473814.4,4235730.0,4383773.009,4419197.7324,107.46,17512622.60097384
2023-08-17,2384000.0,781500.0,3549700.0,2643600.0,4469523.2,4196655.0,4382388.626,4418301.552,107.46,17466975.837573837
2023-08-18,2384000.0,781500.0,3549700.0,2643600.0,4450928.0,4184932.5000000005,4384731.427999999,4412311.1544,107.46,17433010.54197384
2023-08-21,2384000.0,781500.0,3549700.0,2643600.0,4422796.8,4251360.0,4392469.774,4429780.0632,107.46,17496514.096773837
2023-08-22,2384000.0,781500.0,3549700.0,2643600.0,4479059.2,4243545.0,4389310.540999999,4428783.426,107.46,17540805.62657384
2023-08-23,2384000.0,781500.0,3549700.0,2643600.0,4473814.4,4313880.0,4390162.469,4433674.086,107.46,17611638.414573837
2023-08-24,2384000.0,781500.0,3549700.0,2643600.0,4448067.2,4212285.0,4390233.463,4446950.2452,107.46,17497643.36777384
2023-08-25,2384000.0,781500.0,3549700.0,2643600.0,4448544.0,4247452.5,4386293.295999999,4439862.7535999995,107.46,17522260.009173837
2023-08-28,2384000.0,781500.0,3549700.0,2643600.0,4508620.8,4274805.0,4382601.608,4440959.8476,107.46,17607094.715173837
2023-08-29,2384000.0,781500.0,3549700.0,2643600.0,4504806.399999999,4368585.0,4379442.375,4452739.7292,107.46,17705680.96377384
2023-08-30,2384000.0,781500.0,3549700.0,2643600.0,4467616.0,4392030.0,4382140.147,4468014.45,107.46,17709908.056573838
2023-08-31,2384000.0,781500.0,3549700.0,2643600.0,4435193.600000001,4403752.5,4383063.069,4489176.467999999,107.46,17711293.09657384
2023-09-01,2384000.0,781500.0,3549700.0,2643600.0,4468092.8,4395937.5,4375182.735,4485684.2724,107.46,17725004.76697384
2023-09-04,2384000.0,781500.0,3549700.0,2643600.0,4555824.0,4395937.5,4366343.982,4502053.4436,107.46,17820266.38517384
2023-09-05,2384000.0,781500.0,3549700.0,2643600.0,4507190.4,4403752.5,4367266.904,4505447.826,107.46,17783765.08957384
2023-09-06,2384000.0,781500.0,3549700.0,2643600.0,4498608.0,4372492.5,4360096.51,4488877.7412,107.46,17720182.210773837
2023-09-07,2384000.0,781500.0,3549700.0,2643600.0,4483827.2,4341232.5,4359067.097,4491272.8428,107.46,17675507.09937384
2023-09-08,2384000.0,781500.0,3549700.0,2643600.0,4456172.8,4356862.5,4359777.0370000005,4522919.3784,107.46,17695839.174973838
2023-09-11,2384000.0,781500.0,3549700.0,2643600.0,4493840.0,4407660.0,4361019.432,4526810.7576,107.46,17789437.649173837
2023-09-12,2384000.0,781500.0,3549700.0,2643600.0,4485257.6,4349047.5,4363078.257999999,4539288.5496,107.46,17736779.36717384
2023-09-13,2384000.0,781500.0,3549700.0,2643600.0,4497177.600000001,4360770.0,4366982.928,4547177.052,107.46,17772215.03957384
2023-09-14,2384000.0,781500.0,3549700.0,2643600.0,4532937.6,4395937.5,4370887.598,4590399.9120000005,107.46,17890270.06957384
2023-09-15,2384000.0,781500.0,3549700.0,2643600.0,4532937.6,4313880.0,4363788.198000001,4541384.9244,107.46,17752098.18197384
2023-09-18,2384000.0,781500.0,3549700.0,2643600.0,4528169.6,4317787.5,4361622.881,4536695.178,107.46,17744382.61857384
2023-09-19,2384000.0,781500.0,3549700.0,2643600.0,4557731.2,4306065.0,4360344.989,4556760.102,107.46,17781008.75057384
2023-09-20,2384000.0,781500.0,3549700.0,2643600.0,4572512.0,4247452.5,4359919.025,4564146.3204,107.46,17744137.304973837
2023-09-21,2384000.0,781500.0,3549700.0,2643600.0,4536275.2,4169302.5,4362119.839,4572032.1792,107.46,17639837.177773837
2023-09-22,2384000.0,781500.0,3549700.0,2643600.0,4570604.8,4169302.5,4356369.325,4561050.664799999,107.46,17657434.74937384
2023-09-25,2384000.0,781500.0,3549700.0,2643600.0,4560592.0,4188840.0000000005,4350973.7809999995,4599285.0516,107.46,17699798.29217384
2023-09-26,2384000.0,781500.0,3549700.0,2643600.0,4550579.2,4126320.0,4349660.392,4583013.6936,107.46,17609680.745173838
2023-09-27,2384000.0,781500.0,3549700.0,2643600.0,4538182.399999999,4134135.0,4349908.871,4473904.3908,107.46,17496238.12137384
2023-09-28,2284800.0,814000.0,3542500.0,2658100.0,4347060.48,4346760.0,4346966.325,4346777.6395,144.45,17387708.89466459
2023-10-09,2284800.0,814000.0,3542500.0,2658100.0,4330609.92,4448510.0,4350898.5,4258448.9765,144.45,17388611.84666459
2023-10-10,2284800.0,814000.0,3542500.0,2658100.0,4285827.84,4472930.0,4348773.0,4373076.8809,144.45,17480752.17106459
2023-10-11,2284800.0,814000.0,3542500.0,2658100.0,4275317.76,4505490.0,4344628.274999999,4378294.7312,144.45,17503875.21636459
2023-10-12,2284800.0,814000.0,3542500.0,2658100.0,4329239.04,4485140.0,4346434.949999999,4384618.351100001,144.45,17545576.79126459
2023-10-13,2284800.0,814000.0,3542500.0,2658100.0,4321470.72,4432230.0,4352705.175,4411619.3308999995,144.45,17518169.676064588
2023-10-16,2284800.0,814000.0,3542500.0,2658100.0,4342947.84,4485140.0,4353519.95,4473449.395,144.45,17655201.63516459
2023-10-17,2284800.0,814000.0,3542500.0,2658100.0,4364424.96,4468860.0,4352032.100000001,4496032.6126,144.45,17681494.12276459
2023-10-18,2284800.0,814000.0,3542500.0,2658100.0,4342033.92,4407810.0,4350615.100000001,4529056.847,144.45,17629660.31716459
2023-10-19,2284800.0,814000.0,3542500.0,2658100.0,4259781.12,4367110.0,4346364.1,4557461.3036,144.45,17530860.97376459
2023-10-20,2284800.0,814000.0,3542500.0,2658100.0,4232363.5200000005,4301990.0,4349764.9,4614876.2636,144.45,17499139.13376459
2023-10-23,2284800.0,814000.0,3542500.0,2658100.0,4170673.92,4314200.0,4353945.05,4591288.2842,144.45,17430251.70436459
2023-10-24,2284800.0,814000.0,3542500.0,2658100.0,4203575.04,4354900.0,4350756.8,4599018.039,144.45,17508394.32916459
2023-10-25,2284800.0,814000.0,3542500.0,2658100.0,4246986.24,4249080.0,4355291.2,4577136.5598,144.45,17428638.44996459
2023-10-26,2284800.0,814000.0,3542500.0,2658100.0,4267092.4799999995,4167680.0,4354122.175,4606846.1435,144.45,17395885.24866459
2023-10-27,2284800.0,814000.0,3542500.0,2658100.0,4278973.44,4188029.9999999995,4355645.45,4622606.0183999995,144.45,17445399.35856459
2023-10-30,2284800.0,814000.0,3542500.0,2658100.0,4205859.84,4232800.0,4357522.975,4633746.1155,144.45,17430073.38066459
2023-10-31,2284800.0,814000.0,3542500.0,2658100.0,4211343.36,4257220.0,4362730.45,4633142.7268,144.45,17464580.98696459
2023-11-01,2284800.0,814000.0,3542500.0,2658100.0,4212257.279999999,4330480.0,4364289.15,4618991.0024,144.45,17526161.88256459
2023-11-02,2284800.0,814000.0,3542500.0,2658100.0,4224138.24,4407810.0,4370559.375,4627823.8687,144.45,17630475.93386459
2023-11-03,2284800.0,814000.0,3542500.0,2658100.0,4202204.16,4460720.0,4369921.725000001,4633746.1155,144.45,17666736.45066459
2023-11-06,2284800.0,814000.0,3542500.0,2658100.0,4196263.68,4477000.0,4371445.0,4611261.2476,144.45,17656114.37776459
2023-11-07,2284800.0,814000.0,3542500.0,2658100.0,4197634.56,4517700.0,4369886.3,4580849.9255,144.45,17666215.235664587
2023-11-08,2284800.0,814000.0,3542500.0,2658100.0,4199462.4,4521770.0,4372684.875,4566998.5664,144.45,17661060.29156459
2023-11-09,2284800.0,814000.0,3542500.0,2658100.0,4210429.44,4485140.0,4372578.600000001,4544915.071599999,144.45,17613207.56176459
2023-11-10,2284800.0,814000.0,3542500.0,2658100.0,4180727.04,4582820.0,4373783.050000001,4561477.6927000005,144.45,17698952.232864592
2023-11-13,2284800.0,814000.0,3542500.0,2658100.0,4200376.32,4570610.0,4375270.899999999,4556057.8268,144.45,17702459.49696459
2023-11-14,2284800.0,814000.0,3542500.0,2658100.0,4199919.36,4668290.0,4372932.850000001,4573821.9091,144.45,17815108.56926459
2023-11-15,2284800.0,814000.0,3542500.0,2658100.0,4231449.600000001,4668290.0,4372932.850000001,4581352.3064,144.45,17854169.20656459
2023-11-16,2284800.0,814000.0,3542500.0,2658100.0,4231449.600000001,4672360.0,4375022.925,4574826.6709,144.45,17853803.64606459
2023-11-17,2284800.0,814000.0,3542500.0,2658100.0,4221396.4799999995,4672360.0,4376935.875,4582054.0448,144.45,17852890.84996459
2023-11-20,2284800.0,814000.0,3542500.0,2658100.0,4229164.8,4721200.0,4376085.675,4531566.093400001,144.45,17858161.01856459
2023-11-21,2284800.0,814000.0,3542500.0,2658100.0,4246529.28,4680500.0,4375873.125,4534678.7285,144.45,17837725.583664592
2023-11-22,2284800.0,814000.0,3542500.0,2658100.0,4239674.88,4688640.0,4373074.55,4524439.727299999,144.45,17825973.60746459
2023-11-23,2284800.0,814000.0,3542500.0,2658100.0,4255668.48,4688640.0,4368717.275,4517313.3612,144.45,17830483.56636459
2023-11-24,2284800.0,814000.0,3542500.0,2658100.0,4254297.600000001,4676430.0,4368575.575,4517512.7187,144.45,17816960.34386459
2023-11-27,2284800.0,814000.0,3542500.0,2658100.0,4234191.36,4672360.0,4367123.15,4563686.5738,144.45,17837505.533964593
2023-11-28,2284800.0,814000.0,3542500.0,2658100.0,4230992.64,4684570.0,4371338.725,4578138.6635,144.45,17865184.47866459
2023-11-29,2284800.0,814000.0,3542500.0,2658100.0,4192151.04,4672360.0,4370701.075,4605743.032,144.45,17841099.59716459
2023-11-30,2284800.0,814000.0,3542500.0,2658100.0,4208144.640000001,4660150.0,4373180.825,4603935.524,144.45,17845555.43916459
2023-12-01,2284800.0,814000.0,3542500.0,2658100.0,4229164.8,4680500.0,4374101.875,4606644.1279,144.45,17890555.25306459
2023-12-04,2284800.0,814000.0,3542500.0,2658100.0,4236933.12,4627590.0,4371551.274999999,4665664.5803000005,144.45,17901883.42546459
2023-12-05,2284800.0,814000.0,3542500.0,2658100.0,4169303.04,4647940.0,4372578.600000001,4602529.3891,144.45,17792495.47926459
2023-12-06,2284800.0,814000.0,3542500.0,2658100.0,4163362.56,4619450.0,4371940.95,4600222.1583,144.45,17755120.11846459
2023-12-07,2284800.0,814000.0,3542500.0,2658100.0,4171130.88,4692710.0,4373924.75,4607449.5322,144.45,17845359.61236459
2023-12-08,2284800.0,814000.0,3542500.0,2658100.0,4156965.1199999996,4704920.0,4374172.725,4604036.5318,144.45,17840238.82696459
2023-12-11,2284800.0,814000.0,3542500.0,2658100.0,4206773.76,4749690.0,4379628.175,4557862.6767,144.45,17894099.06186459
2023-12-12,2284800.0,814000.0,3542500.0,2658100.0,4231449.600000001,4786320.0,4380478.375,4542405.8252,144.45,17940798.25036459
2023-12-13,2284800.0,814000.0,3542500.0,2658100.0,4197634.56,4843300.0,4384906.5,4525441.831,144.45,17951427.34116459
2023-12-14,2284800.0,814000.0,3542500.0,2658100.0,4191694.08,4835160.0,4384020.875,4612768.3903,144.45,18023787.79546459
2023-12-15,2284800.0,814000.0,3542500.0,2658100.0,4165190.4,4851440.0,4388413.575,4602930.7622,144.45,18008119.18736459
2023-12-18,2284800.0,814000.0,3542500.0,2658100.0,4161991.68,4879930.0,4390113.975000001,4601024.9045,144.45,18033205.00966459
2023-12-19,2284800.0,814000.0,3542500.0,2658100.0,4159706.88,4908420.0,4389157.5,4602630.3969,144.45,18060059.22706459
2023-12-20,2284800.0,814000.0,3542500.0,2658100.0,4151481.6,4835160.0,4388980.375,4627924.8765,144.45,18003691.30166459
2023-12-21,2284800.0,814000.0,3542500.0,2658100.0,4140971.52,4896210.0,4395250.600000001,4617685.8752999995,144.45,18050262.44546459
2023-12-22,2284800.0,814000.0,3542500.0,2658100.0,4142342.4,4896210.0,4396809.3,4647897.8399,144.45,18083403.99006459
2023-12-25,2284800.0,814000.0,3542500.0,2658100.0,4143713.2800000003,4900280.0,4403327.5,4650909.4672,144.45,18098374.69736459
2023-12-26,2284800.0,814000.0,3542500.0,2658100.0,4140514.56,4924700.0,4403327.5,4665263.2072,144.45,18133949.71736459
2023-12-27,2284800.0,814000.0,3542500.0,2658100.0,4169760.0,4936910.0,4408605.825,4681522.8049,144.45,18196943.08006459
2023-12-28,2284800.0,814000.0,3542500.0,2658100.0,4153766.4,4932840.0,4407365.95,4681825.8283,144.45,18175942.62846459
2023-12-29,2284800.0,814000.0,3542500.0,2658100.0,4178442.2399999998,4900280.0,4411333.55,4656430.3409,144.45,18146630.58106459
2023-12-31,2481000.0,753600.0,3641900.0,2589800.0,4536756.6,4536672.0,4535804.3549999995,4536783.1522,116.54,18146132.64879298
2024-01-02,2481000.0,753600.0,3641900.0,2589800.0,4584888.0,4457544.0,4532417.388,4575021.5492,116.54,18149987.47879298
2024-01-03,2481000.0,753600.0,3641900.0,2589800.0,4642447.2,4423632.0,4533655.634000001,4554582.8476,116.54,18154434.22319298
2024-01-04,2481000.0,753600.0,3641900.0,2589800.0,4680158.4,4401024.0,4536678.411,4544215.8782,116.54,18162193.230792977
2024-01-05,2481000.0,753600.0,3641900.0,2589800.0,4696036.8,4408560.0,4542214.098999999,4540499.515199999,116.54,18187426.95579298
2024-01-08,2481000.0,753600.0,3641900.0,2589800.0,4652371.2,4502760.0,4542906.0600000005,4530914.6654,116.54,18229068.466992978
2024-01-09,2481000.0,753600.0,3641900.0,2589800.0,4680654.600000001,4510296.0,4550080.603,4527591.952,116.54,18268739.69659298
2024-01-10,2481000.0,753600.0,3641900.0,2589800.0,4647409.2,4544208.0,4547203.502,4522212.9374,116.54,18261150.18099298
2024-01-11,2481000.0,753600.0,3641900.0,2589800.0,4618133.399999999,4551744.0,4546839.312,4523287.7044,116.54,18240120.95799298
2024-01-12,2481000.0,753600.0,3641900.0,2589800.0,4636492.8,4551744.0,4541485.719,4532481.4944,116.54,18262320.554992978
2024-01-15,2481000.0,753600.0,3641900.0,2589800.0,4669738.2,4555512.0,4542687.545999999,4572478.3656,116.54,18340532.65319298
2024-01-16,2481000.0,753600.0,3641900.0,2589800.0,4694052.0,4559280.0,4542359.774999999,4565535.1118,116.54,18361343.428392977
2024-01-17,2481000.0,753600.0,3641900.0,2589800.0,4633019.399999999,4532904.0,4547640.529999999,4514583.3866,116.54,18228263.858192977
2024-01-18,2481000.0,753600.0,3641900.0,2589800.0,4600270.2,4600728.0,4548004.72,4502261.1182,116.54,18251380.579792976
2024-01-19,2481000.0,753600.0,3641900.0,2589800.0,4572483.0,4691160.0,4551974.391,4535317.3253999995,116.54,18351051.257992975
2024-01-22,2481000.0,753600.0,3641900.0,2589800.0,4442478.6,4691160.0,4556490.347,4524657.7086,116.54,18214903.197192978
2024-01-23,2481000.0,753600.0,3641900.0,2589800.0,4484159.399999999,4710000.0,4553066.961,4525732.4756000005,116.54,18273075.378192976
2024-01-24,2481000.0,753600.0,3641900.0,2589800.0,4591338.6,4732608.0,4552957.704,4520842.9332,116.54,18397863.778792977
2024-01-25,2481000.0,753600.0,3641900.0,2589800.0,4729282.2,4736376.0,4557837.850000001,4499816.347,116.54,18523428.938592978
2024-01-26,2481000.0,753600.0,3641900.0,2589800.0,4795773.0,4713768.0,4557582.917,4532383.0819999995,116.54,18599623.540592976
2024-01-29,2481000.0,753600.0,3641900.0,2589800.0,4806689.4,4758984.0,4561370.493,4531699.3748,116.54,18658859.809392978
2024-01-30,2481000.0,753600.0,3641900.0,2589800.0,4747145.4,4725072.0,4574991.199,4540696.34,116.54,18588021.480592977
2024-01-31,2481000.0,753600.0,3641900.0,2589800.0,4743175.8,4634640.0,4581510.2,4539326.3358000005,116.54,18498768.877392977
2024-02-01,2481000.0,753600.0,3641900.0,2589800.0,4687105.2,4691160.0,4580526.887,4539326.3358000005,116.54,18498234.96439298
2024-02-02,2481000.0,753600.0,3641900.0,2589800.0,4690082.4,4766520.0,4582457.094,4572675.190400001,116.54,18611851.225992978
2024-02-05,2481000.0,753600.0,3641900.0,2589800.0,4684624.2,4762752.0,4588429.8100000005,4530720.4304,116.54,18566642.98199298
2024-02-06,2481000.0,753600.0,3641900.0,2589800.0,4763023.8,4755216.0,4572296.193,4527786.187,116.54,18618438.721592978
2024-02-07,2481000.0,753600.0,3641900.0,2589800.0,4829018.399999999,4800432.0,4583622.502,4539717.3956,116.54,18752906.83919298
2024-02-08,2481000.0,753600.0,3641900.0,2589800.0,4818598.2,4807968.0,4578123.233,4544410.1132000005,116.54,18749216.087792978
2024-02-19,2481000.0,753600.0,3641900.0,2589800.0,4936197.6,4781592.0,4583658.921,4533947.3212,116.54,18835512.383792978
2024-02-20,2481000.0,753600.0,3641900.0,2589800.0,4981351.8,4747680.0,4589595.217999999,4535218.913,116.54,18853962.472592976
2024-02-21,2481000.0,753600.0,3641900.0,2589800.0,5003184.6,4725072.0,4590250.76,4534436.7934,116.54,18853060.694992978
2024-02-22,2481000.0,753600.0,3641900.0,2589800.0,5076622.199999999,4868256.0,4594657.459,4531992.0222,116.54,19071644.222792976
2024-02-23,2481000.0,753600.0,3641900.0,2589800.0,5074637.399999999,4853184.0,4596478.409,4517419.2176,116.54,19041835.568192977
2024-02-26,2481000.0,753600.0,3641900.0,2589800.0,4954557.0,4849416.0,4604199.237,4543335.3462,116.54,18951624.12479298
2024-02-27,2481000.0,753600.0,3641900.0,2589800.0,4982344.2,4860720.0,4604636.265000001,4550180.1876,116.54,18997997.19419298
2024-02-28,2481000.0,753600.0,3641900.0,2589800.0,4938678.6,4834344.0,4611373.78,4538836.8636,116.54,18923349.785192978
2024-02-29,2481000.0,753600.0,3641900.0,2589800.0,4986313.8,4879560.0,4614250.881,4546953.296800001,116.54,19027194.51939298
2024-03-01,2481000.0,753600.0,3641900.0,2589800.0,4986809.999999999,4951152.0,4601832.001999999,4570033.5944,116.54,19109944.137992978
2024-03-04,2481000.0,753600.0,3641900.0,2589800.0,5013108.6,4928544.0,4608897.288,4622842.2062,116.54,19173508.635792978
2024-03-05,2481000.0,753600.0,3641900.0,2589800.0,5049331.2,4838112.0,4616545.278,4693743.1608,116.54,19197848.180392977
2024-03-06,2481000.0,753600.0,3641900.0,2589800.0,5047842.600000001,4868256.0,4632678.895,4724450.4194,116.54,19273344.455992978
2024-03-07,2481000.0,753600.0,3641900.0,2589800.0,5068186.800000001,4943616.0,4629182.671,4774814.26,116.54,19415916.272592977
2024-03-08,2481000.0,753600.0,3641900.0,2589800.0,5099943.600000001,4868256.0,4627434.559,4781757.5138,116.54,19377508.21439298
2024-03-11,2481000.0,753600.0,3641900.0,2589800.0,5065209.6,4849416.0,4622044.547,4795351.374,116.54,19332138.062592976
2024-03-12,2481000.0,753600.0,3641900.0,2589800.0,4939174.8,4921008.0,4607913.975,4776085.851799999,116.54,19244299.16839298
2024-03-13,2481000.0,753600.0,3641900.0,2589800.0,4924288.8,4875792.0,4611737.97,4771685.7816,116.54,19183621.09319298
2024-03-14,2481000.0,753600.0,3641900.0,2589800.0,4940167.2,4864488.0,4607331.271,4775596.3796,116.54,19187699.39219298
2024-03-15,2481000.0,753600.0,3641900.0,2589800.0,4954060.8,4811736.0,4612284.255,4793494.4874,116.54,19171692.083992977
2024-03-18,2481000.0,753600.0,3641900.0,2589800.0,4952076.0,4856952.0,4620005.083,4757115.5668,116.54,19186265.191392977
2024-03-19,2481000.0,753600.0,3641900.0,2589800.0,4930243.2,4872024.0,4623027.86,4764545.703,116.54,19189957.30459298
2024-03-20,2481000.0,753600.0,3641900.0,2589800.0,4960015.2,4928544.0,4618511.904,4775205.3198,116.54,19282392.965392977
2024-03-21,2481000.0,753600.0,3641900.0,2589800.0,4981351.8,4947384.0,4622408.737000001,4866938.6256,116.54,19418199.704192977
2024-03-22,2481000.0,753600.0,3641900.0,2589800.0,4962496.2,4954920.0,4617346.496,4831339.2348,116.54,19366218.472392976
2024-03-25,2481000.0,753600.0,3641900.0,2589800.0,4971427.8,4939848.0,4613595.339,4830753.9399999995,116.54,19355741.620592978
2024-03-26,2481000.0,753600.0,3641900.0,2589800.0,4975893.6,4917240.0,4612976.216,4843661.5032,116.54,19349887.86079298
2024-03-27,2481000.0,753600.0,3641900.0,2589800.0,4967458.2,4936080.0,4621680.357000001,4875935.5908,116.54,19401270.68939298
2024-03-28,2481000.0,753600.0,3641900.0,2589800.0,4954557.0,4928544.0,4618766.837,4902828.074,116.54,19404812.452592976
2024-03-29,2481000.0,753600.0,3641900.0,2589800.0,5027498.4,4928544.0,4624120.430000001,4985367.5898,116.54,19565646.96139298
2024-03-31,2414100.0,747900.0,3851600.0,2541000.0,4891449.42,4891266.0,4890954.26,4891330.983,106.95,19565107.61703716
2024-04-01,2414100.0,747900.0,3851600.0,2541000.0,4904485.5600000005,4898745.0,4884175.444,4948612.746,106.95,19636125.70403716
2024-04-02,2414100.0,747900.0,3851600.0,2541000.0,4934420.4,4857610.5,4889413.62,4949092.995,106.95,19630644.46903716
2024-04-03,2414100.0,747900.0,3851600.0,2541000.0,4976425.739999999,4865089.5,4894382.184,4983444.774,106.95,19719449.15203716
2024-04-08,2414100.0,747900.0,3851600.0,2541000.0,4998152.64,4850131.5,4898002.688,5136870.353999999,106.95,19883264.13603716
2024-04-09,2414100.0,747900.0,3851600.0,2541000.0,4968217.8,4868829.0,4900583.260000001,5149727.814,106.95,19887464.82803716
2024-04-10,2414100.0,747900.0,3851600.0,2541000.0,4980771.12,4827694.5,4895961.34,5171892.957,106.95,19876426.87103716
2024-04-11,2414100.0,747900.0,3851600.0,2541000.0,5026156.199999999,4906224.0,4898734.492000001,5136966.912,106.95,19968188.558037158
2024-04-12,2414100.0,747900.0,3851600.0,2541000.0,5020362.36,4823955.0,4906668.788,5257865.151000001,106.95,20008958.253037162
2024-04-15,2414100.0,747900.0,3851600.0,2541000.0,5122720.2,4745425.5,4909557.488,5178898.494,106.95,19956708.63603716
2024-04-16,2414100.0,747900.0,3851600.0,2541000.0,5117892.0,4749165.0,4912292.124,5214111.671999999,106.95,19993567.75003716
2024-04-17,2414100.0,747900.0,3851600.0,2541000.0,5208179.34,4689333.0,4916605.916,5232150.231,106.95,20046375.44103716
2024-04-18,2414100.0,747900.0,3851600.0,2541000.0,5220249.84,4663156.5,4921304.868,5221884.591,106.95,20026702.75303716
2024-04-19,2414100.0,747900.0,3851600.0,2541000.0,5230871.88,4569669.0,4922575.896,5242131.279,106.95,19965355.00903716
2024-04-22,2414100.0,747900.0,3851600.0,2541000.0,5125134.300000001,4614543.0,4928006.652000001,5158748.364,106.95,19826539.27003716
2024-04-23,2414100.0,747900.0,3851600.0,2541000.0,5046434.64,4685593.5,4934631.404,5042454.417,106.95,19709220.91503716
2024-04-24,2414100.0,747900.0,3851600.0,2541000.0,5035812.6,4700551.5,4917876.944,5081987.295,106.95,19736335.29303716
2024-04-25,2414100.0,747900.0,3851600.0,2541000.0,5073472.56,4674375.0,4921574.48,5079972.282,106.95,19749501.27603716
2024-04-26,2414100.0,747900.0,3851600.0,2541000.0,5015534.16,4752904.5,4907053.948,5124206.01,106.95,19799805.57203716
2024-04-29,2414100.0,747900.0,3851600.0,2541000.0,4999601.100000001,4767862.5,4890800.196,5087839.218,106.95,19746209.968037162
2024-04-30,2414100.0,747900.0,3851600.0,2541000.0,5020845.180000001,4678114.5,4906976.916,5057997.714,106.95,19664041.264037162
2024-05-06,2414100.0,747900.0,3851600.0,2541000.0,5054642.58,4846392.0,4910327.808,5041974.168,106.95,19853443.51003716
2024-05-07,2414100.0,747900.0,3851600.0,2541000.0,5059470.78,4846392.0,4919494.616,5048596.0139999995,106.95,19874060.36403716
2024-05-08,2414100.0,747900.0,3851600.0,2541000.0,5080232.04,4846392.0,4917799.9120000005,5042357.859,106.95,19886888.76503716
2024-05-09,2414100.0,747900.0,3851600.0,2541000.0,5115960.720000001,4853871.0,4910751.484,5035354.863,106.95,19916045.02103716
2024-05-10,2414100.0,747900.0,3851600.0,2541000.0,5143964.279999999,4865089.5,4911560.319999999,5154431.205,106.95,20075152.25903716
2024-05-13,2414100.0,747900.0,3851600.0,2541000.0,5179210.14,4876308.0,4919610.164,5123725.761,106.95,20098961.019037157
2024-05-14,2414100.0,747900.0,3851600.0,2541000.0,5157483.24,4909963.5,4920264.936,5101944.309,106.95,20089762.93903716
2024-05-15,2414100.0,747900.0,3851600.0,2541000.0,5149758.12,4984753.5,4918108.04,5150975.445,106.95,20203702.05903716
2024-05-16,2414100.0,747900.0,3851600.0,2541000.0,5156034.78,4973535.0,4913486.12,5191275.705,106.95,20234438.55903716
2024-05-17,2414100.0,747900.0,3851600.0,2541000.0,5195143.2,4969795.5,4915219.34,5201254.212,106.95,20281519.20603716
2024-05-20,2414100.0,747900.0,3851600.0,2541000.0,5248253.399999999,5003451.0,4916721.464,5315246.013,106.95,20483778.83103716
2024-05-21,2414100.0,747900.0,3851600.0,2541000.0,5262255.180000001,5018409.0,4915758.563999999,5270532.036,106.95,20467061.73403716
2024-05-22,2414100.0,747900.0,3851600.0,2541000.0,5249701.859999999,5014669.5,4917953.976000001,5267172.834000001,106.95,20449605.12403716
2024-05-23,2414100.0,747900.0,3851600.0,2541000.0,5195626.0200000005,4995972.0,4923192.152,5157213.6,106.95,20272110.72603716
2024-05-24,2414100.0,747900.0,3851600.0,2541000.0,5191763.46,5044585.5,4921574.48,5107798.773,106.95,20265829.16703716
2024-05-27,2414100.0,747900.0,3851600.0,2541000.0,5279636.699999999,5044585.5,4923115.12,5109236.978999999,106.95,20356681.25303716
2024-05-28,2414100.0,747900.0,3851600.0,2541000.0,5261772.36,5059543.5,4927274.848,5119408.602,106.95,20368106.264037162
2024-05-29,2414100.0,747900.0,3851600.0,2541000.0,5265152.100000001,5025888.0,4927505.944,5147618.784,106.95,20366271.78203716
2024-05-30,2414100.0,747900.0,3851600.0,2541000.0,5226526.5,4969795.5,4926119.368,5110100.919,106.95,20232649.24103716
2024-05-31,2414100.0,747900.0,3851600.0,2541000.0,5225560.86,4969795.5,4923423.248000001,5127468.654,106.95,20246355.21603716
2024-06-03,2414100.0,747900.0,3851600.0,2541000.0,5179692.96,4984753.5,4929046.584000001,5086401.012,106.95,20180001.01003716
2024-06-04,2414100.0,747900.0,3851600.0,2541000.0,5192246.279999999,4999711.5,4930202.064,5126124.465,106.95,20248391.26303716
2024-06-05,2414100.0,747900.0,3851600.0,2541000.0,5119823.28,5100678.0,4934978.0479999995,5095995.828,106.95,20251582.11003716
2024-06-06,2414100.0,747900.0,3851600.0,2541000.0,5135273.5200000005,5096938.5,4935979.464,5180240.142,106.95,20348538.58003716
2024-06-07,2414100.0,747900.0,3851600.0,2541000.0,5185969.62,5093199.0,4936095.012,5185230.666,106.95,20400601.25203716
2024-06-11,2414100.0,747900.0,3851600.0,2541000.0,5090854.08,5149291.5,4939176.292,5037176.76,106.95,20216605.58603716
2024-06-12,2414100.0,747900.0,3851600.0,2541000.0,5149758.12,5220342.0,4938444.488000001,5055888.684,106.95,20364540.246037163
2024-06-13,2414100.0,747900.0,3851600.0,2541000.0,5094716.64,5246518.5,4940485.836,5058477.9629999995,106.95,20340305.89303716
2024-06-14,2414100.0,747900.0,3851600.0,2541000.0,5098579.2,5272695.0,4944221.887999999,5058190.83,106.95,20373793.872037157
2024-06-17,2414100.0,747900.0,3851600.0,2541000.0,5043537.72,5336266.5,4943567.115999999,5068169.336999999,106.95,20391647.62703716
2024-06-18,2414100.0,747900.0,3851600.0,2541000.0,5063333.34,5336266.5,4947418.716,5070951.732,106.95,20418077.24203716
2024-06-19,2414100.0,747900.0,3851600.0,2541000.0,5065264.619999999,5336266.5,4953234.632,5093213.433,106.95,20448086.13903716
2024-06-20,2414100.0,747900.0,3851600.0,2541000.0,5064298.9799999995,5298871.5,4952849.472,5132840.328,106.95,20448967.23403716
2024-06-21,2414100.0,747900.0,3851600.0,2541000.0,5061884.88,5283913.5,4950230.384,5150495.196,106.95,20446630.91403716
2024-06-24,2414100.0,747900.0,3851600.0,2541000.0,5003946.4799999995,5224081.5,4956007.784,5092252.935,106.95,20276395.65303716
2024-06-25,2414100.0,747900.0,3851600.0,2541000.0,5023259.28,5287653.0,4959397.192,5089663.656,106.95,20360080.08203716
2024-06-26,2414100.0,747900.0,3851600.0,2541000.0,5050297.2,5302611.0,4962671.052,5056559.508,106.95,20372245.71403716
2024-06-27,2414100.0,747900.0,3851600.0,2541000.0,5048365.920000001,5313829.5,4969950.575999999,5035161.747,106.95,20367414.69703716
2024-06-28,2414100.0,747900.0,3851600.0,2541000.0,5097130.74,5283913.5,4971606.764,5090621.613,106.95,20443379.57103716
2024-06-30,2420600.0,723400.0,3959100.0,2551200.0,5110854.840000001,5110821.0,5111000.1450000005,5110961.8272,10.61,20443648.418880302
2024-07-01,2420600.0,723400.0,3959100.0,2551200.0,5208647.08,5143374.0,5099281.209,5104601.6855999995,10.61,20555914.5812803
2024-07-02,2420600.0,723400.0,3959100.0,2551200.0,5221234.2,5197629.0,5105536.587,5107300.855199999,10.61,20631711.2488803
2024-07-03,2420600.0,723400.0,3959100.0,2551200.0,5173306.32,5244650.0,5109733.233,5150553.9,10.61,20678254.0596803
2024-07-04,2420600.0,723400.0,3959100.0,2551200.0,5153941.52,5244650.0,5109416.505,5171846.2151999995,10.61,20679864.846880298
2024-07-05,2420600.0,723400.0,3959100.0,2551200.0,5119569.000000001,5295288.0,5101537.896,5185814.0352,10.61,20702219.5378803
2024-07-08,2420600.0,723400.0,3959100.0,2551200.0,5092458.28,5309756.0,5092709.103,5197376.0736,10.61,20692310.0632803
2024-07-09,2420600.0,723400.0,3959100.0,2551200.0,5152005.04,5313373.0,5102012.988,5166450.4272,10.61,20733852.0618803
2024-07-10,2420600.0,723400.0,3959100.0,2551200.0,5060990.48,5371245.0,5102092.17,5212211.3016,10.61,20746549.5582803
2024-07-11,2420600.0,723400.0,3959100.0,2551200.0,5069220.52,5251884.0,5103913.356000001,5220785.8848,10.61,20645814.3674803
2024-07-12,2420600.0,723400.0,3959100.0,2551200.0,5068736.399999999,5280820.0,5107318.182,5234656.7592,10.61,20691541.9478803
2024-07-15,2420600.0,723400.0,3959100.0,2551200.0,5116664.279999999,5295288.0,5111396.055,5238126.3912,10.61,20761485.3328803
2024-07-16,2420600.0,723400.0,3959100.0,2551200.0,5100204.2,5298905.0,5113019.286,5304500.9616,10.61,20816640.0542803
2024-07-17,2420600.0,723400.0,3959100.0,2551200.0,5069704.64,5143374.0,5114246.607000001,5365290.9552,10.61,20692626.8088803
2024-07-18,2420600.0,723400.0,3959100.0,2551200.0,5091490.04,5118055.0,5111118.9180000005,5366928.8256,10.61,20687603.390280303
2024-07-19,2420600.0,723400.0,3959100.0,2551200.0,5050823.959999999,5071034.0,5114800.880999999,5221556.3472,10.61,20458225.794880297
2024-07-22,2420600.0,723400.0,3959100.0,2551200.0,5004832.5600000005,5150608.0,5126717.772,5234368.4736,10.61,20516537.412280302
2024-07-23,2420600.0,723400.0,3959100.0,2551200.0,4979658.319999999,5132523.0,5136575.931,5203442.8272,10.61,20452210.684880298
2024-07-24,2420600.0,723400.0,3959100.0,2551200.0,4985951.88,4948056.0,5135625.7469999995,5262401.0592,10.61,20332045.2928803
2024-07-25,2420600.0,723400.0,3959100.0,2551200.0,4955452.32,4893801.0,5141247.669,5132442.9311999995,10.61,20122954.526880298
2024-07-26,2420600.0,723400.0,3959100.0,2551200.0,4922532.159999999,4937205.0,5144454.54,5161054.6392,10.61,20165256.945880298
2024-07-29,2420600.0,723400.0,3959100.0,2551200.0,4945769.92,4951673.0,5152689.468,5191498.1088000005,10.61,20241641.1034803
2024-07-30,2420600.0,723400.0,3959100.0,2551200.0,4908008.5600000005,4886567.0,5156292.249,5190439.3608,10.61,20141317.7764803
2024-07-31,2420600.0,723400.0,3959100.0,2551200.0,4954484.08,5031247.0,5160528.4860000005,5232921.9432,10.61,20379192.1158803
2024-08-01,2420600.0,723400.0,3959100.0,2551200.0,4956904.68,4908269.0,5169594.825,5282537.6808,10.61,20317316.7924803
2024-08-02,2420600.0,723400.0,3959100.0,2551200.0,4952063.4799999995,4792525.0,5172049.467,5306235.7776,10.61,20222884.3312803
2024-08-05,2420600.0,723400.0,3959100.0,2551200.0,4895421.44,4651462.0,5172880.8780000005,5208741.6696,10.61,19928516.5942803
2024-08-06,2420600.0,723400.0,3959100.0,2551200.0,4875088.399999999,4694866.0,5170861.737000001,5149012.9752,10.61,19889839.7188803
2024-08-07,2420600.0,723400.0,3959100.0,2551200.0,4896873.800000001,4644228.0,5177354.660999999,5152867.838400001,10.61,19871334.9060803
2024-08-08,2420600.0,723400.0,3959100.0,2551200.0,4901715.0,4792525.0,5159380.347,5157105.3816,10.61,20010736.3352803
2024-08-09,2420600.0,723400.0,3959100.0,2551200.0,4903651.4799999995,4817844.0,5149126.278,5210670.3768,10.61,20081302.7414803
2024-08-12,2420600.0,723400.0,3959100.0,2551200.0,4919143.32,4825078.0,5126123.907,5239764.2616,10.61,20110120.0952803
2024-08-13,2420600.0,723400.0,3959100.0,2551200.0,4937055.76,4948056.0,5135111.064,5274539.668799999,10.61,20294773.099480297
2024-08-14,2420600.0,723400.0,3959100.0,2551200.0,4929793.96,4948056.0,5148057.321,5263944.535200001,10.61,20289862.422880303
2024-08-15,2420600.0,723400.0,3959100.0,2551200.0,4979174.2,5067417.0,5144731.676999999,5254117.3128,10.61,20445450.7964803
2024-08-16,2420600.0,723400.0,3959100.0,2551200.0,4997086.64,5078268.0,5147463.456,5258548.7472,10.61,20481377.4498803
2024-08-19,2420600.0,723400.0,3959100.0,2551200.0,5068736.399999999,5139757.0,5153877.198,5315001.7008,10.61,20677382.9054803
2024-08-20,2420600.0,723400.0,3959100.0,2551200.0,5019356.16,5121672.0,5154946.154999999,5319433.1352,10.61,20615418.0568803
2024-08-21,2420600.0,723400.0,3959100.0,2551200.0,4981594.8,5146991.0,5155619.202,5335617.948,10.61,20619833.5566803
2024-08-22,2420600.0,723400.0,3959100.0,2551200.0,4996118.4,5056566.0,5159776.256999999,5320588.8288,10.61,20533060.092480298
2024-08-23,2420600.0,723400.0,3959100.0,2551200.0,4987404.24,5125289.0,5162389.263,5308064.988,10.61,20583158.0976803
2024-08-26,2420600.0,723400.0,3959100.0,2551200.0,4988856.6,5056566.0,5161082.760000001,5338508.457599999,10.61,20545024.4242803
2024-08-27,2420600.0,723400.0,3959100.0,2551200.0,5017419.68,5081885.0,5151066.237,5330127.7656,10.61,20580509.2892803
2024-08-28,2420600.0,723400.0,3959100.0,2551200.0,4985951.88,5016779.0,5157915.4799999995,5323961.5152,10.61,20484618.4818803
2024-08-29,2420600.0,723400.0,3959100.0,2551200.0,4881866.08,5016779.0,5153956.38,5338411.512,10.61,20391023.5786803
2024-08-30,2420600.0,723400.0,3959100.0,2551200.0,4852818.88,5071034.0,5154708.609,5324828.9232,10.61,20403401.0188803
2024-09-02,2420600.0,723400.0,3959100.0,2551200.0,4877993.12,5063800.0,5166110.817,5299107.7248,10.61,20407022.2684803
2024-09-03,2420600.0,723400.0,3959100.0,2551200.0,4819898.72,4911886.0,5169634.416,5306332.7232,10.61,20207762.4658803
2024-09-04,2420600.0,723400.0,3959100.0,2551200.0,4803922.76,4904652.0,5174187.381,5269628.6088,10.61,20152401.3564803
2024-09-05,2420600.0,723400.0,3959100.0,2551200.0,4791819.76,4893801.0,5175652.248,5308932.396,10.61,20170216.0106803
2024-09-06,2420600.0,723400.0,3959100.0,2551200.0,4760836.08,4759972.0,5175533.475,5318662.6728,10.61,20015014.8344803
2024-09-09,2420600.0,723400.0,3959100.0,2551200.0,4680472.16,4825078.0,5182303.535999999,5294482.3992,10.61,19982346.7018803
2024-09-10,2420600.0,723400.0,3959100.0,2551200.0,4687249.84,4879333.0,5188717.278,5317313.0879999995,10.61,20072623.8126803
2024-09-11,2420600.0,723400.0,3959100.0,2551200.0,4573481.64,4987843.0,5194893.474,5345156.8848,10.61,20101385.605480302
2024-09-12,2420600.0,723400.0,3959100.0,2551200.0,4595751.16,5038481.0,5196279.159,5338220.172,10.61,20168742.0976803
2024-09-13,2420600.0,723400.0,3959100.0,2551200.0,4581711.68,5049332.0,5205107.9520000005,5408158.7688,10.61,20244321.0074803
2024-09-18,2420600.0,723400.0,3959100.0,2551200.0,4644647.28,4995077.0,5213105.334,5402668.5864,10.61,20255508.807080302
2024-09-19,2420600.0,723400.0,3959100.0,2551200.0,4651909.08,5128906.0,5211640.467,5412398.8632,10.61,20404865.0168803
2024-09-20,2420600.0,723400.0,3959100.0,2551200.0,4647067.88,5092736.0,5213817.972,5460953.3016,10.61,20414585.7602803
2024-09-23,2420600.0,723400.0,3959100.0,2551200.0,4702257.5600000005,5099970.0,5214253.472999999,5496981.348,10.61,20513472.9876803
2024-09-24,2420600.0,723400.0,3959100.0,2551200.0,4908492.68,5121672.0,5202494.946,5495055.192000001,10.61,20727725.4246803
2024-09-25,2420600.0,723400.0,3959100.0,2551200.0,4985467.76,5110821.0,5215955.886,5528677.4568,10.61,20840932.7094803
2024-09-26,2420600.0,723400.0,3959100.0,2551200.0,5136513.2,5157842.0,5202692.901,5542356.9912,10.61,21039415.6988803
2024-09-27,2420600.0,723400.0,3959100.0,2551200.0,5147647.96,5110821.0,5163220.674000001,5542453.9368,10.61,20964154.1774803
2024-09-30,2361400.0,750400.0,4076200.0,2453700.0,5313150.0,5312832.0,5312796.794,5313217.443,44.27,21252040.508634698
2024-10-08,2361400.0,750400.0,4076200.0,2453700.0,5375963.24,5372864.0,5301424.196,5296259.9223,44.27,21346555.6299347
2024-10-09,2361400.0,750400.0,4076200.0,2453700.0,4992944.159999999,5402880.0,5310636.408,5253455.1258,44.27,20959959.965434697
2024-10-10,2361400.0,750400.0,4076200.0,2453700.0,5195552.28,5410384.0,5326981.970000001,5273467.503,44.27,21206430.024634697
2024-10-11,2361400.0,750400.0,4076200.0,2453700.0,5094484.36,5417888.0,5328041.782,5330543.0187,44.27,21171001.4323347
2024-10-14,2361400.0,750400.0,4076200.0,2453700.0,5253642.720000001,5459160.0,5329835.31,5361675.5643,44.27,21404357.8659347
2024-10-15,2361400.0,750400.0,4076200.0,2453700.0,5140767.8,5391624.0,5335541.99,5383263.2169,44.27,21251241.2785347
2024-10-16,2361400.0,750400.0,4076200.0,2453700.0,5229084.16,5421640.0,5334400.654,5442934.747199999,44.27,21428103.8328347
2024-10-17,2361400.0,750400.0,4076200.0,2453700.0,5161075.84,5429144.0,5344631.916,5467025.1738,44.27,21401921.201434698
2024-10-18,2361400.0,750400.0,4076200.0,2453700.0,5191774.04,5466664.0,5338762.187999999,5504272.339799999,44.27,21501516.8394347
2024-10-21,2361400.0,750400.0,4076200.0,2453700.0,5155880.76,5455408.0,5339781.238,5568389.9745000005,44.27,21519504.244134698
2024-10-22,2361400.0,750400.0,4076200.0,2453700.0,5180911.6,5477920.0,5331588.075999999,5576727.6471,44.27,21567191.5947347
2024-10-23,2361400.0,750400.0,4076200.0,2453700.0,5172882.84,5395376.0,5327104.256,5609528.708699999,44.27,21504936.076334696
2024-10-24,2361400.0,750400.0,4076200.0,2453700.0,5146435.159999999,5444152.0,5324903.108,5558845.0815,44.27,21474379.6211347
2024-10-25,2361400.0,750400.0,4076200.0,2453700.0,5128960.800000001,5459160.0,5326778.16,5544947.324700001,44.27,21459890.5563347
2024-10-28,2361400.0,750400.0,4076200.0,2453700.0,5147379.720000001,5474168.0,5325188.442000001,5572742.8383,44.27,21519523.2719347
2024-10-29,2361400.0,750400.0,4076200.0,2453700.0,5074648.6,5526696.0,5327185.78,5615920.5972,44.27,21544495.2488347
2024-10-30,2361400.0,750400.0,4076200.0,2453700.0,5036866.2,5492928.0,5326900.4459999995,5680501.981199999,44.27,21537240.898834698
2024-10-31,2361400.0,750400.0,4076200.0,2453700.0,5027892.88,5346600.0,5332851.698,5655947.8053,44.27,21363336.654934697
2024-11-01,2361400.0,750400.0,4076200.0,2453700.0,5077954.56,5376616.0,5337946.948,5599336.0389,44.27,21391897.8185347
2024-11-04,2361400.0,750400.0,4076200.0,2453700.0,5126127.119999999,5365360.0,5340270.382,5561625.1236,44.27,21393426.897234697
2024-11-05,2361400.0,750400.0,4076200.0,2453700.0,5187523.5200000005,5421640.0,5345161.822,5564127.8976,44.27,21518497.511234697
2024-11-06,2361400.0,750400.0,4076200.0,2453700.0,5172410.56,5567968.0,5343042.198,5572188.3021,44.27,21655653.3317347
2024-11-07,2361400.0,750400.0,4076200.0,2453700.0,5256476.4,5703040.0,5347933.638,5441266.2312,44.27,21748760.5408347
2024-11-08,2361400.0,750400.0,4076200.0,2453700.0,5181856.16,5691784.0,5351235.359999999,5466561.424500001,44.27,21691481.216134697
2024-11-11,2361400.0,750400.0,4076200.0,2453700.0,5143601.4799999995,5714296.0,5355189.274,5470266.511499999,44.27,21683397.537134696
2024-11-12,2361400.0,750400.0,4076200.0,2453700.0,5098262.6,5714296.0,5365175.964,5376964.569,44.27,21554743.4046347
2024-11-13,2361400.0,750400.0,4076200.0,2453700.0,5127071.68,5710544.0,5360773.668,5378910.3531,44.27,21577343.972734697
2024-11-14,2361400.0,750400.0,4076200.0,2453700.0,5091178.4,5669272.0,5363953.104,5272262.7363,44.27,21396710.511934698
2024-11-15,2361400.0,750400.0,4076200.0,2453700.0,5079843.68,5534200.0,5363137.864,5279582.1234,44.27,21256807.939034697
2024-11-18,2361400.0,750400.0,4076200.0,2453700.0,5163909.52,5567968.0,5357838.804,5340458.4204,44.27,21430219.016034696
2024-11-19,2361400.0,750400.0,4076200.0,2453700.0,5175716.5200000005,5609240.0,5363871.58,5415787.0104,44.27,21564659.382034697
2024-11-20,2361400.0,750400.0,4076200.0,2453700.0,5185634.4,5605488.0,5362363.386,5422178.8989,44.27,21575708.9565347
2024-11-21,2361400.0,750400.0,4076200.0,2453700.0,5172410.56,5624248.0,5370638.072000001,5496952.952699999,44.27,21664293.856334697
2024-11-22,2361400.0,750400.0,4076200.0,2453700.0,5043950.4,5635504.0,5371208.74,5563664.1483000005,44.27,21614371.559934698
2024-11-25,2361400.0,750400.0,4076200.0,2453700.0,5052451.44,5643008.0,5378015.994,5497323.4614,44.27,21570843.1670347
2024-11-26,2361400.0,750400.0,4076200.0,2453700.0,5066147.56,5673024.0,5379198.092,5412449.9784,44.27,21530863.9020347
2024-11-27,2361400.0,750400.0,4076200.0,2453700.0,5127543.960000001,5628000.0,5379809.522,5472769.285499999,44.27,21608167.039134696
2024-11-28,2361400.0,750400.0,4076200.0,2453700.0,5108652.760000001,5624248.0,5387880.398,5454609.4518,44.27,21575434.881434698
2024-11-29,2361400.0,750400.0,4076200.0,2453700.0,5122821.16,5673024.0,5392934.886,5482220.9379,44.27,21671045.255534697
2024-12-02,2361400.0,750400.0,4076200.0,2453700.0,5128488.5200000005,5733056.0,5410870.166,5466745.452,44.27,21739204.4096347
2024-12-03,2361400.0,750400.0,4076200.0,2453700.0,5191774.04,5759320.0,5409280.448,5498248.5063,44.27,21858667.2659347
2024-12-04,2361400.0,750400.0,4076200.0,2453700.0,5204525.600000001,5826856.0,5421386.762,5490558.6104999995,44.27,21943371.244134698
2024-12-05,2361400.0,750400.0,4076200.0,2453700.0,5201219.64,5804344.0,5423506.386,5491763.3772,44.27,21920877.6748347
2024-12-06,2361400.0,750400.0,4076200.0,2453700.0,5264977.44,5856872.0,5422120.478,5474621.829,44.27,22018636.0186347
2024-12-09,2361400.0,750400.0,4076200.0,2453700.0,5281979.5200000005,5808096.0,5436305.654,5502510.583199999,44.27,22028936.028834697
2024-12-10,2361400.0,750400.0,4076200.0,2453700.0,5287646.88,5793088.0,5465450.483999999,5523636.9402,44.27,22069866.5758347
2024-12-11,2361400.0,750400.0,4076200.0,2453700.0,5289063.72,5894392.0,5472502.31,5569408.26,44.27,22225410.561634697
2024-12-12,2361400.0,750400.0,4076200.0,2453700.0,5312205.44,5853120.0,5478983.467999999,5605266.6318,44.27,22249619.811434697
2024-12-13,2361400.0,750400.0,4076200.0,2453700.0,5210192.96,5901896.0,5494024.646000001,5548375.1436,44.27,22154533.0212347
2024-12-16,2361400.0,750400.0,4076200.0,2453700.0,5263560.600000001,5984440.0,5514935.552,5511591.726899999,44.27,22274572.150534697
2024-12-17,2361400.0,750400.0,4076200.0,2453700.0,5250336.76,5961928.0,5512000.688,5510386.9602,44.27,22234696.679834697
2024-12-18,2361400.0,750400.0,4076200.0,2453700.0,5290008.28,5744312.0,5500261.232,5495007.1686,44.27,22029632.9522347
2024-12-19,2361400.0,750400.0,4076200.0,2453700.0,5234751.5200000005,5718048.0,5505601.0540000005,5477215.3899,44.27,21935660.235534698
2024-12-20,2361400.0,750400.0,4076200.0,2453700.0,5196969.12,5766824.0,5523821.668,5453124.9633,44.27,21940784.022934698
2024-12-23,2361400.0,750400.0,4076200.0,2453700.0,5213971.2,5823104.0,5522028.14,5511405.2457,44.27,22070552.857334696
2024-12-24,2361400.0,750400.0,4076200.0,2453700.0,5269227.96,5901896.0,5511593.068,5492968.1439,44.27,22175729.4435347
2024-12-25,2361400.0,750400.0,4076200.0,2453700.0,5304648.96,5901896.0,5504174.384,5496766.4715,44.27,22207530.087134697
2024-12-26,2361400.0,750400.0,4076200.0,2453700.0,5281979.5200000005,5894392.0,5514731.742000001,5507884.1862,44.27,22199031.7198347
2024-12-27,2361400.0,750400.0,4076200.0,2453700.0,5293786.5200000005,5815600.0,5524636.908,5512055.4762,44.27,22146123.1758347
2024-12-30,2361400.0,750400.0,4076200.0,2453700.0,5336763.999999999,5740560.0,5521009.09,5493522.6800999995,44.27,22091900.041734695
2024-12-31,2452100.0,725500.0,4050200.0,2462800.0,5499079.46,5499290.0,5499078.046,5498737.890400001,80.67,21996266.06487456
2025-01-02,2452100.0,725500.0,4050200.0,2462800.0,5379416.9799999995,5488407.5,5523095.732000001,5562721.4344,80.67,21953722.31487456
2025-01-03,2452100.0,725500.0,4050200.0,2462800.0,5320076.16,5582722.5,5529859.566,5606244.036,80.67,22038982.93047456
2025-01-06,2452100.0,725500.0,4050200.0,2462800.0,5332827.08,5640762.5,5533221.232,5583182.3768,80.67,22090073.85727456
2025-01-07,2452100.0,725500.0,4050200.0,2462800.0,5344597.16,5542820.0,5525890.37,5589132.5016,80.67,22002520.700074557
2025-01-08,2452100.0,725500.0,4050200.0,2462800.0,5370099.0,5542820.0,5527793.964,5618799.3904,80.67,22059593.02287456
2025-01-09,2452100.0,725500.0,4050200.0,2462800.0,5303401.88,5542820.0,5515643.364,5636748.276799999,80.67,21998694.189274557
2025-01-10,2452100.0,725500.0,4050200.0,2462800.0,5247494.0,5455760.0,5519531.556000001,5667437.2276,80.67,21890303.45207456
2025-01-13,2452100.0,725500.0,4050200.0,2462800.0,5195999.9,5441250.0,5508798.526000001,5694688.1096,80.67,21840817.204074558
2025-01-14,2452100.0,725500.0,4050200.0,2462800.0,5269562.9,5433995.0,5520584.608,5654790.749600001,80.67,21879013.92607456
2025-01-15,2452100.0,725500.0,4050200.0,2462800.0,5277409.62,5557330.0,5522245.19,5673017.9324,80.67,22030083.41087456
2025-01-16,2452100.0,725500.0,4050200.0,2462800.0,5324489.94,5517427.5,5518924.026,5695710.1716,80.67,22056632.30607456
2025-01-17,2452100.0,725500.0,4050200.0,2462800.0,5316643.220000001,5611742.5,5512362.7020000005,5701010.1172,80.67,22141839.20767456
2025-01-20,2452100.0,725500.0,4050200.0,2462800.0,5315171.960000001,5611742.5,5507340.454,5699057.1168,80.67,22133392.69927456
2025-01-21,2452100.0,725500.0,4050200.0,2462800.0,5278390.46,5629880.0,5518113.9860000005,5712356.2368,80.67,22138821.35127456
2025-01-22,2452100.0,725500.0,4050200.0,2462800.0,5200904.1,5702430.0,5514752.319999999,5752438.3068,80.67,22170605.395274557
2025-01-23,2452100.0,725500.0,4050200.0,2462800.0,5283294.659999999,5716940.0,5510418.606,5757368.8324,80.67,22268102.766874555
2025-01-24,2452100.0,725500.0,4050200.0,2462800.0,5301440.2,5684292.5,5512767.722,5770108.8968,80.67,22268689.98727456
2025-01-27,2452100.0,725500.0,4050200.0,2462800.0,5377455.3,5513800.0,5524918.322,5748813.0652,80.67,22165067.355674557
2025-02-05,2452100.0,725500.0,4050200.0,2462800.0,5280842.56,5651645.0,5531155.63,5968847.0056,80.67,22432570.864074558
2025-02-06,2452100.0,725500.0,4050200.0,2462800.0,5282804.239999999,5680665.0,5537716.954,5964475.5356,80.67,22465742.398074556
2025-02-07,2452100.0,725500.0,4050200.0,2462800.0,5288198.86,5608115.0,5535205.83,5978705.594,80.67,22410305.95247456
2025-02-10,2452100.0,725500.0,4050200.0,2462800.0,5281823.399999999,5677037.5,5525242.338,6073378.0888,80.67,22557561.99527456
2025-02-11,2452100.0,725500.0,4050200.0,2462800.0,5337731.28,5662527.5,5529252.036,6108716.806,80.67,22638308.29047456
2025-02-12,2452100.0,725500.0,4050200.0,2462800.0,5352443.88,5666155.0,5526862.418,6078399.738,80.67,22623941.704474557
2025-02-13,2452100.0,725500.0,4050200.0,2462800.0,5358819.34,5749587.5,5524999.326,6110950.565599999,80.67,22744437.40007456
2025-02-14,2452100.0,725500.0,4050200.0,2462800.0,5364704.380000001,5771352.5,5515602.862,6135221.4596,80.67,22786961.87007456
2025-02-17,2452100.0,725500.0,4050200.0,2462800.0,5358819.34,5767725.0,5504545.816000001,6043154.6072,80.67,22674325.43167456
2025-02-18,2452100.0,725500.0,4050200.0,2462800.0,5358819.34,5782235.0,5498835.034,6101370.2736,80.67,22741340.316074558
2025-02-19,2452100.0,725500.0,4050200.0,2462800.0,5358328.92,5785862.5,5504424.3100000005,6137361.6328,80.67,22786058.03127456
2025-02-20,2452100.0,725500.0,4050200.0,2462800.0,5348520.5200000005,5756842.5,5492881.24,6157448.2296,80.67,22755773.15807456
2025-02-21,2452100.0,725500.0,4050200.0,2462800.0,5298497.68,5637135.0,5479556.082,6106485.5092,80.67,22521754.93967456
2025-02-24,2452100.0,725500.0,4050200.0,2462800.0,5294083.899999999,5571840.0,5463152.772,6124899.8648,80.67,22454057.205274556
2025-02-25,2452100.0,725500.0,4050200.0,2462800.0,5247494.0,5502917.5,5473885.802,6120993.864,80.67,22345371.83447456
2025-02-26,2452100.0,725500.0,4050200.0,2462800.0,5285746.760000001,5517427.5,5477449.978,6068728.3224,80.67,22349433.22887456
2025-02-27,2452100.0,725500.0,4050200.0,2462800.0,5331355.819999999,5365072.5,5466554.9399999995,6043432.9036,80.67,22206496.832074556
2025-02-28,2452100.0,725500.0,4050200.0,2462800.0,5305363.5600000005,5452132.5,5478624.536,5992654.893200001,80.67,22228856.157674562
2025-03-03,2452100.0,725500.0,4050200.0,2462800.0,5311248.6,5332425.0,5487696.983999999,6000282.1848,80.67,22131733.437274557
2025-03-04,2452100.0,725500.0,4050200.0,2462800.0,5310267.76,5314287.5,5484254.314,6071703.3848,80.67,22180593.627274558
2025-03-05,2452100.0,725500.0,4050200.0,2462800.0,5355876.82,5383210.0,5487089.454,6088164.739999999,80.67,22314421.682474557
2025-03-06,2452100.0,725500.0,4050200.0,2462800.0,5329394.14,5230855.0,5472508.734,6070774.909200001,80.67,22103613.45167456
2025-03-07,2452100.0,725500.0,4050200.0,2462800.0,5320566.58,5270757.5,5450799.662,6068634.736,80.67,22110839.14647456
2025-03-10,2452100.0,725500.0,4050200.0,2462800.0,5294083.899999999,5074872.5,5445007.875999999,6090767.919600001,80.67,21904812.864074558
2025-03-11,2452100.0,725500.0,4050200.0,2462800.0,5328903.72,5060362.5,5418519.568,6044270.2556,80.67,21852136.71207456
2025-03-12,2452100.0,725500.0,4050200.0,2462800.0,5321057.0,5114775.0,5436178.44,6068169.2668,80.67,21940260.375274558
2025-03-13,2452100.0,725500.0,4050200.0,2462800.0,5348520.5200000005,5020460.0,5430184.143999999,6107044.5648,80.67,21906289.897274558
2025-03-14,2452100.0,725500.0,4050200.0,2462800.0,5393639.16,5143795.0,5437879.523999999,6187393.4148,80.67,22162787.76727456
2025-03-17,2452100.0,725500.0,4050200.0,2462800.0,5410313.4399999995,5169187.5,5411877.24,6210085.654,80.67,22201544.502474558
2025-03-18,2452100.0,725500.0,4050200.0,2462800.0,5404918.82,5085755.0,5414266.858,6257795.0156,80.67,22162816.362074558
2025-03-19,2452100.0,725500.0,4050200.0,2462800.0,5439738.64,5151050.0,5419856.134000001,6318894.6208,80.67,22329620.06327456
2025-03-20,2452100.0,725500.0,4050200.0,2462800.0,5415217.640000001,5140167.5,5438082.034,6332565.6236,80.67,22326113.46607456
2025-03-21,2452100.0,725500.0,4050200.0,2462800.0,5398052.94,5158305.0,5433181.292,6309129.618799999,80.67,22298749.51927456
2025-03-24,2452100.0,725500.0,4050200.0,2462800.0,5433363.180000001,5270757.5,5438122.536,6303085.9076000005,80.67,22445409.79207456
2025-03-25,2452100.0,725500.0,4050200.0,2462800.0,5470144.68,5299777.5,5444197.836,6291367.9052,80.67,22505568.58967456
2025-03-26,2452100.0,725500.0,4050200.0,2462800.0,5452979.98,5201835.0,5454323.336,6319453.6764,80.67,22428672.66087456
2025-03-27,2452100.0,725500.0,4050200.0,2462800.0,5464750.0600000005,5169187.5,5451285.686000001,6332193.7408,80.67,22417497.65527456
2025-03-28,2452100.0,725500.0,4050200.0,2462800.0,5448075.78,5034970.0,5450556.65,6437653.2996000005,80.67,22371336.39807456
2025-03-31,2526000.0,809200.0,4170400.0,2120000.0,5615803.199999999,5615848.0,5614401.0,5615880.0,1.02,22461933.21779556
2025-04-01,2526000.0,809200.0,4170400.0,2120000.0,5628938.4,5660354.0,5611022.976,5654947.36,1.02,22555263.75379556
2025-04-02,2526000.0,809200.0,4170400.0,2120000.0,5670364.800000001,5704860.0,5621782.608,5629729.96,1.02,22626738.38579556
2025-04-03,2526000.0,809200.0,4170400.0,2120000.0,5682994.8,5405456.0,5653936.392,5676961.4399999995,1.02,22419349.64979556
2025-04-07,2526000.0,809200.0,4170400.0,2120000.0,5381390.399999999,5093914.0,5685965.064,5492915.76,1.02,21654186.24179556
2025-04-08,2526000.0,809200.0,4170400.0,2120000.0,5498091.600000001,4996810.0,5669283.464,5513570.920000001,1.02,21677757.00179556
2025-04-09,2526000.0,809200.0,4170400.0,2120000.0,5483440.8,5595618.0,5675247.136,5598987.84,1.02,22353294.79379556
2025-04-10,2526000.0,809200.0,4170400.0,2120000.0,5514258.0,5364996.0,5678083.008,5695774.319999999,1.02,22253112.34579556
2025-04-11,2526000.0,809200.0,4170400.0,2120000.0,5487482.4,5466146.0,5676122.92,5817216.4,1.02,22446968.737795558
2025-04-14,2526000.0,809200.0,4170400.0,2120000.0,5530929.6,5498514.0,5676748.4799999995,5857163.56,1.02,22563356.65779556
2025-04-15,2526000.0,809200.0,4170400.0,2120000.0,5593574.399999999,5506606.0,5678666.864,5861005.0,1.02,22639853.281795558
2025-04-16,2526000.0,809200.0,4170400.0,2120000.0,5642578.8,5340720.0,5685548.024,6004302.16,1.02,22673150.00179556
2025-04-17,2526000.0,809200.0,4170400.0,2120000.0,5648136.000000001,5340720.0,5681544.4399999995,6039046.84,1.02,22709448.29779556
2025-04-18,2526000.0,809200.0,4170400.0,2120000.0,5664302.399999999,5336674.0,5682461.928,6058900.640000001,1.02,22742339.98579556
2025-04-21,2526000.0,809200.0,4170400.0,2120000.0,5626917.6,5207202.0,5675789.288,6177219.96,1.02,22687129.865795556
2025-04-22,2526000.0,809200.0,4170400.0,2120000.0,5658745.2,5344766.0,5681586.144,6343332.5600000005,1.02,23028430.92179556
2025-04-23,2526000.0,809200.0,4170400.0,2120000.0,5630454.0,5466146.0,5675539.064,6046492.28,1.02,22818632.36179556
2025-04-24,2526000.0,809200.0,4170400.0,2120000.0,5687036.399999999,5615848.0,5674955.208000001,6088040.04,1.02,23065880.66579556
2025-04-25,2526000.0,809200.0,4170400.0,2120000.0,5679963.600000001,5680584.0,5676706.776,6035603.96,1.02,23072859.35379556
2025-04-28,2526000.0,809200.0,4170400.0,2120000.0,5707749.6,5676538.0,5681878.072,5979646.56,1.02,23045813.24979556
2025-04-29,2526000.0,809200.0,4170400.0,2120000.0,5691583.2,5708906.0,5691720.216,5992695.16,1.02,23084905.59379556
2025-04-30,2526000.0,809200.0,4170400.0,2120000.0,5595090.0,5712952.0,5693221.5600000005,5993174.28,1.02,22994438.85779556
2025-05-06,2526000.0,809200.0,4170400.0,2120000.0,5602162.8,5777688.0,5693930.528,6084756.16,1.02,23158538.505795557
2025-05-07,2526000.0,809200.0,4170400.0,2120000.0,5651672.4,5797918.0,5687132.776000001,6133109.12,1.02,23269833.31379556
2025-05-08,2526000.0,809200.0,4170400.0,2120000.0,5680974.0,5862654.0,5694347.568,6041607.8,1.02,23279584.38579556
2025-05-09,2526000.0,809200.0,4170400.0,2120000.0,5725431.6,5862654.0,5695682.096,6032241.640000001,1.02,23316010.35379556
2025-05-12,2526000.0,809200.0,4170400.0,2120000.0,5727452.399999999,6097322.0,5673996.016000001,5830746.24,1.02,23329517.67379556
2025-05-13,2526000.0,809200.0,4170400.0,2120000.0,5787066.0,6186334.0,5682336.816000001,5865808.920000001,1.02,23521546.75379556
2025-05-14,2526000.0,809200.0,4170400.0,2120000.0,5820409.199999999,6218702.0,5679375.832,5824581.28,1.02,23543069.329795558
2025-05-15,2526000.0,809200.0,4170400.0,2120000.0,5797170.0,6222748.0,5674913.504,5651423.92,1.02,23346256.441795558
2025-05-16,2526000.0,809200.0,4170400.0,2120000.0,5760795.600000001,6251070.0,5674955.208000001,5732518.16,1.02,23419339.98579556
2025-05-19,2526000.0,809200.0,4170400.0,2120000.0,5771910.0,6255116.0,5682670.448,5793521.16,1.02,23503218.625795558
2025-05-20,2526000.0,809200.0,4170400.0,2120000.0,5792623.2,6230840.0,5681169.104,5785995.16,1.02,23490628.48179556
2025-05-21,2526000.0,809200.0,4170400.0,2120000.0,5828997.6,6149920.0,5679500.944,5941620.12,1.02,23600039.68179556
2025-05-22,2526000.0,809200.0,4170400.0,2120000.0,5856783.6,6153966.0,5678041.304,5976843.92,1.02,23665635.84179556
2025-05-23,2526000.0,809200.0,4170400.0,2120000.0,5811315.600000001,6097322.0,5679125.608,5960594.12,1.02,23548358.34579556
2025-05-26,2526000.0,809200.0,4170400.0,2120000.0,5789086.8,6093276.0,5681377.624,5941859.68,1.02,23505601.121795557
2025-05-27,2526000.0,809200.0,4170400.0,2120000.0,5800201.199999999,6238932.0,5678708.568,5902154.199999999,1.02,23619996.985795557
2025-05-28,2526000.0,809200.0,4170400.0,2120000.0,5828492.399999999,6214656.0,5676915.296,5909438.5200000005,1.02,23629503.233795557
2025-05-29,2526000.0,809200.0,4170400.0,2120000.0,5821924.800000001,6226794.0,5671827.408,5857642.68,1.02,23578189.90579556
2025-05-30,2526000.0,809200.0,4170400.0,2120000.0,5842132.800000001,6214656.0,5681669.552,5902393.76,1.02,23640853.12979556
2025-06-03,2526000.0,809200.0,4170400.0,2120000.0,5902756.800000001,6311760.0,5680918.88,5977484.16,1.02,23872920.85779556
2025-06-04,2526000.0,809200.0,4170400.0,2120000.0,5929532.399999999,6327944.0,5683754.752,5983969.24,1.02,23925201.40979556
2025-06-05,2526000.0,809200.0,4170400.0,2120000.0,5885074.8,6275346.0,5683921.568,5997499.08,1.02,23841842.465795558
2025-06-06,2526000.0,809200.0,4170400.0,2120000.0,5898210.0,6336036.0,5692012.143999999,5987331.56,1.02,23913590.72179556
2025-06-09,2526000.0,809200.0,4170400.0,2120000.0,5900736.0,6348174.0,5694305.864,5928410.399999999,1.02,23871627.281795558
2025-06-10,2526000.0,809200.0,4170400.0,2120000.0,5909829.6,6388634.0,5694097.344,5931132.4799999995,1.02,23923694.441795558
2025-06-11,2526000.0,809200.0,4170400.0,2120000.0,5920944.0,6364358.0,5698893.304,5946744.16,1.02,23930940.48179556
2025-06-12,2526000.0,809200.0,4170400.0,2120000.0,5942667.6,6376496.0,5697016.624,5991654.24,1.02,24007835.48179556
2025-06-13,2526000.0,809200.0,4170400.0,2120000.0,5901241.199999999,6291530.0,5697558.776,6079793.24,1.02,23970124.233795557
2025-06-16,2526000.0,809200.0,4170400.0,2120000.0,5934079.2,6384588.0,5698601.376,6050174.72,1.02,24067444.31379556
2025-06-17,2526000.0,809200.0,4170400.0,2120000.0,5920438.8,6315806.0,5703730.967999999,6011427.48,1.02,23951404.26579556
2025-06-18,2526000.0,809200.0,4170400.0,2120000.0,5955802.800000001,6315806.0,5703730.967999999,6001100.96,1.02,23976441.74579556
2025-06-19,2526000.0,809200.0,4170400.0,2120000.0,5940646.8,6315806.0,5703772.672,5967077.079999999,1.02,23927303.56979556
2025-06-20,2526000.0,809200.0,4170400.0,2120000.0,5970453.6,6283438.0,5705023.791999999,5966676.4,1.02,23925592.80979556
2025-06-23,2526000.0,809200.0,4170400.0,2120000.0,6005312.4,6352220.0,5704690.159999999,5970920.640000001,1.02,24033144.21779556
2025-06-24,2526000.0,809200.0,4170400.0,2120000.0,6018952.8,6445278.0,5700728.28,5901113.28,1.02,24066073.37779556
2025-06-25,2526000.0,809200.0,4170400.0,2120000.0,6064925.999999999,6457416.0,5697016.624,5920566.4,1.02,24139926.04179556
2025-06-26,2526000.0,809200.0,4170400.0,2120000.0,6092206.8,6514060.000000001,5700311.239999999,5936977.319999999,1.02,24243556.37779556
2025-06-27,2526000.0,809200.0,4170400.0,2120000.0,5998239.600000001,6542382.000000001,5701187.024,5857723.24,1.02,24099532.88179556
2025-06-30,2544900.0,742100.0,4413800.0,2180400.0,6031921.98,6033273.000000001,6032958.392,6033011.9916,199.03,24131364.39445128
2025-07-01,2544900.0,742100.0,4413800.0,2180400.0,6093508.5600000005,5977615.5,6036886.674,6099621.0312,199.03,24207830.79605128
2025-07-02,2544900.0,742100.0,4413800.0,2180400.0,6106742.04,6022141.5,6041256.336,6082576.844400001,199.03,24252915.75125128
2025-07-03,2544900.0,742100.0,4413800.0,2180400.0,6108268.9799999995,6077799.0,6041653.578000001,6125308.3236,199.03,24353228.91245128
2025-07-04,2544900.0,742100.0,4413800.0,2180400.0,6166801.68,6077799.0,6041874.268,6091717.0812,199.03,24378391.060051277
2025-07-07,2544900.0,742100.0,4413800.0,2180400.0,6198358.44,6029562.5,6043154.2700000005,6058782.1392,199.03,24330056.38005128
2025-07-08,2544900.0,742100.0,4413800.0,2180400.0,6184615.98,6033273.000000001,6040505.989999999,6088093.256399999,199.03,24346687.257251278
2025-07-09,2544900.0,742100.0,4413800.0,2180400.0,6218208.66,6077799.0,6040947.37,6024120.3204,199.03,24361274.38125128
2025-07-10,2544900.0,742100.0,4413800.0,2180400.0,6250783.38,6066667.500000001,6033355.634,6074097.268800001,199.03,24425102.81365128
2025-07-11,2544900.0,742100.0,4413800.0,2180400.0,6193777.62,6051825.499999999,6031501.8379999995,6073438.788000001,199.03,24350742.776851278
2025-07-14,2544900.0,742100.0,4413800.0,2180400.0,6237549.9,6070378.0,6028544.592,6134119.319999999,199.03,24470790.842851277
2025-07-15,2544900.0,742100.0,4413800.0,2180400.0,6180544.14,6077799.0,6037416.33,6123250.026,199.03,24419208.526851278
2025-07-16,2544900.0,742100.0,4413800.0,2180400.0,6157640.04,6088930.5,6035474.258,6094597.389599999,199.03,24376841.21845128
2025-07-17,2544900.0,742100.0,4413800.0,2180400.0,6145933.5,6126035.500000001,6035209.430000001,6082823.2296,199.03,24390200.69045128
2025-07-18,2544900.0,742100.0,4413800.0,2180400.0,6175963.32,6126035.500000001,6034414.9459999995,6103079.1456,199.03,24439691.94245128
2025-07-21,2544900.0,742100.0,4413800.0,2180400.0,6175454.34,6159430.000000001,6028897.696,6133131.5988,199.03,24497112.66565128
2025-07-22,2544900.0,742100.0,4413800.0,2180400.0,6186142.92,6122325.0,6022056.306000001,6156843.4488,199.03,24487566.70565128
2025-07-23,2544900.0,742100.0,4413800.0,2180400.0,6194286.600000001,6144587.999999999,6016274.228,6220982.0952,199.03,24576329.95405128
2025-07-24,2544900.0,742100.0,4413800.0,2180400.0,6145424.5200000005,6155719.5,6000825.928,6117157.9884,199.03,24419326.96725128
2025-07-25,2544900.0,742100.0,4413800.0,2180400.0,6102670.2,6174272.0,6002723.862,6107771.366400001,199.03,24387636.45925128
2025-07-28,2544900.0,742100.0,4413800.0,2180400.0,6081293.04,6200245.5,6011110.082,6088505.352,199.03,24381353.004851278
2025-07-29,2544900.0,742100.0,4413800.0,2180400.0,6046173.42,6189114.0,5995220.402,6056065.3608,199.03,24286772.213651277
2025-07-30,2544900.0,742100.0,4413800.0,2180400.0,6071622.42,6192824.500000001,6009609.390000001,6071626.8756,199.03,24345882.21645128
2025-07-31,2544900.0,742100.0,4413800.0,2180400.0,5999856.24,6166851.0,6016892.16,6053182.872,199.03,24236981.30285128
2025-08-01,2544900.0,742100.0,4413800.0,2180400.0,5997820.319999999,6044404.5,6017245.264,6052607.2464000005,199.03,24112276.36125128
2025-08-04,2544900.0,742100.0,4413800.0,2180400.0,6033448.92,6148298.5,6018348.714,6121111.0536,199.03,24321406.21845128
2025-08-05,2544900.0,742100.0,4413800.0,2180400.0,6108777.96,6100062.000000001,6020334.924,6151327.0368,199.03,24380700.95165128
2025-08-06,2544900.0,742100.0,4413800.0,2180400.0,6114885.72,6181693.0,6023292.17,6145644.914399999,199.03,24465714.835251275
2025-08-07,2544900.0,742100.0,4413800.0,2180400.0,6134226.96,6196535.0,6028279.764,6168617.6088,199.03,24527858.36365128
2025-08-08,2544900.0,742100.0,4413800.0,2180400.0,6143388.600000001,6259613.5,6028500.454000001,6177262.8948,199.03,24608964.47965128
2025-08-11,2544900.0,742100.0,4413800.0,2180400.0,6102161.220000001,6237350.499999999,6016097.676,6116911.6032,199.03,24472720.03005128
2025-08-12,2544900.0,742100.0,4413800.0,2180400.0,6125065.32,6322692.0,6012434.222,6100443.042,199.03,24560833.614851277
2025-08-13,2544900.0,742100.0,4413800.0,2180400.0,6092999.58,6318981.5,6014067.328,6111970.816799999,199.03,24538218.255651277
2025-08-14,2544900.0,742100.0,4413800.0,2180400.0,6091472.640000001,6315271.0,6009212.147999999,6112712.152799999,199.03,24528866.97165128
2025-08-15,2544900.0,742100.0,4413800.0,2180400.0,6073149.36,6285587.000000001,6004136.278,6100691.607600001,199.03,24463763.27645128
2025-08-18,2544900.0,742100.0,4413800.0,2180400.0,6090454.680000001,6281876.5,5985112.800000001,6107607.836399999,199.03,24465250.847251277
2025-08-19,2544900.0,742100.0,4413800.0,2180400.0,6093508.5600000005,6196535.0,5991247.982000001,6096409.302,199.03,24377899.87485128
2025-08-20,2544900.0,742100.0,4413800.0,2180400.0,6140334.72,6163140.5,5986878.32,6074180.124,199.03,24364732.69485128
2025-08-21,2544900.0,742100.0,4413800.0,2180400.0,6171891.4799999995,6126035.500000001,5994425.918,6088010.4012,199.03,24380562.330051277
2025-08-22,2544900.0,742100.0,4413800.0,2180400.0,6152041.260000001,6222508.5,5988908.668,6086859.149999999,199.03,24450516.60885128
2025-08-25,2544900.0,742100.0,4413800.0,2180400.0,6204975.180000001,6192824.500000001,5997780.406,6117733.614,199.03,24513512.73085128
2025-08-26,2544900.0,742100.0,4413800.0,2180400.0,6191741.699999999,6218798.000000001,6000031.444,6127449.4764,199.03,24538219.65125128
2025-08-27,2544900.0,742100.0,4413800.0,2180400.0,6082311.0,6222508.5,5996279.714,6135024.186000001,199.03,24436322.430851277
2025-08-28,2544900.0,742100.0,4413800.0,2180400.0,6092999.58,6255903.0,5985730.732,6148939.4988,199.03,24483771.84165128
2025-08-29,2544900.0,742100.0,4413800.0,2180400.0,6065514.66,6177982.499999999,5989703.152,6163430.4372,199.03,24396829.780051276
2025-09-01,2544900.0,742100.0,4413800.0,2180400.0,6056862.0,6181693.0,5995043.85,6264949.8612,199.03,24498747.742051277
2025-09-02,2544900.0,742100.0,4413800.0,2180400.0,6108777.96,6133456.5,5996721.094,6306610.7639999995,199.03,24545765.34885128
2025-09-03,2544900.0,742100.0,4413800.0,2180400.0,6041592.600000001,6181693.0,6006166.626,6377748.4944,199.03,24607399.75125128
2025-09-04,2544900.0,742100.0,4413800.0,2180400.0,6055844.04,6237350.499999999,6004489.382,6379231.1663999995,199.03,24677114.119251277
2025-09-05,2544900.0,742100.0,4413800.0,2180400.0,6026832.18,6244771.499999999,5996191.438,6397260.893999999,199.03,24665255.042851277
2025-09-08,2544900.0,742100.0,4413800.0,2180400.0,6032939.94,6270744.999999999,5988334.874,6473256.5556,199.03,24765475.400451276
2025-09-09,2544900.0,742100.0,4413800.0,2180400.0,6059406.899999999,6285587.000000001,5984318.316000001,6558226.7436,199.03,24887737.99045128
2025-09-10,2544900.0,742100.0,4413800.0,2180400.0,6049227.3,6293008.0,5971650.71,6540441.2208,199.03,24854526.261651278
2025-09-11,2544900.0,742100.0,4413800.0,2180400.0,6069077.52,6330112.999999999,5980478.3100000005,6515000.3136,199.03,24894868.174451277
2025-09-12,2544900.0,742100.0,4413800.0,2180400.0,6024287.28,6352376.0,5986172.112,6545464.8624,199.03,24908499.28525128
2025-09-15,2544900.0,742100.0,4413800.0,2180400.0,5978479.08,6411744.0,5985995.5600000005,6527845.05,199.03,24904262.72085128
2025-09-16,2544900.0,742100.0,4413800.0,2180400.0,5956083.96,6400612.5,5995705.92,6610591.23,199.03,24963192.640851278
2025-09-17,2544900.0,742100.0,4413800.0,2180400.0,5974916.22,6385770.5,6003606.622,6556414.8312,199.03,24920907.20405128
2025-09-18,2544900.0,742100.0,4413800.0,2180400.0,5857341.84,6452559.5,5995661.782,6499026.7032,199.03,24804788.856051277
2025-09-19,2544900.0,742100.0,4413800.0,2180400.0,5891952.4799999995,6500796.0,5985510.042,6515575.9392,199.03,24894033.492051277
2025-09-22,2544900.0,742100.0,4413800.0,2180400.0,5848689.18,6534190.5,5992792.812,6615944.112,199.03,24991815.634851277
2025-09-23,2544900.0,742100.0,4413800.0,2180400.0,5893479.42,6482243.5,5986353.0778,6703794.6084,199.03,25066069.63705128
2025-09-24,2544900.0,742100.0,4413800.0,2180400.0,5887880.640000001,6463691.000000001,5975790.8544,6750808.3932,199.03,25078369.91845128
2025-09-25,2544900.0,742100.0,4413800.0,2180400.0,5840545.5,6441428.0,5980292.9304,6712027.7988,199.03,24974493.260051277
2025-09-26,2544900.0,742100.0,4413800.0,2180400.0,5843090.399999999,6471112.000000001,5984349.212599999,6721826.5164,199.03,25020577.15985128
2025-09-29,2544900.0,742100.0,4413800.0,2180400.0,5840545.5,6493375.0,5981449.346,6799302.669600001,199.03,25114871.546451278
2025-09-30,2762700.0,717400.0,4633100.0,1996900.0,6291772.98,6291598.0,6290341.3376,6291778.6037,102.56,25165593.480961792
2025-10-09,2762700.0,717400.0,4633100.0,1996900.0,6301718.7,6402795.000000001,6299324.9185,6576887.9981,102.56,25580829.17626179
2025-10-10,2762700.0,717400.0,4633100.0,1996900.0,6347579.5200000005,6173227.0,6299278.5875,6476901.2182,102.56,25297088.88536179
2025-10-13,2762700.0,717400.0,4633100.0,1996900.0,6385704.779999999,6302359.0,6305598.1359,6686152.3754,102.56,25679916.85096179
2025-10-14,2762700.0,717400.0,4633100.0,1996900.0,6501738.180000001,6262902.0,6309619.666700001,6787345.2829,102.56,25861707.689261794
2025-10-15,2762700.0,717400.0,4633100.0,1996900.0,6534890.58,6302359.0,6307516.2393,6919080.7759,102.56,26063949.15486179
2025-10-16,2762700.0,717400.0,4633100.0,1996900.0,6574673.46,6277250.0,6310509.2219,6984758.8169,102.56,26147294.058461793
2025-10-17,2762700.0,717400.0,4633100.0,1996900.0,6554782.02,6316707.0,6315517.603,7194009.9741,102.56,26381119.15676179
2025-10-20,2762700.0,717400.0,4633100.0,1996900.0,6556992.180000001,6399208.0,6306015.114899999,7028794.4557,102.56,26291112.31026179
2025-10-21,2762700.0,717400.0,4633100.0,1996900.0,6577988.699999999,6392034.0,6310509.2219,7121318.820300001,102.56,26401953.301861793
2025-10-22,2762700.0,717400.0,4633100.0,1996900.0,6619429.2,6331054.999999999,6308776.4425,6844654.316,102.56,26104017.51816179
2025-10-23,2762700.0,717400.0,4633100.0,1996900.0,6653686.68,6381273.0,6305454.509799999,6789607.7706,102.56,26130124.52006179
2025-10-24,2762700.0,717400.0,4633100.0,1996900.0,6617219.04,6449426.0,6302225.2391,6749114.6324,102.56,26118087.47116179
2025-10-27,2762700.0,717400.0,4633100.0,1996900.0,6622191.899999999,6560623.0,6306765.6771,6714051.0653,102.56,26203734.20206179
2025-10-28,2762700.0,717400.0,4633100.0,1996900.0,6613903.800000001,6607254.000000001,6319214.8168,6467851.267399999,102.56,26008326.44386179
2025-10-29,2762700.0,717400.0,4633100.0,1996900.0,6558649.800000001,6635950.0,6320433.3220999995,6584805.7066,102.56,26099941.38836179
2025-10-30,2762700.0,717400.0,4633100.0,1996900.0,6566385.359999999,6539101.0,6326655.5754,6541447.0169,102.56,25973691.51196179
2025-10-31,2762700.0,717400.0,4633100.0,1996900.0,6563070.12,6571384.0,6333721.0529000005,6646639.715100001,102.56,26114917.44766179
2025-11-03,2762700.0,717400.0,4633100.0,1996900.0,6650371.44,6600079.999999999,6334471.6151,6635554.9232,102.56,26220580.53796179
2025-11-04,2762700.0,717400.0,4633100.0,1996900.0,6722201.64,6463774.0,6333114.1168,6610142.3738,102.56,26129334.69026179
2025-11-05,2762700.0,717400.0,4633100.0,1996900.0,6722201.64,6513992.0,6333813.7149,6563165.3013,102.56,26133275.21586179
2025-11-06,2762700.0,717400.0,4633100.0,1996900.0,6719991.4799999995,6384860.0,6327827.7497000005,6620624.1019,102.56,26053405.89126179
2025-11-07,2762700.0,717400.0,4633100.0,1996900.0,6721649.1,6363337.999999999,6325015.458000001,6620849.7516,102.56,26030954.86926179
2025-11-10,2762700.0,717400.0,4633100.0,1996900.0,6783533.58,6506818.0,6327308.8425,6741348.6883000005,102.56,26359111.670461792
2025-11-11,2762700.0,717400.0,4633100.0,1996900.0,6802319.94,6485295.999999999,6328013.0737,6827914.3033,102.56,26443645.87666179
2025-11-12,2762700.0,717400.0,4633100.0,1996900.0,6852601.08,6478122.0,6329977.5081,6813738.310199999,102.56,26474541.45796179
2025-11-13,2762700.0,717400.0,4633100.0,1996900.0,6842655.359999999,6348990.0,6327684.1236,6916590.6416,102.56,26436022.68486179
2025-11-14,2762700.0,717400.0,4633100.0,1996900.0,6818343.6,6348990.0,6327077.1875,6836660.7253,102.56,26331174.07246179
2025-11-17,2762700.0,717400.0,4633100.0,1996900.0,6764194.68,6295185.0,6329792.1841,6716237.6708,102.56,26105512.094561793
2025-11-18,2762700.0,717400.0,4633100.0,1996900.0,6715571.16,6223445.000000001,6329416.903,6611951.5652,102.56,25880487.187861793
2025-11-19,2762700.0,717400.0,4633100.0,1996900.0,6732147.359999999,6259315.0,6327359.8066,6744062.4754,102.56,26062987.201661788
2025-11-20,2762700.0,717400.0,4633100.0,1996900.0,6761431.98,6115835.0,6328434.6858,6705380.5255,102.56,25911184.75096179
2025-11-21,2762700.0,717400.0,4633100.0,1996900.0,6682418.76,6158879.000000001,6327591.4616,6665490.4511,102.56,25834482.232361794
2025-11-24,2762700.0,717400.0,4633100.0,1996900.0,6639320.64,6316707.0,6328666.3408,6676349.5933,102.56,25961146.13376179
2025-11-25,2762700.0,717400.0,4633100.0,1996900.0,6680761.140000001,6352577.0,6326233.9633,6788100.1111,102.56,26147774.77406179
2025-11-26,2762700.0,717400.0,4633100.0,1996900.0,6642083.34,6406382.0,6317574.6994,6785310.4418,102.56,26151453.040861793
2025-11-27,2762700.0,717400.0,4633100.0,1996900.0,6655344.3,6402795.000000001,6311306.115099999,6805443.1876,102.56,26174991.16236179
2025-11-28,2762700.0,717400.0,4633100.0,1996900.0,6644293.499999999,6453012.999999999,6317014.0943,6835454.597700001,102.56,26249877.75166179
2025-12-01,2762700.0,717400.0,4633100.0,1996900.0,6690154.32,6427904.000000001,6319821.7529,6909503.6435,102.56,26347486.276061792
2025-12-02,2762700.0,717400.0,4633100.0,1996900.0,6684628.92,6485295.999999999,6316638.8132,6883713.68,102.56,26370379.97286179
2025-12-03,2762700.0,717400.0,4633100.0,1996900.0,6651476.52,6496057.0,6313928.4497,6848877.759500001,102.56,26310442.28886179
2025-12-04,2762700.0,717400.0,4633100.0,1996900.0,6620534.279999999,6485295.999999999,6302739.5132,6843372.3062,102.56,26252044.65906179
2025-12-05,2762700.0,717400.0,4633100.0,1996900.0,6584066.64,6517579.000000001,6314581.7168,6894874.3541,102.56,26311204.270561792
2025-12-08,2762700.0,717400.0,4633100.0,1996900.0,6567490.44,6503231.0,6314489.0548,6877305.6279,102.56,26262618.68236179
2025-12-09,2762700.0,717400.0,4633100.0,1996900.0,6532127.88,6513992.0,6316967.7633,6827009.7076,102.56,26190199.910561793
2025-12-10,2762700.0,717400.0,4633100.0,1996900.0,6501185.640000001,6539101.0,6316921.4322999995,6854155.5662,102.56,26211466.198161792
2025-12-11,2762700.0,717400.0,4633100.0,1996900.0,6490134.840000001,6510404.999999999,6321225.5822,6864713.1765,102.56,26186581.158361793
2025-12-12,2762700.0,717400.0,4633100.0,1996900.0,6464718.0,6381273.0,6314442.7238,6949920.899499999,102.56,26110457.18296179
2025-12-15,2762700.0,717400.0,4633100.0,1996900.0,6488477.22,6348990.0,6308452.1255,7040106.8942,102.56,26186128.79936179
2025-12-16,2762700.0,717400.0,4633100.0,1996900.0,6455324.819999999,6359751.0,6311352.4461,6954218.2283,102.56,26080749.05406179
2025-12-17,2762700.0,717400.0,4633100.0,1996900.0,6460297.68,6237793.0,6318278.9306,7010321.1338,102.56,26026793.30406179
2025-12-18,2762700.0,717400.0,4633100.0,1996900.0,6526049.94,6331054.999999999,6318371.592599999,7030605.644,102.56,26206184.73626179
2025-12-19,2762700.0,717400.0,4633100.0,1996900.0,6516656.76,6409969.0,6322629.4115,7030228.2299,102.56,26279585.96106179
2025-12-22,2762700.0,717400.0,4633100.0,1996900.0,6477978.960000001,6440458.499999999,6318746.873699999,7154195.7819,102.56,26391482.675261788
2025-12-23,2762700.0,717400.0,4633100.0,1996900.0,6489582.300000001,6468078.4,6325534.3652,7255690.2213,102.56,26538987.84616179
2025-12-24,2762700.0,717400.0,4633100.0,1996900.0,6494002.62,6480632.9,6326048.6393,7261573.0887,102.56,26562359.80766179
2025-12-25,2762700.0,717400.0,4633100.0,1996900.0,6503948.34,6473458.9,6324223.1979,7227262.3529,102.56,26528995.350461792
2025-12-26,2762700.0,717400.0,4633100.0,1996900.0,6492345.0,6467361.0,6326275.661200001,7256219.3998,102.56,26542303.62066179
2025-12-29,2762700.0,717400.0,4633100.0,1996900.0,6496212.78,6434360.6,6313655.0967999995,7234275.4657,102.56,26478606.50216179
2025-12-30,2762700.0,717400.0,4633100.0,1996900.0,6487372.14,6420012.6,6311491.4391,7074868.9294,102.56,26293847.66816179
2025-12-31,2787200.0,738400.0,4803500.0,1861400.0,6547132.800000001,6547762.0,6547770.9375,6547638.3032,54.03,26190358.07105959
2026-01-05,2787200.0,738400.0,4803500.0,1861400.0,6542115.84,6580990.0,6544691.894,6672400.499600001,54.03,26340252.26395959
2026-01-06,2787200.0,738400.0,4803500.0,1861400.0,6548247.680000001,6637477.600000001,6534686.2035,6735730.9118,54.03,26456196.42565959
2026-01-07,2787200.0,738400.0,4803500.0,1861400.0,6513686.4,6642277.2,6529411.9605,6713308.4874,54.03,26398738.078259587
2026-01-08,2787200.0,738400.0,4803500.0,1861400.0,6472435.84,6604988.0,6536636.424500001,6689903.2438,54.03,26304017.538659588
2026-01-09,2787200.0,738400.0,4803500.0,1861400.0,6475223.04,6665536.8,6539566.5595,6738543.487199999,54.03,26418923.91705959
2026-01-12,2787200.0,738400.0,4803500.0,1861400.0,6486929.279999999,6668859.6,6546839.058499999,6873990.1196,54.03,26576672.08845959
2026-01-13,2787200.0,738400.0,4803500.0,1861400.0,6504209.92,6656306.8,6551575.3095,6882775.9276,54.03,26594921.98745959
2026-01-14,2787200.0,738400.0,4803500.0,1861400.0,6437874.5600000005,6586897.2,6555773.5685,6969653.0498,54.03,26550252.40865959
2026-01-15,2787200.0,738400.0,4803500.0,1861400.0,6421151.359999999,6602772.8,6554846.493,6944559.5164,54.03,26523384.199759588
2026-01-16,2787200.0,738400.0,4803500.0,1861400.0,6368194.5600000005,6599080.8,6562954.800999999,6933454.404,54.03,26463738.595359586
2026-01-19,2787200.0,738400.0,4803500.0,1861400.0,6374883.84,6596127.2,6564660.0435,7020964.402199999,54.03,26556689.51605959
2026-01-20,2787200.0,738400.0,4803500.0,1861400.0,6466304.0,6452139.199999999,6569348.259500001,7092728.817799999,54.03,26580574.30765959
2026-01-21,2787200.0,738400.0,4803500.0,1861400.0,6411674.879999999,6540008.8,6570472.2785,7303245.7122,54.03,26825455.701059587
2026-01-22,2787200.0,738400.0,4803500.0,1861400.0,6420036.4799999995,6589850.8,6567052.186500001,7275551.803,54.03,26852545.29985959
2026-01-23,2787200.0,738400.0,4803500.0,1861400.0,6398296.319999999,6603880.4,6573301.54,7453805.0512,54.03,27029337.34155959
2026-01-26,2787200.0,738400.0,4803500.0,1861400.0,6430627.84,6623448.000000001,6576087.569999999,7682666.0426,54.03,27312883.48295959
2026-01-27,2787200.0,738400.0,4803500.0,1861400.0,6399411.199999999,6682889.199999999,6573935.602,7680557.0764,54.03,27336847.108759586
2026-01-28,2787200.0,738400.0,4803500.0,1861400.0,6413347.2,6694703.6,6581116.8345,7954052.5784,54.03,27643274.243259586
2026-01-29,2787200.0,738400.0,4803500.0,1861400.0,6505882.24,6660368.0,6581505.918,8344226.216600001,54.03,28092036.40495959
2026-01-30,2787200.0,738400.0,4803500.0,1861400.0,6499192.96,6567329.600000001,6584969.2415,7813825.870800001,54.03,27465371.70265959
2026-02-02,2787200.0,738400.0,4803500.0,1861400.0,6422823.68,6616064.000000001,6582091.945,6914475.5696,54.03,26535509.22495959
2026-02-03,2787200.0,738400.0,4803500.0,1861400.0,6406657.92,6505673.199999999,6583115.0905,7368543.6242,54.03,26864043.865059588
2026-02-04,2787200.0,738400.0,4803500.0,1861400.0,6501980.16,6384206.4,6583263.999,7652933.900400001,54.03,27122438.48975959
2026-02-05,2787200.0,738400.0,4803500.0,1861400.0,6578906.88,6299659.6,6586583.2175,7419503.172,54.03,26884706.89985959
2026-02-06,2787200.0,738400.0,4803500.0,1861400.0,6556609.279999999,6435894.399999999,6591415.538500001,7341060.0532,54.03,26925033.302059587
2026-02-09,2787200.0,738400.0,4803500.0,1861400.0,6588940.8,6479090.8,6593615.541499999,7489791.497400001,54.03,27151492.66925959
2026-02-10,2787200.0,738400.0,4803500.0,1861400.0,6607336.32,6437740.4,6595368.819,7494290.5012,54.03,27134790.07055959
2026-02-11,2787200.0,738400.0,4803500.0,1861400.0,6623502.079999999,6454354.399999999,6600105.07,7536534.9742,54.03,27214550.55455959
2026-02-12,2787200.0,738400.0,4803500.0,1861400.0,6562741.12,6324765.2,6605283.243,7533091.3842,54.03,27025934.97755959
2026-02-13,2787200.0,738400.0,4803500.0,1861400.0,6494733.44,6331410.800000001,6601181.0540000005,7441644.525,54.03,26869023.84935959
2026-02-24,2787200.0,738400.0,4803500.0,1861400.0,6531524.4799999995,6394544.0,6602843.0649999995,7700237.6586,54.03,27229203.233959585
2026-02-25,2787200.0,738400.0,4803500.0,1861400.0,6520375.68,6476137.2,6595906.811,7686319.9708,54.03,27278793.69215959
2026-02-26,2787200.0,738400.0,4803500.0,1861400.0,6508669.4399999995,6392328.8,6588975.3604999995,7678658.448400001,54.03,27168686.07925959
2026-02-27,2787200.0,738400.0,4803500.0,1861400.0,6528737.28,6373868.8,6595176.6790000005,7668186.212,54.03,27166023.00135959
2026-03-02,2787200.0,738400.0,4803500.0,1861400.0,6591728.000000001,6382360.399999999,6602598.0865,8046340.7904,54.03,27623081.30725959
2026-03-03,2787200.0,738400.0,4803500.0,1861400.0,6656391.04,6300398.000000001,6601032.1455,7929731.526,54.03,27487606.74185959
2026-03-04,2787200.0,738400.0,4803500.0,1861400.0,6575004.8,6398605.2,6604889.356,7736015.628,54.03,27314569.014359586
2026-03-05,2787200.0,738400.0,4803500.0,1861400.0,6587825.92,6369807.6,6605821.235,7711975.647000001,54.03,27275484.43235959
2026-03-06,2787200.0,738400.0,4803500.0,1861400.0,6619042.5600000005,6276030.8,6603770.140500001,7642882.340399999,54.03,27141779.87125959
2026-03-09,2787200.0,738400.0,4803500.0,1861400.0,6622387.199999999,6369807.6,6592784.535999999,7649488.449,54.03,27234521.815359585
2026-03-10,2787200.0,738400.0,4803500.0,1861400.0,6602319.359999999,6351716.8,6593807.6815,7679010.2530000005,54.03,27226908.124859586
2026-03-11,2787200.0,738400.0,4803500.0,1861400.0,6671441.920000001,6348024.8,6592001.5655000005,7716755.722200001,54.03,27328278.038059592
2026-03-12,2787200.0,738400.0,4803500.0,1861400.0,6706560.640000001,6242433.600000001,6595027.7705,7689905.0272,54.03,27233981.06805959
2026-03-13,2787200.0,738400.0,4803500.0,1861400.0,6716594.5600000005,6208098.000000001,6590930.385,7586861.646000001,54.03,27102538.62135959
2026-03-16,2787200.0,738400.0,4803500.0,1861400.0,6719939.2,6281938.0,6584287.1445,7475875.670999999,54.03,27062094.04585959
2026-03-17,2787200.0,738400.0,4803500.0,1861400.0,6737777.28,6305197.6,6586386.274,7484732.212199999,54.03,27114147.39655959
2026-03-18,2787200.0,738400.0,4803500.0,1861400.0,6714364.8,6210313.2,6592880.606000001,7457248.6411999995,54.03,26974861.27755959
2026-03-19,2787200.0,738400.0,4803500.0,1861400.0,6693182.080000001,6198129.600000001,6590584.533000001,7116206.656,54.03,26598156.89935959
2026-03-20,2787200.0,738400.0,4803500.0,1861400.0,6673114.24,6075555.2,6590978.42,6985538.2374,54.03,26325240.12775959
2026-03-23,2787200.0,738400.0,4803500.0,1861400.0,6449023.36,6161209.6,6589705.492500001,6202378.385600001,54.03,25402370.86845959
2026-03-24,2787200.0,738400.0,4803500.0,1861400.0,6576119.68,6105460.399999999,6592001.5655000005,6569215.652000001,54.03,25842851.327859588
2026-03-25,2787200.0,738400.0,4803500.0,1861400.0,6619600.0,6143488.0,6594412.9225,6809535.4218,54.03,26167090.37465959
2026-03-26,2787200.0,738400.0,4803500.0,1861400.0,6616255.36,6009099.2,6596031.7020000005,6648220.9136,54.03,25869661.20595959
2026-03-27,2787200.0,738400.0,4803500.0,1861400.0,6591728.000000001,5900185.2,6598289.347,6664809.7104,54.03,25755066.28775959
2026-03-30,2787200.0,738400.0,4803500.0,1861400.0,6648586.880000001,5860680.8,6605696.344,6763986.9638,54.03,25879005.01815959
2026-03-31,2733600.0,797000.0,4758300.0,1782000.0,6540411.359999999,6539385.0,6540573.606299999,6540667.056,519.36,26161556.379985865
2026-04-01,2733600.0,797000.0,4758300.0,1782000.0,6543144.960000001,6601152.500000001,6535615.4577,6726524.31,519.36,26406956.58538587
2026-04-02,2733600.0,797000.0,4758300.0,1782000.0,6571027.68,6595573.499999999,6535615.4577,6595711.254,519.36,26298447.249385867
2026-04-03,2733600.0,797000.0,4758300.0,1782000.0,6491753.28,6599558.5,6537756.6927,6639853.176,519.36,26269441.006385867
2026-04-07,2733600.0,797000.0,4758300.0,1782000.0,6452389.4399999995,6635024.999999999,6540526.0233000005,6598336.140000001,519.36,26226795.960985865
2026-04-08,2733600.0,797000.0,4758300.0,1782000.0,6509795.04,6810365.0,6542857.590299999,6802899.0479999995,519.36,26666436.03598587
2026-04-09,2733600.0,797000.0,4758300.0,1782000.0,6460590.24,6856192.499999999,6541011.369899999,6649543.692,519.36,26507857.159585867
2026-04-10,2733600.0,797000.0,4758300.0,1782000.0,6455123.04,6865756.5,6544218.4640999995,6721409.97,519.36,26587027.33178587
2026-04-13,2733600.0,797000.0,4758300.0,1782000.0,6432707.5200000005,6938283.500000001,6552045.8676,6689380.302,519.36,26612936.54728587
2026-04-14,2733600.0,797000.0,4758300.0,1782000.0,6460590.24,7056637.999999999,6556956.4332,6728138.802,519.36,26802842.832885865
2026-04-15,2733600.0,797000.0,4758300.0,1782000.0,6500500.800000001,7154270.5,6559430.7492,6772013.424,519.36,26986734.83088587
2026-04-16,2733600.0,797000.0,4758300.0,1782000.0,6493940.16,7192526.5,6559725.763800001,6792199.92,519.36,27038911.70148587
2026-04-17,2733600.0,797000.0,4758300.0,1782000.0,6480818.88,7285377.0,6568376.3532,6757680.798,519.36,27092772.388885867
2026-04-20,2733600.0,797000.0,4758300.0,1782000.0,6506514.72,7265452.0,6569151.9561,6763668.318,519.36,27105306.35178587
2026-04-21,2733600.0,797000.0,4758300.0,1782000.0,6542598.24,7229587.0,6574352.778000001,6741060.084000001,519.36,27088117.45968587
2026-04-22,2733600.0,797000.0,4758300.0,1782000.0,6514715.52,7357903.999999999,6579605.9412,6732109.098,519.36,27184853.916885868
2026-04-23,2733600.0,797000.0,4758300.0,1782000.0,6555172.800000001,7317256.999999999,6572849.1552,6657552.0,519.36,27103350.31288587
2026-04-24,2733600.0,797000.0,4758300.0,1782000.0,6549158.88,7461115.5,6568523.8605,6629961.294,519.36,27209278.892185867
2026-04-27,2733600.0,797000.0,4758300.0,1782000.0,6496673.76,7451551.500000001,6563270.6973,6655060.764,519.36,27167076.07898587
2026-04-28,2733600.0,797000.0,4758300.0,1782000.0,6522369.600000001,7377430.500000001,6566482.5498,6549281.244,519.36,27016083.25148587
2026-04-29,2733600.0,797000.0,4758300.0,1782000.0,6542598.24,7422062.5,6576298.9227,6479499.906,519.36,27020978.92638587
2026-04-30,2733600.0,797000.0,4758300.0,1782000.0,6492846.72,7496582.0,6574742.9586000005,6503050.818,519.36,27067741.85428587
2026-05-06,2733600.0,797000.0,4758300.0,1782000.0,6461683.68,7801036.0,6569979.9003,6588039.744,519.36,27421258.681985866
2026-05-07,2733600.0,797000.0,4758300.0,1782000.0,6435987.84,7783103.499999999,6571973.628,6664886.712,519.36,27456471.037685867
2026-05-08,2733600.0,797000.0,4758300.0,1782000.0,6433800.96,7967210.499999999,6572849.1552,6620473.926,519.36,27594853.898885865
2026-05-11,2733600.0,797000.0,4758300.0,1782000.0,6433254.24,7986737.000000001,6576398.847,6580435.949999999,519.36,27577345.39468587
2026-05-12,2733600.0,797000.0,4758300.0,1782000.0,6428333.76,7912616.000000001,6578145.1431,6597662.544,519.36,27517276.804785866
2026-05-13,2733600.0,797000.0,4758300.0,1782000.0,6433800.96,7995105.5,6582617.9451,6606880.83,519.36,27618924.59278587
2026-05-14,2733600.0,797000.0,4758300.0,1782000.0,6421226.4,8049700.0,6580091.2878,6598402.074,519.36,27649939.119485866
2026-05-15,2733600.0,797000.0,4758300.0,1782000.0,6380769.12,7928556.0,6579748.6902,6453055.026000001,519.36,27342648.193885867
2026-05-18,2733600.0,797000.0,4758300.0,1782000.0,6341405.279999999,7894683.5,6585729.873299999,6412074.372,519.36,27234412.382985868
2026-05-19,2733600.0,797000.0,4758300.0,1782000.0,6382956.0,7840487.5,6592339.152,6401239.812,519.36,27217541.82168587
2026-05-20,2733600.0,797000.0,4758300.0,1782000.0,6361087.2,7972391.0,6592534.2423,6317598.078,519.36,27244129.87798587
2026-05-21,2733600.0,797000.0,4758300.0,1782000.0,6328830.72,7983947.5,6590345.4243,6358780.098,519.36,27262423.099985868
2026-05-22,2733600.0,797000.0,4758300.0,1782000.0,6309148.8,8020211.000000001,6587233.496099999,6363019.476,519.36,27280132.12978587
2026-05-25,2733600.0,797000.0,4758300.0,1782000.0,6300401.28,8013436.500000001,6590445.3486,6393905.1,519.36,27298707.58628587
2026-05-26,2733600.0,797000.0,4758300.0,1782000.0,6318443.04,8150520.5,6593847.5331,6361606.35,519.36,27424936.780785866
2026-05-27,2733600.0,797000.0,4758300.0,1782000.0,6280172.640000001,8143347.499999999,6602012.7759,6300977.364,519.36,27327029.637585867
2026-05-28,2733600.0,797000.0,4758300.0,1782000.0,6250103.04,8205513.5,6605947.890000001,6168145.302,519.36,27230229.08968587
2026-05-29,2733600.0,797000.0,4758300.0,1782000.0,6372568.32,8227431.0,6610325.526,6316320.384000001,519.36,27527164.58768587
2026-06-01,2733600.0,797000.0,4758300.0,1782000.0,6464417.279999999,8274454.0,6614941.0770000005,6288259.2299999995,519.36,27642590.944685865
2026-06-02,2733600.0,797000.0,4758300.0,1782000.0,6456763.2,8316695.0,6616544.624100001,6331729.3379999995,519.36,27722251.51978587
2026-06-03,2733600.0,797000.0,4758300.0,1782000.0,6404278.08,8291988.0,6613385.1129,6237992.574,519.36,27548163.124585867
2026-06-04,2733600.0,797000.0,4758300.0,1782000.0,6326643.84,8251739.5,6617662.8246,6248759.418,519.36,27445324.940285865
2026-06-05,2733600.0,797000.0,4758300.0,1782000.0,6343592.16,7854435.0,6612609.51,6248019.888,519.36,27059175.915685866
2026-06-08,2733600.0,797000.0,4758300.0,1782000.0,6362180.64,7981556.5,6608426.9643,6033832.398,519.36,26986515.85998587
2026-06-09,2733600.0,797000.0,4758300.0,1782000.0,6367647.840000001,7886315.0,6603326.066699999,6059067.3,519.36,26916875.56438587
2026-06-10,2733600.0,797000.0,4758300.0,1782000.0,6410292.000000001,7728508.999999999,6596811.954,5870854.242000001,519.36,26606986.55368587
2026-06-11,2733600.0,797000.0,4758300.0,1782000.0,6353979.84,7983947.5,6593309.8452,5744954.16,519.36,26676710.70288587
2026-06-12,2733600.0,797000.0,4758300.0,1782000.0,6413025.600000001,8030572.0,6596326.607399999,5818367.214,519.36,26858810.779085867
2026-06-15,2733600.0,797000.0,4758300.0,1782000.0,6350152.8,8270469.000000001,6596616.8637,6010347.42,519.36,27228105.44138587
2026-06-16,2733600.0,797000.0,4758300.0,1782000.0,6256663.680000001,8117445.0,6604491.8502,6029459.37,519.36,27008579.25788587
2026-06-17,2733600.0,797000.0,4758300.0,1782000.0,6224407.2,8035354.000000001,6608331.7983,6021048.33,519.36,26889660.685985867
2026-06-18,2733600.0,797000.0,4758300.0,1782000.0,6075699.359999999,8237393.5,6609887.762399999,5999716.007999999,519.36,26923215.988085866
2026-06-22,2733600.0,797000.0,4758300.0,1782000.0,6085540.32,8223047.500000001,6608426.9643,5861366.874000001,519.36,26778901.01598587
2026-06-23,2733600.0,797000.0,4758300.0,1782000.0,6117250.08,7954857.0,6605562.467700001,5762583.486,519.36,26440772.39138587
2026-06-24,2733600.0,797000.0,4758300.0,1782000.0,6001345.4399999995,7922578.5,6605367.3774,5733244.638,519.36,26263055.313085865
2026-06-25,2733600.0,797000.0,4758300.0,1782000.0,5935192.319999999,7983549.0,6611020.2378,5608353.168,519.36,26138634.083485868
2026-06-26,2733600.0,797000.0,4758300.0,1782000.0,5906762.88,7890698.499999999,6614113.1328,5664204.612,519.36,26076298.482485864
2026-06-29,2733600.0,797000.0,4758300.0,1782000.0,5947766.880000001,8069226.499999999,6623139.6279,5683583.862,519.36,26324236.227585867
2026-06-30,3078200.0,638900.0,4724600.0,2078100.0,6567647.52,6570447.600000001,6569948.441799999,6569985.8835,77.59,26278107.036949687
2026-07-01,3078200.0,638900.0,4724600.0,2078100.0,6632905.359999999,6466626.35,6561907.1726,6493790.2689,77.59,26155306.743149687
2026-07-02,3078200.0,638900.0,4724600.0,2078100.0,6683387.839999999,6363444.000000001,6564637.9914,6629625.2754,77.59,26241172.698449686
2026-07-03,3078200.0,638900.0,4724600.0,2078100.0,6700625.76,6359610.600000001,6562738.7022,6808541.373000001,77.59,26431594.02684969
2026-07-06,3078200.0,638900.0,4724600.0,2078100.0,6836066.5600000005,6441389.800000001,6568970.4496,6784373.07,77.59,26630877.471249692
2026-07-07,3078200.0,638900.0,4724600.0,2078100.0,6802206.36,6326068.350000001,6569022.4202000005,6745371.2891999995,77.59,26442746.011049688
2026-07-08,3078200.0,638900.0,4724600.0,2078100.0,6874851.88,6345235.35,6572674.535999999,6734072.6595,77.59,26526912.017149687
2026-07-09,3078200.0,638900.0,4724600.0,2078100.0,6805284.56,6443945.4,6572773.7526,6716651.947199999,77.59,26538733.25144969
2026-07-10,3078200.0,638900.0,4724600.0,2078100.0,6829294.52,6460556.8,6572820.9986000005,6705272.271600001,77.59,26568022.18184969
2026-07-13,3078200.0,638900.0,4724600.0,2078100.0,6946266.12,6337568.55,6571408.3432,6624288.7146000005,77.59,26479609.31944969
2026-07-14,3078200.0,638900.0,4724600.0,2078100.0,7005983.199999999,6408486.45,6573066.6778,6575008.6512,77.59,26562622.570649687
2026-07-15,3078200.0,638900.0,4724600.0,2078100.0,7090325.88,6382930.45,6574332.8706,6560883.8055,77.59,26608550.597749688
2026-07-16,3078200.0,638900.0,4724600.0,2078100.0,7028761.88,6280067.55,6572674.535999999,6555626.212499999,77.59,26437207.770149685
2026-07-17,3078200.0,638900.0,4724600.0,2078100.0,7050924.92,6188065.949999999,6576038.4512,6519215.8224,77.59,26334322.735249687
2026-07-20,3078200.0,638900.0,4724600.0,2078100.0,7239926.399999999,6191260.45,6574134.4374,6522825.482100001,77.59,26528224.36114969
2026-07-21,3078200.0,638900.0,4724600.0,2078100.0,7145733.48,6307220.8,6575693.5554,6626878.0272,77.59,26655603.454249687
2026-07-22,3078200.0,638900.0,4724600.0,2078100.0,7193137.760000001,6274956.350000001,6583295.4368,6716886.7725,77.59,26768353.910949692
2026-07-23,3078200.0,638900.0,4724600.0,2078100.0,7222072.84,6154843.149999999,6581103.222399999,6692088.8052,77.59,26650185.60924969
2026-07-24,3078200.0,638900.0,4724600.0,2078100.0,7162971.399999999,6087119.75,6584949.046800001,6601768.3449,77.59,26436886.133349687
2026-07-27,3078200.0,638900.0,4724600.0,2078100.0,7187597.0,6065077.7,6584074.9958,6678512.5779,77.59,26515339.865349688
2026-07-28,3078200.0,638900.0,4724600.0,2078100.0,7246698.44,6007257.25,6583441.8994,6598551.4461,77.59,26436026.62714969
2026-07-29,3078200.0,638900.0,4724600.0,2078100.0,7306415.5200000005,5881074.5,6585048.2634000005,6588663.8463,77.59,26361279.72134969
2026-07-30,3078200.0,638900.0,4724600.0,2078100.0,7427080.959999999,6077216.800000001,6591331.9814,6579011.0718,77.59,26674718.40484969
2026-07-31,3078200.0,638900.0,4724600.0,2078100.0,7398145.88,6113953.55,6596349.5066,6610556.6298,77.59,26719083.158049688
2026-08-03,3078200.0,638900.0,4724600.0,2078100.0,7407380.48,6221927.65,6595569.947600001,6596117.991,77.59,26821073.66024969
2026-08-04,3078200.0,638900.0,4724600.0,2078100.0,7247929.72,6430209.050000001,6599420.4966,6604750.4184,77.59,26882387.27664969
2026-08-05,3078200.0,638900.0,4724600.0,2078100.0,7160508.84,6375902.55,6598201.5498,6759103.374000001,77.59,26893793.90544969
2026-08-06,3078200.0,638900.0,4724600.0,2078100.0,7169743.44,6351304.9,6598447.228999999,6913693.233,77.59,27033266.39364969
2026-08-07,3078200.0,638900.0,4724600.0,2078100.0,7130342.4799999995,6427334.0,6601319.785800001,6949947.7656,77.59,27109021.623049688
2026-08-10,3078200.0,638900.0,4724600.0,2078100.0,7161124.48,6404014.15,6604584.4844,7055729.2899,77.59,27225529.99594969
2026-08-11,3078200.0,638900.0,4724600.0,2078100.0,7165433.96,6384208.25,6600587.4728,7071030.3402,77.59,27221337.61464969
2026-08-12,3078200.0,638900.0,4724600.0,2078100.0,7134036.32,6429570.149999999,6601806.419600001,7138281.8124,77.59,27303772.29364969
2026-08-13,3078200.0,638900.0,4724600.0,2078100.0,7127264.279999999,6503682.550000001,6608090.137599999,7089785.1927,77.59,27328899.751949687
2026-08-14,3078200.0,638900.0,4724600.0,2078100.0,7102023.04,6494418.499999999,6612328.103800001,7025829.5871,77.59,27234676.82254969
2026-08-17,3078200.0,638900.0,4724600.0,2078100.0,7114951.4799999995,6482918.3,6614227.393,7113012.1164,77.59,27325186.88104969
2026-08-18,3078200.0,638900.0,4724600.0,2078100.0,7146349.12,6376541.449999999,6617884.233399999,7133180.0769,77.59,27274032.47194969
2026-08-19,3078200.0,638900.0,4724600.0,2078100.0,7232538.720000001,6357693.9,6613107.6628,7058867.2209,77.59,27262285.09534969
2026-08-20,3078200.0,638900.0,4724600.0,2078100.0,7276249.16,6308498.600000001,6612814.7376,7229857.445099999,77.59,27427497.534349687
2026-08-21,3078200.0,638900.0,4724600.0,2078100.0,7235616.92,6330221.199999999,6611695.0074,7344820.0152,77.59,27522430.73424969
2026-08-24,3078200.0,638900.0,4724600.0,2078100.0,7313187.56,6270484.050000001,6617104.6744,7498703.3202,77.59,27699557.19624969
2026-08-25,3078200.0,638900.0,4724600.0,2078100.0,7302721.68,6311054.2,6616131.4068,7467157.762200001,77.59,27697142.64064969
2026-08-26,3078200.0,638900.0,4724600.0,2078100.0,7327962.92,6312012.55,6612427.320400001,7472022.5943,77.59,27724502.97634969
2026-08-27,3078200.0,638900.0,4724600.0,2078100.0,7285483.76,6402736.35,6607216.0866,7409322.161099999,77.59,27704835.949349687
2026-08-28,3078200.0,638900.0,4724600.0,2078100.0,7295949.640000001,6355457.75,6608576.7714,7429569.0894,77.59,27689630.842449687
2026-08-31,3078200.0,638900.0,4724600.0,2078100.0,7355051.080000001,6361527.300000001,6611454.0528,7182618.0759,77.59,27510728.10034969
2026-09-01,3078200.0,638900.0,4724600.0,2078100.0,7442471.960000001,6277831.4,6615006.9520000005,7151934.929400001,77.59,27487322.833049692
2026-09-02,3078200.0,638900.0,4724600.0,2078100.0,7401224.079999999,6293803.9,6614279.3636,6999227.829,77.59,27308612.76424969
2026-09-03,2865200.0,690700.0,4911500.0,2000400.0,6881064.32,6881098.75,6880338.6245,6881049.9348,18.52,27523570.152670808
