date,FAPP,DIV_bench,NDX_bench,BOND_bench,GOLD_bench
2018-12-19,9988649.94744985,10000000.0,10000000.0,10000000.0,10000000.0
2018-12-20,9963199.857449848,10000000.0,9860262.008733625,10034562.211981567,10003251.799249217
2018-12-21,9895881.88974985,9990000.0,9537117.903930131,10027326.04638763,10074035.817612318
2018-12-24,9847575.20094985,9990000.0,9331877.729257641,10010568.610275354,10102575.138081918
2018-12-26,10013754.50444985,9990000.0,9873362.445414847,10048272.841527972,10188891.27991775
2018-12-27,10018674.105549848,9990000.0,9921397.379912663,10067981.871500934,10140850.728068288
2018-12-28,10027005.839549849,9994000.0,9873362.445414847,10083977.605971739,10202252.349185854
2018-12-31,10045857.54091409,9998000.0,9943231.441048035,10086357.923601324,10201888.912799178
2019-01-02,10071561.92091409,9998000.0,9973799.126637554,10116445.138439273,10244506.611194797
2019-01-03,10003536.596914088,9998000.0,9650655.02183406,10117492.478196288,10298677.761040578
2019-01-04,10106123.63691409,10006000.0,10065502.183406115,10094165.365426362,10305181.359539011
2019-01-07,10113596.133414088,10006000.0,10152838.4279476,10082358.989983622,10257867.680462904
2019-01-08,10128198.492414089,10006000.0,10231441.048034934,10111970.141295655,10206584.893479664
2019-01-09,10145523.599914089,10006000.0,10323144.104803491,10119587.157710323,10175166.774262967
2019-01-10,10137435.79441409,10006000.0,10296943.231441049,10115112.160566706,10173722.592831695
2019-01-11,10115638.232914088,10008999.999999998,10227074.23580786,10118635.03065849,10150242.68942926
2019-01-14,10079351.77841409,10008999.999999998,10082969.43231441,10108732.90931942,10160715.395834828
2019-01-15,10116035.409414088,10008999.999999998,10275109.170305679,10102924.934303232,10118461.133825885
2019-01-16,10134434.879914088,10008999.999999998,10283842.794759825,10145104.16269947,10141577.600841643
2019-01-17,10154507.89541409,10008999.999999998,10358078.602620086,10145770.651635753,10146273.58152213
2019-01-18,10192544.332414089,10051000.000000002,10471615.720524017,10134916.403244847,10152413.743633889
2019-01-21,10184165.867414089,10057000.0,10484716.157205239,10121205.77369844,10112684.408100808
2019-01-22,10127914.98791409,10008999.999999998,10288209.606986897,10120920.135582892,10135074.00234321
2019-01-23,10142603.502414089,10053000.0,10318777.29257642,10121300.986403625,10118097.697439209
2019-01-24,10159816.75841409,10080000.0,10362445.414847163,10109970.674486803,10127126.222413504
2019-01-25,10209259.60141409,10134000.0,10515283.842794761,10107590.356857216,10118461.133825885
2019-01-28,10170739.12241409,10124000.0,10305676.855895197,10103115.3597136,10191779.642780289
2019-01-29,10175333.576914089,10192000.000000002,10187772.925764194,10120444.072056973,10244506.611194797
2019-01-30,10242482.934414089,10156000.0,10458515.283842795,10123586.091328027,10273036.367548956
2019-01-31,10280036.94691409,10192000.000000002,10558951.965065502,10136915.870053697,10272319.05889104
2019-02-01,10302042.72141409,10294000.0,10519650.655021833,10136915.870053697,10297960.452382661
2019-02-11,10360074.163414089,10380000.0,10637554.585152838,10164337.129146513,10297233.579609308
2019-02-12,10428736.29691409,10428000.0,10842794.759825327,10170621.167688616,10310231.212490736
2019-02-13,10446511.07091409,10539000.0,10829694.323144106,10169383.402521232,10283872.510341201
2019-02-14,10440029.56341409,10518000.0,10855895.19650655,10157957.877899226,10263644.406187981
2019-02-15,10419987.70691409,10338000.0,10886462.882096069,10160909.471759912,10331540.061688546
2019-02-18,10480118.683414089,10544000.0,10890829.694323145,10134821.190539664,10387518.82935227
2019-02-19,10485619.62241409,10535000.000000002,10903930.131004367,10128061.088471645,10412442.914185975
2019-02-20,10501996.99691409,10549000.0,10890829.694323145,10134440.33971893,10471673.481098918
2019-02-21,10444504.76491409,10484000.0,10794759.825327512,10124062.154853944,10413523.659230566
2019-02-22,10464844.611414088,10561000.0,10864628.820960699,10121110.560993258,10348879.802979223
2019-02-25,10564129.96741409,10967000.0,10899563.318777293,10096640.895761129,10326844.08100806
2019-02-26,10533867.98441409,10892000.0,10882096.069868997,10080264.310469588,10314927.193171222
2019-02-27,10538332.00291409,10920000.0,10855895.19650655,10100449.403968463,10310958.08526409
2019-02-28,10509900.17091409,10893000.0,10834061.135371178,10102068.019956581,10243779.738421444
2019-03-01,10544955.18741409,11015000.0,10925764.192139737,10081026.012111055,10188891.27991775
2019-03-04,10548387.120914089,11153000.0,10934497.816593887,10080645.161290323,10053453.841187863
2019-03-05,10564969.59841409,11266000.0,10934497.816593887,10076455.802262254,10009755.39774765
2019-03-06,10593321.29091409,11365000.0,10877729.25764192,10086262.710896142,10072237.763909813
2019-03-07,10543604.62341409,11304000.0,10755458.515283842,10116445.138439273,10027449.011309568
2019-03-08,10465960.74641409,10889000.0,10759825.327510918,10129203.640933845,10118097.697439209
2019-03-11,10577367.696414089,11069000.0,10982532.751091702,10135202.041360399,10152413.743633889
2019-03-12,10605237.41041409,11168000.0,11026200.873362444,10127965.87576646,10127126.222413504
2019-03-13,10637983.478414088,11137999.999999998,11109170.305676857,10132726.51102563,10200808.167754585
2019-03-14,10591555.292914089,11021000.0,11069868.995633187,10129870.129870128,10174803.337876288
2019-03-15,10670196.895914089,11197000.0,11196506.550218342,10134345.127013747,10180216.62721469
2019-03-18,10755560.624414088,11519000.0,11209606.986899562,10139772.2512092,10179499.318556774
2019-03-19,10767793.650414089,11504000.0,11240174.672489082,10140533.952850668,10212361.619204745
2019-03-20,10785833.86891409,11550000.0,11292576.419213973,10135202.041360399,10190335.46134902
2019-03-21,10839726.02341409,11557000.0,11419213.973799128,10148627.032791255,10258594.553236257
2019-03-22,10799928.38341409,11621999.999999998,11183406.113537118,10162432.875042845,10258594.553236257
2019-03-25,10782014.83741409,11494000.0,11192139.737991266,10187188.178390523,10282428.32890993
2019-03-26,10764754.585914088,11349000.0,11235807.860262008,10204136.039913164,10298314.3246539
2019-03-27,10780079.105414089,11496000.0,11187772.925764192,10185759.987812772,10278449.656887358
2019-03-28,10759003.63591409,11375000.0,11227074.235807862,10205088.166965,10256423.499031635
2019-03-29,10807482.39468471,11666000.0,11327510.917030567,10201660.5095784,10060320.876072975
2019-04-01,10901641.40028471,11962000.0,11454148.471615722,10148722.245496437,10095344.666810129
2019-04-02,10893384.504684709,11947000.000000002,11480349.344978167,10124633.43108504,10078014.48963489
2019-04-03,10939156.443484709,12096000.0,11558951.9650655,10076931.86578817,10097152.284628076
2019-04-04,10968128.777484708,12246999.999999998,11528384.279475983,10057984.537456676,10120632.18803051
2019-04-08,10997922.815484708,12205000.0,11641921.397379912,10072361.655939367,10152767.615905125
2019-04-09,10990643.40948471,12259000.0,11585152.838427948,10042179.228396237,10159271.214403559
2019-04-10,11020942.428684708,12281000.0,11641921.397379912,10039322.847240735,10205504.148435071
2019-04-11,10980895.163084708,12124000.0,11611353.71179039,10051129.222683474,10207302.20213758
2019-04-12,10961456.36068471,12099000.0,11694323.144104803,10010187.759454621,10123157.114506371
2019-04-15,10921379.93828471,12037000.0,11672489.082969433,9982195.224130707,10074399.253998995
2019-04-16,10970096.96508471,12226000.0,11711790.3930131,9968008.531058384,10071874.327523135
2019-04-17,10972971.512284707,12266999.999999998,11751091.70305677,9968770.232699849,10011563.015565598
2019-04-18,10940624.57908471,12156000.0,11733624.45414847,9995715.428266747,9975802.787939651
2019-04-19,10964762.05028471,12212000.0,11755458.515283844,9985242.030696575,10008311.216316381
2019-04-22,10903318.180284709,11923999.999999998,11786026.20087336,9959629.813002247,10026004.829878299
2019-04-23,10914291.864684708,11840000.0,11943231.441048035,9967722.892942835,9991698.347799059
2019-04-24,10901790.585084708,11856000.0,11930131.004366813,9942491.526069239,9967864.572125386
2019-04-25,10862481.61708471,11549000.0,11986899.563318778,9954297.901511976,10024197.21206035
2019-04-26,10846958.29388471,11413000.0,12004366.812227074,9966294.702365084,10056342.204050403
2019-04-29,10842925.30508471,11419999.999999998,12017467.248908296,9951822.37117721,10037921.717715133
2019-04-30,10864760.68308471,11548000.0,11934497.816593887,9983147.35118254,10051646.223369917
2019-05-06,10761140.31148471,10988000.0,11965065.502183408,10011996.800853105,10093183.176720943
2019-05-07,10738182.55668471,11090000.0,11781659.388646288,10012663.289789388,10081983.597542023
2019-05-08,10719251.893484708,10995000.0,11746724.890829694,10023136.68735956,10114128.589532077
2019-05-09,10688155.01708471,10843000.0,11703056.768558953,10047225.501770956,10144465.963704184
2019-05-10,10773573.75308471,11156000.0,11755458.515283844,10055413.794416726,10137962.365205748
2019-05-13,10676108.429084709,11061000.0,11340611.35371179,10081882.926457705,10199363.986323316
2019-05-14,10735612.396284709,10990000.0,11524017.467248907,10071599.9542979,10329378.57159936
2019-05-15,10817345.115484709,11168000.0,11729257.641921397,10079597.821533304,10290012.672452956
2019-05-16,10876828.640684709,11244000.0,11851528.384279475,10087310.050653158,10329742.007986039
2019-05-17,10785831.41348471,10976999.999999998,11755458.515283844,10089404.730167191,10304454.486765655
2019-05-20,10710467.233084708,10872000.0,11576419.213973798,10087595.68876871,10275207.42175358
2019-05-21,10757385.196684709,11004000.0,11689956.331877729,10068648.360437216,10253898.572555771
2019-05-22,10726612.69948471,10953000.0,11641921.397379912,10048748.905053888,10245587.356239391
2019-05-23,10661781.202284709,10835000.0,11467248.908296943,10055699.432532277,10254252.44482701
2019-05-24,10690078.19228471,10881000.0,11458515.283842796,10061316.982138095,10322157.66444301
2019-05-27,10710708.152684709,11017999.999999998,11445414.847161572,10037418.593137069,10316017.502331253
2019-05-28,10723169.539084708,11077000.0,11419213.973799128,10052081.349735307,10320350.046625065
2019-05-29,10697409.48868471,11030000.0,11323144.104803493,10075503.67521042,10327207.517394736
2019-05-30,10704373.612284709,11066000.0,11371179.039301312,10084548.882202841,10270511.441073094
2019-05-31,10695656.12268471,11062000.0,11187772.925764192,10086643.561716875,10402333.644167086
2019-06-03,10676378.983084708,11056000.0,10934497.816593887,10112827.055642303,10534873.155918991
2019-06-04,10759312.93708471,10980000.0,11209606.986899562,10133297.78725673,10644669.201157259
2019-06-05,10798575.489484709,10992000.0,11305676.855895197,10134345.127013747,10694144.37032255
2019-06-06,10809383.48428471,10923000.0,11401746.724890832,10136154.168412233,10706778.566817304
2019-06-10,10908525.621084709,11021000.0,11751091.70305677,10130631.831511596,10686560.026779523
2019-06-11,10941206.79068471,11247000.0,11768558.951965064,10104733.975701716,10623360.351959448
2019-06-12,10933523.37028471,11169000.0,11703056.768558953,10108447.271203866,10716533.964564953
2019-06-13,10949081.44068471,11123000.0,11768558.951965064,10119491.94500514,10745063.720919112
2019-06-14,10964706.83228471,11039000.000000002,11716157.205240173,10131774.383973796,10910111.661047747
2019-06-17,10946382.831884708,11029000.0,11790393.013100438,10138153.63522108,10778289.457953759
2019-06-18,11005806.51228471,11026000.0,11960698.68995633,10130441.406101229,10858465.437677834
2019-06-19,11031364.59548471,11157000.0,12004366.812227074,10123586.091328027,10808626.832125865
2019-06-20,11161853.151884709,11349000.0,12100436.681222705,10130727.044216778,11036520.57480334
2019-06-21,11173884.42748471,11372000.0,12026200.873362444,10135011.615950031,11123190.58891041
2019-06-24,11192256.112284709,11372000.0,12021834.061135372,10126632.897893894,11203730.005021162
2019-06-25,11188299.15148471,11270000.0,11829694.323144104,10134059.488898197,11440288.836286254
2019-06-26,11151473.836284708,11267000.0,11903930.131004365,10128918.002818294,11244903.521985512
2019-06-27,11175275.00428471,11337000.0,11965065.502183408,10123014.815096924,11224675.417832294
2019-06-28,11176307.917484708,11285000.0,11978165.93886463,10140819.590966217,11244176.649212157
2019-06-30,11175734.684071729,11284000.0,11978165.93886463,10142342.994249152,11243822.77694092
2019-07-01,11202426.584571728,11500999.999999998,12122270.742358077,10142723.845069885,10999316.165746123
2019-07-02,11248076.885271728,11544000.0,12139737.991266375,10185283.924286854,11076603.782607656
2019-07-03,11358287.316471728,11570000.0,12253275.109170305,10200327.53170583,11370948.999354422
2019-07-04,11333185.747871729,11564000.000000002,12266375.545851529,10199946.680885097,11264041.316978697
2019-07-05,11331790.43607173,11590000.0,12235807.860262008,10174905.739421869,11288965.4018124
2019-07-08,11242510.248971729,11343000.0,12179039.301310044,10174334.463190766,11229734.834899459
2019-07-09,11237591.116671728,11355000.0,12240174.67248908,10177000.418935902,11137641.967338545
2019-07-10,11247947.90727173,11294000.0,12358078.602620088,10180999.352553604,11124998.206728356
2019-07-11,11285597.010971729,11285000.0,12318777.29257642,10186045.625928324,11316768.285393206
2019-07-12,11301025.289171727,11348000.0,12384279.475982532,10191853.60094451,11248155.32123473
2019-07-15,11319085.962171728,11378000.0,12423580.786026202,10184141.371824656,11262597.135547427
2019-07-16,11313070.650171729,11390000.0,12366812.227074236,10187854.667326806,11275604.332544295
2019-07-17,11289385.846171727,11391000.0,12327510.917030565,10186712.114864606,11217454.510675944
2019-07-18,11296767.60277173,11295000.0,12340611.35371179,10198137.639486613,11317858.594553238
2019-07-19,11331968.257971728,11416000.0,12209606.986899562,10202326.998514682,11457265.141190253
2019-07-22,11325814.40287173,11336000.0,12340611.35371179,10206135.506722016,11385027.377280446
2019-07-23,11337842.37367173,11373000.0,12427947.598253274,10207087.63377385,11313526.050259428
2019-07-24,11381072.236271728,11439000.0,12519650.655021835,10191853.60094451,11352528.513019154
2019-07-25,11361856.834271729,11487000.0,12375545.851528384,10198042.426781429,11355780.31226837
2019-07-26,11388448.332471728,11494000.0,12515283.84279476,10196995.087024411,11325806.37448294
2019-07-29,11382314.108371729,11505000.0,12475982.532751093,10188997.21978901,11335915.644501831
2019-07-30,11398642.761171728,11561999.999999998,12427947.598253274,10194709.98210001,11383583.195849176
2019-07-31,11354770.534371728,11471000.0,12262008.733624455,10210515.291160451,11435956.291992446
2019-08-01,11275408.469871728,11371000.0,12200873.362445414,10216228.053471455,11267293.116227914
2019-08-02,11283801.502371728,11242000.0,12043668.122270742,10256312.602353657,11532745.140233845
2019-08-05,11231559.352371728,11045000.0,11641921.397379912,10284209.924972387,11865002.510580303
2019-08-06,11261030.65757173,10895000.0,11886462.882096069,10283448.22333092,11904368.409726707
2019-08-07,11343939.580371728,10868000.0,11986899.563318778,10291350.87786114,12161872.653802931
2019-08-08,11464655.384071728,10995000.0,12270742.358078603,10277640.248314735,12269861.081223253
2019-08-09,11423233.163471729,10903000.0,12165938.86462882,10296111.51312031,12272749.444085792
2019-08-12,11402821.535371728,11025000.0,12043668.122270742,10288208.858590089,12192573.464361716
2019-08-13,11539152.228971729,10970000.0,12327510.917030565,10308108.313973416,12507500.657532938
2019-08-14,11380938.17267173,10989000.0,11947598.25327511,10307822.675857864,12208822.896492362
2019-08-15,11415152.13347173,11033000.0,11934497.816593887,10308108.313973416,12314640.269708054
2019-08-16,11467724.074671729,11028000.0,12131004.366812227,10301538.637315761,12354006.168854458
2019-08-19,11549538.43327173,11224000.0,12323144.104803493,10305918.421754198,12302723.381871222
2019-08-20,11514080.603271728,11195000.0,12248908.296943232,10303918.954945348,12260832.556248955
2019-08-21,11527843.493071727,11184000.0,12358078.602620088,10290874.814335223,12239160.270664467
2019-08-22,11532022.368871728,11193000.0,12323144.104803493,10285828.540960504,12285393.204695981
2019-08-23,11442779.476971729,11216000.0,11951965.065502184,10282210.458163537,12255773.13918179
2019-08-26,11571499.429871729,11120000.000000002,12126637.554585153,10298872.681570629,12686990.411974272
2019-08-27,11613560.203171728,11249000.0,12148471.615720524,10296587.576646226,12709743.442603353
2019-08-28,11633537.040371729,11242000.0,12187772.92576419,10294873.747952927,12762116.538746623
2019-08-29,11677683.433171729,11168000.0,12375545.851528384,10307917.888563048,12822791.287090836
2019-08-30,11618848.777271727,11131000.0,12362445.414847162,10293445.557375174,12651239.748463763
2019-09-02,11627512.154871728,11213000.0,12362445.414847162,10287351.944243439,12611146.976544008
2019-09-03,11613175.001271728,11196000.0,12231441.048034934,10290493.963514488,12689878.774836814
2019-09-04,11698790.35667173,11306000.0,12406113.537117904,10299443.957801728,12750916.959567703
2019-09-05,11779341.992471728,11354000.0,12628820.96069869,10324294.473854592,12790646.295100782
2019-09-06,11708691.034971729,11413000.0,12615720.524017466,10324960.962790875,12459106.233412238
2019-09-09,11713440.002471728,11491000.0,12580786.026200872,10319914.689416153,12438878.129259022
2019-09-10,11644558.49287173,11429000.0,12550218.340611354,10307537.037742317,12265882.40920068
2019-09-11,11679778.177571729,11440999.999999998,12668122.270742357,10301633.850020945,12291523.8026923
2019-09-12,11708230.001271728,11514000.0,12716157.205240175,10276783.333968084,12315730.578868087
2019-09-16,11678259.288771728,11535000.0,12580786.026200872,10276116.8450318,12302006.073213305
2019-09-17,11646610.521471728,11377000.0,12650655.02183406,10267547.701565294,12276001.243335007
2019-09-18,11666364.338971728,11436000.0,12650655.02183406,10249076.436759721,12317174.760299357
2019-09-19,11668071.070671728,11460000.0,12668122.270742357,10261263.663023192,12270224.51760993
2019-09-20,11651985.838871727,11454000.0,12541484.716157205,10264024.83147351,12327284.030318247
2019-09-23,11649709.540671729,11318000.0,12537117.903930131,10267357.27615493,12454046.816345075
2019-09-24,11629573.86267173,11372000.0,12362445.414847162,10255836.538827742,12495937.641967338
2019-09-25,11658485.570771728,11266000.0,12510917.030567685,10258026.431046959,12576113.621691413
2019-09-26,11599104.675871728,11261000.000000002,12458515.283842795,10250314.201927105,12399875.666499296
2019-09-27,11538440.56507173,11234000.0,12318777.29257642,10236222.721559964,12329445.520407435
2019-09-30,11546236.438897328,11194000.0,12423580.786026202,10239936.017062116,12299835.019008681
2019-10-08,11515482.749097329,11269000.0,12192139.737991266,10268023.765091212,12281777.969060088
2019-10-09,11617541.374497328,11389000.0,12331877.729257641,10274022.165517764,12439241.565645698
2019-10-10,11630467.477097329,11447000.0,12410480.349344978,10261263.663023192,12368094.11089592
2019-10-11,11663383.039097328,11514000.0,12576419.213973798,10234984.956392579,12302006.073213305
2019-10-14,11657567.248097328,11652000.0,12572052.401746726,10232128.575237079,12133342.897448773
2019-10-15,11689054.611297328,11594000.0,12729257.641921397,10230033.895723045,12178122.085933577
2019-10-16,11675033.46909733,11593000.0,12703056.768558951,10231366.873595614,12143815.60385434
2019-10-17,11688598.90429733,11556000.0,12742358.07860262,10241554.633050233,12191129.282930447
2019-10-18,11606544.27869733,11416000.0,12606986.89956332,10222892.942834292,12151763.383784045
2019-10-21,11642345.325697329,11465000.0,12716157.205240175,10203659.976387247,12165487.889438827
2019-10-22,11619096.88909733,11494000.0,12606986.89956332,10203279.125566516,12143098.295196423
2019-10-23,11614956.745897328,11419999.999999998,12650655.02183406,10207373.2718894,12158620.854553714
2019-10-24,11641498.29049733,11443000.000000002,12764192.139737992,10205849.868606467,12135867.823924635
2019-10-25,11714269.144897329,11515000.0,12873362.445414847,10195090.832920743,12271668.699041199
2019-10-28,11740386.86489733,11539000.0,13004366.812227076,10162623.300453212,12265882.40920068
2019-10-29,11663407.46749733,11453000.0,12877729.25764192,10161290.322580645,12159347.727327067
2019-10-30,11654713.382697329,11412000.0,12930131.004366811,10150626.499600107,12128283.48038161
2019-10-31,11650207.875297328,11358000.0,12925764.192139737,10172906.272613015,12145986.658058966
2019-11-01,11737744.18069733,11496000.0,13030567.68558952,10182713.181246903,12251804.031274658
2019-11-04,11747899.54549733,11516000.0,13096069.868995635,10169002.551700499,12224718.456351768
2019-11-05,11766366.69169733,11601999.999999998,13096069.868995635,10201850.934988763,12169456.997345958
2019-11-06,11692094.49469733,11545000.0,13021834.06113537,10198137.639486613,11993572.914425079
2019-11-07,11705298.146897329,11580000.0,13048034.934497816,10195566.896446662,11988523.061473353
2019-11-08,11664870.788897328,11530000.0,13096069.868995635,10192710.515291158,11827080.79286517
2019-11-11,11611016.152697328,11339000.0,13069868.995633187,10212419.545264117,11809750.615689933
2019-11-12,11598507.494897328,11345000.0,13117903.930131005,10215275.92641962,11698873.825407075
2019-11-13,11612314.79009733,11290000.0,13117903.930131005,10223464.21906539,11808306.434258662
2019-11-14,11619245.35809733,11283000.0,13126637.554585151,10215085.501009254,11846945.460631713
2019-11-15,11623649.71289733,11235000.0,13218340.611353712,10224892.409643143,11815890.77780169
2019-11-18,11666028.591297328,11372000.0,13227074.23580786,10252028.030620405,11804691.19862277
2019-11-19,11721037.68509733,11499000.0,13240174.672489082,10270880.146246715,11863921.76553571
2019-11-20,11696995.76149733,11426000.0,13174672.489082968,10272689.187645199,11904368.409726707
2019-11-21,11692069.249297328,11419000.0,13165938.864628822,10273926.952812582,11898228.247614948
2019-11-22,11698003.35709733,11406000.0,13192139.737991266,10273546.101991849,11912316.18965641
2019-11-25,11751578.373897329,11570000.0,13366812.227074236,10258597.707278058,11805418.071396124
2019-11-26,11756152.65449733,11566000.0,13379912.663755458,10268595.041322313,11804327.76223609
2019-11-27,11772326.603097329,11524000.0,13475982.532751093,10267166.850744562,11826000.047820577
2019-11-28,11749659.229297329,11471000.0,13462882.09606987,10272498.762234831,11794218.492217202
2019-11-29,11746197.155297328,11477000.0,13401746.724890828,10273546.101991849,11832140.209932333
2019-12-02,11702774.759897329,11486000.0,13240174.672489082,10255265.26259664,11819142.577050908
2019-12-03,11709391.85909733,11531000.0,13144104.803493448,10267452.488860114,11878363.57984841
2019-12-04,11776246.06309733,11499000.0,13240174.672489082,10270689.720836349,12099390.287640773
2019-12-05,11771642.65869733,11528000.0,13288209.6069869,10268214.190501578,12003328.31217273
2019-12-06,11794639.06129733,11573000.0,13401746.724890828,10270975.358951896,11936149.965330083
2019-12-09,11776230.35509733,11625000.0,13349344.978165938,10269547.168374147,11854166.36778806
2019-12-10,11777830.762097329,11606000.0,13336244.541484714,10271832.273298547,11892088.085503193
2019-12-11,11797326.326097328,11630000.0,13410480.34934498,10278592.375366567,11867173.564784927
2019-12-12,11831512.914697329,11624000.000000002,13489082.969432313,10281639.181932436,11937957.583148029
2019-12-13,11846552.13429733,11771000.0,13506550.218340611,10274212.590928134,11832140.209932333
2019-12-16,11897567.95429733,11815000.0,13589519.650655022,10274688.654454049,11918456.351768168
2019-12-17,11916681.70789733,11904999.999999998,13606986.899563318,10258692.919983242,11902924.228295438
2019-12-18,11915076.13209733,11874000.0,13615720.524017468,10258216.856457323,11922071.587404061
2019-12-19,11944168.47449733,11910000.0,13720524.01746725,10263453.55524241,11896430.19391244
2019-12-20,11975333.17409733,11899000.0,13781659.388646288,10294302.471721826,11943734.308873108
2019-12-23,11964119.44569733,11767000.0,13829694.323144104,10300205.659443194,11986352.007268729
2019-12-24,11982679.19349733,11793000.0,13834061.135371178,10312202.460296301,12018133.562872104
2019-12-25,11988821.60689733,11771000.0,13825327.510917028,10314106.71439997,12074839.203309184
2019-12-26,12053287.60549733,11887000.0,13903930.131004367,10335815.21118178,12118174.21036272
2019-12-27,12070376.60369733,11923999.999999998,13908296.943231441,10339147.6558632,12142007.986036394
2019-12-30,12086320.750297328,12085000.0,13799126.637554586,10339909.357504664,12140200.368218446
2019-12-31,12112764.26569024,12155000.0,13825327.510917028,10337148.189054346,12155732.491691176
2020-01-02,12193667.20099024,12284000.0,14017467.248908298,10329531.172639674,12191492.719317123
2020-01-03,12211893.560090238,12266999.999999998,13908296.943231441,10325056.175496057,12382899.361595294
2020-01-06,12286163.41059024,12212000.0,14000000.0,10336576.912823247,12641847.78710279
2020-01-07,12271744.091490239,12286000.0,13991266.375545852,10328007.769356743,12527719.197570715
2020-01-08,12299651.803290239,12125999.999999998,14052401.74672489,10353619.987051073,12715883.60471511
2020-01-09,12261170.63609024,12239000.0,14179039.301310044,10358571.047720606,12331253.13822538
2020-01-10,12250349.299990239,12197000.0,14113537.117903931,10378375.290398749,12364125.002988786
2020-01-13,12282275.35589024,12232000.0,14262008.733624455,10379136.992040217,12325839.848886976
2020-01-14,12232351.81249024,12242000.0,14144104.80349345,10373138.591613663,12226162.63778304
2020-01-15,12228646.38949024,12169000.0,14126637.554585153,10373900.293255132,12298754.273964088
2020-01-16,12241751.03399024,12089000.0,14257641.921397379,10374281.144075865,12315730.578868087
2020-01-17,12255545.50579024,12084000.0,14344978.165938864,10381517.3096698,12290806.494034383
2020-01-20,12253767.29459024,12077000.0,14301310.043668121,10400845.488822026,12306338.617507115
2020-01-21,12238019.000490239,11888000.0,14283842.794759825,10429980.576608142,12413236.735767404
2020-01-22,12242448.901890239,11904999.999999998,14366812.227074236,10440168.336062765,12329091.648136195
2020-01-23,12195259.172590239,11574000.0,14419213.973799128,10461210.34390829,12399875.666499296
2020-02-03,12053548.570890239,10642000.0,14340611.35371179,10580416.650797881,12692049.829041436
2020-02-04,12177965.964790238,10855000.0,14759825.327510916,10573180.485203944,12618377.447815796
2020-02-05,12196537.000890238,10964000.0,14820960.698689956,10570038.465932894,12533859.35968247
2020-02-06,12238934.59259024,11068000.0,14978165.93886463,10578798.034809764,12451521.889869213
2020-02-07,12227406.68149024,11004000.0,14868995.63318777,10602410.785695242,12537474.595318366
2020-02-10,12324981.06749024,11161000.0,15074235.80786026,10612884.183265414,12579365.420940632
2020-02-11,12334815.97709024,11248000.0,15078602.620087335,10586700.689339984,12558783.444516176
2020-02-12,12357896.669690238,11297000.0,15196506.55021834,10582035.266785998,12504248.858283719
2020-02-13,12366859.59489024,11248000.0,15183406.113537116,10586700.689339984,12595260.98080004
2020-02-14,12395349.037690239,11334000.0,15235807.860262007,10561183.684350839,12607541.305023553
2020-02-17,12455234.23079024,11546000.0,15227074.23580786,10546996.991278516,12660268.27343806
2020-02-18,12458496.00329024,11470000.0,15240174.672489084,10554614.007693186,12728890.801711977
2020-02-19,12526635.68409024,11448000.0,15423580.7860262,10551471.988422135,12866843.602802288
2020-02-20,12537245.45679024,11584000.000000002,15279475.98253275,10544140.610123014,12908743.992539993
2020-02-21,12557993.73919024,11592000.0,15030567.68558952,10568229.42453441,13174549.888817158
2020-02-24,12468627.00289024,11464000.0,14449781.659388648,10590985.261073235,13427721.588599576
2020-02-25,12287494.09179024,11343000.0,14061135.37117904,10589461.857790302,13165157.927456185
2020-02-26,12335844.34619024,11418000.0,14096069.868995633,10597650.150436074,13243889.725748992
2020-02-27,12205058.18429024,11486000.0,13410480.34934498,10620120.34885935,13227276.857231667
2020-02-28,12100199.71069024,11224000.0,13427947.598253276,10651921.3923906,13015642.11080028
2020-03-02,12267351.69749024,11617000.0,14008733.624454148,10646589.48090033,12789202.113669513
2020-03-03,12151486.91119024,11601000.0,13519650.655021833,10642971.398103362,12774387.2988547
2020-03-04,12380831.50969024,11755000.0,14074235.80786026,10687340.518718818,13001200.29648758
2020-03-05,12328980.50279024,11895000.0,13620087.336244542,10686007.54084625,13053927.26490209
2020-03-06,12296008.06719024,11719000.0,13384279.475982532,10720093.689301899,13264835.138560122
2020-03-09,12052890.26219024,11429000.0,12471615.720524017,10787599.497276917,13302039.547617339
2020-03-10,12155505.09899024,11558000.0,13131004.366812227,10730471.874166887,13072347.751237359
2020-03-11,12038069.78379024,11439000.0,12615720.524017466,10726092.089728454,13178165.124453055
2020-03-12,11715711.74969024,11285000.0,11475982.532751093,10715428.266747914,13052846.519857494
2020-03-13,11833901.48689024,11114000.0,12676855.895196507,10684293.712152949,12679042.632044569
2020-03-16,11326881.74809024,10838000.000000002,11126637.554585153,10681532.543702632,12286110.513353895
2020-03-17,11344129.312190238,10812000.0,11834061.135371178,10656491.602239402,11788805.202878797
2020-03-18,11274647.10639024,10636000.000000002,11419213.973799128,10657729.367406785,12049197.809817564
2020-03-19,11250571.08849024,10456000.0,11620087.336244542,10647541.607952164,11967931.520933457
2020-03-20,11251542.70799024,10632000.0,11240174.672489082,10667917.126861408,12105893.886139207
2020-03-23,11182266.47529024,10335000.0,11244541.484716156,10705335.719998477,12077000.69339837
2020-03-24,11590786.27429024,10598000.0,12091703.056768559,10711714.971245762,12701441.79040241
2020-03-25,11668850.69179024,10835999.999999998,11917030.56768559,10715047.415927181,12926437.606101906
2020-03-26,11791277.179190239,10762000.0,12567685.58951965,10739802.719274858,12890686.942591399
2020-03-27,11721090.56439024,10828000.0,12048034.934497815,10727901.131126937,13013834.492982332
2020-03-30,11792965.75019024,10755999.999999998,12519650.655021835,10727615.493011387,12960026.779523227
2020-03-31,11779791.22848294,10714999.999999998,12471615.720524017,10747991.011920631,12970499.485928796
2020-04-01,11612457.611782938,10672000.0,11934497.816593887,10772746.31526831,12814116.634387778
2020-04-02,11705084.567282937,10774999.999999998,12209606.986899562,10753703.774231633,12834344.738540998
2020-04-03,11671100.717682939,10737000.000000002,12056768.558951965,10739612.293864494,12906572.938335368
2020-04-07,11994053.26738294,10899000.0,12860262.008733623,10810926.610046845,13211390.8614877
2020-04-08,12034717.202382939,10875000.0,13065502.183406113,10834729.78634269,13177438.251679698
2020-04-09,12041054.39178294,10901000.0,13087336.244541483,10807879.803480975,13183578.413791455
2020-04-10,12030778.854882939,10848000.0,13056768.558951965,10795406.939101953,13249312.579202833
2020-04-13,12062350.57378294,10857000.000000002,13196506.550218338,10787504.284571731,13241728.235659806
2020-04-14,12271658.224282939,10954000.0,13790393.013100438,10793407.472293101,13421581.426487818
2020-04-15,12195966.074582938,10889000.0,13628820.960698688,10808355.867006894,13316844.798316719
2020-04-16,12308103.683282938,10874000.0,13951965.065502184,10830064.363788703,13466724.051359301
2020-04-17,12274756.309882939,10921000.0,14065502.183406113,10809117.568648359,13170217.34452335
2020-04-20,12240265.259582939,10961000.0,13886462.88209607,10788075.560802832,13181416.923702272
2020-04-21,12138393.678182939,10880000.0,13388646.288209608,10799215.447309287,13334901.848265309
2020-04-22,12239411.129482938,10888000.0,13829694.323144104,10813116.502266062,13294818.64046099
2020-04-23,12281253.801282939,10866000.0,13790393.013100438,10864626.575770268,13484417.664921215
2020-04-24,12339099.35688294,10805000.0,14004366.812227074,10884049.967627678,13567128.135236593
2020-04-27,12362714.02958294,10885000.0,14061135.37117904,10862627.108961418,13541123.305358298
2020-04-28,12280448.71398294,10886000.0,13807860.262008734,10880146.246715162,13419773.808669873
2020-04-29,12464041.82888294,11083000.0,14292576.419213973,10903854.210305823,13457332.089998329
2020-04-30,12505971.310482938,11175000.0,14301310.043668121,10873862.208173057,13557736.173875619
2020-05-06,12482959.505082939,11145000.0,14296943.231441049,10843489.35521956,13533902.398201946
2020-05-07,12523904.73268294,11166000.0,14532751.091703055,10781886.734965913,13518006.83834254
2020-05-08,12611740.26698294,11236000.0,14694323.144104803,10785885.668583615,13647304.114960669
2020-05-11,12629438.513482938,11298999.999999998,14816593.88646288,10748086.224625813,13567491.57162327
2020-05-12,12545976.928882938,11233000.0,14545851.52838428,10751323.456602046,13557372.737488942
2020-05-13,12508210.574082939,11268000.0,14358078.602620086,10736851.125414172,13561351.409511512
2020-05-14,12529541.189182939,11131000.0,14524017.46724891,10738850.592223026,13646213.805800637
2020-05-15,12587772.422082938,11094000.0,14615720.524017466,10752656.434474615,13835458.957989624
2020-05-18,12742197.947482938,11149000.0,14917030.56768559,10724949.53726625,14169170.073882792
2020-05-19,12685481.18358294,11186000.0,14842794.759825328,10716285.181094564,13962231.308131892
2020-05-20,12784380.66578294,11131000.0,15152838.4279476,10737803.252466008,14116079.669081608
2020-05-21,12699231.68248294,11112000.0,14965065.502183406,10747038.884868795,13948143.366090428
2020-05-22,12677981.11998294,10915999.999999998,15039301.310043667,10802738.317401072,13947426.057432512
2020-05-25,12685040.941782938,10956000.0,15091703.056768559,10763891.533686254,13922501.972598812
2020-05-26,12691245.36968294,10987000.0,15069868.995633189,10720379.327417448,13987509.265236832
2020-05-27,12682241.579782939,11023000.0,15109170.305676855,10711524.545835396,13874107.548478112
2020-05-28,12724347.784082938,11093000.0,15104803.493449781,10727805.918421753,13959696.81754059
2020-05-29,12758209.496282939,11024000.0,15331877.729257641,10739041.01763339,13942730.076752026
2020-06-01,12855388.78048294,11223000.0,15401746.72489083,10714476.13969608,14086823.039954092
2020-06-02,12865199.34788294,11284000.0,15462882.096069867,10671439.996953193,14044568.77794515
2020-06-03,12838582.701982938,11266000.0,15515283.842794761,10653159.157557985,13916725.24687373
2020-06-04,12782461.75148294,11293000.0,15388646.288209606,10630022.47019842,13796456.495229898
2020-06-05,12846618.299082939,11286000.0,15685589.519650655,10615074.075484632,13796819.931616575
2020-06-08,12866342.752182938,11349000.0,15790393.013100436,10642209.696461894,13665724.601295939
2020-06-09,12901187.657582939,11402000.000000002,15864628.820960699,10640591.080473779,13679802.97922196
2020-06-10,12971381.243182939,11365000.0,16061135.371179039,10638591.613664927,13831853.286469169
2020-06-11,12783113.167482939,11265000.0,15240174.672489084,10670773.508016909,13938387.968342777
2020-06-12,12828401.563282939,11290000.0,15410480.349344976,10686102.753551431,13912029.266193245
2020-06-15,12816516.44088294,11177000.0,15593886.462882096,10674105.952698328,13820290.27090357
2020-06-16,12910092.37818294,11330000.0,15838427.947598252,10621834.177552652,13856050.49852952
2020-06-17,12934974.522882938,11352000.0,15917030.56768559,10596221.959858323,13888195.490519572
2020-06-18,12964858.033482939,11415000.0,15965065.502183406,10619263.4345127,13865796.33216173
2020-06-19,12981224.63968294,11460000.0,15965065.502183406,10610503.865635829,13893972.216244653
2020-06-22,13021218.242982939,11382000.000000002,16144104.803493451,10586795.902045168,14007010.496616695
2020-06-23,13035300.86668294,11346000.0,16231441.048034934,10580511.863503067,14029400.090859098
2020-06-24,12993490.42998294,11402000.000000002,15877729.25764192,10604029.401683358,14116806.541854963
2020-06-29,12977716.307582939,11345000.0,15860262.008733625,10614502.79925353,14121856.394806687
2020-06-30,13089515.40265224,11454000.0,16170305.676855894,10631260.235365804,14143892.11677785
2020-07-01,13227909.40905224,11736000.0,16344978.165938864,10623928.857066685,14250790.235038137
2020-07-02,13296671.17625224,12067000.000000002,16410480.349344978,10623738.43165632,14082136.623389045
2020-07-03,13355450.755252238,12246000.0,16427947.598253274,10597174.086910157,14135217.464074792
2020-07-06,13632519.73585224,13015000.000000002,16847161.572052404,10523860.303918952,14113918.178992422
2020-07-07,13574167.906252239,12961000.0,16641921.397379912,10506341.166165214,14131248.356167661
2020-07-08,13646690.68665224,13050000.0,16842794.759825327,10475968.313211715,14199507.448054899
2020-07-09,13720555.97405224,13183000.0,16956331.87772926,10448356.628708532,14291963.752002487
2020-07-10,13653853.150252238,12923000.0,17048034.934497815,10473492.782876946,14211060.899505058
2020-07-13,13670913.02565224,13202000.0,16685589.519650657,10470255.55090071,14261626.37783038
2020-07-14,13686124.68725224,13149000.0,16829694.323144104,10496915.108352058,14231289.003658276
2020-07-15,13653569.938652238,12978000.0,16842794.759825327,10539094.336748295,14234177.366520815
2020-07-16,13570897.765452238,12788000.0,16707423.580786027,10552709.753589518,14211787.772278413
2020-07-17,13559820.135652239,12780000.0,16768558.951965064,10547187.416688882,14127633.120531766
2020-07-20,13816601.61525224,13303000.0,17227074.23580786,10560802.833530106,14172421.873132009
2020-07-21,13796602.321852239,13267000.0,17026200.873362444,10582892.181132648,14276795.064916434
2020-07-22,13879033.152252238,13272000.0,17048034.934497815,10596126.747153139,14590278.076656386
2020-07-23,13779181.015852239,13157000.0,16637554.585152838,10590033.134021401,14667919.565789161
2020-07-24,13680017.56025224,12734000.0,16489082.969432313,10619453.859923067,14852478.301413098
2020-07-27,13799639.201652238,12679000.0,16807860.262008734,10610979.929161746,15169930.421060182
2020-07-28,13744620.208452238,12745000.0,16554585.152838428,10579845.37456678,15113588.217009779
2020-07-29,13867366.77945224,12990000.0,16772925.76419214,10558517.728605704,15178958.94603448
2020-07-30,13843828.385652239,13003000.0,16842794.759825327,10557565.60155387,15001267.245295651
2020-07-31,13999171.324452238,13163000.0,17131004.36681223,10541569.867083063,15244329.675059179
2020-08-03,14130867.23785224,13465000.0,17397379.912663754,10548139.543740716,15198823.613801021
2020-08-04,14147832.352252237,13493000.0,17419213.973799124,10552328.902768783,15212901.991727041
2020-08-05,14224813.428252239,13421000.0,17449781.659388646,10543569.333891913,15619568.180187937
2020-08-06,14282517.257052239,13431000.0,17598253.275109172,10531858.171154357,15742361.858307632
2020-08-07,14255279.91705224,13400000.0,17393013.10043668,10525954.983432988,15850340.721612513
2020-08-10,14257645.111252239,13526000.0,17366812.227074236,10544902.31176448,15702632.522774551
2020-08-11,14106175.50905224,13467000.0,17056768.558951966,10548901.245382182,15386624.584558737
2020-08-12,13964991.207052238,13436999.999999998,17467248.908296943,10543474.12118673,14461344.236424936
2020-08-13,14031444.004452238,13508000.0,17458515.283842795,10551567.201127317,14657810.29577027
2020-08-14,14089427.78865224,13611000.0,17432314.41048035,10562231.024107855,14789995.93525094
2020-08-17,14266311.694652239,13964000.0,17615720.524017468,10571657.081921011,14945651.914018605
2020-08-18,14374210.801252238,13979000.0,17781659.38864629,10549758.159728833,15277555.412093826
2020-08-19,14263384.967852239,13888000.0,17620087.336244542,10540808.165441595,15064113.04784449
2020-08-20,14205874.84745224,13748000.0,17890829.694323145,10530620.405986972,14765071.850417236
2020-08-21,14228836.429652238,13775000.0,17969432.31441048,10543664.546597097,14744853.310379459
2020-08-24,14270370.17885224,13818999.999999998,18104803.49344978,10534904.977720225,14763273.796714729
2020-08-25,14258765.837652238,13777000.0,18248908.296943232,10509292.760025896,14672978.982856324
2020-08-26,14266882.257452238,13567000.0,18611353.71179039,10503675.210420078,14657810.29577027
2020-08-27,14284911.47905224,13576000.0,18493449.78165939,10498438.51163499,14834775.123735746
2020-08-28,14360890.423852239,13759999.999999998,18598253.275109172,10490916.707925504,14854276.355115607
2020-08-31,14359245.21405224,13627000.0,18694323.1441048,10522241.687930835,14885704.038447745
2020-09-01,14438732.605252238,13594000.0,18947598.25327511,10513767.757169517,15059780.503550678
2020-09-02,14403069.528052239,13542000.0,19113537.11790393,10486060.85996115,14861506.826387396
2020-09-03,14146785.796052238,13474000.0,18100436.681222703,10488822.02841147,14720292.661932431
2020-09-04,14082292.018052239,13404000.0,17882096.069868993,10479967.246829417,14730765.368337996
2020-09-07,14019459.079452239,13237000.000000002,17890829.694323145,10464733.214000074,14678038.399923488
2020-09-08,13888289.05725224,13333000.0,17039301.31004367,10476539.589442816,14721736.843363702
2020-09-09,13931153.43345224,13095000.000000002,17545851.528384276,10497676.809993524,14729684.623293404
2020-09-10,13860970.60125224,13045000.0,17161572.052401748,10497105.533762423,14825029.290103532
2020-09-11,13833081.13625224,13077000.0,17069868.995633185,10467494.382450392,14784573.081797099
2020-09-14,13882734.91245224,13085000.0,17353711.790393014,10454831.092661003,14757850.943260886
2020-09-15,13958340.978252238,13126000.0,17563318.77729258,10483870.967741935,14812022.093106665
2020-09-16,13886557.30525224,13183000.0,17170305.676855896,10472445.443119928,14790359.371637616
2020-09-17,13802610.63925224,13179000.0,16877729.257641923,10470445.976311078,14691036.032804916
2020-09-18,13853738.95645224,13468000.0,16637554.585152838,10478443.843546482,14754599.14401167
2020-09-21,13848601.45325224,13388000.0,16703056.768558953,10498914.57516091,14746651.364081966
2020-09-22,13794642.93305224,13189000.0,17082969.43231441,10516624.138325017,14403194.414556585
2020-09-23,13645897.17665224,13179000.0,16572052.401746724,10508054.994858513,14230925.5672716
2020-09-24,13562058.18985224,12962000.0,16681222.707423579,10512149.1411814,14035540.252970856
2020-09-25,13658523.50125224,12896000.0,17091703.05676856,10490440.644399587,14203839.992348708
2020-09-28,13743493.585652238,12944000.0,17449781.659388646,10507388.505922228,14176027.544652466
2020-09-29,13762800.768252239,12952999.999999998,17366812.227074236,10494725.21613284,14337833.249647325
2020-09-30,13751468.285974571,12867000.0,17493449.78165939,10476539.589442816,14311464.98338235
2020-10-09,13889162.26977457,13090000.0,17877729.257641923,10448737.479529267,14360222.843889726
2020-10-12,14065985.11377457,13333000.0,18253275.109170303,10453783.752903987,14511909.714750258
2020-10-13,14059769.59307457,13353000.0,18288209.6069869,10452355.562326236,14437147.024364585
2020-10-14,13989460.44917457,13303000.0,18187772.925764192,10439406.634421295,14299911.531932192
2020-10-15,13949673.94887457,13288000.0,18030567.68558952,10437216.74220208,14282571.790641515
2020-10-16,13974198.27707457,13395000.0,17943231.441048034,10434836.424572494,14340358.176123187
2020-10-19,13883814.15337457,13324000.0,17532751.091703057,10452736.41314697,14354446.118164646
2020-10-20,13859454.57477457,13301000.0,17576419.213973798,10455402.368892103,14239236.78358798
2020-10-21,13880523.63707457,13312000.0,17519650.65502183,10468256.08409186,14343609.975372404
2020-10-22,13855157.149074571,13247000.0,17454148.47161572,10485489.583730051,14340358.176123187
2020-10-23,13842374.347474571,13201000.0,17537117.90393013,10467875.233271128,14294488.678478349
2020-10-26,13763704.414374571,13166000.0,17262008.733624455,10468446.509502226,14230208.258613683
2020-10-27,13833181.163474571,13148000.0,17471615.720524017,10489202.879232204,14339631.303349834
2020-10-28,13695105.43177457,13093999.999999998,16829694.323144104,10481776.288227903,14360222.843889726
2020-10-29,13741820.824474571,13190000.0,17161572.052401748,10481490.650112351,14176754.417425819
2020-10-30,13588968.22287457,13018000.0,16707423.580786027,10487203.412423354,14095497.69265715
2020-11-02,13643645.85727457,13133999.999999998,16703056.768558953,10491678.40956697,14191559.668125195
2020-11-03,13753683.54557457,13289000.0,16973799.126637556,10495296.49236394,14250790.235038137
2020-11-04,13922085.146874571,13361000.0,17672489.08296943,10503389.572304528,14289075.389139947
2020-11-05,14060438.75027457,13532000.0,18161572.052401748,10499200.213276459,14280410.300552329
2020-11-06,14085154.177574571,13602000.0,18021834.06113537,10483585.329626383,14441116.132271718
2020-11-09,14052347.946374571,13833000.0,17589519.65065502,10471874.166888827,14417282.356598048
2020-11-10,13882157.317874571,13771000.0,17222707.423580784,10474254.484518413,14074552.27984602
2020-11-11,13983385.52337457,13842000.000000002,17663755.458515283,10470826.827131812,14060827.774191236
2020-11-12,13967967.144774571,13904000.0,17606986.89956332,10456259.283238756,13994012.863735266
2020-11-13,13977186.30307457,13771000.0,17786026.200873364,10446833.225425601,14046739.832149778
2020-11-16,14078646.23097457,14104000.000000002,17838427.947598252,10452165.136915868,14048547.449967723
2020-11-17,14059062.78667457,14144000.000000002,17711790.3930131,10441310.888524964,14040963.106424695
2020-11-18,14022553.29997457,14221000.0,17550218.340611354,10418840.690101687,13966200.416039024
2020-11-19,13995911.60887457,14129000.0,17655021.834061135,10406367.825722663,13888912.799177488
2020-11-20,14010815.06717457,14185000.000000002,17615720.524017468,10414651.33107362,13909504.33971738
2020-11-23,14070797.18527457,14406000.000000002,17593886.462882094,10441406.101230148,13894689.524902565
2020-11-24,14031234.33317457,14329000.0,17868995.63318777,10434741.211867308,13599626.999497885
2020-11-25,13953780.31387457,14119000.0,17965065.502183408,10439311.421716113,13425913.970781628
2020-11-26,13960560.46257457,14135000.0,17969432.31441048,10434550.786456944,13439275.040049734
2020-11-27,14006704.64417457,14240000.0,18122270.74235808,10430647.065544425,13394859.287951605
2020-11-30,13928230.46447457,14120000.0,18144104.80349345,10461972.045549756,13140960.715395834
2020-12-01,14048143.28807457,14276000.0,18454148.47161572,10450451.308222568,13228721.038662938
2020-12-02,14077882.58957457,14289000.0,18371179.03930131,10439025.783600561,13421581.426487818
2020-12-03,14077868.01987457,14131000.0,18384279.475982532,10443215.14262863,13580852.640891377
2020-12-04,14086914.62037457,14093000.0,18449781.659388643,10452450.775031421,13594577.14654616
2020-12-07,14040461.19347457,13902000.000000002,18510917.030567683,10451213.009864036,13565320.517418647
2020-12-08,14085126.14977457,13883000.0,18554585.152838424,10464828.426705258,13718088.13332377
2020-12-09,13937241.34527457,13697000.0,18152838.427947596,10458830.026278706,13646213.805800637
2020-12-10,13928061.63427457,13687000.0,18253275.109170303,10465018.852115626,13528479.544748107
2020-12-11,13895019.08807457,13634000.0,18196506.55021834,10438835.358190197,13532094.780384
2020-12-14,13885602.80657457,13547000.0,18310043.66812227,10440739.612293864,13494173.062668867
2020-12-15,13950809.519474572,13512000.0,18528384.279475983,10452069.924210688,13610463.142290128
2020-12-16,13966415.692074569,13454000.0,18611353.71179039,10453022.05126252,13670774.454247663
2020-12-17,14039030.04067457,13537999.999999998,18733624.45414847,10450736.946338119,13782731.989575114
2020-12-18,14068626.05107457,13626000.0,18698689.95633188,10445785.885668581,13843406.737919329
2020-12-21,14114649.98937457,13608000.0,18685589.519650653,10463685.874243058,14041316.978695933
2020-12-22,13996557.484974569,13307000.0,18694323.1441048,10491964.047682522,13838710.75723884
2020-12-23,13984613.317874571,13306000.0,18641921.397379912,10494630.003427656,13829328.359993305
2020-12-24,13964466.802674571,13212000.0,18672489.08296943,10483014.053395286,13840881.811443467
2020-12-25,14008369.00577457,13297000.000000002,18663755.458515283,10505769.889934111,13905162.231308132
2020-12-28,14029092.33057457,13253000.0,18829694.323144104,10520432.646532351,13884580.254883679
2020-12-29,14020153.44537457,13197000.000000002,18895196.50655022,10526526.259664088,13847739.282213138
2020-12-30,14030411.93437457,13237000.000000002,18860262.008733623,10551948.05194805,13839801.066398872
2020-12-31,14050080.478692649,13305000.0,18903930.131004363,10535571.46665651,13834378.212945031
2021-01-04,14046856.148692649,13216000.000000002,18659388.64628821,10522527.326046385,14110302.943356527
2021-01-05,14074263.277092649,13208000.0,18637554.58515284,10543474.12118673,14215039.57152763
2021-01-06,14046773.24149265,13324000.0,18331877.729257643,10548329.969151082,14203476.555962032
2021-01-07,14116545.49269265,13329000.0,18790393.013100438,10558612.941310888,14124027.44901131
2021-01-08,14149241.05509265,13368000.0,19056768.558951963,10544997.524469666,14035186.380699616
2021-01-11,13961471.117092649,13244000.0,18777292.576419212,10532524.66009064,13645496.497142721
2021-01-12,13992211.715492649,13251000.0,18772925.76419214,10541855.505198611,13750233.125313822
2021-01-13,13994945.163092649,13234999.999999998,18834061.13537118,10566610.808546294,13700394.519761857
2021-01-14,13956214.955092648,13214000.0,18764192.13973799,10579178.885630498,13604322.980178371
2021-01-15,13951076.44869265,13291000.0,18593886.462882098,10554518.794988,13661028.620615453
2021-01-18,13975166.691492649,13385000.0,18650655.02183406,10542426.781429715,13632498.864261294
2021-01-19,14069287.889492648,13516000.0,18938864.62882096,10551852.839242866,13643688.879324773
2021-01-20,14132012.34669265,13385000.0,19366812.227074236,10557089.538027953,13706888.55414485
2021-01-21,14185853.35309265,13385000.0,19484716.15720524,10578607.609399397,13804404.275159603
2021-01-22,14101492.410692649,13161000.0,19401746.724890828,10586605.4766348,13755282.978265548
2021-01-25,14085392.395492649,13012999.999999998,19633187.772925768,10583177.8192482,13680893.288381992
2021-01-26,14084415.728692649,12979000.0,19650655.02183406,10559755.493773088,13730368.457547285
2021-01-27,13964131.42349265,13016000.0,19048034.93449782,10561088.471645657,13657413.384979557
2021-01-28,13924718.24749265,12875000.0,19227074.23580786,10536428.38100316,13550151.830332592
2021-01-29,13863408.248692648,12866000.0,18790393.013100438,10544997.524469666,13626358.702149536
2021-02-01,14015823.607092649,12989000.0,19231441.048034932,10552233.6900636,13766482.55744447
2021-02-02,14030408.551892651,12936000.0,19563318.77729258,10548425.181856265,13641163.952848911
2021-02-03,13968964.369092649,12887000.0,19467248.908296943,10526335.834253721,13549424.957559237
2021-02-04,13970560.737492649,12856000.0,19681222.70742358,10514529.458810981,13446859.38359276
2021-02-05,14011888.931092648,13052000.0,19777292.576419216,10517481.052671667,13331650.049016092
2021-02-08,14055503.31589265,13059000.0,19899563.318777293,10512720.4174125,13412916.337900199
2021-02-09,14103263.586292649,13115000.000000002,19847161.5720524,10528620.939178122,13560261.100351483
2021-02-10,14100474.82589265,13173999.999999998,19755458.515283845,10517766.690787219,13569289.625325778
2021-02-18,14069817.313092649,13446000.0,19777292.576419216,10492820.962029172,13182497.668746863
2021-02-19,14112663.66149265,13672000.0,19720524.01746725,10512244.353886582,13132295.626808217
2021-02-22,14075346.393092649,13787000.0,19183406.113537114,10504627.337471912,13268813.810582694
2021-02-23,14067163.02989265,13671000.0,19122270.742358077,10511673.077655481,13392688.233746983
2021-02-24,14089444.60109265,13648000.0,19310043.66812227,10512149.1411814,13366319.967482008
2021-02-25,13997953.67229265,13957000.0,18593886.462882098,10505484.251818562,13217531.023599455
2021-02-26,13910551.91229265,13682000.0,18764192.13973799,10497105.533762423,13045616.04858571
2021-03-01,14064704.92069265,13884000.0,19314410.480349343,10518718.81783905,13011673.002893148
2021-03-02,13911711.786292648,13790000.0,18951965.06550218,10523574.665803403,12765722.210267078
2021-03-03,13904297.556692649,14101000.0,18393013.10043668,10521194.34817382,12825316.2135667
2021-03-04,13832180.39469265,14120000.0,18131004.366812225,10519480.519480519,12715520.168328434
2021-03-05,13816984.659892648,13920999.999999998,18467248.908296943,10533476.787142474,12598149.343662579
2021-03-08,13725747.46629265,13850000.0,17899563.318777293,10544140.610123014,12714075.986897165
2021-03-09,13834691.46669265,13708000.0,18759825.327510916,10537190.082644626,12670377.54345695
2021-03-10,13819205.119092649,13613000.0,18633187.772925764,10546330.502342232,12788838.677282836
2021-03-11,14015274.323092649,13954000.0,19030567.68558952,10540332.10191568,12923549.243239367
2021-03-12,14002066.59749265,14227000.0,18829694.323144104,10537856.571580911,12737919.326686274
2021-03-15,14099486.80709265,14317000.0,19082969.43231441,10531001.25680771,12851674.915716233
2021-03-16,14138748.01949265,14365000.000000002,19192139.737991266,10538903.911337929,12866126.294144372
2021-03-17,14140236.03109265,14275000.0,19253275.109170306,10542331.56872453,12916328.336083015
2021-03-18,14046545.06389265,14301000.0,18611353.71179039,10540998.590851963,12991808.335126605
2021-03-19,14035317.54429265,14126000.0,18790393.013100438,10552995.39170507,12982779.810152309
2021-03-22,14123249.315492649,14282999.999999998,19135371.1790393,10559565.068362722,12904765.320517419
2021-03-23,14069369.83269265,14109000.0,18995633.187772926,10566039.532315193,12967247.68667958
2021-03-24,13963921.566692648,13933000.0,18729257.641921394,10579940.587271962,12911632.355402531
2021-03-25,13962716.834292648,13899000.0,18716157.205240175,10582225.692196365,12948827.20034431
2021-03-26,14042963.28749265,14010000.0,19030567.68558952,10575465.590128345,12928245.223919854
2021-03-29,14110641.297092648,14262999.999999998,19021834.06113537,10575560.802833527,12937991.057552068
2021-03-30,14049001.059892649,14221000.0,18982532.751091704,10573180.485203944,12770781.627334243
2021-03-31,14073582.75434799,14219000.0,19288209.6069869,10583939.520889668,12634263.443559766
2021-04-01,14222700.77734799,14294000.0,19598253.275109172,10579369.311040865,12905492.193290776
2021-04-02,14228761.67434799,14160000.0,19615720.524017464,10582796.968427466,13030810.797886332
2021-04-06,14272584.751347989,14159000.0,19951965.06550218,10581368.777849715,12970499.485928796
2021-04-07,14325059.58034799,14302000.0,19969432.31441048,10571466.656510644,13032254.979317602
2021-04-08,14369289.536347989,14273000.0,20196506.55021834,10570038.465932894,13069813.260646056
2021-04-09,14395556.317347988,14241000.0,20310043.66812227,10582130.479491184,13103765.870454056
2021-04-12,14395455.781347988,14277000.0,20323144.10480349,10594127.280344287,13048504.411448248
2021-04-13,14385485.49734799,14179000.0,20524017.46724891,10616692.69147275,12941242.856801283
2021-04-14,14378350.171347989,14242999.999999998,20231441.048034932,10618596.945576418,13048150.539177008
2021-04-15,14433614.78834799,14248000.0,20537117.90393013,10616407.053357197,13044535.303541115
2021-04-16,14522729.786347989,14452000.0,20558951.9650655,10623548.00624595,13160461.946775699
2021-04-19,14505317.15934799,14413000.0,20340611.35371179,10634402.25463686,13262673.648470938
2021-04-20,14433917.054347988,14386000.000000002,20157205.24017467,10637163.423087174,13147100.877507592
2021-04-21,14506141.614347989,14424999.999999998,20323144.10480349,10639353.315306392,13260502.594266312
2021-04-22,14456499.06534799,14428000.0,20026200.873362448,10634402.25463686,13280003.825646179
2021-04-23,14465735.979347989,14329000.0,20292576.419213973,10631450.660776174,13230165.220094208
2021-04-26,14455732.44934799,14269000.0,20410480.34934498,10611265.567277296,13194414.556583697
2021-04-27,14427427.121347988,14221000.0,20318777.292576414,10607933.122595878,13199473.973650863
2021-04-28,14409553.934347989,14336000.0,20209606.986899562,10616502.266062383,13094373.909093084
2021-04-29,14482933.649347989,14484000.0,20266375.54585153,10623928.857066685,13180326.614542237
2021-04-30,14415312.20434799,14369000.0,20096069.868995637,10643733.09974483,13127599.64612773
2021-05-06,14455864.211347988,14561000.0,19803493.44978166,10654492.135430548,13281448.007077448
2021-05-07,14534879.340347989,14639000.0,19895196.50655022,10652207.03050615,13438557.731391821
2021-05-10,14467466.53734799,14759000.0,19296943.231441047,10662680.428076321,13469248.977835163
2021-05-11,14437991.49734799,14676000.0,19235807.86026201,10669345.317439156,13469248.977835163
2021-05-12,14391243.93734799,14823000.0,18737991.266375545,10675534.143276077,13489477.08198838
2021-05-13,14401318.19234799,14752000.0,18991266.375545852,10675058.079750162,13423389.044305764
2021-05-14,14496663.09634799,14784000.0,19371179.03930131,10679057.013367863,13483700.3562633
2021-05-17,14524521.309347989,14859000.0,19192139.737991266,10674296.378108693,13640083.207804319
2021-05-18,14545852.23434799,14925000.0,19069868.99563319,10678390.524431579,13733256.820409825
2021-05-19,14545896.74034799,14873000.0,19074235.807860263,10696385.72571124,13755282.978265548
2021-05-20,14582909.15634799,14672000.0,19502183.40611354,10713428.799939064,13766119.121057792
2021-05-21,14570623.939347988,14717000.0,19336244.541484714,10726472.940549185,13775147.64603209
2021-05-24,14673138.323347988,14806000.0,19698689.95633188,10728567.620063221,13824268.94292614
2021-05-25,14717314.681347989,15041000.0,19685589.519650653,10727901.131126937,13783458.862348467
2021-05-26,14775978.19934799,15117000.0,19694323.1441048,10738945.804928208,13907696.721899435
2021-05-27,14749171.305347988,15193000.000000002,19606986.89956332,10729519.747115055,13812352.055089308
2021-05-28,14750711.66434799,15285000.0,19598253.275109172,10720379.327417448,13752758.051789686
2021-05-31,14794703.81534799,15396000.0,19545851.52838428,10731995.277449822,13832570.595127085
2021-06-01,14803106.829347989,15385000.0,19467248.908296943,10737803.252466008,13917088.683260407
2021-06-02,14763136.955347989,15398000.0,19554585.152838428,10723616.559393685,13721703.368959663
2021-06-03,14694734.759347988,15363000.0,19358078.602620088,10726758.578664735,13632135.427874617
2021-06-04,14726248.341347989,15326000.0,19781659.38864629,10704383.592946643,13527398.799703514
2021-06-07,14706251.65334799,15179000.0,19794759.825327512,10693529.344555734,13590598.474523587
2021-06-08,14721509.07534799,15203000.0,19790393.013100434,10694005.408081653,13626358.702149536
2021-06-09,14742355.309347989,15241000.0,19807860.26200873,10698575.617930457,13650555.914209886
2021-06-10,14771901.819347989,15245000.0,20021834.06113537,10704574.018357007,13605767.16160964
2021-06-11,14791721.34634799,15202000.0,20039301.31004367,10689816.049053585,13721339.932572987
2021-06-15,14719283.025347989,15060000.0,20152838.4279476,10694386.258902386,13507534.131936973
2021-06-16,14687240.12834799,15023000.0,20087336.24454148,10688102.220360283,13475752.5763336
2021-06-17,14671611.796347989,15008999.999999998,20410480.34934498,10683817.648627032,13225469.239413721
2021-06-18,14601072.123347988,14935000.0,20266375.54585153,10695624.024069771,13118207.684766756
2021-06-21,14634933.125347989,14923000.0,20449781.659388643,10718475.073313782,13103038.997680703
2021-06-22,14698685.68834799,14978000.0,20663755.458515283,10722854.857752217,13137708.916146617
2021-06-23,14750478.908347989,15156000.0,20672489.08296943,10730471.874166887,13150716.113143485
2021-06-24,14769064.751347989,15149999.999999998,20868995.63318777,10729900.597935788,13094737.34547976
2021-06-25,14781781.098347988,15228000.0,20812227.074235808,10730662.299577253,13107371.541974513
2021-06-28,14757492.263347989,14972000.0,21017467.248908296,10723426.133983318,13121822.92040265
2021-06-29,14742445.48034799,14931000.000000002,21082969.43231441,10728091.556537302,13055734.882720036
2021-06-30,14726709.591164568,15007000.0,21069868.99563319,10735518.147541605,12932577.768213665
2021-07-01,14801826.03246457,15112000.000000002,21109170.305676855,10729614.959820237,13088960.619754681
2021-07-02,14817154.51686457,14957000.0,21358078.602620084,10734089.956963858,13118207.684766756
2021-07-05,14821303.09106457,14915000.0,21349344.97816594,10739612.293864494,13167692.418047488
2021-07-06,14879942.005764568,14970000.000000002,21410480.349344976,10738184.103286741,13290486.096167183
2021-07-07,14885636.37446457,14935000.0,21493449.781659387,10754941.539399017,13269531.11924061
2021-07-08,14818095.78586457,14669000.0,21344978.165938865,10806261.187492859,13290839.968438419
2021-07-09,14884248.749864569,14813000.0,21510917.030567683,10791503.218189435,13315037.18049877
2021-07-12,14882412.31736457,14724000.0,21593886.462882094,10839014.358075943,13277115.462783637
2021-07-13,14918102.139064569,14812000.0,21580786.026200872,10850535.09540313,13320813.906223847
2021-07-14,14939562.780164568,14819000.0,21633187.772925764,10856819.133945232,13350433.97173804
2021-07-15,14947633.197464569,14911000.0,21427947.598253272,10837586.16749819,13448667.001410708
2021-07-16,14930835.32296457,14987000.0,21283842.794759825,10844536.69497658,13404241.685197141
2021-07-19,14876410.965864569,15011000.000000002,21091703.05676856,10847202.65072171,13307098.964684505
2021-07-20,14945420.42996457,14974000.0,21397379.912663758,10861294.131088853,13376792.673887575
2021-07-21,14936550.676364569,14869000.000000002,21554585.152838428,10873005.293826405,13325509.886904335
2021-07-22,14964407.02216457,15018000.0,21637554.585152842,10865007.426591001,13253645.123496642
2021-07-23,15007498.145864569,14940000.0,21890829.694323145,10878432.41802186,13300595.36618607
2021-07-26,14962280.426264567,14624000.0,21947598.253275108,10905948.889819857,13346101.42744423
2021-07-27,14792900.436464569,14195000.0,21694323.144104805,10883383.478691395,13303483.729048612
2021-07-28,14827387.361864569,14174000.0,21842794.759825327,10880146.246715162,13355493.388805205
2021-07-29,14857929.094264569,14198000.0,21890829.694323145,10903282.93407472,13384740.453817278
2021-07-30,14856381.17336457,14225000.000000002,21655021.834061135,10937559.507940738,13459503.144202951
2021-08-02,14805435.575764569,14172000.0,21672489.082969435,10954412.156758197,13295172.51273223
2021-08-03,14803577.32546457,14063000.000000002,21799126.637554586,10943557.908367291,13317925.543361312
2021-08-04,14846977.88306457,14186000.0,21847161.572052404,10941748.866968805,13337072.902469933
2021-08-05,14870776.65426457,14170000.0,22004366.812227074,10963171.725635068,13312148.817636231
2021-08-06,14849150.44216457,14265000.000000002,21877729.25764192,10956030.772746315,13240637.926499775
2021-08-09,14811248.936664568,14464999.999999998,21986899.563318774,10919278.66854553,12912349.664060446
2021-08-10,14783215.473064568,14519000.0,21868995.633187775,10916231.861979662,12843373.263515292
2021-08-11,14840723.896864569,14840000.0,21829694.323144104,10907281.867692424,12803643.927982211
2021-08-12,14944691.75276457,15011000.000000002,21890829.694323145,10927466.9611913,12959663.34313655
2021-08-13,14961332.47126457,15000000.0,21978165.93886463,10913280.268118978,12991081.462353252
2021-08-16,15018459.814664569,15116000.0,21956331.877729256,10907281.867692424,13112430.959041677
2021-08-17,14972832.940964568,14905000.0,21772925.764192138,10914327.607875993,13238113.000023913
2021-08-18,14966004.54996457,14974000.0,21615720.524017468,10939844.612865139,13220419.386461994
2021-08-19,14932060.175264569,14813000.0,21703056.768558953,10950508.435845679,13173469.143772567
2021-08-20,14999492.07696457,14838000.0,21978165.93886463,10944700.46082949,13226922.98496043
2021-08-23,15074217.36786457,14962000.0,22292576.419213973,10935560.041131886,13200554.718695456
2021-08-24,15126330.098764569,15042000.0,22301310.043668125,10944605.248124309,13298424.311981447
2021-08-25,15125867.746764569,15133000.0,22288209.606986903,10945081.311650226,13225832.675800398
2021-08-26,15113693.000464568,15255000.0,22157205.240174673,10922325.475111397,13185749.46799608
2021-08-27,15233891.75076457,15416000.0,22423580.7860262,10931085.043988269,13295172.51273223
2021-08-30,15296473.467064569,15472000.0,22611353.711790394,10945747.800586509,13333821.103220716
2021-08-31,15388683.538764568,15861000.0,22580786.026200876,10950413.223140493,13335628.721038664
2021-09-01,15405396.24376457,15875000.0,22620087.33624454,10974502.03755189,13329125.122540228
2021-09-02,15467755.88776457,16166000.0,22580786.026200876,10970883.954754923,13325873.323291013
2021-09-03,15458130.92296457,16097000.0,22646288.209606986,10968694.062535705,13313956.435454177
2021-09-06,15520794.271864569,16269000.0,22624454.148471616,10967551.510073503,13400636.013676688
2021-09-07,15594378.98976457,16610000.0,22659388.64628821,10947652.054690178,13367764.148913277
2021-09-08,15620502.089864569,16895000.0,22628820.960698694,10942224.930494724,13239193.745068505
2021-09-09,15690992.52786457,17332000.0,22519650.655021835,10940225.463685874,13179609.30588432
2021-09-10,15639265.07716457,17215000.0,22327510.91703057,10944319.610008758,13211754.297874376
2021-09-13,15738769.645764569,17713000.0,22296943.231441047,10927657.386601668,13170934.653181262
2021-09-14,15647032.21746457,17386000.0,22222707.423580784,10930418.555051984,13172742.270999212
2021-09-15,15668876.29376457,17323000.0,22393013.100436684,10920326.008302547,13211390.8614877
2021-09-16,15609306.788164569,17219000.0,22353711.790393014,10929180.7898846,13105210.051885325
2021-09-17,15460407.378964568,16879000.0,22157205.240174673,10936988.231709639,12986385.481672764
2021-09-22,15599471.837564569,17359000.0,21986899.563318774,10954888.220284114,13144212.514645053
2021-09-23,15593466.18336457,17316000.0,22205240.174672488,10964790.341623185,13014197.929369008
2021-09-24,15429469.41196457,16758000.0,22174672.489082973,10956506.836272232,12947746.455299718
2021-09-27,15312585.06876457,16356000.0,22021834.061135374,10951174.924781961,12983860.555196902
2021-09-28,15278910.862064568,16816000.0,21366812.227074236,10948794.607152376,12874074.074074076
2021-09-29,15155695.79216457,16348000.0,21358078.602620084,10957839.8141448,12839040.719221482
2021-09-30,15185581.54793012,16565000.0,21327510.91703057,10950508.435845679,12786313.750806972
2021-10-08,15205674.34433012,16428000.0,21432314.41048035,10932322.809155654,12918135.953900967
2021-10-11,15184827.35133012,16577000.0,21235807.86026201,10897474.959058534,12891404.251249315
2021-10-12,15169739.46253012,16482000.000000002,21148471.61572052,10895094.641428951,12969055.304497525
2021-10-13,15143789.20813012,16206000.0,21366812.227074236,10897094.108237803,12961470.9609545
2021-10-14,15215925.46953012,16041000.0,21698689.95633188,10897855.80987927,13131932.19042154
2021-10-15,15251213.66553012,16143000.0,21829694.323144104,10891857.409452716,13100514.07120484
2021-10-18,15292888.39573012,16465000.0,22021834.061135374,10844060.63145066,12932941.204600342
2021-10-19,15344147.91213012,16467000.0,22179039.301310044,10864721.788475454,12985668.173014851
2021-10-20,15242677.462930119,16154000.0,22069868.995633192,10872434.017595308,12941969.729574637
2021-10-21,15327620.65853012,16357000.0,22148471.615720525,10895570.704954866,12997221.624465007
2021-10-22,15234079.464930119,16004000.0,22000000.0,10884621.243858779,13056452.191377953
2021-10-25,15273969.01853012,16040000.0,22196506.550218344,10887668.050424648,13041646.940678576
2021-10-26,15272124.48673012,15932000.0,22253275.109170306,10896141.981185969,13074872.677713221
2021-10-27,15178476.09093012,15622000.0,22296943.231441047,10898236.660700003,12970136.04954212
2021-10-28,15176987.247130118,15182000.0,22589519.650655024,10908710.058270175,13117126.939722164
2021-10-29,15161246.612130119,15116000.0,22676855.895196505,10906329.74064059,13065480.716352247
2021-11-01,15221933.951930119,15282000.0,22855895.19650655,10928895.151769051,13008057.767257253
2021-11-02,15161132.18193012,14892000.0,22886462.882096067,10945843.013291694,13066207.589125602
2021-11-03,15244886.449130118,15188000.0,23157205.24017467,10939654.187454773,12964722.760203715
2021-11-04,15272639.52613012,15152000.000000002,23397379.91266375,10949270.670678295,12930770.150395716
2021-11-05,15260577.85513012,14822000.0,23436681.222707424,10976977.567886656,13088960.619754681
2021-11-08,15302096.54473012,14874000.0,23393013.100436684,10972502.57074304,13220055.950075317
2021-11-09,15271511.90773012,14822000.0,23205240.174672488,10976406.29165556,13265198.574946802
2021-11-10,15203366.12593012,14786000.0,22886462.882096067,10974121.186731156,13257250.795017097
2021-11-11,15368045.32653012,15126000.0,23021834.061135374,10958125.45226035,13486952.155512517
2021-11-12,15380794.097730119,15014000.0,23235807.860262007,10960315.344479568,13485507.974081248
2021-11-15,15348241.78993012,14982000.0,23157205.24017467,10972788.208858589,13433134.877937978
2021-11-16,15371821.480730118,14862000.0,23340611.353711788,10974311.612141524,13493446.189895513
2021-11-17,15357463.50173012,14834000.0,23344978.165938865,10970503.103934187,13468531.66917725
2021-11-18,15404663.317730118,14827999.999999998,23545851.52838428,10983356.819133943,13496697.98914473
2021-11-19,15476009.36233012,15046000.0,23685589.519650657,10968027.573599419,13502838.151256487
2021-11-22,15391468.45993012,15018000.0,23454148.471615724,10986784.476520546,13356574.133849796
2021-11-23,15343472.903730119,15178000.0,23340611.353711788,10983356.819133943,13143495.205987137
2021-11-24,15380812.683130119,15370000.0,23414847.161572054,11004589.252389839,13051756.210697465
2021-11-25,15377427.72473012,15334000.000000002,23445414.84716157,11007255.208134972,13046706.357745739
2021-11-26,15274659.23513012,15134000.0,22938864.628820963,11031058.384430818,13130851.445376948
2021-11-29,15302788.291530117,14994000.0,23445414.84716157,11027249.876223482,13034426.033522224
2021-11-30,15213417.006330118,14962000.0,23043668.122270744,11025345.622119812,13001200.29648758
2021-12-01,15178060.87993012,15200000.0,22633187.772925764,11012967.970445978,12958946.034478636
2021-12-02,15198504.097930118,15258000.0,22803493.449781664,10999352.553604754,12896827.104703154
2021-12-03,15178679.79253012,15506000.0,22414847.161572054,10989831.283086414,12882739.162661694
2021-12-06,15239470.836730119,15446000.0,22589519.650655024,11030106.257378984,12982052.937378956
2021-12-07,15405886.110930119,15684000.0,23288209.6069869,11009825.951174922,12963632.451043686
2021-12-08,15419691.771530118,15686000.0,23362445.414847158,11002780.210991355,12972307.103746744
2021-12-09,15351656.44093012,15752000.0,22951965.065502185,11005827.017557222,12934748.822418287
2021-12-10,15357066.38113012,15546000.0,23279475.982532755,11014205.735613361,12905855.629677452
2021-12-13,15301725.553730119,15524000.0,22912663.755458515,11007350.420840155,12964359.323817039
2021-12-14,15226281.71813012,15356000.0,22676855.895196505,11018775.945462162,12967974.559452932
2021-12-15,15315344.503530119,15490000.0,23222707.42358078,11018490.30734661,12837596.537790213
2021-12-16,15295293.869130118,15754000.0,22585152.838427946,11010778.078226758,12957501.853047365
2021-12-17,15330332.35713012,15755999.999999998,22497816.593886465,11015253.075370377,13121096.047629297
2021-12-20,15280637.166530117,15692000.0,22353711.790393014,11018204.669231059,13086072.256892141
2021-12-21,15400728.043330118,15966000.0,22799126.637554586,11018490.30734661,13011673.002893148
2021-12-22,15431460.95553012,15918000.000000002,23069868.99563319,11032962.638534484,12973024.412404658
2021-12-23,15521893.04913012,15982000.0,23231441.048034936,11047911.033248274,13113875.140472947
2021-12-24,15506572.782730117,15872000.0,23248908.29694323,11042103.05823209,13143495.205987137
2021-12-27,15588679.04393012,15946000.0,23615720.524017468,11054671.135316294,13128326.518901084
2021-12-28,15557822.98653012,15814000.0,23519650.655021835,11063906.767719083,13173105.70738589
2021-12-29,15524577.970930118,15738000.0,23524017.46724891,11074475.377994439,13104846.615498649
2021-12-30,15502363.26813012,15792000.0,23414847.161572054,11085805.689911261,13040566.195633983
2021-12-31,15547045.854110718,15908000.0,23288209.6069869,11082092.394409109,13183214.977404779
2022-01-04,15573887.512110718,16157999.999999998,23244541.48471616,11081140.267357275,13092929.727661815
2022-01-05,15487537.617310718,16242000.0,22515283.842794757,11077903.03538104,13147100.877507592
2022-01-06,15477729.276910719,16324000.0,22489082.969432313,11064478.043950183,13076680.295531167
2022-01-07,15454280.027110718,16496000.0,22244541.484716155,11067334.425105684,12989637.280921983
2022-01-10,15491300.68211072,16612000.0,22244541.484716155,11077807.822675858,13006613.585825982
2022-01-11,15591038.97591072,16634000.0,22585152.838427946,11090661.537875613,13118571.121153433
2022-01-12,15596842.91351072,16548000.0,22659388.64628821,11094755.684198499,13162633.000980323
2022-01-13,15483484.934510719,16466000.0,22030567.68558952,11098754.6178162,13197302.91944624
2022-01-14,15447615.97711072,16172000.0,22248908.29694323,11101039.722740602,13192970.375152428
2022-01-17,15444001.884310719,16232000.0,22205240.174672488,11108275.888334537,13147100.877507592
2022-01-18,15392888.31371072,16430000.0,21615720.524017468,11142171.61137982,13103038.997680703
2022-01-19,15411948.424310718,16610000.0,21419213.973799128,11160071.599954298,13108461.851134542
2022-01-20,15397514.92451072,16570000.0,21091703.05676856,11166926.914727502,13269894.555627288
2022-01-21,15270608.794310719,16419999.999999998,20502183.40611354,11182827.436493123,13278559.644214908
2022-01-24,15291754.02751072,16448000.0,20589519.65065502,11209677.419354837,13245697.343566937
2022-01-25,15092282.60091072,15980000.0,20065502.18340611,11199013.5963743,13266288.884106832
2022-01-26,15116673.952310719,16108000.0,20043668.12227074,11180066.268042808,13277842.335556991
2022-01-27,14974894.152310718,15956000.0,19847161.5720524,11164356.171687549,13052846.519857494
2022-01-28,15056343.42771072,15788000.0,20611353.711790394,11187016.795521192,13008784.640030606
2022-02-07,15206118.599710718,16236000.0,20720524.01746725,11182922.649198309,13088597.183368005
2022-02-08,15352660.462310718,16592000.0,20960698.689956333,11186540.731995275,13150352.676756809
2022-02-09,15468921.583910719,16676000.0,21441048.0349345,11179018.928285789,13212108.170145614
2022-02-10,15446930.642110718,16910000.0,20917030.56768559,11178066.801233955,13241364.799273128
2022-02-11,15321792.01111072,16958000.0,20305676.8558952,11133697.6806185,13175994.070248429
2022-02-14,15300545.114710718,16621999.999999998,20305676.8558952,11128365.769128233,13388719.12583985
2022-02-15,15392062.781310719,16486000.0,20786026.200873364,11133126.4043874,13534256.270473186
2022-02-16,15375226.445710719,16672000.0,20720524.01746725,11137601.401531018,13354766.51603185
2022-02-17,15285948.619110718,16601999.999999998,20065502.18340611,11144837.567124957,13472146.904813142
2022-02-18,15365725.26891072,16958000.0,19847161.5720524,11134078.531439234,13584104.440140594
2022-02-21,15367836.548110718,17002000.0,19868995.63318777,11105133.869063485,13576873.968868805
2022-02-22,15352686.584910719,16844000.0,19694323.1441048,11103324.827665005,13757454.032470174
2022-02-23,15185425.355910718,16680000.0,19148471.615720525,11119130.136725444,13616239.868015207
2022-02-24,15306085.139110718,16364000.0,19781659.38864629,11124842.899036447,13922138.536212133
2022-02-25,15299071.034110717,16344000.0,20087336.24454148,11136649.274479184,13727843.531071423
2022-02-28,15279195.55411072,16352000.0,20131004.36681223,11140457.782686522,13624551.084331589
2022-03-01,15259078.654110719,16516000.0,19737991.26637554,11120653.54000838,13666441.909953853
2022-03-02,15433256.447710719,16656000.0,20174672.48908297,11112179.609247057,13904081.48626354
2022-03-03,15392308.92011072,16896000.0,19781659.38864629,11095707.811250333,13808373.383066734
2022-03-04,15353199.22471072,16762000.0,19585152.83842795,11110941.844079673,13879884.27420319
2022-03-07,15281550.08251072,16612000.0,18908296.94323144,11111608.333015956,14143528.680391174
2022-03-08,15209888.51311072,16082000.0,18733624.45414847,11110370.567848573,14440035.387227125
2022-03-09,15333438.432910718,15922000.0,19410480.34934498,11099611.532162849,14621332.759486407
2022-03-10,15190494.63151072,16060000.000000002,19170305.676855896,11094850.896903683,14163756.784544392
2022-03-11,15182952.828910718,16144000.0,18820960.698689956,11136744.48718437,14216483.7529589
2022-03-14,15033378.76291072,15830000.0,18515283.84279476,11161309.365121681,14113191.30621907
2022-03-15,14833715.093510717,14920000.0,19170305.676855896,11121320.028944662,13866886.641321762
2022-03-16,15022161.58571072,15284000.0,19890829.69432314,11133221.617092583,13782378.117303878
2022-03-17,15116975.810710719,15476000.0,20000000.0,11135887.57283772,13879884.27420319
2022-03-18,15306143.003310718,15886000.0,20436681.22270742,11135982.785542902,13934418.860435646
2022-03-21,15270498.893510718,15820000.0,20458515.283842795,11128841.832654148,13864352.150730459
2022-03-22,15432160.03691072,16128000.0,20851528.38427948,11111989.183836691,13955000.836860104
2022-03-23,15353327.249310719,16128000.0,20524017.46724891,11115321.628518106,13869048.131410945
2022-03-24,15459494.967910718,16032000.0,21004366.812227074,11132459.915451117,14016402.457977667
2022-03-25,15488245.737910718,16066000.0,21004366.812227074,11132459.915451117,14085742.2949095
2022-03-28,15591411.890710719,16404000.0,21331877.729257643,11139124.804813953,13962231.308131892
2022-03-29,15609875.885510718,16344000.0,21681222.707423583,11141409.909738356,13874107.548478112
2022-03-30,15632425.979910718,16606000.0,21419213.973799128,11153025.859770726,13867967.386366352
2022-03-31,15614700.67290997,16792000.0,21048034.93449782,11142362.03679019,13878440.092771921
2022-04-01,15707345.67590997,17090000.0,21091703.05676856,11156072.666336594,13915644.501829138
2022-04-06,15684293.616209969,17388000.0,20676855.89519651,11169212.0196519,13844497.047079358
2022-04-07,15631489.677809969,17086000.0,20676855.89519651,11188159.347983396,13882772.637065731
2022-04-08,15631550.456109969,17304000.0,20371179.03930131,11182256.160262026,13911665.829806568
2022-04-11,15507319.40310997,17028000.0,19890829.69432314,11173115.740564419,14026148.291609881
2022-04-12,15521133.888809968,17026000.0,19868995.63318777,11172068.400807405,14092609.32979461
2022-04-13,15579445.47860997,16906000.0,20240174.67248908,11175876.90901474,14149668.842502931
2022-04-14,15572474.113509968,17226000.0,19716157.20524017,11178638.077465056,14202395.810917439
2022-04-15,15584920.666609969,17142000.0,19825327.51091703,11181970.522146475,14239954.092245894
2022-04-18,15537888.01480997,16888000.0,19825327.51091703,11150740.754846327,14321574.253401238
2022-04-19,15638142.58850997,17092000.0,20218340.61135371,11150359.904025594,14250790.235038137
2022-04-20,15446996.47980997,16654000.0,20000000.0,11151026.392961876,14076350.33354853
2022-04-21,15349888.202309968,16356000.0,19628820.96069869,11159881.174543928,14211060.899505058
2022-04-22,15369922.393809969,16658000.0,19257641.92139738,11155406.177400311,14282935.227028191
2022-04-25,15270253.814009968,15998000.000000002,19606986.89956332,11175019.994668087,14219372.115821438
2022-04-26,15097238.37790997,15875999.999999998,19039301.31004367,11170449.784819284,14085024.986251587
2022-04-27,15127640.694009969,15996000.0,19039301.31004367,11164260.958982365,14101637.854768908
2022-04-28,15319555.967209969,16339999.999999998,19694323.1441048,11157120.006093612,14076713.769935206
2022-04-29,15306462.52500997,16621999.999999998,18973799.126637556,11165784.362265298,14261262.941443704
2022-05-05,15262878.091309968,16650000.0,18820960.698689956,11175019.994668087,14172421.873132009
2022-05-06,15143476.11380997,16162000.0,18777292.576419212,11172734.889743688,14182894.579537578
2022-05-09,15067643.986209968,16258000.0,18187772.925764192,11182256.160262026,14210707.02723382
2022-05-10,15144448.505709969,16416000.0,18471615.72052402,11187302.433636744,14159778.11252182
2022-05-11,15024837.673409969,16396000.0,17969432.31441048,11181780.096736109,14088994.094158718
2022-05-12,15045397.97300997,16404000.0,17925764.19213974,11192443.919716645,14170977.69170074
2022-05-13,15249626.92260997,16794000.0,18755458.51528384,11182732.223787941,14039872.797264664
2022-05-16,15197043.14890997,16870000.0,18515283.84279476,11185874.243058993,13944528.130454537
2022-05-17,15264973.536209969,16730000.0,18995633.187772926,11192634.345127013,13976673.122444589
2022-05-18,15018068.46140997,16626000.0,17903930.131004363,11202536.466466084,13892164.598426703
2022-05-19,15034668.45700997,16744000.000000002,17838427.947598252,11203964.657043835,13895052.961289242
2022-05-20,15055628.418009968,16820000.0,17772925.76419214,11198727.95825875,13956454.58240681
2022-05-23,15078155.594009968,16740000.0,17882096.069868993,11213105.076741438,14012787.222341774
2022-05-24,14924400.08040997,16374000.0,17445414.847161572,11218056.137410974,14050355.06778567
2022-05-25,15040454.940309968,16648000.0,17707423.580786023,11227958.258750046,14051435.812830262
2022-05-26,15212908.885209968,16842000.0,18253275.109170303,11260235.365807211,14104162.781244772
2022-05-27,15390983.58500997,16928000.0,19017467.248908296,11261187.492859047,14161222.293953089
2022-05-30,15336190.87990997,16928000.0,18930131.00436681,11247286.437902274,14041316.978695933
2022-05-31,15282252.158109969,16888000.0,18755458.51528384,11233480.595650682,14014958.276546398
2022-06-01,15237698.94460997,16930000.0,18624454.148471612,11224911.452184178,13918886.736962916
2022-06-02,15340352.830409968,16758000.0,19257641.92139738,11223864.112427162,14009898.859479235
2022-06-06,15224488.21310997,16752000.0,18711790.3930131,11220817.305861294,13966563.8524257
2022-06-07,15253508.346709969,16768000.0,18864628.8209607,11231861.979662566,13942003.203978673
2022-06-08,15266146.76670997,16918000.0,18711790.3930131,11229862.512853714,13966200.416039024
2022-06-09,15203369.614109969,16950000.0,18253275.109170303,11235575.275164718,14011706.477297181
2022-06-10,15097573.68070997,17008000.0,17663755.458515283,11238431.656320218,13972704.014537457
2022-06-13,14937214.335609969,16688000.0,16899563.318777293,11233385.3829455,14177117.853812495
2022-06-14,14944815.74740997,16916000.0,17008733.624454148,11230719.427200364,13947062.621045835
2022-06-15,15012813.41080997,16982000.0,17423580.786026202,11222055.071028678,13871582.622002248
2022-06-16,14823798.50400997,16750000.0,16637554.585152838,11228434.322275965,13901556.559787678
2022-06-17,14868660.469309969,16700000.0,16790393.013100438,11227291.769813761,14003041.388709564
2022-06-20,14847085.60510997,16641999.999999998,16834061.13537118,11220817.305861294,13953556.655428832
2022-06-21,14922659.18180997,16736000.0,17183406.113537118,11224054.53783753,13910221.648375297
2022-06-22,14873723.34800997,16466000.0,17227074.23580786,11227958.258750046,13925753.771848029
2022-06-23,14951494.93720997,16606000.0,17467248.908296943,11225292.303004913,13931530.497573107
2022-06-24,15020336.815809969,16544000.0,18056768.558951963,11214723.692729555,13852071.826506946
2022-06-27,15041113.02230997,16712000.0,17882096.069868993,11192063.068895912,13930449.752528515
2022-06-28,14933851.97780997,16790000.0,17336244.541484717,11185969.455764178,13852071.826506946
2022-06-29,14967041.06980997,16938000.0,17379912.663755458,11193015.195947746,13810181.000884682
2022-06-30,14933933.88313418,16978000.0,17183406.113537118,11206249.761968236,13775511.082418768
2022-07-01,14920843.14713418,16994000.0,17248908.296943232,11206821.038199337,13661028.620615453
2022-07-04,14937586.38693418,16948000.0,17292576.419213973,11198442.320143199,13735427.874614447
2022-07-05,15002544.619934179,17002000.0,17554585.152838428,11203393.380812736,13715199.77046123
2022-07-06,14890646.84493418,16634000.0,17729257.641921394,11207201.88902007,13456251.344953734
2022-07-07,14920168.32673418,16648000.0,18078602.620087333,11212152.949689604,13267733.0655381
2022-07-08,14918104.81753418,16668000.0,18100436.681222703,11209963.057470387,13229084.475049615
2022-07-11,14814750.12053418,16598000.0,17663755.458515283,11222150.28373386,13239557.181455182
2022-07-12,14840529.96793418,16754000.0,17576419.213973798,11232052.405072931,13265925.447720155
2022-07-13,14802447.283334179,16704000.000000002,17554585.152838428,11238146.018204669,13175994.070248429
2022-07-14,14756983.592334181,16452000.0,17598253.275109172,11250714.095288875,13162269.564593647
2022-07-15,14759919.79053418,16177999.999999998,17991266.375545852,11253760.90185474,13076680.295531167
2022-07-18,14820581.38753418,16532000.0,17816593.886462882,11256426.857599877,13149989.240370132
2022-07-19,14937724.80113418,16592000.0,18362445.41484716,11257474.197356895,13094737.34547976
2022-07-20,15012674.044934181,16612000.0,18668122.27074236,11270518.33796702,13094010.472706407
2022-07-21,14986956.56353418,16306000.0,18973799.126637556,11277088.01462467,12994333.261602469
2022-07-22,14959980.40913418,16298000.0,18602620.087336242,11269185.360094452,13208502.498625161
2022-07-25,14958612.39913418,16306000.0,18515283.84279476,11277373.65274022,13256896.922745857
2022-07-26,14933113.31113418,16540000.0,18144104.80349345,11285752.370796358,13260148.721995076
2022-07-27,15089587.731334178,16476000.0,18973799.126637556,11288418.32654149,13221136.69511991
2022-07-28,15149669.14833418,16530000.0,19061135.37117904,11278325.779792054,13341405.446763743
2022-07-29,15239749.31893418,16364000.0,19410480.34934498,11302985.87043455,13498142.170575999
2022-08-01,15259920.648334181,16376000.0,19410480.34934498,11322409.262291959,13538952.251153674
2022-08-02,15180133.42573418,15986000.0,19344978.16593886,11324884.792626726,13610463.142290128
2022-08-03,15260794.85273418,15780000.0,19978165.93886463,11335358.1901969,13554847.81101308
2022-08-04,15307211.26993418,15902000.0,20000000.0,11338785.8475835,13605403.725222964
2022-08-05,15307709.22593418,15996000.0,19781659.38864629,11330692.767642913,13715917.079119146
2022-08-08,15324520.94593418,16150000.0,19803493.44978166,11327550.748371862,13639356.335030966
2022-08-09,15290367.421534179,16197999.999999998,19541484.7161572,11327169.897551129,13684862.396289123
2022-08-10,15413018.98633418,16152000.0,20109170.30567686,11328502.875423696,13718088.13332377
2022-08-11,15395584.30433418,16350000.0,19890829.69432314,11332501.809041396,13663190.110704638
2022-08-12,15529848.19633418,16468000.0,20327510.91703057,11331454.469284382,13714119.025416639
2022-08-15,15583926.18513418,16464000.0,20480349.34497817,11383535.819019688,13730368.457547285
2022-08-16,15601590.75373418,16494000.0,20524017.46724891,11399150.702669762,13717007.388279177
2022-08-17,15561129.33293418,16568000.0,20327510.91703057,11401054.95677343,13662836.2384334
2022-08-18,15523492.52413418,16424000.0,20349344.97816594,11412385.268690253,13609382.397245536
2022-08-19,15480958.82873418,16581999.999999998,20043668.12227074,11410290.589176217,13571824.11591708
2022-08-22,15391722.31913418,16718000.0,19541484.7161572,11410671.43999695,13534256.270473186
2022-08-23,15426738.11253418,16724000.000000002,19606986.89956332,11405053.890391132,13612988.068765992
2022-08-24,15409511.596934179,16554000.0,19628820.96069869,11406958.144494802,13667522.654998446
2022-08-25,15587555.16813418,16954000.0,20021834.06113537,11389058.155920325,13706888.55414485
2022-08-26,15401914.97233418,16910000.0,19192139.737991266,11389534.219446242,13722057.241230903
2022-08-29,15375689.34533418,17026000.0,19061135.37117904,11404863.464980766,13617330.17717524
2022-08-30,15353145.55933418,17050000.0,18864628.8209607,11409528.887534752,13666441.909953853
2022-08-31,15296853.844734179,16956000.0,18799126.637554582,11404673.039570399,13593486.837386128
2022-09-01,15312853.76273418,17144000.0,18777292.576419212,11416288.989602773,13503201.587643163
2022-09-02,15253126.069134181,17110000.0,18537117.90393013,11414289.52279392,13505372.641847787
2022-09-05,15359289.73473418,17436000.0,18558951.9650655,11423906.00601744,13603242.235133778
2022-09-06,15394591.55133418,17628000.0,18449781.659388643,11428190.577750694,13659938.311455421
2022-09-07,15469355.77793418,17644000.0,18842794.75982533,11424858.133069275,13611907.3237214
2022-09-08,15513364.46833418,17662000.0,18930131.00436681,11421430.475682674,13693890.921263421
2022-09-09,15646314.99233418,17876000.0,19323144.10480349,11411813.992459154,13707615.426918203
2022-09-13,15420656.82893418,17772000.0,18427947.598253272,11408862.398598468,13680529.851995314
2022-09-14,15405776.64473418,17642000.0,18624454.148471612,11399150.702669762,13585548.621571863
2022-09-15,15346239.69153418,17726000.0,18318777.29257642,11401626.23300453,13539679.123927027
2022-09-16,15207203.75833418,17198000.0,18253275.109170303,11396389.534219444,13514037.730435409
2022-09-19,15243487.786534179,17204000.0,18427947.598253272,11397436.873976462,13501757.406211894
2022-09-20,15211838.905934181,17118000.0,18296943.23144105,11408195.909662185,13546536.5946967
2022-09-21,15184096.65033418,17258000.0,17969432.31441048,11412861.332216168,13587346.67527437
2022-09-22,15129473.61513418,17186000.0,17838427.947598252,11411813.992459154,13550515.266719272
2022-09-23,15056398.77033418,17036000.0,17576419.213973798,11398865.064554213,13628520.19223872
2022-09-26,14962362.244534181,16734000.0,17576419.213973798,11377061.355067218,13553403.62958181
2022-09-27,15033040.67873418,16916000.0,17707423.580786023,11379251.247286437,13558816.918920211
2022-09-28,15085988.75393418,16766000.0,18144104.80349345,11357161.899683893,13553040.193195134
2022-09-29,14968366.71653418,16630000.0,17620087.336244542,11345355.524241155,13663916.983477993
2022-09-30,14918896.990069078,16700000.0,17292576.419213973,11336119.891838366,13698950.338330584
2022-10-10,14952797.266569078,16770000.0,17227074.23580786,11363160.300110444,13785266.480166418
2022-10-11,14901099.154469078,16750000.0,17030567.68558952,11362779.449289713,13767926.73887574
2022-10-12,14955988.440769078,16964000.0,17030567.68558952,11368206.573485164,13787427.970255602
2022-10-13,15009715.19556908,16806000.0,17423580.786026202,11373633.697680619,13796456.495229898
2022-10-14,14922176.398069078,16924000.0,16877729.257641923,11396675.172334995,13782731.989575114
2022-10-17,15021665.971169079,16860000.0,17467248.908296943,11399055.48996458,13730731.893933961
2022-10-18,15037867.545769079,16810000.0,17598253.275109172,11401435.807594165,13724591.731822204
2022-10-19,14998268.960169079,16730000.0,17532751.091703057,11401340.59488898,13696779.284125961
2022-10-20,14938969.647469077,16600000.0,17467248.908296943,11393533.153063944,13646940.67857399
2022-10-21,15038179.35906908,16658000.0,17860262.008733623,11388486.879689224,13658494.13002415
2022-10-24,15042166.246369079,16282000.0,18056768.558951963,11400007.617016412,13811988.618702628
2022-10-25,15130459.467969079,16192000.0,18558951.9650655,11390676.771908442,13823542.070152787
2022-10-26,15017489.303969078,16074000.0,18122270.74235808,11405625.166622233,13833297.467900438
2022-10-27,14955643.290369079,16150000.0,17772925.76419214,11418098.031001257,13805485.020204196
2022-10-28,15022254.383869078,15875999.999999998,18362445.41484716,11437997.486384584,13783822.298735147
2022-10-31,14884391.049069079,15486000.0,18144104.80349345,11450470.350763604,13755282.978265548
2022-11-01,14891291.875769079,15632000.0,18034934.497816592,11437330.9974483,13763230.758195253
2022-11-02,14816448.159369078,15835999.999999998,17467248.908296943,11425905.472826293,13784539.607393062
2022-11-03,14722050.48826908,15708000.0,17183406.113537118,11430190.044559546,13762513.449537337
2022-11-04,14844288.160769079,15972000.0,17467248.908296943,11415812.926076854,13787427.970255602
2022-11-07,14908789.407469079,16048000.0,17598253.275109172,11422382.602734508,13850273.77280444
2022-11-08,14941300.081869079,16048000.0,17707423.580786023,11429904.406443996,13874107.548478112
2022-11-09,14925848.529269079,16030000.0,17292576.419213973,11424477.282248542,14167362.456064845
2022-11-10,15214254.309269078,16062000.0,18646288.209606986,11421144.837567125,14131975.228941014
2022-11-11,15389817.21086908,16474000.0,18864628.8209607,11396865.597745363,14295215.551251706
2022-11-14,15215138.490769079,16422000.000000002,18427947.598253272,11324694.367216362,14129440.738349712
2022-11-15,15292085.52906908,16501999.999999998,18580786.026200872,11331740.10739993,14216847.189345576
2022-11-16,15232131.954869078,16454000.0,18296943.23144105,11316791.712686138,14278956.55500562
2022-11-17,15241672.66826908,16396000.0,18340611.35371179,11340690.101687167,14298103.914114244
2022-11-18,15235327.030069077,16306000.0,18449781.659388643,11331549.681989564,14273179.82928054
2022-11-21,15172915.94386908,16242000.0,18296943.23144105,11340785.314392352,14206364.918824572
2022-11-22,15288066.101969078,16416000.0,18646288.209606986,11337357.65700575,14213949.262367599
2022-11-23,15332689.29156908,16524000.0,18733624.45414847,11359447.004608294,14193367.285943143
2022-11-24,15363076.080369078,16598000.0,18711790.3930131,11371062.954640668,14247538.43578892
2022-11-25,15411658.904369079,16916000.0,18624454.148471612,11349354.457858855,14260545.632785788
2022-11-28,15348557.981269078,16824000.0,18427947.598253272,11332406.596336216,14280410.300552329
2022-11-29,15439754.906069078,17316000.0,18384279.475982532,11310222.036028486,14273179.82928054
2022-11-30,15592527.619469078,17286000.0,19170305.676855896,11306508.740526335,14240680.965019248
2022-12-01,15565473.06846908,17172000.0,19061135.37117904,11323932.665574893,14300265.404203432
2022-12-02,15504161.005669078,17042000.0,18799126.637554582,11324980.005331911,14388025.72747053
2022-12-05,15451475.632969078,17326000.0,18449781.659388643,11311650.226606239,14254405.470674032
2022-12-06,15290609.814569078,17250000.0,17925764.19213974,11293750.238031764,14162666.475384358
2022-12-07,15256209.809269078,17150000.0,17882096.069868993,11319172.030315725,14122219.831193363
2022-12-08,15307652.01696908,17208000.0,18013100.436681222,11320981.07171421,14157616.622432634
2022-12-09,15255211.543569077,17032000.0,17903930.131004363,11314982.671287656,14203122.683690792
2022-12-12,15233001.27666908,16766000.0,18122270.74235808,11314792.245877288,14166999.019678168
2022-12-13,15314394.198369078,16852000.0,18362445.41484716,11308984.270861102,14212151.20866509
2022-12-14,15304158.174469078,16788000.0,18165938.86462882,11334501.275850248,14351911.627573347
2022-12-15,15076231.12076908,16610000.0,17510917.030567687,11325265.643447462,14190842.35946728
2022-12-16,15094374.610569078,16786000.0,17445414.847161572,11324503.941805992,14165918.274633575
2022-12-19,15001770.064769078,16488000.0,17205240.174672488,11342118.29226492,14239236.78358798
2022-12-20,14970051.03016908,16328000.0,17227074.23580786,11340309.250866434,14238873.347201303
2022-12-21,15053523.048269078,16324000.0,17423580.786026202,11346878.92752409,14385137.364607992
2022-12-22,14949875.972169079,16230000.0,17030567.68558952,11354210.305823207,14384056.6195634
2022-12-23,14945634.351769079,16172000.0,17096069.868995633,11365540.617740031,14350467.446142074
2022-12-26,14923450.202269077,16148000.0,17096069.868995633,11357733.175914992,14298103.914114244
2022-12-27,14903731.395969078,16339999.999999998,16812227.074235808,11340404.46357162,14313989.909858214
2022-12-28,14876105.697669078,16352000.0,16615720.524017468,11347831.05457592,14349386.701097481
2022-12-29,14929447.81696908,16230000.0,17052401.74672489,11358494.87755646,14286540.898548648
2022-12-30,14972355.413169079,16342000.000000002,16986899.563318778,11360494.34436531,14401750.233125314
2022-12-31,14971847.544482699,16339999.999999998,16986899.563318778,11361541.684122328,14401396.360854074
2023-01-03,14979392.2750827,16434000.0,16834061.13537118,11372586.357923599,14463151.854242884
2023-01-04,15033773.3916827,16550000.0,16877729.257641923,11384202.307955973,14518403.749133253
2023-01-05,14951897.204682698,16544000.0,16572052.401746724,11374776.250142816,14479764.722760204
2023-01-06,15016510.3058827,16526000.0,17030567.68558952,11370206.040294018,14361303.58893432
2023-01-09,15036977.1928827,16518000.0,16965065.502183404,11369729.976768099,14503235.0620472
2023-01-10,15012636.4576827,16404000.0,16965065.502183404,11355448.07099059,14528159.146880904
2023-01-11,15103332.3552827,16466000.0,17270742.358078603,11359256.579197926,14558496.52105301
2023-01-12,15106007.1870827,16442000.000000002,17336244.541484717,11357637.96320981,14536460.799081845
2023-01-13,15143679.568682699,16596000.0,17358078.602620088,11348592.75621739,14538631.85328647
2023-01-16,15167443.4646827,16650000.0,17314410.480349343,11336024.679133182,14635420.701527867
2023-01-17,15181706.5292827,16616000.0,17358078.602620088,11346688.50211372,14669727.183607109
2023-01-18,15166165.7454827,16678000.0,17227074.23580786,11343165.632021934,14670817.492767138
2023-01-19,15154025.6446827,16732000.0,17074235.807860263,11344212.971778953,14704760.5384597
2023-01-20,15319901.8048827,16878000.0,17554585.152838428,11336310.317248732,14817081.51017383
2023-01-30,15411118.3738827,16866000.0,17947598.25327511,11353543.816886924,14823585.108672263
2023-01-31,15444640.961282698,16898000.0,18231441.048034932,11362589.023879346,14672261.674198408
2023-02-01,15568825.0380827,16982000.0,18580786.026200872,11356019.347221693,14788188.317432994
2023-02-02,15731101.9078827,16992000.0,19126637.55458515,11361446.471417144,14934098.462568443
2023-02-03,15590839.7244827,16860000.0,18886462.88209607,11362208.17305861,14713425.62704732
2023-02-06,15513224.5090827,16824000.0,18799126.637554582,11361065.62059641,14522018.984769147
2023-02-07,15622107.867882699,16892000.0,19257641.92139738,11366397.53208668,14485541.448485283
2023-02-08,15511684.317082701,16790000.0,18842794.75982533,11367349.659138512,14501073.571958017
2023-02-09,15526488.0536827,16932000.0,18711790.3930131,11371539.018166581,14538631.85328647
2023-02-10,15496268.4452827,16982000.0,18602620.087336242,11369920.402178466,14472897.687875092
2023-02-13,15599289.2638827,17042000.0,18951965.06550218,11375061.88825837,14513707.768452765
2023-02-14,15642912.0440827,17134000.0,19082969.43231441,11376680.504246486,14487349.066303233
2023-02-15,15659710.6000827,17086000.0,19235807.86026201,11377346.993182769,14463869.162900798
2023-02-16,15580677.237482699,17002000.0,18973799.126637556,11382202.84114712,14449790.784974776
2023-02-17,15542534.7742827,16946000.0,18886462.88209607,11381726.777621204,14427037.754345698
2023-02-20,15646698.9498827,17346000.0,18886462.88209607,11370491.678409567,14489510.556392418
2023-02-21,15567169.2826827,17514000.0,18406113.537117902,11370586.891114749,14442560.313702988
2023-02-22,15603831.3024827,17518000.0,18471615.72052402,11374871.462848002,14519130.621906606
2023-02-23,15641103.162682699,17520000.0,18689956.33187773,11374204.973911718,14476512.923510987
2023-02-24,15571461.747082701,17478000.0,18362445.41484716,11378299.120234603,14518049.876862014
2023-02-27,15607481.8570827,17398000.0,18646288.209606986,11380203.374338271,14484097.267054014
2023-02-28,15617744.615282701,17496000.0,18602620.087336242,11381821.990326388,14472180.379217176
2023-03-01,15627477.5518827,17624000.0,18427947.598253272,11382774.117378222,14543691.270353634
2023-03-02,15650493.942282699,17730000.0,18449781.659388643,11376870.929656852,14527795.710494228
2023-03-03,15806294.7010827,17890000.0,18908296.94323144,11379156.034581253,14594610.620950198
2023-03-06,15837449.2776827,17862000.0,18886462.88209607,11396675.172334995,14735461.349018484
2023-03-07,15777134.8922827,17800000.0,18689956.33187773,11401816.658414898,14718121.607727807
2023-03-08,15777859.060682701,17798000.0,18886462.88209607,11399055.48996458,14559577.266097603
2023-03-09,15709498.2304827,17754000.0,18602620.087336242,11405720.379327418,14567525.046027308
2023-03-10,15603850.5410827,17444000.0,18340611.35371179,11413146.970331721,14646974.152978027
2023-03-13,15705718.0666827,17682000.0,18406113.537117902,11410766.652702136,14776634.865982834
2023-03-14,15800922.7740827,17576000.0,18711790.3930131,11416003.351487223,14970575.998852307
2023-03-15,15871303.115282701,17880000.0,18733624.45414847,11415622.50066649,14955407.311766256
2023-03-16,16005112.7304827,17712000.0,19344978.16593886,11426571.961762577,15086139.205700213
2023-03-17,16046781.9582827,17934000.0,19213973.799126636,11427904.939635145,15160175.023312531
2023-03-20,16183371.7974827,17878000.0,19192139.737991266,11433903.340061694,15745967.529828085
2023-03-21,16156596.389482701,17808000.0,19475982.53275109,11427143.237993676,15472577.290007891
2023-03-22,16054146.2026827,17922000.0,19192139.737991266,11426476.749057394,15219405.590225475
2023-03-23,16145752.029682701,17936000.0,19432314.41048035,11422192.177324142,15361337.063338356
2023-03-24,16121807.1238827,17804000.0,19410480.34934498,11416288.989602773,15411539.105277002
2023-03-27,16059123.4446827,17654000.0,19366812.227074236,11427048.025288492,15325949.836214526
2023-03-28,16038191.2508827,17704000.0,19279475.98253275,11426476.749057394,15276111.230662555
2023-03-29,16105996.629882699,17610000.0,19628820.96069869,11430951.74620101,15318002.05628482
2023-03-30,16176877.7434827,17706000.0,19847161.5720524,11428476.215866243,15324142.218396576
2023-03-31,16285264.51164364,17762000.0,20131004.36681223,11432475.149483947,15448380.07794754
2023-04-03,16267261.89004364,17918000.0,20109170.30567686,11428095.36504551,15267082.705688257
2023-04-04,16306531.42104364,18026000.0,20000000.0,11428761.853981795,15405045.070894009
2023-04-06,16329988.03764364,17874000.0,19956331.87772926,11431237.384316562,15656399.588743037
2023-04-07,16327021.43744364,17860000.0,19978165.93886463,11440092.165898617,15628596.705162233
2023-04-10,16295787.65964364,17900000.0,19934497.81659389,11444186.312221501,15503278.100566676
2023-04-11,16344753.753843639,18092000.0,19847161.5720524,11459610.770461211,15568285.393204696
2023-04-12,16404306.528043639,18370000.0,19672489.08296943,11465609.170887763,15678435.3107142
2023-04-13,16481113.64084364,18402000.0,20000000.0,11461324.59915451,15696492.360662796
2023-04-14,16466963.857843641,18338000.0,19934497.81659389,11461229.386449328,15748855.892690625
2023-04-17,16495186.81364364,18594000.0,19978165.93886463,11452755.455688005,15611256.963871555
2023-04-18,16496997.00904364,18622000.0,20021834.06113537,11460182.046692312,15550228.343256105
2023-04-19,16493166.307843639,18646000.0,19978165.93886463,11463324.065963361,15544088.181144347
2023-04-20,16520514.58684364,18796000.0,19912663.75545851,11464752.256541112,15565750.902613396
2023-04-21,16435520.840843638,18522000.0,19868995.63318777,11471321.933198763,15506166.463429214
2023-04-24,16433768.24304364,18554000.0,19847161.5720524,11479319.800434168,15477636.707075056
2023-04-25,16425639.808243638,18692000.0,19475982.53275109,11480938.416422287,15609449.346053608
2023-04-26,16480935.208043639,18706000.0,19694323.1441048,11490364.47423544,15626789.087344287
2023-04-27,16615687.23804364,18768000.0,20218340.61135371,11510930.418555053,15654238.098653853
2023-04-28,16690938.714243641,19092000.0,20371179.03930131,11513786.799710553,15536857.70987256
2023-05-04,16806506.801643636,19598000.0,19912663.75545851,11529306.470655445,15866236.281471917
2023-05-05,16932251.17704364,19646000.0,20349344.97816594,11548444.224397304,15940635.535470912
2023-05-08,17023998.984043635,20212000.0,20393013.10043668,11537018.699775297,15778475.958204817
2023-05-09,16961148.325643636,19990000.0,20283842.794759825,11543493.163727768,15808086.45960357
2023-05-10,16916066.496643636,19504000.0,20524017.46724891,11555585.177286057,15859015.374315571
2023-05-11,16909457.995043635,19442000.0,20524017.46724891,11570247.933884297,15868043.899289865
2023-05-12,16844770.498243637,19242000.0,20545851.52838428,11568534.105190994,15782081.62972527
2023-05-15,16876805.119643636,19172000.0,20720524.01746725,11559964.961724492,15842039.069411568
2023-05-16,16814218.844643638,18978000.0,20676855.89519651,11564344.746162927,15800865.552447218
2023-05-17,16848672.726643637,18920000.0,21004366.812227074,11558917.621967476,15738029.314013822
2023-05-18,16974029.24964364,19112000.0,21441048.0349345,11556727.729748257,15714549.410611387
2023-05-19,16904392.82184364,18812000.0,21506550.218340613,11563297.40640591,15652067.044449227
2023-05-22,16921031.024443638,18786000.0,21528384.279475983,11570247.933884297,15711661.047748847
2023-05-23,16791374.452043638,18510000.0,21288209.606986903,11583006.436378868,15626789.087344287
2023-05-24,16754634.956043638,18256000.0,21266375.54585153,11581673.458506301,15726829.7348349
2023-05-25,16821705.45984364,18156000.0,21768558.951965064,11581768.671211485,15682767.85500801
2023-05-26,16982814.86764364,18412000.0,22401746.724890828,11571009.635525761,15600066.948808074
2023-05-29,16987804.397243638,18510000.0,22336244.541484717,11577864.950298967,15574779.427587694
2023-05-30,17032510.141043637,18582000.0,22510917.030567687,11578436.226530066,15546976.544006888
2023-05-31,17029456.344843637,18450000.0,22358078.602620088,11590337.81467799,15751390.383281928
2023-06-01,17114750.01064364,18534000.0,22685589.519650657,11599668.659785962,15738029.314013822
2023-06-02,17163294.965843637,18554000.0,22838427.947598256,11587671.858932855,15803753.915309759
2023-06-05,17167203.011643637,18756000.0,22838427.947598256,11593194.195833491,15635454.175931904
2023-06-06,17177871.66124364,18622000.0,22903930.131004367,11602429.828236278,15729718.09769744
2023-06-07,17146520.66124364,18794000.0,22532751.091703057,11607285.676200632,15739473.495445091
2023-06-08,17228021.19464364,18930000.0,22860262.008733626,11606714.399969531,15679879.49214547
2023-06-09,17267024.22344364,18944000.0,22860262.008733626,11622234.070914423,15794725.390335463
2023-06-12,17329107.95084364,18800000.0,23296943.231441047,11626804.280763224,15814226.621715326
2023-06-13,17409660.698843636,18782000.0,23580786.026200876,11657938.835358188,15875628.242832892
2023-06-14,17391222.796243638,18664000.0,23755458.515283845,11660414.365692956,15770891.61466179
2023-06-15,17404943.501443636,18692000.0,24017467.248908296,11632612.255779408,15635100.303660667
2023-06-16,17379847.24284364,18650000.0,23799126.637554586,11616426.095898235,15765832.197594628
2023-06-19,17306061.386443637,18384000.0,23755458.515283845,11598811.74543931,15774497.286182245
2023-06-20,17299649.55644364,18208000.0,23864628.820960697,11611760.673344249,15801946.297491811
2023-06-21,17203680.204443637,18058000.0,23602620.087336246,11618615.988117453,15760055.471869547
2023-06-26,17086693.570443638,17738000.0,23406113.537117906,11625566.51559584,15735858.259809196
2023-06-27,17248320.77304364,18090000.0,23820960.698689956,11618615.988117453,15734050.64199125
2023-06-28,17255636.54584364,18174000.0,23864628.820960697,11623376.623376623,15648815.245200012
2023-06-29,17244537.32184364,18128000.0,23842794.759825327,11626994.70617359,15658570.642947663
2023-06-30,17365192.79017384,18208000.0,24257641.92139738,11645180.332863616,15706965.06706836
2023-07-03,17433680.650973838,18458000.0,24257641.92139738,11642514.377118483,15742715.73057887
2023-07-04,17414480.51197384,18382000.0,24235807.86026201,11638039.379974863,15758974.726824952
2023-07-05,17409055.74257384,18350000.0,24192139.737991266,11645370.758273983,15785333.428974489
2023-07-06,17373364.10797384,18312000.0,24061135.37117904,11645656.396389533,15773416.541137652
2023-07-07,17361377.88297384,18356000.0,23951965.065502185,11650893.09517462,15755722.927575737
2023-07-10,17387574.72677384,18420000.0,23930131.004366815,11654035.114445671,15805198.096741028
2023-07-11,17408367.166773837,18460000.0,24039301.310043667,11659938.302167041,15767276.379025897
2023-07-12,17445568.62577384,18396000.0,24279475.98253275,11659652.66405149,15801946.297491811
2023-07-13,17607741.203773838,18670000.0,24628820.96069869,11657748.409947824,15928718.64763408
2023-07-14,17579070.542173836,18714000.0,24541484.716157205,11656225.006664887,15845644.740932025
2023-07-17,17610710.61057384,18584000.0,24781659.38864629,11666888.829645425,15902350.381369103
2023-07-18,17670897.23157384,18552000.0,25021834.06113537,11677267.014510415,15978193.816799369
2023-07-19,17761663.534573838,18696000.0,25021834.06113537,11677362.2272156,16182244.219687734
2023-07-20,17620758.326973837,18590000.0,24432314.41048035,11682313.287885133,16138909.212634198
2023-07-21,17585284.20357384,18578000.0,24366812.227074236,11694024.450622689,16047533.653731203
2023-07-24,17603392.91557384,18592000.0,24410480.34934498,11705449.975244695,16057289.051478852
2023-07-25,17665300.242973838,18938000.0,24563318.77729258,11656415.432075255,15950017.93271645
2023-07-26,17662352.11677384,18900000.0,24432314.41048035,11673839.357123815,16033445.711689742
2023-07-27,17670969.730973836,18936000.0,24366812.227074236,11682884.564116236,16063783.085861847
2023-07-28,17793333.01197384,19230000.0,24847161.572052404,11674981.909586012,15952552.42330775
2023-07-31,17828279.93937384,19398000.0,24847161.572052404,11670126.061621662,15940635.535470912
2023-08-01,17834544.335373838,19442000.0,24759825.32751092,11672601.591956431,15978557.253186047
2023-08-02,17689398.77777384,19184000.0,24257641.92139738,11680218.6083711,15990837.57740956
2023-08-03,17679292.88037384,19212000.0,24257641.92139738,11689835.09159462,15917155.632068481
2023-08-04,17657087.68737384,19246000.0,24126637.554585155,11689359.028068705,15892958.420008132
2023-08-07,17669265.909573838,19122000.0,24301310.043668125,11694976.577674523,15923295.794180237
2023-08-08,17640174.35097384,19112000.0,24148471.615720525,11698309.022355942,15921134.304091051
2023-08-09,17565105.91517384,18986000.0,23886462.88209607,11698213.80965076,15927991.774860723
2023-08-10,17566318.48877384,19018000.0,23930131.004366815,11697261.682598924,15877789.732922079
2023-08-11,17486999.58617384,18724000.0,23777292.576419216,11703831.359256579,15934495.373359159
2023-08-14,17556633.310973838,18732000.0,24082969.43231441,11720017.519137753,15959773.3304641
2023-08-15,17551863.89177384,18832000.0,23864628.820960697,11747819.6290513,15960136.766850777
2023-08-16,17512622.60097384,18766000.0,23668122.270742357,11758483.452031836,15987939.650431583
2023-08-17,17466975.837573837,18748000.0,23449781.659388646,11754770.156529685,15984697.415297804
2023-08-18,17433010.54197384,18670000.0,23384279.475982536,11761054.195071787,15963025.129713317
2023-08-21,17496514.096773837,18552000.0,23755458.515283845,11781810.564801764,16026224.80453339
2023-08-22,17540805.62657384,18788000.0,23711790.393013097,11773336.634040443,16022619.133012936
2023-08-23,17611638.414573837,18766000.0,24104803.49344978,11775621.738964846,16040312.746574853
2023-08-24,17497643.36777384,18658000.0,23537117.903930128,11775812.164375214,16088343.734308874
2023-08-25,17522260.009173837,18660000.0,23733624.45414847,11765243.554099858,16062702.340817254
2023-08-28,17607094.715173837,18912000.0,23886462.88209607,11755341.432760786,16066671.448724387
2023-08-29,17705680.96377384,18896000.0,24410480.34934498,11746867.501999466,16109289.147120006
2023-08-30,17709908.056573838,18740000.0,24541484.716157205,11754103.667593403,16164550.606125819
2023-08-31,17711293.09657384,18604000.0,24606986.89956332,11756579.19792817,16241111.350213997
2023-09-01,17725004.76697384,18742000.0,24563318.77729258,11735441.977377461,16228477.153719248
2023-09-04,17820266.38517384,19110000.0,24563318.77729258,11711734.013786798,16287698.15651675
2023-09-05,17783765.08957384,18906000.0,24606986.89956332,11714209.544121567,16299978.480740264
2023-09-06,17720182.210773837,18870000.0,24432314.41048035,11694976.577674523,16240030.605169406
2023-09-07,17675507.09937384,18808000.0,24257641.92139738,11692215.409224207,16248695.693757026
2023-09-08,17695839.174973838,18692000.0,24344978.165938865,11694119.663327873,16363187.719675777
2023-09-11,17789437.649173837,18850000.0,24628820.96069869,11697452.108009292,16377266.0976018
2023-09-12,17736779.36717384,18814000.0,24301310.043668125,11702974.444909927,16422408.72247328
2023-09-13,17772215.03957384,18864000.0,24366812.227074236,11713447.8424801,16450948.04294288
2023-09-14,17890270.06957384,19014000.0,24563318.77729258,11723921.240050273,16607321.33036846
2023-09-15,17752098.18197384,19014000.0,24104803.49344978,11704878.699013596,16429993.066016309
2023-09-18,17744382.61857384,18994000.0,24126637.554585155,11699070.723997409,16413026.325227747
2023-09-19,17781008.75057384,19118000.0,24061135.37117904,11695643.066610808,16485617.961408796
2023-09-20,17744137.304973837,19180000.0,23733624.45414847,11694500.514148606,16512340.099945007
2023-09-21,17639837.177773837,19028000.0,23296943.231441047,11700403.701869974,16540869.856299166
2023-09-22,17657434.74937384,19172000.0,23296943.231441047,11684979.24363027,16501140.520766087
2023-09-25,17699798.29217384,19130000.0,23406113.537117906,11670506.912442395,16639466.322358511
2023-09-26,17609680.745173838,19088000.0,23056768.558951966,11666984.04235061,16580599.191832246
2023-09-27,17496238.12137384,19036000.0,23100436.681222707,11667650.531286895,16185859.455323627
2023-09-28,17387708.89466459,19026000.0,23318777.292576417,11683455.840347335,15640150.15661239
2023-10-09,17388611.84666459,18954000.0,23864628.820960697,11694024.450622689,15322334.60057863
2023-10-10,17480752.17106459,18758000.0,23995633.187772926,11688311.688311689,15734777.514764603
2023-10-11,17503875.21636459,18712000.0,24170305.676855896,11677171.80180523,15753551.873371113
2023-10-12,17545576.79126459,18948000.0,24061135.37117904,11682027.649769584,15776304.904000193
2023-10-13,17518169.676064588,18914000.0,23777292.576419216,11698880.298587043,15873457.188628267
2023-10-16,17655201.63516459,19008000.0,24061135.37117904,11701070.19080626,16095928.077851899
2023-10-17,17681494.12276459,19102000.0,23973799.126637556,11697071.257188559,16177184.802620567
2023-10-18,17629660.31716459,19004000.0,23646288.209606986,11693262.748981224,16296009.37283313
2023-10-19,17530860.97376459,18644000.0,23427947.598253276,11681837.224359218,16398211.510412931
2023-10-20,17499139.13376459,18524000.0,23078602.620087337,11690977.644056823,16604796.403892597
2023-10-23,17430251.70436459,18254000.0,23144104.803493448,11702212.74326846,16519924.443488033
2023-10-24,17508394.32916459,18398000.0,23362445.414847158,11693643.599801956,16547736.891184278
2023-10-25,17428638.44996459,18588000.0,22794759.82532751,11705830.82606543,16469005.092891473
2023-10-26,17395885.24866459,18676000.0,22358078.602620088,11702688.806794377,16575903.211151762
2023-10-27,17445399.35856459,18728000.0,22467248.90829694,11706782.953117263,16632608.85158884
2023-10-30,17430073.38066459,18408000.0,22707423.580786027,11711829.22649198,16672692.059393156
2023-10-31,17464580.98696459,18432000.0,22838427.947598256,11725825.49415394,16670521.005188534
2023-11-01,17526161.88256459,18436000.0,23231441.048034936,11730014.853182008,16619601.654591972
2023-11-02,17630475.93386459,18488000.0,23646288.209606986,11746867.501999466,16651383.21019535
2023-11-03,17666736.45066459,18392000.0,23930131.004366815,11745153.673306165,16672692.059393156
2023-11-06,17656114.37776459,18366000.0,24017467.248908296,11749247.819629049,16591789.206895728
2023-11-07,17666215.235664587,18372000.0,24235807.86026201,11745058.460600981,16482366.162159579
2023-11-08,17661060.29156459,18380000.0,24257641.92139738,11752580.264310468,16432527.556607608
2023-11-09,17613207.56176459,18428000.0,24061135.37117904,11752294.626194919,16353068.885541448
2023-11-10,17698952.232864592,18298000.0,24585152.83842795,11755531.858171154,16412662.88884107
2023-11-13,17702459.49696459,18384000.0,24519650.655021835,11759530.791788856,16393161.657461207
2023-11-14,17815108.56926459,18382000.0,25043668.12227074,11753246.753246753,16457078.640939198
2023-11-15,17854169.20656459,18520000.0,25043668.12227074,11753246.753246753,16484173.779977525
2023-11-16,17853803.64606459,18520000.0,25065502.18340611,11758864.302852571,16460693.876575092
2023-11-17,17852890.84996459,18476000.0,25065502.18340611,11764005.788932472,16486698.706453389
2023-11-20,17858161.01856459,18510000.0,25327510.917030565,11761720.684008073,16305037.897807429
2023-11-21,17837725.583664592,18586000.0,25109170.305676855,11761149.407776972,16316237.476986349
2023-11-22,17825973.60746459,18556000.0,25152838.427947596,11753627.604067484,16279396.504315808
2023-11-23,17830483.56636459,18626000.0,25152838.427947596,11741916.44132993,16253755.110824188
2023-11-24,17816960.34386459,18620000.0,25087336.24454148,11741535.590509195,16254472.419482104
2023-11-27,17837505.533964593,18532000.0,25065502.18340611,11737631.869596679,16420610.668770773
2023-11-28,17865184.47866459,18518000.0,25131004.366812225,11748962.1815135,16472610.764411928
2023-11-29,17841099.59716459,18348000.0,25065502.18340611,11747248.352820199,16571934.103244627
2023-11-30,17845555.43916459,18418000.0,25000000.0,11753913.242183035,16565430.504746195
2023-12-01,17890555.25306459,18510000.0,25109170.305676855,11756388.772517802,16575176.338378405
2023-12-04,17901883.42546459,18544000.0,24825327.51091703,11749533.4577446,16787537.957583148
2023-12-05,17792495.47926459,18248000.0,24934497.81659389,11752294.626194919,16560371.087679029
2023-12-06,17755120.11846459,18222000.0,24781659.38864629,11750580.797501618,16552069.435478088
2023-12-07,17845359.61236459,18256000.0,25174672.48908297,11755912.708991887,16578074.265356384
2023-12-08,17840238.82696459,18194000.0,25240174.67248908,11756579.19792817,16565793.941132871
2023-12-11,17894099.06186459,18412000.0,25480349.344978165,11771241.95452641,16399655.6918442
2023-12-12,17940798.25036459,18520000.0,25676855.895196505,11773527.059450813,16344040.360567154
2023-12-13,17951427.34116459,18372000.0,25982532.751091704,11785428.647598734,16283002.175836263
2023-12-14,18023787.79546459,18346000.0,25938864.62882096,11783048.329969151,16597212.060349569
2023-12-15,18008119.18736459,18230000.0,26026200.873362444,11794854.70541189,16561815.2691103
2023-12-18,18033205.00966459,18216000.0,26179039.301310044,11799424.915260693,16554957.798340626
2023-12-19,18060059.22706459,18206000.0,26331877.729257643,11796854.17222074,16560734.524065707
2023-12-20,18003691.30166459,18170000.0,25938864.62882096,11796378.108694823,16651746.646582026
2023-12-21,18050262.44546459,18124000.0,26266375.545851525,11813230.75751228,16614905.673911484
2023-12-22,18083403.99006459,18130000.0,26266375.545851525,11817420.116540352,16723611.40998972
2023-12-25,18098374.69736459,18136000.0,26288209.606986895,11834939.254294092,16734447.552781964
2023-12-26,18133949.71736459,18122000.0,26419213.973799124,11834939.254294092,16786093.77615188
2023-12-27,18196943.08006459,18250000.0,26484716.157205243,11849125.947366416,16844597.470291466
2023-12-28,18175942.62846459,18180000.0,26462882.096069865,11845793.502684997,16845687.7794515
2023-12-29,18146630.58106459,18288000.0,26288209.606986895,11856457.325665537,16754312.220548503
2023-12-31,18146132.64879298,18286000.0,26288209.606986895,11858266.367064018,16754312.220548503
2024-01-02,18149987.47879298,18480000.0,25829694.323144104,11849411.585481966,16895526.385003466
2024-01-03,18154434.22319298,18712000.0,25633187.772925764,11852648.817458203,16820046.38595988
2024-01-04,18162193.230792977,18864000.0,25502183.406113535,11860551.471988421,16781761.23185807
2024-01-05,18187426.95579298,18928000.0,25545851.528384276,11875023.803176295,16768036.726203285
2024-01-08,18229068.466992978,18752000.0,26091703.056768555,11876832.844574781,16732639.934964016
2024-01-09,18268739.69659298,18866000.0,26135371.179039303,11895589.747495905,16720369.174855942
2024-01-10,18261150.18099298,18732000.0,26331877.729257643,11888067.943786418,16700504.507089403
2024-01-11,18240120.95799298,18614000.0,26375545.851528384,11887115.816734584,16704473.614996534
2024-01-12,18262320.554992978,18688000.0,26375545.851528384,11873119.549072625,16738426.224804534
2024-01-15,18340532.65319298,18822000.0,26397379.912663754,11876261.568343678,16886134.423642494
2024-01-16,18361343.428392977,18920000.0,26419213.973799124,11875404.653997028,16860493.030150875
2024-01-17,18228263.858192977,18674000.0,26266375.545851525,11889210.496248616,16672328.62300648
2024-01-18,18251380.579792976,18542000.0,26659388.646288212,11890162.623300452,16626822.561748322
2024-01-19,18351051.257992975,18430000.0,27183406.113537118,11900540.80816544,16748898.9312101
2024-01-22,18214903.197192978,17906000.0,27183406.113537118,11912347.18360818,16709533.032063697
2024-01-23,18273075.378192976,18074000.0,27292576.419213973,11903397.18932094,16713502.13997083
2024-01-24,18397863.778792977,18506000.0,27423580.786026202,11903111.551205391,16695445.090022236
2024-01-25,18523428.938592978,19062000.0,27445414.847161572,11915870.053699965,16617794.036774024
2024-01-26,18599623.540592976,19330000.0,27314410.480349343,11915203.564763682,16738062.788417855
2024-01-29,18658859.809392978,19374000.0,27576419.2139738,11925105.686102754,16735537.861941995
2024-01-30,18588021.480592977,19134000.0,27379912.663755458,11960715.237841338,16768763.598976642
2024-01-31,18498768.877392977,19118000.0,26855895.196506552,11977758.312069163,16763704.181909477
2024-02-01,18498234.96439298,18892000.0,27183406.113537118,11975187.56902921,16763704.181909477
2024-02-02,18611851.225992978,18904000.0,27620087.336244542,11980233.84240393,16886861.29641585
2024-02-05,18566642.98199298,18882000.0,27598253.275109172,11995848.726054003,16731922.6263061
2024-02-06,18618438.721592978,19198000.0,27554585.152838428,11953669.497657767,16721086.483513858
2024-02-07,18752906.83919298,19464000.0,27816593.886462882,11983280.6489698,16765148.363340747
2024-02-08,18749216.087792978,19422000.0,27860262.008733626,11968903.530487107,16782478.540515985
2024-02-19,18835512.383792978,19896000.0,27707423.580786027,11983375.861674981,16743839.514142938
2024-02-20,18853962.472592976,20078000.0,27510917.030567687,11998895.532619871,16748535.494823424
2024-02-21,18853060.694992978,20166000.0,27379912.663755458,12000609.361313172,16745647.131960884
2024-02-22,19071644.222792976,20461999.999999996,28209606.986899566,12012130.098640362,16736618.606986586
2024-02-23,19041835.568192977,20454000.0,28122270.74235808,12016890.73389953,16682801.329412047
2024-02-26,18951624.12479298,19970000.0,28100436.681222707,12037075.827398406,16778509.432608854
2024-02-27,18997997.19419298,20082000.0,28165938.86462882,12038218.379860608,16803787.389713794
2024-02-28,18923349.785192978,19906000.0,28013100.436681226,12055832.730319533,16761896.56409153
2024-02-29,19027194.51939298,20097999.999999996,28275109.170305677,12063354.53402902,16791870.50187696
2024-03-01,19109944.137992978,20099999.999999996,28689956.331877727,12030887.001561485,16877105.8986682
2024-03-04,19173508.635792978,20206000.0,28558951.9650655,12049358.266367063,17072127.776582263
2024-03-05,19197848.180392977,20352000.0,28034934.497816596,12069352.934455574,17333964.5649523
2024-03-06,19273344.455992978,20346000.0,28209606.986899566,12111532.162851809,17447366.28171102
2024-03-07,19415916.272592977,20428000.0,28646288.209606983,12102391.743154205,17633359.634650793
2024-03-08,19377508.21439298,20556000.0,28209606.986899566,12097821.533305405,17659001.02814241
2024-03-11,19332138.062592976,20416000.0,28100436.681222707,12083730.052938264,17709203.07008106
2024-03-12,19244299.16839298,19908000.0,28515283.842794757,12046787.523327112,17638055.615331277
2024-03-13,19183621.09319298,19848000.0,28253275.109170306,12056784.857371366,17621806.18320063
2024-03-14,19187699.39219298,19912000.0,28187772.925764196,12045264.12004418,17636247.99751333
2024-03-15,19171692.083992977,19968000.0,27882096.069868997,12058213.047949119,17702345.599311385
2024-03-18,19186265.191392977,19960000.0,28144104.80349345,12078398.141447993,17567998.46974153
2024-03-19,19189957.30459298,19872000.0,28231441.048034936,12086300.795978215,17595437.916935656
2024-03-20,19282392.965392977,19992000.0,28558951.9650655,12074494.420535475,17634803.81608206
2024-03-21,19418199.704192977,20078000.0,28668122.270742357,12084682.179990098,17973574.349042393
2024-03-22,19366218.472392976,20002000.0,28711790.393013097,12071447.613969607,17842106.018219642
2024-03-25,19355741.620592978,20038000.0,28624454.148471612,12061640.70533572,17839944.528130457
2024-03-26,19349887.86079298,20056000.0,28493449.781659387,12060022.089347601,17887612.079477802
2024-03-27,19401270.68939298,20022000.000000004,28602620.087336242,12082777.92588643,18006800.086077042
2024-03-28,19404812.452592976,19970000.0,28558951.9650655,12075160.909471758,18106113.860794302
2024-03-29,19565646.96139298,20264000.000000004,28558951.9650655,12089157.177133717,18410931.783946633
2024-03-31,19565107.61703716,20261999.999999996,28558951.9650655,12090585.367711466,18410568.34755996
2024-04-01,19636125.70403716,20316000.0,28602620.087336242,12073827.93159919,18626172.201898478
2024-04-02,19630644.46903716,20440000.0,28362445.414847158,12086776.859504132,18627979.819716424
2024-04-03,19719449.15203716,20614000.0,28406113.537117906,12099059.298472788,18757277.096334554
2024-04-08,19883264.13603716,20703999.999999996,28318777.292576417,12108009.292760024,19334758.386533726
2024-04-09,19887464.82803716,20580000.0,28427947.598253276,12114388.544007313,19383152.810654428
2024-04-10,19876426.87103716,20632000.0,28187772.925764196,12102963.019385306,19466580.589627717
2024-04-11,19968188.558037158,20820000.0,28646288.209606983,12109818.334158508,19335121.8229204
2024-04-12,20008958.253037162,20796000.0,28165938.86462882,12129432.151426286,19790172.87138656
2024-04-15,19956708.63603716,21220000.0,27707423.580786027,12136573.104315039,19492948.85589269
2024-04-16,19993567.75003716,21200000.0,27729257.641921397,12143333.206383059,19625488.367644597
2024-04-17,20046375.44103716,21574000.0,27379912.663755458,12153997.029363597,19693384.02314516
2024-04-18,20026702.75303716,21624000.0,27227074.235807862,12165612.97939597,19654744.996772114
2024-04-19,19965355.00903716,21668000.0,26681222.707423583,12168754.99866702,19730951.86858906
2024-04-22,19826539.27003716,21230000.000000004,26943231.441048034,12182179.990097879,19417105.420462426
2024-04-23,19709220.91503716,20904000.0,27358078.602620088,12198556.575389419,18979384.54917151
2024-04-24,19736335.29303716,20860000.0,27445414.847161572,12157139.048634648,19128183.0571695
2024-04-25,19749501.27603716,21016000.0,27292576.419213973,12166279.468332253,19120598.713626474
2024-04-26,19799805.57203716,20776000.0,27751091.70305677,12130384.27847812,19287090.83518638
2024-04-29,19746209.968037162,20710000.0,27838427.947598256,12090204.516890734,19150209.215025228
2024-04-30,19664041.264037162,20798000.0,27314410.480349343,12130193.853067752,19037888.2433111
2024-05-06,19853443.51003716,20938000.0,28296943.231441047,12138477.358418707,18977576.931353565
2024-05-07,19874060.36403716,20958000.0,28296943.231441047,12161137.98225235,19002501.016187266
2024-05-08,19886888.76503716,21044000.0,28296943.231441047,12156948.623224283,18979021.112784833
2024-05-09,19916045.02103716,21192000.000000004,28340611.353711788,12139524.698175723,18952662.4106353
2024-05-10,20075152.25903716,21307999.999999996,28406113.537117906,12141524.164984575,19400855.98833178
2024-05-13,20098961.019037157,21454000.0,28471615.720524017,12161423.620367901,19285283.217368435
2024-05-14,20089762.93903716,21364000.0,28668122.270742357,12163042.236356018,19203299.619826414
2024-05-15,20203702.05903716,21332000.0,29104803.49344978,12157710.32486575,19387848.791334912
2024-05-16,20234438.55903716,21358000.0,29039301.310043667,12146284.800243743,19539535.662195444
2024-05-17,20281519.20603716,21520000.0,29017467.248908293,12150569.371976994,19577093.9435239
2024-05-20,20483778.83103716,21740000.0,29213973.799126636,12154282.667479148,20006149.726227198
2024-05-21,20467061.73403716,21798000.0,29301310.04366812,12151902.349849561,19837849.986849345
2024-05-22,20449605.12403716,21746000.0,29279475.98253275,12157329.474045016,19825206.226239152
2024-05-23,20272110.72603716,21522000.0,29170305.676855892,12170278.401949955,19411328.694737345
2024-05-24,20265829.16703716,21506000.0,29454148.47161572,12166279.468332253,19225335.341797575
2024-05-27,20356681.25303716,21870000.0,29454148.47161572,12170087.976539588,19230748.631135978
2024-05-28,20368106.264037162,21796000.000000004,29541484.7161572,12180370.948699392,19269033.78523779
2024-05-29,20366271.78203716,21810000.0,29344978.16593886,12180942.224930493,19375214.59484016
2024-05-30,20232649.24103716,21650000.0,29017467.248908293,12177514.567543892,19234000.430385195
2024-05-31,20246355.21603716,21646000.0,29017467.248908293,12170849.678181058,19299371.159409896
2024-06-03,20180001.01003716,21456000.0,29104803.49344978,12184750.733137831,19144795.925686825
2024-06-04,20248391.26303716,21508000.0,29192139.737991262,12187607.114293331,19294311.74234273
2024-06-05,20251582.11003716,21208000.0,29781659.38864629,12199413.489736069,19180910.02558401
2024-06-06,20348538.58003716,21272000.000000004,29759825.32751092,12201889.020070836,19497998.708844416
2024-06-07,20400601.25203716,21482000.0,29737991.26637554,12202174.65818639,19516782.631566364
2024-06-11,20216605.58603716,21088000.0,30065502.18340611,12209791.674601058,18959519.88140497
2024-06-12,20364540.246037163,21332000.0,30480349.34497817,12207982.633202575,19029950.027496833
2024-06-13,20340305.89303716,21104000.0,30633187.772925764,12213028.906577293,19039695.861129045
2024-06-14,20373793.872037157,21120000.0,30786026.200873364,12222264.538980078,19038615.116084453
2024-06-17,20391647.62703716,20892000.0,31157205.240174673,12220645.922991961,19076173.397412907
2024-06-18,20418077.24203716,20974000.0,31157205.240174673,12230167.193510301,19086646.103818472
2024-06-19,20448086.13903716,20982000.0,31157205.240174673,12244544.311992992,19170437.319178443
2024-06-20,20448967.23403716,20978000.0,30938864.62882096,12243592.184941156,19319589.699447673
2024-06-21,20446630.91403716,20968000.0,30851528.38427948,12237117.720988685,19386041.173516966
2024-06-24,20276395.65303716,20728000.0,30502183.40611354,12251399.626766196,19166822.083542548
2024-06-25,20360080.08203716,20808000.0,30873362.44541485,12259778.344822332,19157076.24991034
2024-06-26,20372245.71403716,20920000.0,30960698.689956333,12267871.42476292,19032474.953972697
2024-06-27,20367414.69703716,20912000.0,31026200.873362448,12285866.626042577,18951935.537861943
2024-06-28,20443379.57103716,21114000.0,30851528.38427948,12289960.772365464,19160681.921430793
2024-06-30,20443648.418880302,21114000.0,30851528.38427948,12291484.175648397,19160328.049159557
2024-07-01,20555914.5812803,21518000.0,31048034.93449782,12263301.214914117,19136484.70937044
2024-07-02,20631711.2488803,21570000.0,31375545.851528384,12278344.822333092,19146603.54350477
2024-07-03,20678254.0596803,21372000.0,31659388.646288212,12288437.369082527,19308753.55665543
2024-07-04,20679864.846880298,21292000.0,31659388.646288212,12287675.667441063,19388575.66410827
2024-07-05,20702219.5378803,21150000.000000004,31965065.502183404,12268728.33910957,19440939.1961361
2024-07-08,20692310.0632803,21038000.0,32052401.74672489,12247495.905853676,19484283.767305072
2024-07-09,20733852.0618803,21284000.0,32074235.80786026,12269870.89157177,19368347.55995505
2024-07-10,20746549.5582803,20908000.000000004,32423580.7860262,12270061.316982137,19539899.098582122
2024-07-11,20645814.3674803,20942000.0,31703056.768558953,12274441.101420572,19572044.090572175
2024-07-12,20691541.9478803,20940000.0,31877729.25764192,12282629.394066343,19624044.18621333
2024-07-15,20761485.3328803,21138000.0,31965065.502183404,12292436.30270023,19637051.383210197
2024-07-16,20816640.0542803,21070000.000000004,31986899.563318774,12296340.02361275,19885880.974583365
2024-07-17,20692626.8088803,20944000.0,31048034.93449782,12299291.617473437,20113774.71726084
2024-07-18,20687603.390280303,21034000.0,30895196.50655022,12291769.813763948,20119914.879372597
2024-07-19,20458225.794880297,20865999.999999996,30611353.711790394,12300624.595346002,19574932.453434713
2024-07-22,20516537.412280302,20676000.0,31091703.05676856,12329283.619606199,19622963.44116874
2024-07-23,20452210.684880298,20572000.0,30982532.751091704,12352991.58319686,19507027.233818714
2024-07-24,20332045.2928803,20598000.0,29868995.63318777,12350706.47827246,19728053.941611078
2024-07-25,20122954.526880298,20472000.0,29541484.7161572,12364226.682408499,19240857.901154865
2024-07-26,20165256.945880298,20336000.0,29803493.44978166,12371938.911528355,19348119.455801837
2024-07-29,20241641.1034803,20432000.0,29890829.69432314,12391743.154206496,19462248.04533391
2024-07-30,20141317.7764803,20276000.0,29497816.59388646,12400407.510378184,19458278.937426776
2024-07-31,20379192.1158803,20468000.0,30371179.03930131,12410595.269832805,19617540.587714896
2024-08-01,20317316.7924803,20478000.0,29628820.96069869,12432398.979319798,19803543.504770104
2024-08-02,20222884.3312803,20458000.0,28930131.00436681,12438302.16704117,19892384.5730818
2024-08-05,19928516.5942803,20224000.000000004,28078602.620087337,12440301.63385002,19526891.90158525
2024-08-06,19889839.7188803,20139999.999999996,28340611.353711788,12435445.785885667,19302976.83093035
2024-08-07,19871334.9060803,20230000.0,28034934.497816596,12451060.669535741,19317428.20935849
2024-08-08,20010736.3352803,20250000.0,28930131.00436681,12407834.101382487,19333314.20510246
2024-08-09,20081302.7414803,20258000.0,29082969.43231441,12383174.010739991,19534122.37285704
2024-08-12,20110120.0952803,20322000.0,29126637.55458515,12327855.42902845,19643191.545321953
2024-08-13,20294773.099480297,20396000.0,29868995.63318777,12349468.713105077,19773560.002869233
2024-08-14,20289862.422880303,20366000.0,29868995.63318777,12380603.26770004,19733840.231451597
2024-08-15,20445450.7964803,20570000.0,30589519.65065502,12372605.400464635,19696999.258781053
2024-08-16,20481377.4498803,20644000.0,30655021.834061135,12379175.077122292,19713612.127298377
2024-08-19,20677382.9054803,20940000.0,31026200.873362448,12394599.535361996,19925246.873729765
2024-08-20,20615418.0568803,20736000.0,30917030.56768559,12397170.278401949,19941859.742247093
2024-08-21,20619833.5566803,20580000.0,31069868.99563319,12398788.894390065,20002534.490591303
2024-08-22,20533060.092480298,20640000.0,30524017.46724891,12408786.22843432,19946192.2865409
2024-08-23,20583158.0976803,20604000.0,30938864.62882096,12415070.266976425,19899242.04385147
2024-08-26,20545024.4242803,20610000.0,30524017.46724891,12411928.247705372,20013370.633383546
2024-08-27,20580509.2892803,20728000.0,30676855.89519651,12387839.433293976,19981952.514166847
2024-08-28,20484618.4818803,20598000.0,30283842.794759825,12404311.231290702,19958836.04715109
2024-08-29,20391023.5786803,20168000.0,30283842.794759825,12394789.960772365,20013007.196996868
2024-08-30,20403401.0188803,20048000.0,30611353.711790394,12396599.002170848,19962087.846400306
2024-09-02,20407022.2684803,20152000.0,30567685.58951965,12424020.261263661,19865662.434545584
2024-09-03,20207762.4658803,19912000.0,29650655.02183406,12432494.192024983,19892748.009468473
2024-09-04,20152401.3564803,19846000.0,29606986.89956332,12443443.653121071,19755149.080649402
2024-09-05,20170216.0106803,19796000.0,29541484.7161572,12446966.523212858,19902493.843100686
2024-09-06,20015014.8344803,19668000.0,28733624.45414847,12446680.885097306,19938971.37938455
2024-09-09,19982346.7018803,19336000.0,29126637.55458515,12462962.257683663,19848322.69325491
2024-09-10,20072623.8126803,19364000.0,29454148.47161572,12478386.715923373,19933911.962317385
2024-09-11,20101385.605480302,18894000.0,30109170.305676855,12493239.89793198,20038294.71821725
2024-09-12,20168742.0976803,18986000.0,30414847.16157205,12496572.342613397,20012289.888338953
2024-09-13,20244321.0074803,18928000.0,30480349.34497817,12517804.775869293,20274480.54898023
2024-09-18,20255508.807080302,19188000.0,30152838.4279476,12537037.742316332,20253898.572555773
2024-09-19,20404865.0168803,19218000.0,30960698.689956333,12533514.872224549,20290376.108839635
2024-09-20,20414585.7602803,19198000.0,30742358.07860262,12538751.571009634,20472400.353872273
2024-09-23,20513472.9876803,19426000.0,30786026.200873364,12539798.91076665,20607464.792100042
2024-09-24,20727725.4246803,20278000.0,30917030.56768559,12511520.737327188,20600243.884943694
2024-09-25,20840932.7094803,20596000.0,30851528.38427948,12543893.057089537,20726289.362312604
2024-09-26,21039415.6988803,21220000.0,31135371.179039303,12511996.800853105,20777572.149295844
2024-09-27,20964154.1774803,21266000.0,30851528.38427948,12417069.733785275,20777935.585682523
2024-09-30,21252040.508634698,22500000.0,30917030.56768559,12409738.355486155,20710039.930181958
2024-10-08,21346555.6299347,22766000.0,31266375.54585153,12383174.010739991,20643942.328383904
2024-10-09,20959959.965434697,21144000.0,31441048.0349345,12404692.082111435,20477096.33455276
2024-10-10,21206430.024634697,22002000.0,31484716.157205243,12442872.37688997,20555101.26007221
2024-10-11,21171001.4323347,21574000.0,31528384.279475983,12445347.907224739,20777572.149295844
2024-10-14,21404357.8659347,22248000.0,31768558.951965064,12449537.266252808,20898921.645984266
2024-10-15,21251241.2785347,21770000.0,31375545.851528384,12462867.04497848,20983066.73361548
2024-10-16,21428103.8328347,22144000.0,31550218.340611354,12460201.089233346,21215656.456973433
2024-10-17,21401921.201434698,21856000.0,31593886.462882094,12484099.478234373,21309556.942352295
2024-10-18,21501516.8394347,21986000.0,31812227.074235804,12470388.848687967,21454740.214714393
2024-10-21,21519504.244134698,21833999.999999996,31746724.890829694,12472769.166317552,21704660.115247596
2024-10-22,21567191.5947347,21940000.0,31877729.25764192,12453631.412575692,21737158.979508884
2024-10-23,21504936.076334696,21906000.0,31397379.912663758,12443158.015005521,21865012.074695744
2024-10-24,21474379.6211347,21793999.999999996,31681222.707423583,12438016.52892562,21667455.706190374
2024-10-25,21459890.5563347,21720000.0,31768558.951965064,12442396.313364055,21613284.556344595
2024-10-28,21519523.2719347,21798000.0,31855895.19650655,12438683.017861903,21721626.856036153
2024-10-29,21544495.2488347,21490000.0,32161572.052401744,12443348.440415887,21889926.595414005
2024-10-30,21537240.898834698,21330000.0,31965065.502183404,12442681.951479604,22141654.113765154
2024-10-31,21363336.654934697,21292000.0,31113537.11790393,12456583.006436378,22045946.01056835
2024-11-01,21391897.8185347,21504000.0,31288209.606986903,12468484.5945843,21825282.739162665
2024-11-04,21393426.897234697,21708000.0,31222707.423580788,12473911.718779754,21678291.848982617
2024-11-05,21518497.511234697,21968000.0,31550218.340611354,12485337.243401757,21688047.246730268
2024-11-06,21655653.3317347,21904000.0,32401746.724890828,12480386.18273222,21719465.365946967
2024-11-07,21748760.5408347,22260000.0,33187772.92576419,12491811.707354227,21209152.858475003
2024-11-08,21691481.216134697,21944000.0,33122270.742358077,12499523.936474081,21307749.32453435
2024-11-11,21683397.537134696,21782000.0,33253275.109170306,12508759.56887687,21322191.138847046
2024-11-12,21554743.4046347,21589999.999999996,33253275.109170306,12532086.681646796,20958515.64928389
2024-11-13,21577343.972734697,21711999.999999996,33231441.048034936,12521803.709486991,20966099.992826913
2024-11-14,21396710.511934698,21560000.0,32991266.37554585,12529230.300491296,20550405.279391725
2024-11-15,21256807.939034697,21511999.999999996,32205240.174672488,12527326.046387628,20578935.03574588
2024-11-18,21430219.016034696,21868000.0,32401746.724890828,12514948.39471379,20816220.73978433
2024-11-19,21564659.382034697,21918000.000000004,32641921.39737991,12529039.87508093,21109839.083757743
2024-11-20,21575708.9565347,21960000.0,32620087.33624454,12525517.004989145,21134753.60447601
2024-11-21,21664293.856334697,21904000.0,32729257.641921397,12544845.184141371,21426210.458360236
2024-11-22,21614371.559934698,21360000.0,32794759.82532751,12546178.162013939,21686239.628912322
2024-11-25,21570843.1670347,21396000.0,32838427.94759825,12562078.68377956,21427654.639791504
2024-11-26,21530863.9020347,21454000.0,33013100.43668122,12564839.85222988,21096831.886760876
2024-11-27,21608167.039134696,21714000.000000004,32751091.703056768,12566268.042807631,21331946.536594696
2024-11-28,21575434.881434698,21634000.000000004,32729257.641921397,12585120.15843394,21261162.518231597
2024-11-29,21671045.255534697,21694000.0,33013100.43668122,12596926.533876678,21368787.50926524
2024-12-02,21739204.4096347,21718000.0,33362445.414847158,12638820.12415737,21308466.633192264
2024-12-03,21858667.2659347,21986000.0,33515283.842794757,12635106.828655213,21431260.31131196
2024-12-04,21943371.244134698,22040000.0,33908296.94323144,12663385.002094679,21401286.37352653
2024-12-05,21920877.6748347,22026000.0,33777292.57641921,12668336.062764214,21405982.354207017
2024-12-06,22018636.0186347,22296000.0,34082969.43231441,12665098.830787979,21339167.44375105
2024-12-09,22028936.028834697,22368000.0,33799126.637554586,12698232.852191795,21447873.17982928
2024-12-10,22069866.5758347,22392000.0,33711790.3930131,12766309.93639791,21530220.21375798
2024-12-11,22225410.561634697,22397999.999999996,34301310.04366813,12782781.734394634,21708629.223154724
2024-12-12,22249619.811434697,22496000.0,34061135.37117904,12797920.554518793,21848399.206178423
2024-12-13,22154533.0212347,22064000.0,34344978.16593887,12833054.042731462,21626645.625612702
2024-12-16,22274572.150534697,22290000.0,34825327.51091703,12881898.160490535,21483269.971068554
2024-12-17,22234696.679834697,22234000.0,34694323.14410481,12875042.845717333,21478573.990388066
2024-12-18,22029632.9522347,22402000.000000004,33427947.598253276,12847621.586624516,21418626.11481721
2024-12-19,21935660.235534698,22168000.0,33275109.170305677,12860094.45100354,21349276.71376994
2024-12-20,21940784.022934698,22008000.0,33558951.9650655,12902654.530220512,21255376.228391077
2024-12-23,22070552.857334696,22080000.0,33886462.88209607,12898465.171192443,21482543.098295193
2024-12-24,22175729.4435347,22314000.0,34344978.16593887,12874090.718665496,21410678.3348875
2024-12-25,22207530.087134697,22464000.0,34344978.16593887,12856762.006322123,21425483.585586876
2024-12-26,22199031.7198347,22368000.0,34301310.04366813,12881422.096964618,21468818.59264041
2024-12-27,22146123.1758347,22418000.0,33842794.75982533,12904558.784324178,21485077.5888865
2024-12-30,22091900.041734695,22599999.999999996,33406113.537117906,12896084.853562856,21412839.824976686
2024-12-31,21996266.06487456,22426000.0,33100436.681222707,12927314.62086301,21353972.694450423
2025-01-02,21953722.31487456,21938000.0,33034934.497816596,12983775.755036753,21602448.41355235
2025-01-03,22038982.93047456,21696000.0,33602620.08733624,12999676.276802374,21771465.461588126
2025-01-06,22090073.85727456,21748000.0,33951965.06550219,13007578.931332596,21681907.08461851
2025-01-07,22002520.700074557,21796000.000000004,33362445.414847158,12990345.431694403,21705013.987518832
2025-01-08,22059593.02287456,21900000.0,33362445.414847158,12994820.428838024,21820223.322095495
2025-01-09,21998694.189274557,21628000.0,33362445.414847158,12966256.617283009,21889926.595414005
2025-01-10,21890303.45207456,21400000.0,32838427.94759825,12975397.036980614,22009105.03789781
2025-01-13,21840817.204074558,21190000.000000004,32751091.703056768,12950165.670107018,22114931.975228943
2025-01-14,21879013.92607456,21490000.0,32707423.580786027,12977872.567315381,21959993.305119198
2025-01-15,22030083.41087456,21522000.0,33449781.659388646,12981776.288227899,22030777.323482297
2025-01-16,22056632.30607456,21714000.000000004,33209606.986899566,12973968.846402863,22118901.083136074
2025-01-17,22141839.20767456,21682000.0,33777292.57641921,12958544.388163155,22139483.059560534
2025-01-20,22133392.69927456,21676000.000000004,33777292.57641921,12946738.012720415,22131898.716017503
2025-01-21,22138821.35127456,21526000.0,33886462.88209607,12972064.592299195,22183544.939387422
2025-01-22,22170605.395274557,21210000.0,34323144.104803495,12964161.937768973,22339200.918155085
2025-01-23,22268102.766874555,21546000.0,34410480.349344976,12953974.178314354,22358348.277263712
2025-01-24,22268689.98727456,21620000.0,34213973.79912664,12959496.51521499,22407823.446429003
2025-01-27,22165067.355674557,21930000.0,33187772.92576419,12988060.326770002,22325122.54022906
2025-02-05,22432570.864074558,21536000.0,34017467.248908296,13002723.083368244,23179609.305884324
2025-02-06,22465742.398074556,21544000.0,34192139.737991266,13018147.541607952,23162633.000980325
2025-02-07,22410305.95247456,21566000.0,33755458.515283845,13012244.35388658,23217894.45998613
2025-02-10,22557561.99527456,21540000.0,34170305.6768559,12988822.02841147,23585548.621571865
2025-02-11,22638308.29047456,21768000.0,34082969.43231441,12998248.086224625,23722784.114004258
2025-02-12,22623941.704474557,21828000.0,34104803.49344978,12992630.536618806,23605049.852951728
2025-02-13,22744437.40007456,21854000.0,34606986.89956332,12988250.75218037,23731458.766707316
2025-02-14,22786961.87007456,21878000.000000004,34737991.26637555,12966161.404577825,23825713.124357414
2025-02-17,22674325.43167456,21854000.0,34716157.205240175,12940168.336062763,23468177.796906013
2025-02-18,22741340.316074558,21854000.0,34803493.449781656,12926743.344631907,23694254.3576501
2025-02-19,22786058.03127456,21852000.0,34825327.51091703,12939882.697947213,23834024.340673797
2025-02-20,22755773.15807456,21812000.0,34650655.02183406,12912747.07696995,23912029.26619325
2025-02-21,22521754.93967456,21608000.0,33930131.00436681,12881422.096964618,23714119.02541664
2025-02-24,22454057.205274556,21589999.999999996,33537117.903930128,12842860.95136535,23785629.91655309
2025-02-25,22345371.83447456,21400000.0,33122270.742358077,12868092.318238944,23770461.22946704
2025-02-26,22349433.22887456,21556000.0,33209606.986899566,12876471.03629508,23567491.57162327
2025-02-27,22206496.832074556,21742000.0,32292576.41921397,12850858.818600751,23469258.541950602
2025-02-28,22228856.157674562,21636000.000000004,32816593.88646288,12879232.2047454,23272065.609831914
2025-03-03,22131733.437274557,21660000.0,32096069.86899563,12900559.850706477,23301685.675346103
2025-03-04,22180593.627274558,21656000.0,31986899.563318774,12892466.770765891,23579045.023073427
2025-03-05,22314421.682474557,21842000.0,32401746.724890828,12899131.660128726,23642971.57066686
2025-03-06,22103613.45167456,21734000.0,31484716.157205243,12864855.08626271,23575439.35155298
2025-03-07,22110839.14647456,21698000.0,31724890.829694323,12813821.076284418,23567128.135236595
2025-03-10,21904812.864074558,21589999.999999996,30545851.52838428,12800205.659443194,23653080.84068575
2025-03-11,21852136.71207456,21732000.0,30458515.283842795,12737936.550253265,23472510.34119982
2025-03-12,21940260.375274558,21700000.0,30786026.200873364,12779449.289713219,23565320.517418645
2025-03-13,21906289.897274558,21812000.0,30218340.61135371,12765357.809346076,23716290.07962126
2025-03-14,22162787.76727456,21996000.000000004,30960698.689956333,12783448.22333092,24028319.345814507
2025-03-17,22201544.502474558,22064000.0,31113537.11790393,12722321.66660319,24116443.105468284
2025-03-18,22162816.362074558,22042000.0,30611353.711790394,12727939.21620901,24301719.14975014
2025-03-19,22329620.06327456,22184000.0,31004366.812227074,12741078.569524318,24538995.289673146
2025-03-20,22326113.46607456,22084000.0,30938864.62882096,12783924.286856838,24592085.694474336
2025-03-21,22298749.51927456,22014000.0,31048034.93449782,12772403.54952965,24501073.571958013
2025-03-24,22445409.79207456,22158000.000000004,31724890.829694323,12784019.499562021,24477603.232671022
2025-03-25,22505568.58967456,22308000.0,31899563.31877729,12798301.405339528,24432097.17141286
2025-03-26,22428672.66087456,22238000.000000004,31310043.668122273,12822104.581635375,24541166.343877774
2025-03-27,22417497.65527456,22286000.0,31113537.11790393,12814963.628746618,24590641.513043065
2025-03-28,22371336.39807456,22218000.0,30305676.8558952,12813249.800053317,25000186.500251062
2025-03-31,22461933.21779556,22232000.0,30305676.8558952,12818010.435312485,25335341.797575496
2025-04-01,22555263.75379556,22284000.0,30545851.52838428,12810298.206192631,25511589.316883057
2025-04-02,22626738.38579556,22448000.0,30786026.200873364,12834863.084129946,25397824.16373766
2025-04-03,22419349.64979556,22498000.0,29170305.676855892,12908272.079826333,25610903.091600314
2025-04-07,21654186.24179556,21304000.0,27489082.969432313,12981395.437407166,24780603.973889966
2025-04-08,21677757.00179556,21766000.0,26965065.502183404,12943310.355333814,24873787.150610913
2025-04-09,22353294.79379556,21708000.0,30196506.55021834,12956925.772175038,25259134.925758556
2025-04-10,22253112.34579556,21830000.0,28951965.06550218,12963400.236127509,25695775.052004877
2025-04-11,22446968.737795558,21724000.0,29497816.59388646,12958925.23898389,26243645.8408053
2025-04-14,22563356.65779556,21896000.0,29672489.08296943,12960353.42956164,26423862.46801999
2025-04-15,22639853.281795558,22144000.0,29716157.20524017,12964733.214000074,26441192.64519523
2025-04-16,22673150.00179556,22338000.0,28820960.698689952,12980443.310355332,27087659.900055
2025-04-17,22709448.29779556,22360000.000000004,28820960.698689952,12971302.890657729,27244406.18798269
2025-04-18,22742339.98579556,22424000.0,28799126.637554582,12973397.570171762,27333974.12906774
2025-04-21,22687129.865795556,22275999.999999996,28100436.681222707,12958163.537342422,27867756.9758267
2025-04-22,23028430.92179556,22402000.000000004,28842794.759825327,12971398.103362912,28617153.241039623
2025-04-23,22818632.36179556,22290000.0,29497816.59388646,12957592.26111132,27277995.361404017
2025-04-24,23065880.66579556,22514000.0,30305676.8558952,12956259.283238754,27465432.895775054
2025-04-25,23072859.35379556,22486000.0,30655021.834061135,12960258.216856455,27228874.06450996
2025-04-28,23045813.24979556,22596000.0,30633187.772925764,12972064.592299195,26976429.2375009
2025-04-29,23084905.59379556,22532000.0,30807860.262008734,12994534.790722473,27035296.368027166
2025-04-30,22994438.85779556,22150000.0,30829694.323144104,12997962.448109075,27037457.85811635
2025-05-06,23158538.505795557,22178000.0,31179039.301310044,12999581.064097192,27450618.08096024
2025-05-07,23269833.31379556,22374000.0,31288209.606986903,12984061.393152302,27668756.425890062
2025-05-08,23279584.38579556,22490000.0,31637554.585152842,13000533.191149026,27255959.63943285
2025-05-09,23316010.35379556,22666000.0,31637554.585152842,13003579.997714894,27213705.37742391
2025-05-12,23329517.67379556,22674000.0,32903930.131004367,12954069.391019538,26304684.02553619
2025-05-13,23521546.75379556,22910000.0,33384279.475982532,12973111.932056215,26462864.930779718
2025-05-14,23543069.329795558,23041999.999999996,33558951.9650655,12966351.829988195,26276871.57783995
2025-05-15,23346256.441795558,22950000.0,33580786.026200876,12956164.070533572,25495693.75702365
2025-05-16,23419339.98579556,22806000.0,33733624.45414847,12956259.283238754,25861540.30079143
2025-05-19,23503218.625795558,22850000.0,33755458.515283845,12973873.63369768,26136747.722545013
2025-05-20,23490628.48179556,22932000.0,33624454.148471616,12970445.976311078,26102795.11273701
2025-05-21,23600039.68179556,23076000.0,33187772.92576419,12966637.468103744,26804877.698873825
2025-05-22,23665635.84179556,23186000.0,33209606.986899566,12963305.023422325,26963785.476890706
2025-05-23,23548358.34579556,23006000.000000004,32903930.131004367,12965780.553757092,26890476.532051742
2025-05-26,23505601.121795557,22918000.0,32882096.069868997,12970922.039836993,26805958.443918414
2025-05-27,23619996.985795557,22961999.999999996,33668122.27074236,12964828.426705258,26626832.12586376
2025-05-28,23629503.233795557,23074000.0,33537117.903930128,12960734.280382372,26659694.42651173
2025-05-29,23578189.90579556,23048000.0,33602620.08733624,12949118.33035,26426023.958109174
2025-05-30,23640853.12979556,23128000.000000004,33537117.903930128,12971588.528773276,26627912.870908353
2025-06-03,23872920.85779556,23368000.000000004,34061135.37117904,12969874.700079978,26966673.839753244
2025-06-04,23925201.40979556,23474000.0,34148471.615720525,12976349.164032448,26995930.46888076
2025-06-05,23841842.465795558,23298000.0,33864628.8209607,12976730.01485318,27056968.65361165
2025-06-06,23913590.72179556,23350000.0,34192139.737991266,12995201.279658757,27011099.155966815
2025-06-09,23871627.281795558,23360000.0,34257641.92139738,13000437.978443842,26745283.695574205
2025-06-10,23923694.441795558,23396000.0,34475982.53275109,12999961.914917924,26757564.01979772
2025-06-11,23930940.48179556,23440000.0,34344978.16593887,13010911.376014015,26827994.16588958
2025-06-12,24007835.48179556,23525999.999999996,34410480.349344976,13006626.804280763,27030600.387346677
2025-06-13,23970124.233795557,23362000.0,33951965.06550219,13007864.569448147,27428228.48671784
2025-06-16,24067444.31379556,23492000.0,34454148.47161572,13010244.88707773,27294608.229921337
2025-06-17,23951404.26579556,23438000.0,34082969.43231441,13021956.049815286,27119804.89204505
2025-06-18,23976441.74579556,23578000.0,34082969.43231441,13021956.049815286,27073218.085742295
2025-06-19,23927303.56979556,23518000.0,34082969.43231441,13022051.262520468,26919723.597063817
2025-06-20,23925592.80979556,23636000.0,33908296.94323144,13024907.643675972,26917915.97924587
2025-06-23,24033144.21779556,23774000.0,34279475.98253275,13024145.942034502,26937063.3383545
2025-06-24,24066073.37779556,23828000.0,34781659.38864629,13015100.735042084,26622136.145183273
2025-06-25,24139926.04179556,24009999.999999996,34847161.572052404,13006626.804280763,26709896.468450375
2025-06-26,24243556.37779556,24118000.0,35152838.427947596,13014148.607990248,26783932.28606269
2025-06-27,24099532.88179556,23746000.0,35305676.8558952,13016148.074799098,26426387.394495852
2025-06-30,24131364.39445128,23702000.0,35502183.406113535,13014053.395285066,26463228.367166396
2025-07-01,24207830.79605128,23944000.0,35174672.48908297,13022527.326046385,26755402.529708534
2025-07-02,24252915.75125128,23996000.0,35436681.22270742,13031953.38385954,26680639.839322865
2025-07-03,24353228.91245128,24002000.0,35764192.139737986,13032810.298206192,26868077.373693902
2025-07-04,24378391.060051277,24232000.0,35764192.139737986,13033286.361732109,26720732.61124262
2025-07-07,24330056.38005128,24356000.0,35480349.34497816,13036047.530182427,26576266.64753844
2025-07-08,24346687.257251278,24302000.0,35502183.406113535,13030334.767871423,26704837.05138321
2025-07-09,24361274.38125128,24434000.0,35764192.139737986,13031286.894923257,26424225.904406667
2025-07-10,24425102.81365128,24562000.0,35698689.95633188,13014910.309631715,26643444.994381085
2025-07-11,24350742.776851278,24338000.0,35611353.71179039,13010911.376014015,26640556.631518546
2025-07-14,24470790.842851277,24510000.0,35720524.017467245,13004532.124766728,26906725.964182388
2025-07-15,24419208.526851278,24286000.0,35764192.139737986,13023669.878508588,26859048.848719604
2025-07-16,24376841.21845128,24196000.0,35829694.3231441,13019480.519480517,26733366.80773737
2025-07-17,24390200.69045128,24150000.0,36048034.93449782,13018909.243249418,26681720.584367454
2025-07-18,24439691.94245128,24268000.0,36048034.93449782,13017195.414556118,26770571.21679459
2025-07-21,24497112.66565128,24266000.0,36244541.48471616,13005293.826408194,26902393.419888582
2025-07-22,24487566.70565128,24308000.0,36026200.873362444,12990535.857104773,27006403.175286327
2025-07-23,24576329.95405128,24340000.0,36157205.240174666,12978062.992725747,27287741.195036225
2025-07-24,24419326.96725128,24148000.0,36222707.42358079,12944738.545911567,26832326.710183393
2025-07-25,24387636.45925128,23980000.0,36331877.72925764,12948832.692234451,26791153.193219043
2025-07-28,24381353.004851278,23896000.0,36484716.15720524,12966923.106219292,26706644.669201158
2025-07-29,24286772.213651277,23758000.0,36419213.973799124,12932646.532353276,26564349.759701602
2025-07-30,24345882.21645128,23858000.0,36441048.0349345,12963685.874243058,26632608.85158884
2025-07-31,24236981.30285128,23576000.0,36288209.6069869,12979395.970598316,26551705.99909141
2025-08-01,24112276.36125128,23567999.999999996,35567685.58951965,12980157.672239782,26549181.07261555
2025-08-04,24321406.21845128,23708000.0,36179039.30131004,12982537.989869367,26849666.45147407
2025-08-05,24380700.95165128,24004000.0,35895196.50655022,12986822.561602619,26982205.963225976
2025-08-06,24465714.835251275,24028000.0,36375545.851528384,12993201.812849903,26957281.87839227
2025-08-07,24527858.36365128,24104000.0,36462882.096069865,13003960.848535627,27058049.39865624
2025-08-08,24608964.47965128,24140000.0,36834061.13537118,13004436.912061546,27095971.11637138
2025-08-11,24472720.03005128,23978000.0,36703056.76855895,12977682.141905013,26831245.9651388
2025-08-12,24560833.614851277,24068000.0,37205240.174672484,12969779.487374796,26759008.201228995
2025-08-13,24538218.255651277,23942000.0,37183406.11353712,12973302.357466578,26809573.679554313
2025-08-14,24528866.97165128,23936000.0,37161572.052401744,12962828.959896406,26812825.47880353
2025-08-15,24463763.27645128,23864000.0,36986899.56331878,12951879.498800319,26760098.510389026
2025-08-18,24465250.847251277,23932000.000000004,36965065.50218341,12910842.822866281,26790435.88456113
2025-08-19,24377899.87485128,23944000.0,36462882.096069865,12924077.388886772,26741314.587667078
2025-08-20,24364732.69485128,24128000.0,36266375.54585153,12914651.331073616,26643808.430767763
2025-08-21,24380562.330051277,24251999.999999996,36048034.93449782,12930932.703659974,26704473.614996534
2025-08-22,24450516.60885128,24174000.000000004,36615720.52401747,12919031.115512053,26699423.762044806
2025-08-25,24513512.73085128,24382000.0,36441048.0349345,12938168.869253913,26834851.636659257
2025-08-26,24538219.65125128,24330000.0,36593886.4628821,12943024.717218265,26877469.33505488
2025-08-27,24436322.430851277,23900000.0,36615720.52401747,12934931.637277678,26910695.072089523
2025-08-28,24483771.84165128,23942000.0,36812227.074235804,12912175.800738847,26971733.25682041
2025-08-29,24396829.780051276,23834000.0,36353711.79039301,12920744.944205353,27035296.368027166
2025-09-01,24498747.742051277,23800000.0,36375545.851528384,12932265.681532541,27480601.582861107
2025-09-02,24545765.34885128,24004000.0,36091703.05676856,12935883.76432951,27663343.13655166
2025-09-03,24607399.75125128,23740000.0,36375545.851528384,12956259.283238754,27975381.96686034
2025-09-04,24677114.119251277,23796000.0,36703056.76855895,12952641.200441785,27981885.565358777
2025-09-05,24665255.042851277,23682000.0,36746724.89082969,12934741.211867312,28060971.23592282
2025-09-08,24765475.400451276,23706000.0,36899563.318777286,12917793.35034467,28394318.915429313
2025-09-09,24887737.99045128,23809999.999999996,36986899.56331878,12909128.994172981,28767032.49408221
2025-09-10,24854526.261651278,23769999.999999996,37030567.68558952,12881802.947785353,28689018.00444732
2025-09-11,24894868.174451277,23847999.999999996,37248908.296943225,12900845.488822028,28577423.90550654
2025-09-12,24908499.28525128,23672000.0,37379912.66375546,12913127.927790683,28711053.72641848
2025-09-15,24904262.72085128,23492000.0,37729257.6419214,12912747.07696995,28633766.109556947
2025-09-16,24963192.640851278,23404000.0,37663755.45851529,12933693.872110294,28996724.29046219
2025-09-17,24920907.20405128,23478000.0,37576419.213973805,12950736.946338117,28759084.714152504
2025-09-18,24804788.856051277,23016000.0,37969432.314410485,12933598.65940511,28507357.19580136
2025-09-19,24894033.492051277,23152000.0,38253275.1091703,12911699.737212932,28579948.831982404
2025-09-22,24991815.634851277,22982000.0,38449781.65938865,12927409.83356819,29020204.19386462
2025-09-23,25066069.63705128,23158000.0,38144104.80349345,12913518.299881937,29405551.96901227
2025-09-24,25078369.91845128,23136000.0,38034934.49781659,12890733.899531553,29611773.426105253
2025-09-25,24974493.260051277,22950000.0,37903930.13100436,12900445.595460257,29441666.068909455
2025-09-26,25020577.15985128,22960000.0,38078602.62008734,12909195.64306661,29484647.203691754
2025-09-29,25114871.546451278,22950000.0,38209606.98689956,12902940.168336062,29824488.91758124
2025-09-30,25165593.480961792,22774000.0,38296943.23144105,12926990.897665383,30134356.693685293
2025-10-09,25580829.17626179,22810000.0,38973799.126637556,12945452.641200438,31499882.839585878
2025-10-10,25297088.88536179,22976000.0,37576419.213973805,12945357.428495258,31020998.01544605
2025-10-13,25679916.85096179,23114000.0,38362445.41484716,12958344.44148227,32023202.544054713
2025-10-14,25861707.689261794,23534000.0,38122270.74235808,12966608.904292189,32507864.09391962
2025-10-15,26063949.15486179,23654000.0,38362445.41484716,12962286.247476863,33138808.78942209
2025-10-16,26147294.058461793,23798000.0,38209606.98689956,12968436.98823171,33453372.546206634
2025-10-17,26381119.15676179,23726000.0,38449781.65938865,12978729.48166203,34455577.074815296
2025-10-20,26291112.31026179,23734000.0,38951965.06550218,12959201.35582892,33664280.41986467
2025-10-21,26401953.301861793,23809999.999999996,38908296.94323144,12968436.98823171,34107424.14460943
2025-10-22,26104017.51816179,23960000.0,38537117.90393013,12964876.03305785,32782344.64289984
2025-10-23,26130124.52006179,24084000.0,38842794.75982533,12958049.2820962,32518700.236711863
2025-10-24,26118087.47116179,23952000.0,39257641.92139738,12951412.956544919,32324759.10384238
2025-10-27,26203734.20206179,23969999.999999996,39934497.816593885,12960743.80165289,32156822.800851207
2025-10-28,26008326.44386179,23940000.0,40218340.61135372,12986327.455535667,30977653.444277074
2025-10-29,26099941.38836179,23740000.0,40393013.10043668,12988831.549681988,31537804.55730101
2025-10-30,25973691.51196179,23767999.999999996,39803493.449781656,13001618.615988117,31330138.918776754
2025-10-31,26114917.44766179,23756000.0,40000000.0,13016138.553528583,31833957.391865723
2025-11-03,26220580.53796179,24072000.0,40174672.48908296,13017680.999352552,31780866.987064537
2025-11-04,26129334.69026179,24331999.999999996,39344978.16593886,13014891.267090678,31659154.053989433
2025-11-05,26133275.21586179,24331999.999999996,39650655.02183406,13016328.978938947,31434158.23828994
2025-11-06,26053405.89126179,24324000.0,38864628.8209607,13004027.497429255,31709356.095928077
2025-11-07,26030954.86926179,24330000.0,38733624.45414847,12998248.086224625,31710436.840972673
2025-11-10,26359111.670461792,24554000.0,39606986.89956332,13002961.115131201,32287564.25890061
2025-11-11,26443645.87666179,24622000.0,39475982.53275108,13004408.348249987,32702168.66317577
2025-11-12,26474541.45796179,24804000.0,39432314.41048034,13008445.366949765,32634273.007675204
2025-11-13,26436022.68486179,24768000.0,38646288.20960698,13003732.338043189,33126882.33746982
2025-11-14,26331174.07246179,24680000.0,38646288.20960698,13002485.051605286,32744059.48879803
2025-11-17,26105512.094561793,24484000.0,38318777.29257642,13008064.516129032,32167295.50725678
2025-11-18,25880487.187861793,24308000.0,37882096.069869,13007293.293217046,31667819.142577052
2025-11-19,26062987.201661788,24368000.0,38100436.68122271,13003065.849106902,32300561.891782034
2025-11-20,25911184.75096179,24474000.0,37227074.23580786,13005274.783867158,32115295.41161562
2025-11-21,25834482.232361794,24188000.0,37489082.96943232,13003541.912632821,31924242.641608685
2025-11-24,25961146.13376179,24032000.0,38449781.65938865,13005750.847393077,31976252.30136528
2025-11-25,26147774.77406179,24182000.0,38668122.27074236,13000752.180370947,32511479.32955551
2025-11-26,26151453.040861793,24042000.0,38995633.18777292,12982956.925772173,32498118.260287404
2025-11-27,26174991.16236179,24089999.999999996,38973799.126637556,12970074.64676086,32594543.672142126
2025-11-28,26249877.75166179,24049999.999999996,39279475.98253275,12981804.852039456,32738282.763072956
2025-12-01,26347486.276061792,24216000.000000004,39126637.55458516,12987574.741973566,33092939.291777257
2025-12-02,26370379.97286179,24196000.0,39475982.53275108,12981033.629127469,32969418.740884207
2025-12-03,26310442.28886179,24076000.0,39541484.716157205,12975463.685874242,32802572.747053064
2025-12-04,26252044.65906179,23964000.0,39475982.53275108,12952469.817572454,32776204.48078809
2025-12-05,26311204.270561792,23832000.0,39672489.082969435,12976806.185017327,33022872.582072068
2025-12-08,26262618.68236179,23772000.000000004,39585152.838427946,12976615.75960696,32938727.49444086
2025-12-09,26190199.910561793,23644000.0,39650655.02183406,12981709.63933427,32697836.11888196
2025-12-10,26211466.198161792,23532000.0,39803493.449781656,12981614.426629087,32827850.704158004
2025-12-11,26186581.158361793,23492000.0,39628820.96069869,12990459.686940625,32878416.182483327
2025-12-12,26110457.18296179,23400000.0,38842794.75982533,12976520.546901777,33286516.98826005
2025-12-15,26186128.79936179,23485999.999999996,38646288.20960698,12964209.544121565,33718461.13382589
2025-12-16,26080749.05406179,23365999.999999996,38711790.3930131,12970169.859466046,33307098.96468451
2025-12-17,26026793.30406179,23384000.0,37969432.314410485,12984404.15889096,33575802.78793965
2025-12-18,26206184.73626179,23622000.0,38537117.90393013,12984594.584301328,33672955.07256773
2025-12-19,26279585.96106179,23588000.0,39017467.248908296,12993344.631907681,33671147.45474978
2025-12-22,26391482.675261788,23448000.000000004,39203056.76855895,12985365.807213312,34264887.74119504
2025-12-23,26538987.84616179,23490000.000000004,39371179.039301306,12999314.468522677,34750993.47249122
2025-12-24,26562359.80766179,23506000.0,39447598.253275104,13000371.329550214,34779169.35657414
2025-12-25,26528995.350461792,23542000.0,39403930.13100436,12996619.948965989,34614838.725103416
2025-12-26,26542303.62066179,23500000.0,39366812.227074236,13000837.871805612,34753527.963082515
2025-12-29,26478606.50216179,23514000.0,39165938.86462882,12974901.930913659,34648427.89852474
2025-12-30,26293847.66816179,23482000.0,39078602.62008734,12970455.497581594,33884953.255385794
2025-12-31,26190358.07105959,23490000.000000004,38722707.42358079,12978681.87530944,33642617.698395625
2026-01-05,26340252.26395959,23472000.0,38919213.973799124,12972578.740907187,34283662.09980155
2026-01-06,26456196.42565959,23494000.0,39253275.10917031,12952745.934417486,34609061.99937833
2026-01-07,26398738.078259587,23370000.000000004,39281659.38864629,12942291.579388352,34493852.664801665
2026-01-08,26304017.538659588,23222000.0,39061135.37117904,12956611.570247933,34373593.47727327
2026-01-09,26418923.91705959,23232000.0,39419213.973799124,12962419.54526412,34623513.37780648
2026-01-12,26576672.08845959,23274000.0,39438864.628820956,12976834.74882888,35319455.80183153
2026-01-13,26594921.98745959,23336000.0,39364628.82096069,12986222.721559964,35364598.42670301
2026-01-14,26550252.40865959,23098000.0,38954148.471615724,12994544.311992992,35810984.38658155
2026-01-15,26523384.199759588,23038000.0,39048034.93449782,12992706.706782952,35682050.5463501
2026-01-16,26463738.595359586,22848000.0,39026200.873362444,13008778.611417906,35624991.03364178
2026-01-19,26556689.51605959,22872000.0,39008733.62445415,13012158.662451915,36074628.79276953
2026-01-20,26580574.30765959,23200000.0,38157205.240174666,13021451.422477815,36443363.69939985
2026-01-21,26825455.701059587,23003999.999999996,38676855.895196505,13023679.399779104,37525026.89907467
2026-01-22,26852545.29985959,23034000.0,38971615.72052401,13016900.25517005,37382731.98957512
2026-01-23,27029337.34155959,22956000.0,39054585.15283843,13029287.428114407,38298620.376347944
2026-01-26,27312883.48295959,23072000.0,39170305.6768559,13034809.765015041,39474537.93367287
2026-01-27,27336847.108759586,22960000.0,39521834.06113537,13030544.235822825,39463701.79088061
2026-01-28,27643274.243259586,23010000.0,39591703.05676856,13044778.535247741,40868957.27231428
2026-01-29,28092036.40495959,23342000.0,39388646.2882096,13045549.758159727,42873720.20180284
2026-01-30,27465371.70265959,23318000.0,38838427.947598256,13052414.594203448,40148454.1998422
2026-02-02,26535509.22495959,23043999.999999996,39126637.55458516,13046711.353162965,35527475.312627025
2026-02-03,26864043.865059588,22986000.0,38473799.12663755,13048739.38378337,37860536.068670355
2026-02-04,27122438.48975959,23328000.000000004,37755458.515283845,13049034.54316944,39321770.31776775
2026-02-05,26884706.89985959,23604000.0,37255458.51528384,13055613.741097612,38122372.85704039
2026-02-06,26925033.302059587,23524000.0,38061135.37117904,13065192.13923906,37719321.90421539
2026-02-09,27151492.66925959,23640000.0,38316593.88646288,13069552.881136457,38483523.42012768
2026-02-10,27134790.07055959,23706000.0,38072052.40174673,13073028.144875651,38506639.88714343
2026-02-11,27214550.55455959,23764000.0,38170305.67685589,13082416.117606733,38723697.48702867
2026-02-12,27025934.97755959,23546000.0,37403930.13100437,13092680.0472255,38706003.87346676
2026-02-13,26869023.84935959,23302000.0,37443231.44104803,13084548.88220284,38236138.010185786
2026-02-24,27229203.233959585,23434000.0,37816593.88646288,13087843.241802184,39564823.18341583
2026-02-25,27278793.69215959,23394000.0,38299126.637554586,13074094.527173705,39493312.29227938
2026-02-26,27168686.07925959,23352000.0,37803493.449781656,13060355.333815742,39453946.39313297
2026-02-27,27166023.00135959,23424000.0,37694323.1441048,13072647.294054918,39400138.679673865
2026-03-02,27623081.30725959,23650000.000000004,37744541.484716155,13087357.65700575,41343146.11577362
2026-03-03,27487606.74185959,23882000.0,37259825.327510916,13084253.722816769,40743992.539989956
2026-03-04,27314569.014359586,23590000.0,37840611.35371179,13091899.303042997,39748655.04626641
2026-03-05,27275484.43235959,23636000.0,37670305.67685589,13093746.429523554,39625134.49537337
2026-03-06,27141779.87125959,23748000.0,37115720.52401746,13089680.847012224,39270124.09439782
2026-03-09,27234521.815359585,23760000.0,37670305.67685589,13067905.701336784,39304067.14009038
2026-03-10,27226908.124859586,23687999.999999996,37563318.77729258,13069933.73195719,39455754.010950916
2026-03-11,27328278.038059592,23936000.0,37541484.7161572,13066353.734242296,39649695.14382039
2026-03-12,27233981.06805959,24062000.0,36917030.56768559,13072352.134668848,39511732.77861464
2026-03-13,27102538.62135959,24098000.0,36713973.79912664,13064230.490916707,38982282.47614949
2026-03-16,27062094.04585959,24110000.0,37150655.02183406,13051062.573789844,38412022.093106665
2026-03-17,27114147.39655959,24174000.000000004,37288209.606986895,13055223.36900636,38457528.154364824
2026-03-18,26974861.27755959,24089999.999999996,36727074.235807866,13068096.126747154,38316313.98990986
2026-03-19,26598156.89935959,24014000.000000004,36655021.83406113,13063544.959439388,36563995.88743036
2026-03-20,26325240.12775959,23942000.0,35930131.004366815,13064325.70362189,35892604.54773689
2026-03-23,25402370.86845959,23138000.0,36436681.22270742,13061802.56693453,31868627.31033164
2026-03-24,25842851.327859588,23594000.0,36106986.89956332,13066353.734242296,33753484.92456304
2026-03-25,26167090.37465959,23750000.0,36331877.72925764,13071133.412042502,34988279.17652966
2026-03-26,25869661.20595959,23738000.0,35537117.90393013,13074342.080207182,34159424.24025058
2026-03-27,25755066.28775959,23650000.000000004,34893013.10043668,13078817.0773508,34244659.63704182
2026-03-30,25879005.01815959,23854000.000000004,34659388.64628821,13093498.876490077,34754245.27174044
2026-03-31,26161556.379985865,23926000.0,35829694.3231441,13087567.124957152,35104205.81976425
2026-04-01,26406956.58538587,23936000.0,36168122.270742364,13077645.961077044,36101714.36769242
2026-04-02,26298447.249385867,24038000.0,36137554.585152835,13077645.961077044,35399631.7815556
2026-04-03,26269441.006385867,23748000.0,36159388.64628821,13081930.532810297,35636544.48509194
2026-04-07,26226795.960985865,23604000.0,36353711.79039301,13087471.912251972,35413719.723597065
2026-04-08,26666436.03598587,23814000.0,37314410.48034935,13092137.334805956,36511622.791287094
2026-04-09,26507857.159585867,23634000.0,37565502.18340611,13088443.081844838,35688554.14484853
2026-04-10,26587027.33178587,23614000.0,37617903.930131,13094860.4181742,36074265.356382854
2026-04-13,26612936.54728587,23532000.0,38015283.84279476,13110522.908176867,35902359.94548455
2026-04-14,26802842.832885865,23634000.0,38663755.45851528,13120348.859351791,36110379.45628004
2026-04-15,26986734.83088587,23780000.0,39198689.95633188,13125299.920021327,36345857.54250054
2026-04-16,27038911.70148587,23756000.0,39408296.94323144,13125890.238793464,36454199.8421921
2026-04-17,27092772.388885867,23708000.0,39917030.56768559,13143199.908595802,36268933.362025686
2026-04-20,27105306.35178587,23802000.0,39807860.262008734,13144751.875690293,36301068.789900295
2026-04-21,27088117.45968587,23934000.000000004,39611353.71179039,13155158.624366837,36179728.85732731
2026-04-22,27184853.916885868,23832000.0,40314410.48034934,13165670.10701908,36131688.30547785
2026-04-23,27103350.31288587,23980000.0,40091703.05676855,13152149.90288304,35731535.27963083
2026-04-24,27209278.892185867,23958000.0,40879912.663755454,13143495.067981873,35583454.08029075
2026-04-27,27167076.07898587,23766000.0,40827510.917030565,13132983.585329626,35718164.64624728
2026-04-28,27016083.25148587,23860000.0,40421397.37991267,13139410.442929504,35150438.75379576
2026-04-29,27020978.92638587,23934000.000000004,40665938.86462882,13159052.824008834,34775917.55732492
2026-04-30,27067741.85428587,23752000.0,41074235.80786026,13155939.36854934,34902316.90696507
2026-05-06,27421258.681985866,23638000.0,42742358.07860262,13146408.576760482,35358458.264591254
2026-05-07,27456471.037685867,23544000.0,42644104.80349345,13150397.989107665,35770901.17877723
2026-05-08,27594853.898885865,23536000.0,43652838.42794759,13152149.90288304,35532534.729694195
2026-05-11,27577345.39468587,23534000.0,43759825.327510916,13159252.77068972,35317648.18401358
2026-05-12,27517276.804785866,23516000.0,43353711.79039302,13162747.07696995,35410104.48796117
2026-05-13,27618924.59278587,23536000.0,43805676.85589519,13171697.071257187,35459579.657126464
2026-05-14,27649939.119485866,23490000.000000004,44104803.49344978,13166641.27661195,35414073.595868304
2026-05-15,27342648.193885867,23342000.0,43441048.0349345,13165955.74513463,34633986.08421204
2026-05-18,27234412.382985868,23198000.0,43255458.51528384,13177923.982176179,34414040.12146427
2026-05-19,27217541.82168587,23350000.0,42958515.283842795,13191149.026926152,34355890.29959592
2026-05-20,27244129.87798587,23270000.0,43681222.70742358,13191539.399017403,33906979.41324152
2026-05-21,27262423.099985868,23152000.0,43744541.484716155,13187159.61457897,34128006.121033885
2026-05-22,27280132.12978587,23080000.0,43943231.44104803,13180932.703659974,34150759.15166296
2026-05-25,27298707.58628587,23048000.0,43906113.537117906,13187359.561259855,34316524.400449514
2026-05-26,27424936.780785866,23114000.0,44657205.240174666,13194167.269680463,34143174.80811994
2026-05-27,27327029.637585867,22974000.0,44617903.930131,13210505.769889934,33817774.90854315
2026-05-28,27230229.08968587,22864000.0,44958515.283842795,13218379.8606086,33104856.17961409
2026-05-29,27527164.58768587,23312000.0,45078602.62008734,13227139.429485468,33900121.94247185
2026-06-01,27642590.944685865,23647999.999999996,45336244.54148471,13236375.061888257,33749515.81665591
2026-06-02,27722251.51978587,23620000.0,45567685.58951966,13239583.730052937,33982822.84867179
2026-06-03,27548163.124585867,23428000.0,45432314.41048035,13233261.606428761,33479731.24835617
2026-06-04,27445324.940285865,23144000.0,45211790.3930131,13241821.228624746,33537517.63383784
2026-06-05,27059175.915685866,23206000.000000004,43034934.49781659,13231709.63933427,33533548.525930714
2026-06-08,26986515.85998587,23274000.0,43731441.048034936,13223340.442548653,32383989.670755327
2026-06-09,26916875.56438587,23294000.0,43209606.98689956,13213133.640552994,32519427.109485216
2026-06-10,26606986.55368587,23450000.000000004,42344978.16593886,13200099.02121339,31509274.80094685
2026-06-11,26676710.70288587,23243999.999999996,43744541.484716155,13193091.366111893,30833560.481075007
2026-06-12,26858810.779085867,23460000.0,44000000.0,13199127.851620518,31227573.344810273
2026-06-15,27228105.44138587,23230000.0,45314410.48034934,13199708.649122138,32257944.193386417
2026-06-16,27008579.25788587,22888000.0,44475982.5327511,13215466.351829987,32360519.331468333
2026-06-17,26889660.685985867,22770000.0,44026200.873362444,13223150.017138286,32315376.70659685
2026-06-18,26923215.988085866,22226000.0,45133187.77292576,13226263.472597782,32200884.6806781
2026-06-22,26778901.01598587,22262000.0,45054585.15283843,13223340.442548653,31458355.450350292
2026-06-23,26440772.39138587,22378000.0,43585152.838427946,13217608.637696614,30928178.27511178
2026-06-24,26263055.313085865,21953999.999999996,43408296.94323144,13217218.26560536,30770714.67852617
2026-06-25,26138634.083485868,21711999.999999996,43742358.07860262,13228529.534981148,30100413.64799273
2026-06-26,26076298.482485864,21608000.0,43233624.454148464,13234718.360818066,30400172.1540779
2026-06-29,26324236.227585867,21758000.0,44211790.39301309,13252780.210991353,30504181.90947565
2026-06-30,26278107.036949687,21336000.0,44908296.94323145,13240116.921201963,30237285.704038452
2026-07-01,26155306.743149687,21548000.0,44198689.95633188,13223911.718779752,29886607.847356718
2026-07-02,26241172.698449686,21711999.999999996,43493449.78165939,13229415.013139352,30511766.253018674
2026-07-03,26431594.02684969,21768000.0,43467248.90829694,13225587.46239098,31335198.33584392
2026-07-06,26630877.471249692,22208000.0,44026200.873362444,13238146.018204669,31223967.673289817
2026-07-07,26442746.011049688,22098000.0,43237991.26637555,13238250.75218037,31044468.354733042
2026-07-08,26526912.017149687,22334000.0,43368995.63318777,13245610.694291044,30992468.25909189
2026-07-09,26538733.25144969,22108000.0,44043668.12227075,13245810.640971929,30912292.279367812
2026-07-10,26568022.18184969,22186000.0,44157205.24017467,13245905.853677113,30859919.183224544
2026-07-13,26479609.31944969,22566000.0,43316593.886462875,13243058.99379213,30487205.60457165
2026-07-14,26562622.570649687,22759999.999999996,43801310.04366812,13246400.959744066,30260402.171054207
2026-07-15,26608550.597749688,23034000.0,43626637.55458516,13248952.66024298,30195394.878416188
2026-07-16,26437207.770149685,22834000.0,42923580.786026195,13245610.694291044,30171197.66635583
2026-07-17,26334322.735249687,22906000.0,42294759.82532751,13252389.8389001,30003624.799751334
2026-07-20,26528224.36114969,23520000.0,42316593.88646288,13248552.766881213,30020237.66826866
2026-07-21,26655603.454249687,23214000.0,43109170.305676855,13251694.786152264,30499122.492408488
2026-07-22,26768353.910949692,23368000.000000004,42888646.28820961,13267014.51041627,30913373.02441241
2026-07-23,26650185.60924969,23462000.0,42067685.58951965,13262596.640895758,30799244.43488033
2026-07-24,26436886.133349687,23270000.0,41604803.493449785,13270346.955097686,30383559.285560578
2026-07-27,26515339.865349688,23350000.0,41454148.47161572,13268585.520051794,30736762.068718173
2026-07-28,26436026.62714969,23542000.0,41058951.9650655,13267309.669802338,30368754.034861203
2026-07-29,26361279.72134969,23736000.0,40196506.55021834,13270546.901778573,30323247.973603044
2026-07-30,26674718.40484969,24128000.0,41537117.903930135,13283210.19156796,30278822.657389477
2026-07-31,26719083.158049688,24034000.0,41788209.606986895,13293321.780858437,30424005.929751575
2026-08-03,26821073.66024969,24064000.0,42526200.873362444,13291750.771222912,30357554.455682285
2026-08-04,26882387.27664969,23546000.0,43949781.65938865,13299510.606695358,30397283.79121536
2026-08-05,26893793.90544969,23262000.0,43578602.62008733,13297054.118901625,31107668.02955312
2026-08-06,27033266.39364969,23292000.0,43410480.349344976,13297549.224968579,31819142.577050906
2026-08-07,27109021.623049688,23163999.999999996,43930131.00436681,13303338.15744373,31985998.13499749
2026-08-10,27225529.99594969,23264000.0,43770742.35807861,13309917.3553719,32472840.30318246
2026-08-11,27221337.61464969,23278000.0,43635371.1790393,13301862.360513385,32543260.885158885
2026-08-12,27303772.29364969,23176000.0,43945414.84716157,13304318.848307118,32852774.78899171
2026-08-13,27328899.751949687,23154000.0,44451965.06550219,13316982.138096504,32629577.02699472
2026-08-14,27234676.82254969,23072000.0,44388646.2882096,13325522.717751456,32335231.81024795
2026-08-17,27325186.88104969,23114000.0,44310043.66812228,13329350.268499829,32736475.145255003
2026-08-18,27274032.47194969,23216000.0,43582969.4323144,13336719.731881019,32829294.885589268
2026-08-19,27262285.09534969,23496000.0,43454148.47161572,13327093.727386981,32487282.11749516
2026-08-20,27427497.534349687,23638000.0,43117903.930131,13326503.408614844,33274236.664036535
2026-08-21,27522430.73424969,23506000.0,43266375.54585153,13324246.867501998,33803333.09423045
2026-08-24,27699557.19624969,23758000.0,42858078.602620095,13335148.722245494,34511555.84247903
2026-08-25,27697142.64064969,23724000.0,43135371.17903931,13333187.340518717,34366372.57011692
2026-08-26,27724502.97634969,23806000.0,43141921.39737991,13325722.664432343,34388762.16435933
2026-08-27,27704835.949349687,23668000.0,43762008.73362445,13315220.703050613,34100193.67333764
2026-08-28,27689630.842449687,23702000.0,43438864.628820956,13317962.828959895,34193376.850058585
2026-08-31,27510728.10034969,23894000.000000004,43480349.34497817,13323761.282705562,33056825.19188007
2026-09-01,27487322.833049692,24178000.0,42908296.94323144,13330921.278135352,32915611.027425107
2026-09-02,27308612.76424969,24044000.0,43017467.248908296,13329455.00247553,32212801.568514932
2026-09-03,27524566.561149687,24016000.0,43504366.81222708,13337995.582130477,32898998.15890778
2026-09-04,27633091.84794969,24126000.0,43585152.838427946,13337500.476063523,33189364.703631975
2026-09-07,27442367.47634969,23896000.0,43589519.65065502,13341232.814106714,32625961.791358825
2026-09-08,27518509.33524969,24122000.0,43541484.7161572,13339861.751152074,32691695.956770204
2026-09-09,27522920.26174969,24200000.0,43390829.694323145,13341623.186197964,32698916.863926552
2026-09-10,27489782.29891674,24288000.0,42923580.786026195,13341823.13287885,32740807.689548813
