code,name,date,OpenPrice,HighPrice,LowPrice,close,TurnoverVolume,TurnoverValue,ChangeOF,ChangePCT,TotalMV,pe_ttm,IndexPERatio2,div_yield,IndexDYRatio2,PrevClosePrice
000300,沪深300指数,2016-08-15,3303.4688,3417.9147,3302.3776,3393.4239,22054342100.0,258897463909.6,99.1902,3.011,9172956.03,12.88,13.69,2.23,1.99,3294.2337
000300,沪深300指数,2016-08-16,3403.3839,3418.6884,3372.0206,3378.2451,19638974000.0,226785231084.7,-15.1788,-0.4473,9131925.28,12.79,13.63,2.24,2.0,3393.4239
000300,沪深300指数,2016-08-17,3377.7713,3394.3887,3356.9244,3373.0476,13884768800.0,167917530855.8,-5.1975,-0.1539,9117875.73,12.77,13.6,2.25,2.01,3378.2451
000300,沪深300指数,2016-08-18,3369.9472,3394.7912,3349.6879,3364.4851,14238016900.0,172256533000.3,-8.5625,-0.2539,9094729.81,12.74,13.57,2.25,2.01,3373.0476
000300,沪深300指数,2016-08-19,3358.555,3374.045,3341.1922,3365.0197,11996150800.0,135382706292.8,0.5346,0.0159,9096174.97,12.75,13.57,2.25,2.01,3364.4851
000300,沪深300指数,2016-08-22,3364.681,3372.8331,3335.4695,3336.7949,10795100800.0,128201783812.1,-28.2248,-0.8388,9020568.72,12.67,13.46,2.27,2.03,3365.0197
000300,沪深300指数,2016-08-23,3332.621,3359.6477,3324.9603,3341.8298,9292451600.0,108503692377.3,5.0349,0.1509,9034179.88,12.68,13.48,2.26,2.02,3336.7949
000300,沪深300指数,2016-08-24,3341.9304,3348.1291,3323.7251,3329.8631,8119142900.0,94012832199.8,-11.9667,-0.3581,9001829.66,12.65,13.43,2.27,2.03,3341.8298
000300,沪深300指数,2016-08-25,3314.0846,3315.0812,3279.8064,3308.9721,10058915300.0,112578140010.3,-20.891,-0.6274,8945353.72,12.58,13.35,2.28,2.04,3329.8631
000300,沪深300指数,2016-08-26,3312.4991,3328.9453,3301.7359,3307.0902,8153069100.0,93213205559.6,-1.8819,-0.0569,8941400.74,12.57,13.34,2.28,2.04,3308.9721
000300,沪深300指数,2016-08-29,3306.5749,3315.0789,3297.0697,3307.7812,7703633300.0,88011642022.0,0.691,0.0209,8943268.98,12.57,13.34,2.28,2.04,3307.0902
000300,沪深300指数,2016-08-30,3310.3188,3325.1218,3304.5966,3311.9872,7572598700.0,89513016667.4,4.206,0.1272,8954640.74,12.6,13.36,2.28,2.04,3307.7812
000300,沪深300指数,2016-08-31,3310.5654,3333.9729,3304.6552,3327.7938,7957080500.0,99215044445.2,15.8066,0.4773,8997377.08,12.65,13.42,2.37,2.16,3311.9872
000300,沪深300指数,2016-09-01,3326.7389,3329.3455,3301.2129,3301.5767,8494721900.0,100911462822.7,-26.2171,-0.7878,8926493.84,12.56,13.32,2.38,2.17,3327.7938
000300,沪深300指数,2016-09-02,3298.7217,3320.4252,3295.7554,3314.1142,8279180300.0,99396378583.5,12.5375,0.3797,8961930.27,13.11,14.06,2.38,2.16,3301.5767
000300,沪深300指数,2016-09-05,3321.0053,3338.4197,3314.6293,3319.6803,7829247700.0,87531089645.2,5.5661,0.168,8976982.03,13.11,14.08,2.37,2.16,3314.1142
000300,沪深300指数,2016-09-06,3322.018,3347.9511,3300.1257,3342.6259,9828399800.0,118366533426.4,22.9456,0.6912,9039030.73,13.17,14.18,2.36,2.15,3319.6803
000300,沪深300指数,2016-09-07,3344.0657,3357.3567,3337.7508,3340.8172,10294010600.0,115119908616.9,-1.8087,-0.0541,9034139.89,13.17,14.17,2.36,2.15,3342.6259
000300,沪深300指数,2016-09-08,3338.0082,3343.395,3328.2264,3339.564,7191615800.0,83742346849.7,-1.2532,-0.0375,9032995.48,13.16,14.16,2.36,2.15,3340.8172
000300,沪深300指数,2016-09-09,3339.3733,3344.951,3318.044,3318.044,8265703600.0,95471188732.0,-21.52,-0.6444,8974787.39,13.09,14.07,2.38,2.16,3339.564
000300,沪深300指数,2016-09-12,3271.8702,3276.7163,3234.573,3262.6043,12291768200.0,134456630926.9,-55.4397,-1.6709,8824831.76,12.88,13.84,2.41,2.2,3318.044
000300,沪深300指数,2016-09-13,3265.3373,3269.2224,3246.3857,3260.333,6718028800.0,76862644231.2,-2.2713,-0.0696,8818688.07,12.86,13.83,2.42,2.2,3262.6043
000300,沪深300指数,2016-09-14,3245.7371,3254.995,3231.3355,3238.7299,7043269700.0,79780746436.2,-21.6031,-0.6626,8760255.12,12.77,13.74,2.44,2.21,3260.333
000300,沪深300指数,2016-09-19,3242.7429,3264.8995,3242.7429,3263.1242,5883108200.0,67678031641.8,24.3943,0.7532,8826237.92,12.85,13.84,2.42,2.2,3238.7299
000300,沪深300指数,2016-09-20,3264.6649,3265.0353,3252.3885,3257.4034,5278420600.0,61626150817.6,-5.7208,-0.1753,8810763.97,12.83,13.82,2.42,2.2,3263.1242
000300,沪深300指数,2016-09-21,3257.7097,3270.9022,3254.3214,3266.6363,5914297900.0,68957744043.6,9.2329,0.2834,8835737.63,12.86,13.86,2.42,2.2,3257.4034
000300,沪深300指数,2016-09-22,3281.4718,3303.1993,3277.9791,3291.1211,7575354200.0,89991761654.8,24.4848,0.7495,8901965.1,12.94,13.96,2.4,2.18,3266.6363
000300,沪深300指数,2016-09-23,3292.2788,3293.9162,3275.025,3275.6665,5799398600.0,68046257250.0,-15.4546,-0.4696,8860162.93,12.9,13.9,2.41,2.19,3291.1211
000300,沪深300指数,2016-09-26,3267.6905,3267.6905,3220.2838,3220.2838,7045218600.0,78700835131.9,-55.3827,-1.6907,8710361.27,12.7,13.66,2.45,2.23,3275.6665
000300,沪深300指数,2016-09-27,3214.8704,3240.7756,3214.4414,3240.7546,5846055000.0,66651130361.3,20.4708,0.6357,8765731.58,12.77,13.74,2.43,2.21,3220.2838
000300,沪深300指数,2016-09-28,3243.647,3243.647,3227.996,3230.8904,4472749800.0,51996404752.1,-9.8642,-0.3044,8739052.75,12.72,13.69,2.44,2.22,3240.7546
000300,沪深300指数,2016-09-29,3234.857,3257.7668,3234.8032,3244.3874,5545255600.0,62220302312.2,13.497,0.4177,8775560.08,12.77,13.75,2.43,2.21,3230.8904
000300,沪深300指数,2016-09-30,3240.1775,3260.9405,3239.0364,3253.2848,4497802200.0,52655734552.9,8.8974,0.2742,8799625.97,12.8,13.79,2.42,2.23,3244.3874
000300,沪深300指数,2016-10-10,3265.3644,3294.6409,3258.9584,3293.8689,8051926000.0,89607989896.2,40.5841,1.2475,8909399.73,12.95,13.95,2.39,2.21,3253.2848
000300,沪深300指数,2016-10-11,3296.8672,3308.0042,3292.8775,3306.5573,8771316300.0,88213421182.9,12.6884,0.3852,8943719.94,12.99,14.0,2.38,2.2,3293.8689
000300,沪深300指数,2016-10-12,3299.1388,3302.561,3289.7532,3300.0099,6866978100.0,72386912615.9,-6.5474,-0.198,8926010.08,12.97,13.98,2.38,2.2,3306.5573
000300,沪深300指数,2016-10-13,3299.1557,3307.4091,3292.3974,3302.6455,8122419800.0,79923748596.2,2.6356,0.0799,8933139.05,12.98,13.98,2.38,2.2,3300.0099
000300,沪深300指数,2016-10-14,3298.734,3306.6859,3285.729,3305.8481,8231627100.0,81485597806.3,3.2026,0.097,8941801.54,13.0,14.0,2.38,2.2,3302.6455
000300,沪深300指数,2016-10-17,3305.9635,3309.0097,3271.5413,3277.8787,8611350900.0,88199418936.3,-27.9694,-0.8461,8866148.76,12.9,13.88,2.4,2.22,3305.8481
000300,沪深300指数,2016-10-18,3272.6815,3321.3324,3272.6815,3321.3324,10286071400.0,104625044141.7,43.4537,1.3257,8983684.17,13.07,14.06,2.37,2.19,3277.8787
000300,沪深300指数,2016-10-19,3323.3038,3332.5201,3309.8313,3316.2407,10116772500.0,96354442198.5,-5.0917,-0.1533,8972292.48,13.06,14.04,2.37,2.19,3321.3324
000300,沪深300指数,2016-10-20,3317.1792,3324.9031,3312.1741,3318.6044,7923887100.0,82481095276.7,2.3637,0.0713,8978687.56,13.06,14.05,2.37,2.19,3316.2407
000300,沪深300指数,2016-10-21,3315.7156,3341.5603,3309.1787,3327.74,10978517600.0,107114926125.6,9.1356,0.2753,9004627.73,13.12,14.09,2.36,2.18,3318.6044
000300,沪深300指数,2016-10-24,3332.5125,3382.8259,3330.9674,3367.5778,15301434500.0,150063007898.9,39.8378,1.1971,9110258.99,13.27,14.25,2.33,2.16,3327.74
000300,沪深300指数,2016-10-25,3367.4753,3373.9139,3356.5853,3367.4547,11119169300.0,110576512915.9,-0.1231,-0.0037,9109926.16,13.26,14.25,2.33,2.16,3367.5778
000300,沪深300指数,2016-10-26,3365.1975,3367.831,3349.5744,3354.8003,9802478600.0,104719318220.3,-12.6544,-0.3758,9073724.26,13.2,14.2,2.34,2.17,3367.4547
000300,沪深300指数,2016-10-27,3351.4603,3352.3545,3335.1332,3345.695,7762985100.0,85241012413.9,-9.1053,-0.2714,9049097.16,13.17,14.16,2.35,2.17,3354.8003
000300,沪深300指数,2016-10-28,3347.1438,3370.7485,3337.2888,3340.1262,9313330900.0,104797971448.0,-5.5688,-0.1664,9034035.17,13.16,14.14,2.35,2.18,3345.695
000300,沪深300指数,2016-10-31,3332.406,3340.4695,3317.3279,3336.2778,7135286300.0,80701820968.2,-3.8484,-0.1152,9023626.5,13.14,14.12,2.33,2.16,3340.1262
000300,沪深300指数,2016-11-01,3338.7099,3359.3941,3334.4568,3359.0515,7493819900.0,84717683749.8,22.7737,0.6826,9085222.46,13.25,14.28,2.32,2.15,3336.2778
000300,沪深300指数,2016-11-02,3350.71,3356.3974,3331.3841,3333.3524,9119710400.0,100348995732.6,-25.6991,-0.7651,9015714.26,13.15,14.17,2.34,2.16,3359.0515
000300,沪深300指数,2016-11-03,3326.9045,3379.9889,3324.8378,3365.085,12622350400.0,137386468361.3,31.7326,0.952,9101541.23,13.26,14.31,2.32,2.14,3333.3524
000300,沪深300指数,2016-11-04,3362.2055,3377.6394,3348.4263,3354.1749,10406965500.0,110813764577.2,-10.9101,-0.3242,9072032.68,13.22,14.26,2.33,2.15,3365.085
000300,沪深300指数,2016-11-07,3353.4441,3362.7416,3342.3122,3356.5916,9987798800.0,94370876771.0,2.4167,0.0721,9078569.25,13.24,14.27,2.32,2.15,3354.1749
000300,沪深300指数,2016-11-08,3367.6974,3383.9174,3361.1292,3371.1177,10314828200.0,105138256060.5,14.5261,0.4328,9117858.07,13.3,14.33,2.31,2.14,3356.5916
000300,沪深300指数,2016-11-09,3370.5999,3373.096,3322.0798,3353.0547,13911005900.0,145186921690.4,-18.063,-0.5358,9069003.03,13.22,14.25,2.33,2.15,3371.1177
000300,沪深300指数,2016-11-10,3374.906,3403.0158,3374.906,3390.6119,13470553500.0,133277399552.9,37.5572,1.1201,9170583.99,13.36,14.41,2.3,2.13,3353.0547
000300,沪深300指数,2016-11-11,3387.9481,3422.6715,3382.8925,3417.2211,19878149600.0,190647270039.9,26.6092,0.7848,9240648.66,13.46,14.51,2.28,2.11,3390.6119
000300,沪深300指数,2016-11-14,3409.2241,3452.6159,3408.1392,3430.2482,21324710500.0,208353308628.7,13.0271,0.3812,9275875.81,13.53,14.57,2.27,2.1,3417.2211
000300,沪深300指数,2016-11-15,3428.8663,3434.9216,3415.9948,3429.8697,13456632000.0,135206770523.0,-0.3785,-0.011,9274852.42,13.51,14.57,2.28,2.1,3430.2482
000300,沪深300指数,2016-11-16,3432.4336,3435.6366,3419.2435,3429.5921,12980851100.0,128944599172.6,-0.2776,-0.0081,9274101.81,13.51,14.57,2.28,2.1,3429.8697
000300,沪深300指数,2016-11-17,3423.4654,3437.669,3412.8771,3436.535,12156173100.0,121576882948.4,6.9429,0.2024,9292876.34,13.52,14.59,2.27,2.1,3429.5921
000300,沪深300指数,2016-11-18,3437.4898,3443.1185,3413.2698,3417.4554,11595120500.0,117345607611.6,-19.0796,-0.5552,9241282.25,13.45,14.51,2.29,2.11,3436.535
000300,沪深300指数,2016-11-21,3412.6523,3463.1423,3412.0801,3441.1106,14643452900.0,147542589349.2,23.6552,0.6922,9305249.33,13.56,14.61,2.27,2.09,3417.4554
000300,沪深300指数,2016-11-22,3443.2201,3469.2189,3443.2201,3468.3637,16852344600.0,167250665827.4,27.2531,0.792,9378945.61,13.69,14.73,2.25,2.08,3441.1106
000300,沪深300指数,2016-11-23,3473.8949,3492.9564,3465.7639,3474.7289,16238850400.0,171247116195.8,6.3652,0.1835,9396157.94,13.71,14.76,2.24,2.07,3468.3637
000300,沪深300指数,2016-11-24,3468.8071,3508.1648,3467.0108,3488.7402,14574630100.0,165071453531.0,14.0113,0.4032,9434046.44,13.74,14.82,2.24,2.07,3474.7289
000300,沪深300指数,2016-11-25,3490.0399,3521.3029,3463.9477,3521.2984,15362150600.0,166832181108.3,32.5582,0.9332,9522088.57,13.86,14.96,2.22,2.05,3488.7402
000300,沪深300指数,2016-11-28,3538.6754,3553.3603,3528.3196,3535.0807,20737548300.0,219859766828.2,13.7823,0.3914,9559357.82,13.94,15.02,2.21,2.04,3521.2984
000300,沪深300指数,2016-11-29,3525.9011,3583.7185,3521.3787,3564.0404,23691835600.0,248322816338.6,28.9597,0.8192,9637668.8,14.05,15.14,2.19,2.02,3535.0807
000300,沪深300指数,2016-11-30,3557.6357,3567.0689,3527.0231,3538.001,17856017800.0,190681227630.9,-26.0394,-0.7306,9567254.65,13.92,15.03,2.21,2.04,3564.0404
000300,沪深300指数,2016-12-01,3543.9555,3575.97,3543.245,3565.036,18017076100.0,199637742998.0,27.035,0.7641,9640361.07,14.02,15.14,2.19,2.02,3538.001
000300,沪深300指数,2016-12-02,3559.7711,3562.5497,3516.7881,3528.9547,19635548000.0,203742147475.9,-36.0813,-1.0121,9542792.17,13.93,14.99,2.21,2.04,3565.036
000300,沪深300指数,2016-12-05,3473.6876,3496.8838,3457.3433,3469.4073,18085235500.0,190175061733.2,-59.5474,-1.6874,9381767.7,13.7,14.73,2.25,2.08,3528.9547
000300,沪深300指数,2016-12-06,3466.2417,3477.5901,3456.8067,3459.1533,11552909000.0,125727753192.9,-10.254,-0.2956,9354039.4,13.66,14.69,2.25,2.08,3469.4073
000300,沪深300指数,2016-12-07,3458.3687,3475.7473,3445.7561,3475.7473,11434510300.0,115282194223.3,16.594,0.4797,9398911.95,13.71,14.75,2.24,2.07,3459.1533
000300,沪深300指数,2016-12-08,3481.8067,3484.3402,3466.512,3470.1426,11738392200.0,119188508675.9,-5.6047,-0.1613,9383756.03,13.68,14.73,2.25,2.08,3475.7473
000300,沪深300指数,2016-12-09,3464.8733,3507.9276,3461.7612,3493.7004,15030330800.0,152674867707.3,23.5578,0.6789,9447459.66,13.8,14.83,2.23,2.06,3470.1426
000300,沪深300指数,2016-12-12,3489.2683,3495.8022,3400.793,3409.1794,18746775100.0,199163540831.2,-84.521,-2.4192,9479896.02,13.85,14.87,2.2,2.03,3493.7004
000300,沪深300指数,2016-12-13,3394.2072,3416.2147,3370.5956,3405.0355,12110509700.0,124454188749.2,-4.1439,-0.1216,9468373.08,13.83,14.84,2.21,2.03,3409.1794
000300,沪深300指数,2016-12-14,3399.4113,3412.2795,3378.2656,3378.9453,12400774400.0,126182669414.4,-26.0902,-0.7662,9395824.01,13.74,14.73,2.22,2.05,3405.0355
000300,沪深300指数,2016-12-15,3363.8597,3378.0367,3327.1429,3340.4338,11496066000.0,121507811540.0,-38.5115,-1.1397,9288735.33,13.56,14.56,2.25,2.07,3378.9453
000300,沪深300指数,2016-12-16,3335.3625,3356.2916,3330.4928,3346.0305,9077542200.0,98112206845.4,5.5967,0.1675,9304298.04,13.58,14.59,2.25,2.07,3340.4338
000300,沪深300指数,2016-12-19,3342.3449,3344.8584,3324.9986,3328.9827,8164067800.0,86095693838.3,-17.0478,-0.5095,9256893.35,13.53,14.51,2.26,2.08,3346.0305
000300,沪深300指数,2016-12-20,3328.2985,3329.1022,3289.2682,3309.0641,8756959200.0,88527345888.8,-19.9186,-0.5983,9201505.73,13.46,14.43,2.27,2.09,3328.9827
000300,沪深300指数,2016-12-21,3313.7451,3342.4761,3313.7451,3338.536,10825499500.0,106205485212.7,29.4719,0.8906,9283458.21,13.6,14.55,2.24,2.07,3309.0641
000300,沪深300指数,2016-12-22,3335.1218,3340.3628,3322.7196,3335.672,9227724900.0,92564877569.6,-2.864,-0.0858,9275494.21,13.62,14.54,2.24,2.07,3338.536
000300,沪深300指数,2016-12-23,3333.4009,3334.8937,3300.8843,3307.5991,9744471300.0,99575473231.3,-28.0729,-0.8416,9197432.07,13.52,14.42,2.26,2.09,3335.672
000300,沪深300指数,2016-12-26,3293.2236,3322.4212,3267.0481,3322.4006,8979398200.0,95493219935.5,14.8015,0.4475,9238590.47,13.57,14.48,2.25,2.08,3307.5991
000300,沪深300指数,2016-12-27,3319.2061,3330.2324,3315.8318,3316.3852,7548635900.0,79617133030.4,-6.0154,-0.1811,9221863.54,13.52,14.46,2.26,2.09,3322.4006
000300,沪深300指数,2016-12-28,3315.7526,3320.5467,3293.1737,3301.8887,6900043700.0,71759839565.5,-14.4965,-0.4371,9181552.93,13.47,14.39,2.27,2.1,3316.3852
000300,沪深300指数,2016-12-29,3297.036,3312.113,3288.0959,3297.7648,7008792300.0,75972960430.7,-4.1239,-0.1249,9170085.62,13.45,14.38,2.27,2.1,3301.8887
000300,沪深300指数,2016-12-30,3302.5993,3313.5497,3295.7513,3310.0808,7174411600.0,76921368837.7,12.316,0.3735,9205508.08,13.5,14.43,2.25,2.08,3297.7648
000300,沪深300指数,2017-01-03,3313.9534,3345.2629,3313.9534,3342.2272,8656789600.0,87612765767.5,32.1464,0.9712,9294516.18,13.63,14.57,2.23,2.06,3310.0808
000300,沪深300指数,2017-01-04,3340.5576,3369.5658,3338.1527,3368.3117,9005082700.0,98014355468.3,26.0845,0.7805,9367055.63,13.73,14.69,2.21,2.04,3342.2272
000300,沪深300指数,2017-01-05,3368.3402,3373.4119,3361.462,3367.7892,8833635700.0,91189339581.7,-0.5225,-0.0155,9365602.36,13.76,14.68,2.21,2.04,3368.3117
000300,沪深300指数,2017-01-06,3366.8522,3368.8705,3346.8914,3347.6665,8745911400.0,91072256748.2,-20.1227,-0.5975,9309642.52,13.72,14.59,2.22,2.06,3367.7892
000300,沪深300指数,2017-01-09,3345.7483,3366.2219,3344.3472,3363.9014,8370794200.0,87916115242.6,16.2349,0.485,9354790.66,13.78,14.66,2.21,2.05,3347.6665
000300,沪深300指数,2017-01-10,3361.6394,3370.5051,3354.0878,3358.2716,8381916000.0,82533965080.2,-5.6298,-0.1674,9339134.66,13.75,14.64,2.21,2.05,3363.9014
000300,沪深300指数,2017-01-11,3355.8008,3366.6315,3334.2978,3334.4954,9107143800.0,86750457122.1,-23.7762,-0.708,9273014.7,13.66,14.53,2.22,2.06,3358.2716
000300,沪深300指数,2017-01-12,3332.6857,3343.1279,3315.9629,3317.6241,8123913500.0,75031886874.2,-16.8713,-0.506,9228552.98,13.61,14.46,2.23,2.07,3334.4954
000300,沪深300指数,2017-01-13,3317.9625,3338.174,3309.3741,3319.9122,8418058900.0,84556101402.8,2.2881,0.069,9234917.77,13.63,14.47,2.23,2.07,3317.6241
000300,沪深300指数,2017-01-16,3314.1507,3322.7819,3264.2071,3319.4455,15777913500.0,153262520120.7,-0.4667,-0.0141,9233619.56,13.66,14.47,2.22,2.07,3319.9122
000300,沪深300指数,2017-01-17,3305.6001,3327.3767,3292.2044,3326.3563,6945332800.0,74754505695.7,6.9108,0.2082,9252843.16,13.68,14.5,2.22,2.07,3319.4455
000300,沪深300指数,2017-01-18,3323.3389,3350.9619,3320.4062,3339.3653,7062322700.0,75680677263.9,13.009,0.3911,9287850.4,13.73,14.56,2.21,2.06,3326.3563
000300,沪深300指数,2017-01-19,3330.9522,3346.4959,3324.6835,3329.2891,6615980800.0,63869709162.9,-10.0762,-0.3017,9261250.8,13.68,14.52,2.22,2.07,3339.3653
000300,沪深300指数,2017-01-20,3326.9773,3358.4121,3326.374,3354.8891,6530046200.0,70831324310.2,25.6,0.7689,9338067.88,13.76,14.63,2.21,2.05,3329.2891
000300,沪深300指数,2017-01-23,3359.0543,3378.7388,3355.8475,3364.0808,7555749800.0,76492660153.9,9.1917,0.274,9363652.16,13.8,14.67,2.2,2.04,3354.8891
000300,沪深300指数,2017-01-24,3363.1374,3371.32,3355.899,3364.4509,6619422600.0,66049651288.6,0.3701,0.011,9369607.34,13.83,14.67,2.19,2.04,3364.0808
000300,沪深300指数,2017-01-25,3361.6561,3376.4415,3357.2183,3375.9042,5837693100.0,62483395801.9,11.4533,0.3404,9401503.4,13.87,14.72,2.19,2.04,3364.4509
000300,沪深300指数,2017-01-26,3378.2609,3395.8848,3378.2609,3387.9606,6531664700.0,66488818305.4,12.0564,0.3571,9435078.97,13.91,14.77,2.18,2.03,3375.9042
000300,沪深300指数,2017-02-03,3390.9315,3392.4773,3362.5653,3364.4923,5518886100.0,57113853254.9,-23.4683,-0.6927,9369722.7,13.81,14.66,2.19,2.04,3387.9606
000300,沪深300指数,2017-02-06,3368.1081,3381.3348,3358.7516,3373.2051,6852136000.0,73408134767.9,8.7128,0.259,9393986.82,13.85,14.7,2.19,2.04,3364.4923
000300,沪深300指数,2017-02-07,3371.7695,3376.7099,3354.6251,3365.6849,6375446200.0,69758178999.1,-7.5202,-0.2229,9373043.96,13.81,14.67,2.19,2.04,3373.2051
000300,沪深300指数,2017-02-08,3361.7811,3383.6859,3347.4302,3383.2878,7540287900.0,82869735773.3,17.6029,0.523,9422066.02,13.87,14.75,2.18,2.03,3365.6849
000300,沪深300指数,2017-02-09,3381.8992,3406.5888,3379.7872,3396.2924,9755851500.0,102134228699.2,13.0046,0.3844,9458282.25,13.92,14.8,2.18,2.02,3383.2878
000300,沪深300指数,2017-02-10,3398.3173,3422.3256,3398.0295,3413.4868,12376872000.0,121908580283.7,17.1944,0.5063,9506166.61,13.99,14.87,2.16,2.01,3396.2924
000300,沪深300指数,2017-02-13,3416.9168,3439.5432,3416.8746,3436.275,12014453800.0,125332998843.6,22.7882,0.6676,9569629.15,14.08,14.97,2.15,2.0,3413.4868
000300,沪深300指数,2017-02-14,3438.511,3440.6748,3424.4028,3435.8042,9480946500.0,98537165438.0,-0.4708,-0.0137,9559290.52,14.08,14.97,2.15,2.0,3436.275
000300,沪深300指数,2017-02-15,3435.3882,3448.0322,3417.0811,3421.7131,12764333800.0,124653179488.1,-14.0911,-0.4101,9520085.45,14.06,14.91,2.16,2.01,3435.8042
000300,沪深300指数,2017-02-16,3421.8299,3440.9331,3418.3514,3440.9331,10827696200.0,101809767504.3,19.22,0.5617,9573560.41,14.11,14.99,2.15,2.0,3421.7131
000300,沪深300指数,2017-02-17,3443.6166,3457.5562,3419.6143,3421.4419,11460003600.0,118033129670.0,-19.4912,-0.5665,9519330.88,14.02,14.91,2.16,2.01,3440.9331
000300,沪深300指数,2017-02-20,3421.6434,3472.6035,3421.6434,3471.3926,13262886200.0,134681505159.3,49.9507,1.4599,9658306.46,14.2,15.13,2.14,1.98,3421.4419
000300,沪深300指数,2017-02-21,3475.0584,3490.0855,3472.017,3482.823,11484200900.0,120675429543.0,11.4304,0.3293,9690108.83,14.25,15.18,2.13,1.97,3471.3926
000300,沪深300指数,2017-02-22,3483.2008,3489.946,3473.524,3489.7567,10281599400.0,109232425841.3,6.9337,0.1991,9702241.01,14.28,15.21,2.12,1.97,3482.823
000300,沪深300指数,2017-02-23,3487.5745,3492.9616,3460.118,3473.3236,9953633000.0,106555922466.3,-16.4331,-0.4709,9656553.72,14.21,15.14,2.14,1.98,3489.7567
000300,沪深300指数,2017-02-24,3468.9588,3473.8517,3455.2514,3473.8517,9553513300.0,99875164758.6,0.5281,0.0152,9658021.96,14.21,15.14,2.14,1.98,3473.3236
000300,沪深300指数,2017-02-27,3471.1319,3472.8356,3441.3938,3446.2228,9867216000.0,106830874528.7,-27.6289,-0.7953,9607557.0,14.03,14.97,2.15,1.99,3473.8517
000300,沪深300指数,2017-02-28,3445.0274,3460.9089,3441.3589,3452.8103,7521526000.0,81979307360.8,6.5875,0.1912,9626928.08,14.06,15.0,2.14,1.97,3446.2228
000300,沪深300指数,2017-03-01,3452.2058,3472.6962,3449.109,3458.4376,10326035400.0,109317781348.1,5.6273,0.163,9642617.61,14.08,15.02,2.13,1.97,3452.8103
000300,沪深300指数,2017-03-02,3463.4829,3468.471,3434.001,3435.0963,8989807700.0,97876187925.2,-23.3413,-0.6749,9577538.92,14.0,14.92,2.15,1.98,3458.4376
000300,沪深300指数,2017-03-03,3424.6627,3428.8824,3412.8312,3427.8628,8099465200.0,90009618835.2,-7.2335,-0.2106,9556265.99,13.95,14.89,2.15,1.98,3435.0963
000300,沪深300指数,2017-03-06,3427.2533,3449.0342,3425.9041,3446.484,8307088200.0,95178548495.5,18.6212,0.5432,9608176.89,13.98,14.95,2.14,1.97,3427.8628
000300,沪深300指数,2017-03-07,3446.1628,3454.0386,3440.0574,3453.9565,8033472000.0,94483824245.1,7.4725,0.2168,9629008.86,14.02,14.99,2.14,1.97,3446.484
000300,沪深300指数,2017-03-08,3452.2006,3457.0351,3441.2575,3448.7313,7958769000.0,89124904682.2,-5.2252,-0.1513,9614442.04,14.01,14.96,2.14,1.97,3453.9565
000300,沪深300指数,2017-03-09,3442.8953,3443.0455,3414.6782,3426.9438,8457038100.0,90090049489.8,-21.7875,-0.6318,9553702.29,13.92,14.87,2.16,1.98,3448.7313
000300,沪深300指数,2017-03-10,3423.9776,3436.2388,3423.9369,3427.8916,7001619900.0,82161714922.6,0.9478,0.0277,9556344.65,13.9,14.88,2.16,1.98,3426.9438
000300,沪深300指数,2017-03-13,3425.6723,3458.098,3412.6879,3458.098,9168412400.0,108489140923.3,30.2064,0.8812,9640554.57,14.02,15.01,2.14,1.97,3427.8916
000300,沪深300指数,2017-03-14,3456.6584,3465.3915,3448.9034,3456.6934,7707796300.0,95317564129.4,-1.4046,-0.0406,9636639.01,14.02,15.0,2.14,1.97,3458.098
000300,沪深300指数,2017-03-15,3452.2139,3463.9191,3445.2676,3463.6436,7910495400.0,94056256666.8,6.9502,0.2011,9651441.36,14.04,15.03,2.14,1.96,3456.6934
000300,沪深300指数,2017-03-16,3472.2694,3492.1267,3472.2694,3481.5066,10633391300.0,124695573677.0,17.863,0.5157,9701216.6,14.11,15.11,2.13,1.95,3463.6436
000300,沪深300指数,2017-03-17,3485.3114,3488.4969,3441.4685,3445.8051,10375556000.0,122368918550.2,-35.7015,-1.0255,9601734.3,13.98,14.96,2.15,1.97,3481.5066
000300,沪深300指数,2017-03-20,3449.0515,3454.063,3429.8254,3449.6126,8873432200.0,103769403896.5,3.8075,0.1105,9612344.01,14.02,14.97,2.14,1.97,3445.8051
000300,沪深300指数,2017-03-21,3449.7696,3466.7026,3445.6416,3466.3468,8770785500.0,113528201389.8,16.7342,0.4851,9658973.79,14.08,15.05,2.13,1.96,3449.6126
000300,沪深300指数,2017-03-22,3450.7544,3464.3328,3433.4994,3450.0502,10493589400.0,123865640376.5,-16.2966,-0.4701,9613563.21,14.01,14.98,2.14,1.97,3466.3468
000300,沪深300指数,2017-03-23,3452.4056,3470.8164,3435.6912,3461.9782,9431806200.0,115813813701.5,11.928,0.3457,9646800.76,14.04,15.03,2.14,1.96,3450.0502
000300,沪深300指数,2017-03-24,3464.1966,3499.3179,3461.1108,3489.5997,12564583300.0,141752526681.3,27.6215,0.7979,9723768.06,14.15,15.15,2.12,1.95,3461.9782
000300,沪深300指数,2017-03-27,3488.7647,3505.9789,3474.5206,3478.0385,10701537700.0,124388012134.2,-11.5612,-0.3313,9691552.61,14.12,15.1,2.13,1.96,3489.5997
000300,沪深300指数,2017-03-28,3480.249,3482.2923,3461.4678,3469.8093,8419482000.0,97495938764.9,-8.2292,-0.2366,9668622.18,14.08,15.07,2.13,1.96,3478.0385
000300,沪深300指数,2017-03-29,3472.9665,3483.0571,3455.5529,3465.1933,10485170600.0,114663468279.1,-4.616,-0.133,9655759.63,14.07,15.04,2.13,1.96,3469.8093
000300,沪深300指数,2017-03-30,3461.6159,3467.3049,3422.366,3436.758,11637692200.0,122088021629.7,-28.4353,-0.8206,9576524.57,13.99,14.92,2.14,1.98,3465.1933
000300,沪深300指数,2017-03-31,3434.8222,3456.3051,3430.8197,3456.0455,9157749100.0,100984904829.6,19.2875,0.5612,9630269.3,14.07,15.01,2.15,1.99,3436.758
000300,沪深300指数,2017-04-05,3476.4231,3504.5379,3475.1486,3503.8932,14339901700.0,160742981172.2,47.8477,1.3845,9763596.76,14.25,15.21,2.12,1.96,3456.0455
000300,沪深300指数,2017-04-06,3507.9879,3517.7779,3495.7246,3514.0469,13676700400.0,145221644165.4,10.1537,0.2898,9790747.42,14.29,15.25,2.12,1.96,3503.8932
000300,沪深300指数,2017-04-07,3514.4521,3526.815,3506.3885,3517.4634,14029320400.0,144559675566.5,3.4165,0.0972,9800266.17,14.32,15.27,2.11,1.96,3514.0469
000300,沪深300指数,2017-04-10,3519.4597,3522.7955,3502.0826,3505.1392,14188738000.0,155747834571.5,-12.3242,-0.3504,9765928.93,14.29,15.21,2.12,1.96,3517.4634
000300,沪深300指数,2017-04-11,3503.8294,3520.1315,3466.139,3517.328,16594583200.0,189457268654.7,12.1888,0.3477,9802402.36,14.34,15.26,2.11,1.96,3505.1392
000300,沪深300指数,2017-04-12,3514.5723,3523.0975,3497.9991,3509.4387,18182453700.0,202154571423.1,-7.8893,-0.2243,9766336.4,14.3,15.26,2.11,1.95,3517.328
000300,沪深300指数,2017-04-13,3500.2838,3518.4385,3496.5699,3514.5662,12998181300.0,133345929014.0,5.1275,0.1461,9780605.51,14.31,15.29,2.11,1.95,3509.4387
000300,沪深300指数,2017-04-14,3516.8103,3517.4664,3476.9468,3486.5045,13547407800.0,130425385379.1,-28.0617,-0.7984,9702513.48,14.2,15.16,2.12,1.96,3514.5662
000300,沪深300指数,2017-04-17,3475.7381,3480.5696,3453.6759,3479.9417,11716496100.0,123884371226.6,-6.5628,-0.1882,9684249.81,14.16,15.14,2.13,1.97,3486.5045
000300,沪深300指数,2017-04-18,3474.8892,3489.0845,3462.6297,3462.7429,11092782300.0,126790853424.8,-17.1988,-0.4942,9636375.89,14.08,15.06,2.14,1.98,3479.9417
000300,沪深300指数,2017-04-19,3452.9904,3459.3524,3418.514,3445.8761,12134926400.0,127050362406.9,-16.8668,-0.4871,9589440.73,13.99,14.99,2.16,1.99,3462.7429
000300,沪深300指数,2017-04-20,3444.5225,3465.6088,3440.7151,3461.5481,11418420800.0,133977258345.9,15.672,0.4548,9633053.75,14.03,15.06,2.15,1.98,3445.8761
000300,沪深300指数,2017-04-21,3461.389,3475.5622,3449.5421,3466.7865,10441911000.0,115208831746.2,5.2384,0.1513,9647631.68,14.08,15.08,2.14,1.98,3461.5481
000300,沪深300指数,2017-04-24,3458.2279,3458.2279,3403.9792,3431.2587,11466079100.0,122778154320.8,-35.5278,-1.0248,9550895.51,13.97,14.93,2.16,2.0,3466.7865
000300,沪深300指数,2017-04-25,3427.7322,3449.6716,3422.6521,3440.9743,9407214800.0,107599357209.2,9.7156,0.2831,9577939.8,13.98,14.95,2.16,1.99,3431.2587
000300,沪深300指数,2017-04-26,3440.2526,3466.5651,3439.1505,3445.1832,11194002900.0,131316579234.5,4.2089,0.1223,9589655.36,14.01,14.97,2.15,1.99,3440.9743
000300,沪深300指数,2017-04-27,3435.1017,3449.2723,3399.5392,3446.7202,12329842500.0,134610947827.9,1.537,0.0446,9592058.1,14.03,14.98,2.15,1.99,3445.1832
000300,沪深300指数,2017-04-28,3439.5735,3439.904,3417.2375,3439.753,10163235100.0,113761006698.0,-6.9672,-0.2021,9572677.8,14.0,14.93,2.12,1.95,3446.7202
000300,沪深300指数,2017-05-02,3427.9169,3436.3064,3418.6652,3426.5766,9279746200.0,101635858601.5,-13.1764,-0.3831,9536008.58,14.21,15.09,2.13,1.96,3439.753
000300,沪深300指数,2017-05-03,3421.7586,3432.2248,3403.0782,3413.1282,9166962400.0,97854119098.4,-13.4484,-0.3925,9498582.34,14.15,15.03,2.14,1.97,3426.5766
000300,沪深300指数,2017-05-04,3404.9379,3421.3953,3391.277,3404.3864,10348207500.0,106985952575.2,-8.7418,-0.2561,9474254.29,14.13,14.99,2.14,1.97,3413.1282
000300,沪深300指数,2017-05-05,3393.4831,3395.4532,3366.5568,3382.5502,10989533300.0,117464939577.7,-21.8362,-0.6414,9413485.06,14.06,14.89,2.15,1.99,3404.3864
000300,沪深300指数,2017-05-08,3369.1084,3374.1571,3339.5743,3358.8125,12374928700.0,126885426472.3,-23.7377,-0.7018,9347424.02,14.0,14.79,2.16,2.0,3382.5502
000300,沪深300指数,2017-05-09,3342.5981,3358.0463,3327.5901,3352.5324,7677166800.0,85528831748.9,-6.2801,-0.187,9329946.95,13.97,14.76,2.17,2.0,3358.8125
000300,沪深300指数,2017-05-10,3350.6502,3369.4345,3336.003,3337.7007,9208262800.0,102194980790.9,-14.8317,-0.4424,9288670.82,13.91,14.7,2.17,2.01,3352.5324
000300,沪深300指数,2017-05-11,3322.9455,3359.6003,3312.8921,3356.6459,10925289000.0,111576379053.6,18.9452,0.5676,9341396.76,14.0,14.78,2.16,2.0,3337.7007
000300,沪深300指数,2017-05-12,3350.9371,3387.2677,3349.1671,3385.3787,9338646600.0,97522124594.3,28.7328,0.856,9421359.03,14.13,14.91,2.14,1.98,3356.6459
000300,沪深300指数,2017-05-15,3391.5881,3406.581,3391.5881,3399.1937,8297761100.0,92183332845.4,13.815,0.4081,9459805.62,14.18,14.97,2.13,1.98,3385.3787
000300,沪深300指数,2017-05-16,3390.925,3428.8531,3373.552,3428.6491,10524241600.0,112814103201.1,29.4554,0.8665,9541769.44,14.21,15.07,2.12,1.96,3399.1937
000300,沪深300指数,2017-05-17,3423.19,3433.9695,3408.1541,3409.9656,9973683700.0,110553451835.0,-18.6835,-0.5449,9489774.13,14.13,14.99,2.14,1.97,3428.6491
000300,沪深300指数,2017-05-18,3387.6655,3409.9319,3383.935,3398.1127,8575958900.0,88091166041.4,-11.8529,-0.3476,9458471.03,14.08,14.92,2.14,1.98,3409.9656
000300,沪深300指数,2017-05-19,3395.2318,3405.9448,3392.3776,3403.8492,7147352500.0,78397081602.2,5.7365,0.1688,9474438.37,14.09,14.94,2.14,1.97,3398.1127
000300,沪深300指数,2017-05-22,3400.5882,3424.1776,3391.1748,3411.2387,9253955900.0,99021121578.0,7.3895,0.2171,9495006.52,14.13,14.97,2.13,1.97,3403.8492
000300,沪深300指数,2017-05-23,3405.0254,3434.7662,3401.5338,3424.194,11691103300.0,126767856025.0,12.9553,0.3798,9531073.02,14.22,15.03,2.12,1.96,3411.2387
000300,沪深300指数,2017-05-24,3409.7169,3424.1669,3383.8922,3424.1669,8355316100.0,92620045547.9,-0.0271,-0.0008,9530997.65,14.2,15.01,2.12,1.96,3424.194
000300,沪深300指数,2017-05-25,3414.3992,3490.4176,3413.2246,3485.6581,13072163100.0,136634020806.6,61.4912,1.7958,9702155.31,14.29,15.12,2.09,1.93,3424.1669
000300,沪深300指数,2017-05-26,3479.6206,3498.3148,3473.04,3480.4345,10324115300.0,112585907354.2,-5.2236,-0.1499,9687617.35,14.28,15.1,2.09,1.93,3485.6581
000300,沪深300指数,2017-05-31,3495.073,3515.0812,3474.9215,3492.8845,10482974400.0,115968725309.7,12.45,0.3577,9722338.64,14.34,15.14,2.11,1.95,3480.4345
000300,沪深300指数,2017-06-01,3485.2223,3499.8142,3476.4283,3497.7382,10312772400.0,116088766248.9,4.8537,0.139,9735848.88,14.39,15.17,2.1,1.95,3492.8845
000300,沪深300指数,2017-06-02,3491.5893,3498.1189,3470.2017,3486.5074,8266801000.0,92850747181.0,-11.2308,-0.3211,9704588.28,14.34,15.12,2.11,1.96,3497.7382
000300,沪深300指数,2017-06-05,3480.1692,3484.1244,3462.3144,3468.7538,7973815200.0,85609467477.1,-17.7536,-0.5092,9655174.82,14.21,15.02,2.13,1.97,3486.5074
000300,沪深300指数,2017-06-06,3464.3765,3492.8816,3460.4534,3492.8816,6408938800.0,77868793729.6,24.1278,0.6956,9722339.73,14.29,15.12,2.12,1.95,3468.7538
000300,沪深300指数,2017-06-07,3493.8846,3537.0947,3491.1328,3533.8718,10441996800.0,124189288483.1,40.9902,1.1735,9836434.87,14.43,15.29,2.09,1.93,3492.8816
000300,沪深300指数,2017-06-08,3531.2419,3562.2724,3528.179,3560.9786,9022490500.0,112035619670.9,27.1068,0.7671,9911875.19,14.5,15.4,2.08,1.91,3533.8718
000300,沪深300指数,2017-06-09,3561.2411,3590.8872,3560.6336,3576.1703,10118826500.0,121700586715.8,15.1917,0.4266,9957797.18,14.55,15.46,2.08,1.91,3560.9786
000300,沪深300指数,2017-06-12,3570.2191,3603.6901,3565.9012,3574.3894,9038116700.0,117690802224.5,-1.7809,-0.0498,10149019.02,14.72,15.53,1.99,1.87,3576.1703
000300,沪深300指数,2017-06-13,3569.1594,3584.4094,3559.2134,3582.2674,7517713800.0,94223084812.3,7.878,0.2204,10171383.58,14.73,15.55,1.99,1.86,3574.3894
000300,沪深300指数,2017-06-14,3571.2483,3571.2483,3530.274,3535.2987,8381078300.0,106105319867.6,-46.9687,-1.3111,10038022.2,14.57,15.34,2.01,1.89,3582.2674
000300,沪深300指数,2017-06-15,3530.7465,3542.2796,3508.9461,3528.7926,8263253500.0,106053901141.0,-6.5061,-0.184,10019548.83,14.52,15.31,2.01,1.89,3535.2987
000300,沪深300指数,2017-06-16,3522.9745,3536.1401,3514.3892,3518.7611,7645270700.0,91462286376.5,-10.0315,-0.2843,9991070.72,14.46,15.24,2.02,1.9,3528.7926
000300,沪深300指数,2017-06-19,3520.0602,3554.91,3520.0602,3553.6653,7979714100.0,98572358252.0,34.9042,0.9919,10090176.49,14.55,15.38,2.01,1.88,3518.7611
000300,沪深300指数,2017-06-20,3560.7871,3563.6964,3539.5149,3546.494,8050955900.0,98187595478.3,-7.1713,-0.2018,10069814.52,14.53,15.35,2.01,1.88,3553.6653
000300,沪深300指数,2017-06-21,3567.1256,3587.9863,3545.5666,3587.955,8785982400.0,117147797135.5,41.461,1.1691,10187537.73,14.66,15.53,1.99,1.86,3546.494
000300,沪深300指数,2017-06-22,3583.5583,3635.5273,3581.3375,3590.3425,13552698700.0,169418803350.8,2.3875,0.0665,10194315.95,14.69,15.54,1.99,1.86,3587.955
000300,沪深300指数,2017-06-23,3583.4359,3623.2352,3569.3225,3622.8831,10512913400.0,133975111795.8,32.5406,0.9063,10286710.68,14.79,15.68,1.97,1.84,3590.3425
000300,沪深300指数,2017-06-26,3627.0208,3671.9435,3627.0208,3668.0919,13463799500.0,170736841952.1,45.2088,1.2479,10415075.31,14.93,15.88,1.96,1.82,3622.8831
000300,沪深300指数,2017-06-27,3665.5775,3676.5328,3648.7635,3674.7152,9755870200.0,123057231693.6,6.6233,0.1806,10433881.32,14.94,15.91,1.95,1.82,3668.0919
000300,沪深300指数,2017-06-28,3664.1629,3672.1887,3644.0268,3646.1666,9792085800.0,124465947131.8,-28.5486,-0.7769,10352821.34,14.84,15.78,1.97,1.83,3674.7152
000300,沪深300指数,2017-06-29,3649.2525,3669.1345,3644.7331,3668.8279,8558949800.0,111847266867.2,22.6613,0.6215,10417175.92,14.89,15.83,1.96,1.82,3646.1666
000300,沪深300指数,2017-06-30,3654.7348,3669.7584,3646.2272,3666.7977,8151002800.0,102459981992.2,-2.0302,-0.0553,10411415.52,14.91,15.82,1.91,1.87,3668.8279
000300,沪深300指数,2017-07-03,3667.2316,3667.5957,3633.7825,3650.8463,8882086000.0,115214687872.0,-15.9514,-0.435,10366123.44,14.87,15.75,1.92,1.88,3666.7977
000300,沪深300指数,2017-07-04,3646.828,3646.8455,3611.6911,3619.9841,9507141300.0,125350417551.7,-30.8622,-0.8453,10278733.62,14.79,15.62,1.93,1.9,3650.8463
000300,沪深300指数,2017-07-05,3611.8984,3660.7291,3610.4586,3659.6795,8823242500.0,120351565381.5,39.6954,1.0966,10393518.06,14.9,15.79,1.91,1.88,3619.9841
000300,沪深300指数,2017-07-06,3654.5576,3666.7745,3629.56,3660.0967,10237924500.0,132837126777.6,0.4172,0.0114,10394698.91,14.89,15.78,1.91,1.88,3659.6795
000300,沪深300指数,2017-07-07,3647.6416,3657.1131,3631.8702,3655.9293,10373549700.0,123465392615.7,-4.1674,-0.1139,10382863.45,14.88,15.76,1.91,1.88,3660.0967
000300,沪深300指数,2017-07-10,3647.9379,3667.8455,3641.5277,3653.6868,12059191000.0,141034626508.3,-2.2425,-0.0613,10376494.77,14.86,15.76,1.92,1.88,3655.9293
000300,沪深300指数,2017-07-11,3646.8783,3701.2087,3645.9946,3670.8086,11876082600.0,145084363276.6,17.1218,0.4686,10425118.81,14.88,15.8,1.91,1.87,3653.6868
000300,沪深300指数,2017-07-12,3672.6328,3691.5814,3640.5893,3658.8236,12228779200.0,143494599072.4,-11.985,-0.3265,10391081.27,14.81,15.68,1.92,1.88,3670.8086
000300,沪深300指数,2017-07-13,3656.3502,3690.4832,3652.5658,3686.9205,12566954900.0,146388679597.9,28.0969,0.7679,10470876.54,14.92,15.8,1.9,1.86,3658.8236
000300,沪深300指数,2017-07-14,3682.6153,3703.094,3672.7425,3703.094,10551400500.0,121021448888.7,16.1735,0.4387,10516809.41,14.97,15.87,1.9,1.85,3686.9205
000300,沪深300指数,2017-07-17,3700.6179,3716.47,3621.3652,3663.5575,17882160000.0,196217253798.0,-39.5365,-1.0677,10404525.42,14.89,15.7,1.91,1.87,3703.094
000300,沪深300指数,2017-07-18,3648.4942,3667.5408,3622.0414,3667.1807,12462205600.0,141472283974.3,3.6232,0.0989,10414822.63,14.86,15.66,1.91,1.87,3663.5575
000300,沪深300指数,2017-07-19,3660.8665,3731.0468,3658.2035,3729.7466,18247778700.0,198392451747.7,62.5659,1.7061,10592510.32,15.05,15.93,1.88,1.84,3667.1807
000300,沪深300指数,2017-07-20,3725.1436,3750.1938,3723.0689,3747.8843,14241003900.0,169267149940.0,18.1377,0.4863,10644020.98,15.08,15.99,1.87,1.83,3729.7466
000300,沪深300指数,2017-07-21,3738.1847,3751.6947,3722.0656,3728.5976,11794122600.0,141432632986.8,-19.2867,-0.5146,10589270.78,15.01,15.87,1.88,1.84,3747.8843
000300,沪深300指数,2017-07-24,3724.3778,3755.1902,3719.8488,3743.4686,13486872200.0,154701874682.2,14.871,0.3988,10631504.49,15.04,15.93,1.88,1.83,3728.5976
000300,沪深300指数,2017-07-25,3742.6405,3752.1559,3713.2766,3719.559,12167205900.0,133531656186.1,-23.9096,-0.6387,10563600.76,15.0,15.84,1.88,1.85,3743.4686
000300,沪深300指数,2017-07-26,3722.8761,3738.5316,3684.1819,3705.3884,13632521000.0,146518004914.8,-14.1706,-0.381,10523356.2,14.99,15.77,1.88,1.85,3719.559
000300,沪深300指数,2017-07-27,3700.8558,3716.6888,3672.4971,3712.1947,14500290400.0,161631225346.3,6.8063,0.1837,10535781.25,15.01,15.79,1.88,1.85,3705.3884
000300,沪深300指数,2017-07-28,3703.4895,3725.5378,3696.7776,3721.8914,11141139200.0,125817861947.7,9.6967,0.2612,10563301.98,15.04,15.83,1.88,1.84,3712.1947
000300,沪深300指数,2017-07-31,3722.4282,3746.5207,3713.655,3737.8732,14842903900.0,160890133165.9,15.9818,0.4294,10608660.79,15.08,15.89,2.18,1.86,3721.8914
000300,沪深300指数,2017-08-01,3738.7364,3770.4043,3737.0954,3770.3828,15254653900.0,173127578959.1,32.5096,0.8697,10700928.04,15.21,16.03,2.16,1.85,3737.8732
000300,沪深300指数,2017-08-02,3768.1938,3784.3511,3759.2764,3760.8525,17229338300.0,189336782812.9,-9.5303,-0.2528,10673879.73,15.19,15.99,2.17,1.85,3770.3828
000300,沪深300指数,2017-08-03,3755.1081,3766.3452,3718.4351,3727.8264,14615394400.0,164710461599.5,-33.0261,-0.8782,10580146.6,15.07,15.85,2.18,1.87,3760.8525
000300,沪深300指数,2017-08-04,3724.7225,3738.7312,3707.003,3707.5796,15747006000.0,168292664588.7,-20.2468,-0.5431,10522682.95,15.01,15.77,2.19,1.88,3727.8264
000300,沪深300指数,2017-08-07,3701.2161,3730.7774,3689.9552,3726.7948,12423153000.0,134348537498.2,19.2152,0.5183,10577218.65,15.06,15.84,2.18,1.87,3707.5796
000300,沪深300指数,2017-08-08,3724.3287,3737.3344,3718.8116,3732.2129,13724192800.0,146481868918.5,5.4181,0.1454,10592596.16,15.08,15.86,2.18,1.87,3726.7948
000300,沪深300指数,2017-08-09,3728.0319,3738.999,3713.5668,3731.044,12467998900.0,137223598286.2,-1.1689,-0.0313,10589278.44,15.03,15.86,2.19,1.87,3732.2129
000300,沪深300指数,2017-08-10,3724.962,3746.8614,3688.1766,3715.9208,13008512800.0,148005169416.9,-15.1232,-0.4053,10546356.45,14.99,15.8,2.19,1.88,3731.044
000300,沪深300指数,2017-08-11,3687.9314,3700.4944,3645.0945,3647.3503,15038742100.0,161083470411.7,-68.5705,-1.8453,10351742.8,14.77,15.51,2.23,1.91,3715.9208
000300,沪深300指数,2017-08-14,3651.3754,3698.3663,3651.3754,3694.6831,11530845100.0,140233894116.7,47.3328,1.2977,10486080.56,14.9,15.71,2.21,1.89,3647.3503
000300,沪深300指数,2017-08-15,3695.78,3719.2931,3692.2802,3706.0566,10644485700.0,124790630951.8,11.3735,0.3078,10518360.51,14.96,15.76,2.2,1.88,3694.6831
000300,沪深300指数,2017-08-16,3701.1337,3707.144,3679.7338,3701.4207,10413414100.0,127282165884.0,-4.6359,-0.1251,10505202.97,14.94,15.74,2.2,1.88,3706.0566
000300,沪深300指数,2017-08-17,3707.0668,3722.6239,3704.4126,3721.277,10865625100.0,137020002920.1,19.8563,0.5365,10561558.33,15.02,15.82,2.19,1.87,3701.4207
000300,沪深300指数,2017-08-18,3707.1891,3733.4914,3700.4112,3724.6748,9656170500.0,123078163944.4,3.3978,0.0913,10571145.39,15.02,15.83,2.19,1.87,3721.277
000300,沪深300指数,2017-08-21,3731.8399,3744.2631,3728.6157,3740.9941,10031307300.0,123911716276.3,16.3193,0.4381,10617461.86,15.08,15.9,2.18,1.86,3724.6748
000300,沪深300指数,2017-08-22,3745.7543,3758.2924,3734.5556,3752.298,10029285600.0,131131078397.9,11.3039,0.3022,10649543.79,15.11,15.95,2.18,1.86,3740.9941
000300,沪深300指数,2017-08-23,3747.6108,3772.4568,3741.7204,3756.0884,10496157300.0,124081155710.4,3.7904,0.101,10660881.36,15.15,15.97,2.17,1.86,3752.298
000300,沪深300指数,2017-08-24,3755.8902,3765.7082,3729.0876,3734.6458,8994737200.0,107736019091.3,-21.4426,-0.5709,10600028.62,15.08,15.87,2.18,1.87,3756.0884
000300,沪深300指数,2017-08-25,3736.2916,3795.9693,3736.2916,3795.7544,12994090000.0,150697083061.9,61.1086,1.6363,10773472.83,15.36,16.12,2.14,1.84,3734.6458
000300,沪深300指数,2017-08-28,3805.6567,3866.9422,3805.6567,3842.7119,18557632500.0,236446280855.4,46.9575,1.2371,10906752.3,15.51,16.32,2.12,1.81,3795.7544
000300,沪深300指数,2017-08-29,3839.1779,3847.9303,3825.7597,3834.5376,12822707000.0,158978683684.6,-8.1743,-0.2127,10883551.06,15.49,16.28,2.12,1.82,3842.7119
000300,沪深300指数,2017-08-30,3834.2682,3854.7062,3827.8607,3834.3005,14135285700.0,166235122003.9,-0.2371,-0.0062,10882878.04,15.47,16.28,2.13,1.82,3834.5376
000300,沪深300指数,2017-08-31,3835.8394,3840.199,3800.8861,3822.0928,13294493500.0,157079216083.0,-12.2077,-0.3184,10848229.11,15.41,16.23,2.17,1.88,3834.3005
000300,沪深300指数,2017-09-01,3825.3392,3843.6176,3818.1586,3830.5383,15864551100.0,182770431966.8,8.4455,0.221,10872199.83,15.95,16.98,2.17,1.88,3822.0928
000300,沪深300指数,2017-09-04,3828.5447,3847.0906,3813.5537,3845.6163,14956632000.0,175551068278.0,15.078,0.3936,10914995.84,16.03,17.04,2.16,1.87,3830.5383
000300,沪深300指数,2017-09-05,3845.5451,3865.2938,3841.9514,3857.0464,12496415500.0,145779755314.0,11.4301,0.2972,10947437.69,16.08,17.1,2.15,1.87,3845.6163
000300,沪深300指数,2017-09-06,3846.7471,3858.2481,3831.3835,3849.4499,13139872300.0,155883314755.8,-7.5965,-0.197,10925876.68,16.06,17.06,2.16,1.87,3857.0464
000300,沪深300指数,2017-09-07,3851.688,3858.1617,3828.835,3829.8713,12388418100.0,156113397124.7,-19.5786,-0.5086,10870306.72,15.97,16.98,2.17,1.88,3849.4499
000300,沪深300指数,2017-09-08,3830.0707,3843.0186,3813.9833,3825.9895,10603650400.0,134958583982.7,-3.8818,-0.1014,10859289.0,15.95,16.95,2.17,1.88,3829.8713
000300,沪深300指数,2017-09-11,3828.3422,3850.7409,3817.5108,3825.6453,12388399700.0,154793900773.1,-0.3442,-0.009,10858312.08,15.96,16.95,2.17,1.88,3825.9895
000300,沪深300指数,2017-09-12,3832.2422,3849.3885,3822.0037,3837.9341,14419024200.0,187605312030.2,12.2888,0.3212,10893191.46,16.0,17.01,2.16,1.87,3825.6453
000300,沪深300指数,2017-09-13,3835.5493,3847.7841,3822.9441,3842.6061,9541078500.0,126254360933.0,4.672,0.1217,10906451.78,16.0,17.03,2.16,1.87,3837.9341
000300,沪深300指数,2017-09-14,3843.572,3854.4931,3820.0876,3829.9554,11535858300.0,143111639151.9,-12.6507,-0.3292,10870545.48,15.95,16.97,2.17,1.88,3842.6061
000300,沪深300指数,2017-09-15,3826.1448,3843.297,3818.5234,3831.2965,12242700600.0,153477215179.6,1.3411,0.035,10874351.89,15.91,16.98,2.18,1.88,3829.9554
000300,沪深300指数,2017-09-18,3832.9626,3862.3589,3832.9626,3843.1428,11793440500.0,152841028494.2,11.8463,0.3092,10907975.25,15.95,17.03,2.17,1.87,3831.2965
000300,沪深300指数,2017-09-19,3849.8794,3857.303,3820.2885,3832.1161,11243298700.0,145528457523.1,-11.0267,-0.2869,10876678.07,15.93,16.99,2.17,1.88,3843.1428
000300,沪深300指数,2017-09-20,3830.1549,3850.9426,3827.8858,3842.4353,10112954200.0,135041882370.7,10.3192,0.2693,10905967.03,15.97,17.03,2.17,1.87,3832.1161
000300,沪深300指数,2017-09-21,3843.2577,3860.7977,3837.384,3837.8176,11109819200.0,144132893229.0,-4.6177,-0.1202,10892860.62,15.98,17.01,2.17,1.87,3842.4353
000300,沪深300指数,2017-09-22,3826.4589,3842.252,3816.8225,3837.7304,10061980200.0,128360894858.9,-0.0872,-0.0023,10892613.28,15.97,17.01,2.17,1.87,3837.8176
000300,沪深300指数,2017-09-25,3829.219,3835.3894,3811.1192,3817.7915,10394897600.0,135980239129.4,-19.9389,-0.5195,10836020.72,15.94,16.92,2.17,1.88,3837.7304
000300,沪深300指数,2017-09-26,3810.3333,3821.6928,3808.3827,3820.7816,8186940700.0,101036334815.2,2.9901,0.0783,10844507.42,15.95,16.93,2.17,1.88,3817.7915
000300,沪深300指数,2017-09-27,3818.9646,3832.566,3818.8147,3821.2,8565581100.0,109299492246.9,0.4184,0.011,10845695.19,15.94,16.93,2.17,1.88,3820.7816
000300,沪深300指数,2017-09-28,3821.5904,3827.3308,3813.7532,3822.5386,9354406900.0,115646338522.1,1.3386,0.035,10850560.38,15.94,16.94,2.17,1.88,3821.2
000300,沪深300指数,2017-09-29,3825.2021,3852.2236,3825.2021,3836.5013,9330602800.0,116056776565.5,13.9627,0.3653,10890194.49,15.97,17.0,2.2,1.9,3822.5386
000300,沪深300指数,2017-10-09,3910.1149,3918.8391,3876.0322,3882.2076,13553585100.0,171941460832.1,45.7063,1.1914,11017580.25,16.12,17.19,2.18,1.87,3836.5013
000300,沪深300指数,2017-10-10,3883.0037,3900.7418,3855.4666,3889.8637,11253258600.0,157979737603.0,7.6561,0.1972,11039308.16,16.14,17.22,2.17,1.87,3882.2076
000300,沪深300指数,2017-10-11,3886.8184,3913.0695,3885.497,3902.6868,10441815100.0,144152740056.2,12.8231,0.3297,11075699.71,16.21,17.29,2.16,1.86,3889.8637
000300,沪深300指数,2017-10-12,3902.0156,3917.4435,3897.5472,3912.9536,9434092100.0,123147248617.8,10.2668,0.2631,11104836.44,16.21,17.33,2.16,1.86,3902.6868
000300,沪深300指数,2017-10-13,3912.975,3927.1744,3908.8885,3921.0017,9014206800.0,114314854702.8,8.0481,0.2057,11127676.7,16.23,17.37,2.16,1.85,3912.9536
000300,沪深300指数,2017-10-16,3926.2754,3947.4239,3913.3224,3913.4462,12135503300.0,150823756592.4,-7.5555,-0.1927,11106234.33,16.23,17.33,2.16,1.86,3921.0017
000300,沪深300指数,2017-10-17,3910.7894,3924.6141,3900.4758,3913.0688,8224122700.0,106708451684.4,-0.3774,-0.0096,11105163.33,16.21,17.33,2.16,1.86,3913.4462
000300,沪深300指数,2017-10-18,3914.8152,3944.4106,3914.8152,3944.1626,10096984100.0,126420379659.6,31.0938,0.7946,11193406.61,16.35,17.47,2.15,1.84,3913.0688
000300,沪深300指数,2017-10-19,3940.5831,3944.0349,3923.6455,3931.2495,10652725200.0,133189855168.6,-12.9131,-0.3274,11156759.71,16.33,17.42,2.15,1.85,3944.1626
000300,沪深300指数,2017-10-20,3918.5265,3928.9607,3910.1974,3926.852,7298018000.0,94529636639.4,-4.3975,-0.1119,11144279.7,16.31,17.4,2.15,1.85,3931.2495
000300,沪深300指数,2017-10-23,3930.8914,3936.2729,3920.6562,3930.7981,8148498000.0,100280911371.3,3.9461,0.1005,11155478.52,16.3,17.42,2.15,1.85,3926.852
000300,沪深300指数,2017-10-24,3926.2299,3959.4951,3922.0288,3959.3953,9305815400.0,120192150584.0,28.5972,0.7275,11238801.23,16.4,17.55,2.14,1.84,3930.7981
000300,沪深300指数,2017-10-25,3958.1669,3978.0893,3954.0011,3976.949,8820545800.0,106820309535.2,17.5537,0.4433,11285313.29,16.44,17.62,2.13,1.83,3959.3953
000300,沪深300指数,2017-10-26,3980.0479,4013.5988,3973.5535,3993.5752,12989546500.0,170488618586.5,16.6262,0.4181,11332493.09,16.46,17.69,2.13,1.82,3976.949
000300,沪深300指数,2017-10-27,3992.5539,4024.4645,3991.354,4021.9676,12667284600.0,152974831070.9,28.3924,0.711,11413061.89,16.56,17.81,2.12,1.81,3993.5752
000300,沪深300指数,2017-10-30,4022.1641,4033.3394,3960.2698,4009.7218,15738760300.0,193489838439.2,-12.2458,-0.3045,11378312.05,16.54,17.75,2.12,1.81,4021.9676
000300,沪深300指数,2017-10-31,3995.3935,4009.2828,3983.2565,4006.7179,10917877900.0,142897206948.6,-3.0039,-0.0749,11372892.54,16.52,17.74,2.12,1.82,4009.7218
000300,沪深300指数,2017-11-01,4007.9116,4032.4581,3991.3235,3996.6221,13041738000.0,166477138570.7,-10.0958,-0.252,11340230.37,16.55,17.73,2.12,1.82,4006.7179
000300,沪深300指数,2017-11-02,3994.0946,3999.2262,3971.3761,3997.1343,12610057900.0,151981363640.4,0.5122,0.0128,11343599.67,16.55,17.73,2.12,1.82,3996.6221
000300,沪深300指数,2017-11-03,3992.3496,3999.3373,3963.0263,3992.6979,12940443900.0,158142056585.4,-4.4364,-0.111,11335529.61,16.55,17.72,2.12,1.82,3997.1343
000300,沪深300指数,2017-11-06,3989.1824,4021.6382,3975.4069,4020.8896,12208115900.0,158911861111.4,28.1917,0.7061,11416350.98,16.63,17.84,2.11,1.81,3992.6979
000300,沪深300指数,2017-11-07,4022.4018,4064.2178,4021.3639,4054.2465,15211666300.0,193990974032.2,33.3569,0.8296,11511059.73,16.77,17.99,2.1,1.8,4020.8896
000300,沪深300指数,2017-11-08,4051.4935,4089.1457,4040.5772,4048.0057,15082771900.0,200949740670.6,-6.2408,-0.1539,11493340.51,16.74,17.97,2.1,1.8,4054.2465
000300,沪深300指数,2017-11-09,4043.0663,4076.6102,4038.4004,4075.8998,12105633500.0,159247198175.6,27.8941,0.6891,11572539.13,16.81,18.08,2.09,1.79,4048.0057
000300,沪深300指数,2017-11-10,4070.2763,4116.7142,4067.657,4111.9112,14181716500.0,198869833811.2,36.0114,0.8835,11674784.91,16.86,18.24,2.08,1.77,4075.8998
000300,沪深300指数,2017-11-13,4115.5507,4137.6455,4115.5507,4128.0733,15144630900.0,205930794540.7,16.1621,0.3931,11720673.17,16.94,18.31,2.07,1.76,4111.9112
000300,沪深300指数,2017-11-14,4129.2736,4133.5462,4086.8903,4099.351,14323693600.0,199605009025.3,-28.7223,-0.6958,11639123.24,16.83,18.18,2.09,1.78,4128.0733
000300,沪深300指数,2017-11-15,4084.2131,4102.8071,4055.7167,4073.6696,12063569600.0,177753075436.4,-25.6814,-0.6265,11566206.86,16.71,18.07,2.1,1.79,4099.351
000300,沪深300指数,2017-11-16,4063.4943,4107.617,4062.2734,4105.0122,12138441400.0,172903880580.4,31.3426,0.7694,11655196.87,16.75,18.21,2.1,1.77,4073.6696
000300,沪深300指数,2017-11-17,4094.0787,4122.3756,4081.3723,4120.8508,19178411900.0,253079314045.2,15.8386,0.3858,11700166.68,16.83,18.29,2.09,1.77,4105.0122
000300,沪深300指数,2017-11-20,4093.734,4144.5144,4060.9636,4143.8334,13744725800.0,191589637481.9,22.9826,0.5577,11765420.24,16.93,18.38,2.08,1.76,4120.8508
000300,沪深300指数,2017-11-21,4131.8482,4220.2636,4129.9783,4217.7015,18035082100.0,253302199628.2,73.8681,1.7826,11975150.96,17.14,18.71,2.05,1.73,4143.8334
000300,沪深300指数,2017-11-22,4228.3721,4260.6395,4191.145,4227.5666,18647700300.0,254298361689.5,9.8651,0.2339,12003160.51,17.24,18.75,2.04,1.72,4217.7015
000300,沪深300指数,2017-11-23,4213.3781,4214.1895,4086.9018,4102.3966,17814722800.0,237536704704.3,-125.17,-2.9608,11647770.39,16.79,18.2,2.09,1.78,4227.5666
000300,沪深300指数,2017-11-24,4089.4723,4116.5942,4057.4894,4104.2034,13085804000.0,182912191366.7,1.8068,0.044,11652900.34,16.8,18.2,2.09,1.78,4102.3966
000300,沪深300指数,2017-11-27,4088.9318,4088.9318,4037.1457,4049.9475,14345526800.0,183004551222.5,-54.2559,-1.322,11500986.78,16.6,17.97,2.12,1.8,4104.2034
000300,沪深300指数,2017-11-28,4034.2057,4056.4753,4010.2955,4055.8235,10205809500.0,135539647289.3,5.876,0.1451,11517673.46,16.6,18.0,2.12,1.8,4049.9475
000300,沪深300指数,2017-11-29,4061.3545,4069.2418,4004.687,4053.7529,12455364200.0,165743341284.2,-2.0706,-0.0511,11511793.18,16.6,17.99,2.12,1.8,4055.8235
000300,沪深300指数,2017-11-30,4034.0091,4052.797,3988.0018,4006.0993,10798334500.0,145829948320.6,-47.6536,-1.1755,11378270.52,16.45,17.78,2.13,1.81,4053.7529
000300,沪深300指数,2017-12-01,4003.5604,4027.1064,3984.3776,3998.1365,9738691300.0,136010927567.4,-7.9628,-0.1988,11355654.22,16.43,17.74,2.13,1.82,4006.0993
000300,沪深300指数,2017-12-04,3989.0466,4032.9859,3982.3182,4018.8571,10264721900.0,138223055524.9,20.7206,0.5183,11414505.71,16.48,17.83,2.13,1.81,3998.1365
000300,沪深300指数,2017-12-05,4007.9361,4045.9331,4006.5432,4040.1704,15408707600.0,196337660258.5,21.3133,0.5303,11475040.53,16.59,17.93,2.11,1.8,4018.8571
000300,沪深300指数,2017-12-06,4027.1231,4031.7533,3964.8087,4015.8211,10928620500.0,144114954180.4,-24.3493,-0.6027,11405882.74,16.49,17.82,2.13,1.81,4040.1704
000300,沪深300指数,2017-12-07,4003.5826,4017.9465,3955.9939,3971.0569,9025404500.0,119651201503.8,-44.7642,-1.1147,11278741.66,16.32,17.62,2.15,1.83,4015.8211
000300,沪深300指数,2017-12-08,3962.8288,4014.1387,3955.44,4003.3792,8928286100.0,124371230332.3,32.3223,0.8139,11370544.66,16.4,17.76,2.14,1.82,3971.0569
000300,沪深300指数,2017-12-11,4006.8784,4069.4997,4005.2687,4069.4997,9714894600.0,148476588468.5,66.1205,1.6516,11843061.0,16.82,18.29,2.08,1.76,4003.3792
000300,沪深300指数,2017-12-12,4068.5053,4070.1503,4015.4546,4016.0163,8433871800.0,123515183181.9,-53.4834,-1.3143,11687413.64,16.61,18.05,2.11,1.79,4069.4997
000300,沪深300指数,2017-12-13,4013.8319,4052.6878,4004.7436,4050.0927,7754613100.0,115006383360.3,34.0764,0.8485,11787632.45,16.73,18.2,2.09,1.77,4016.0163
000300,沪深300指数,2017-12-14,4050.9028,4057.6245,4013.8546,4026.1516,8076886200.0,115086944924.2,-23.9411,-0.5911,11717952.75,16.63,18.09,2.1,1.78,4050.0927
000300,沪深300指数,2017-12-15,4018.7313,4020.2668,3974.9277,3980.8558,8904438900.0,118474144230.9,-45.2958,-1.125,11586121.09,16.47,17.89,2.12,1.8,4026.1516
000300,沪深300指数,2017-12-18,3983.2965,4008.0688,3967.9343,3985.2914,7785337500.0,111724349856.4,4.4356,0.1114,11599030.69,16.5,17.92,2.12,1.8,3980.8558
000300,沪深300指数,2017-12-19,3985.8233,4035.6296,3985.8233,4035.3294,7752898500.0,115998204342.1,50.038,1.2556,11747172.88,16.68,18.14,2.1,1.78,3985.2914
000300,沪深300指数,2017-12-20,4036.019,4044.8485,4015.6285,4030.4898,9060450300.0,126812878123.7,-4.8396,-0.1199,11733084.58,16.67,18.12,2.1,1.78,4035.3294
000300,沪深300指数,2017-12-21,4023.076,4080.781,4014.6526,4067.8485,9683608900.0,137819520870.9,37.3587,0.9269,11841838.69,16.77,18.28,2.09,1.76,4030.4898
000300,沪深300指数,2017-12-22,4064.9131,4076.8028,4048.4913,4054.5984,7347368400.0,104426496022.2,-13.2501,-0.3257,11803266.49,16.73,18.22,2.09,1.77,4067.8485
000300,沪深300指数,2017-12-25,4057.4173,4086.9342,4026.4496,4041.5401,9192696200.0,129938839151.9,-13.0583,-0.3221,11763482.98,16.55,17.92,2.1,1.77,4054.5984
000300,沪深300指数,2017-12-26,4040.6173,4056.8554,4015.2996,4053.6224,9111879000.0,119725100616.7,12.0823,0.299,11799642.72,16.63,17.97,2.09,1.77,4041.5401
000300,沪深300指数,2017-12-27,4045.2793,4047.7366,3986.7385,3991.2075,10515357700.0,140516907102.4,-62.4149,-1.5397,11617959.98,16.44,17.7,2.11,1.79,4053.6224
000300,沪深300指数,2017-12-28,3992.997,4036.6975,3980.2358,4018.8974,11854288600.0,153636695761.7,27.6899,0.6938,11698562.2,16.56,17.82,2.09,1.78,3991.2075
000300,沪深300指数,2017-12-29,4022.8826,4043.14,4012.8749,4030.8549,9048668300.0,121257038529.3,11.9575,0.2975,11735278.98,16.61,17.87,2.08,1.77,4018.8974
000300,沪深300指数,2018-01-02,4045.2086,4087.7789,4045.2086,4087.4012,14693543500.0,178402032874.5,56.5463,1.4028,11899905.84,16.83,18.12,2.06,1.75,4030.8549
000300,沪深300指数,2018-01-03,4091.4607,4140.0543,4088.7302,4111.3925,15185221800.0,205726889555.6,23.9913,0.587,11969384.11,16.92,18.22,2.04,1.73,4087.4012
000300,沪深300指数,2018-01-04,4114.1213,4137.642,4105.8858,4128.8119,13454379400.0,174523556132.8,17.4194,0.4237,12020096.71,17.01,18.3,2.03,1.73,4111.3925
000300,沪深300指数,2018-01-05,4133.3439,4151.2818,4123.2817,4138.7505,14900987200.0,185206293226.2,9.9386,0.2407,12049030.7,17.05,18.34,2.03,1.72,4128.8119
000300,沪深300指数,2018-01-08,4140.8545,4166.3182,4127.3081,4160.1595,17387766600.0,226403872931.9,21.409,0.5173,12111358.15,17.15,18.44,2.02,1.71,4138.7505
000300,沪深300指数,2018-01-09,4157.5394,4191.2843,4153.5021,4189.2977,13903429400.0,181975079758.2,29.1382,0.7004,12196187.18,17.21,18.57,2.01,1.7,4160.1595
000300,沪深300指数,2018-01-10,4187.2044,4211.0549,4175.1355,4207.8132,15112166600.0,194850253885.9,18.5155,0.442,12250090.86,17.32,18.65,2.0,1.69,4189.2977
000300,沪深300指数,2018-01-11,4197.1136,4211.799,4181.9572,4205.5863,12157853900.0,170407305945.7,-2.2269,-0.0529,12243607.96,17.33,18.64,1.99,1.69,4207.8132
000300,沪深300指数,2018-01-12,4205.1444,4227.3923,4199.0251,4225.001,11135479400.0,157606210634.7,19.4147,0.4616,12300129.43,17.39,18.73,1.99,1.69,4205.5863
000300,沪深300指数,2018-01-15,4229.8357,4262.9314,4216.3585,4225.2393,17090789700.0,234986586087.9,0.2383,0.0056,12300823.0,17.41,18.73,1.99,1.69,4225.001
000300,沪深300指数,2018-01-16,4215.6247,4260.2118,4213.1275,4258.473,16149496300.0,228271224755.7,33.2337,0.7866,12397575.33,17.53,18.87,1.97,1.67,4225.2393
000300,沪深300指数,2018-01-17,4261.7833,4283.3449,4230.5367,4248.1164,21431103200.0,284554359815.1,-10.3566,-0.2432,12367424.46,17.56,18.83,1.97,1.68,4258.473
000300,沪深300指数,2018-01-18,4259.375,4292.6372,4246.684,4271.4168,17203284600.0,225289688908.9,23.3004,0.5485,12435258.29,17.71,18.94,1.95,1.67,4248.1164
000300,沪深300指数,2018-01-19,4281.9371,4316.5714,4269.6167,4285.395,20949057000.0,258554725359.9,13.9782,0.3272,12475952.74,17.8,19.0,1.94,1.66,4271.4168
000300,沪深300指数,2018-01-22,4276.4811,4338.4832,4275.8977,4336.5974,17464319500.0,233960223311.4,51.2024,1.1948,12625016.83,18.08,19.49,1.93,1.64,4285.395
000300,沪深300指数,2018-01-23,4346.8885,4383.5722,4346.7925,4382.6129,20186758500.0,257113359897.2,46.0155,1.0611,12758980.49,18.36,19.7,1.9,1.63,4336.5974
000300,沪深300指数,2018-01-24,4389.4547,4397.8196,4349.0865,4389.8853,21981888900.0,284470809529.6,7.2724,0.1659,12780152.6,18.41,19.73,1.89,1.62,4382.6129
000300,沪深300指数,2018-01-25,4381.9768,4392.1963,4336.2386,4365.0794,19537495000.0,250308091870.3,-24.8059,-0.5651,12707935.6,18.33,19.62,1.9,1.63,4389.8853
000300,沪深300指数,2018-01-26,4352.2211,4403.3375,4351.4871,4381.2996,17722723700.0,223331309121.7,16.2202,0.3716,12755157.24,18.4,19.69,1.89,1.63,4365.0794
000300,沪深300指数,2018-01-29,4387.0577,4395.9053,4287.1124,4302.0181,19110035400.0,256176323789.0,-79.2815,-1.8095,12524347.06,18.17,19.35,1.92,1.66,4381.2996
000300,沪深300指数,2018-01-30,4286.6834,4308.5115,4251.5706,4256.1021,13903473000.0,186650566154.5,-45.916,-1.0673,12382581.84,17.93,19.14,1.94,1.67,4302.0181
000300,沪深300指数,2018-01-31,4234.1101,4287.8576,4232.7727,4275.8986,14521016400.0,194401798025.2,19.7965,0.4651,12440177.15,18.01,19.23,1.95,1.68,4256.1021
000300,沪深300指数,2018-02-01,4276.3425,4287.3888,4214.2909,4245.8978,19000293400.0,239230298932.5,-30.0008,-0.7016,12352893.8,17.97,19.11,1.95,1.69,4275.8986
000300,沪深300指数,2018-02-02,4213.9386,4271.7647,4181.7793,4271.2326,14606682700.0,191169867287.5,25.3348,0.5967,12430899.12,18.1,19.23,1.94,1.68,4245.8978
000300,沪深300指数,2018-02-05,4204.458,4274.1464,4200.1409,4274.1464,16134779900.0,217360144504.3,2.9138,0.0682,12439379.5,18.21,19.24,1.93,1.68,4271.2326
000300,沪深300指数,2018-02-06,4182.3257,4211.5234,4131.5562,4148.8856,21491045000.0,279415083155.4,-125.2608,-2.9307,12074823.15,17.69,18.68,1.98,1.73,4274.1464
000300,沪深300指数,2018-02-07,4205.7365,4212.5677,4048.4228,4050.4972,20312749300.0,261507027390.8,-98.3884,-2.3714,11788475.73,17.23,18.23,2.04,1.78,4148.8856
000300,沪深300指数,2018-02-08,4022.8802,4071.6653,3974.6779,4012.0472,15926998500.0,199061771954.8,-38.45,-0.9493,11676571.73,16.95,18.05,2.07,1.79,4050.4972
000300,沪深300指数,2018-02-09,3896.1691,3911.2917,3759.1463,3840.6527,20634982800.0,246774828431.2,-171.3945,-4.272,11177749.17,16.25,17.28,2.16,1.87,4012.0472
000300,沪深300指数,2018-02-12,3846.2671,3907.843,3828.0697,3890.1046,11618263700.0,149858043556.2,49.4519,1.2876,11321672.68,16.37,17.5,2.14,1.85,3840.6527
000300,沪深300指数,2018-02-13,3925.5955,3986.9807,3925.5955,3935.6324,11256588500.0,144479354377.4,45.5278,1.1703,11454175.77,16.56,17.7,2.12,1.83,3890.1046
000300,沪深300指数,2018-02-14,3945.0943,3971.4041,3923.1267,3966.9614,7108133800.0,93110201389.7,31.329,0.796,11545355.22,16.66,17.84,2.11,1.81,3935.6324
000300,沪深300指数,2018-02-22,4020.9731,4058.7878,4009.9202,4052.7332,10581157100.0,138334361734.7,85.7718,2.1622,11794540.73,17.03,18.23,2.06,1.78,3966.9614
000300,沪深300指数,2018-02-23,4061.7545,4085.2008,4035.2319,4071.0889,9945874600.0,128195835194.2,18.3557,0.4529,11847960.95,17.12,18.31,2.05,1.77,4052.7332
000300,沪深300指数,2018-02-26,4093.3988,4128.7435,4048.9834,4118.4186,13788100100.0,179013093604.9,47.3297,1.1626,11985702.89,17.31,18.52,2.03,1.75,4071.0889
000300,沪深300指数,2018-02-27,4120.8712,4120.8712,4051.8054,4058.9806,12593447000.0,169684900953.8,-59.438,-1.4432,11812722.49,17.04,18.25,2.06,1.77,4118.4186
000300,沪深300指数,2018-02-28,4016.7911,4051.7124,3991.7063,4023.6415,10934359300.0,152493909261.7,-35.3391,-0.8706,11709876.09,16.88,18.09,2.08,1.79,4058.9806
000300,沪深300指数,2018-03-01,3994.8686,4061.0328,3986.8947,4049.0863,11019985200.0,146003456663.2,25.4448,0.6324,11783927.46,16.96,18.21,2.07,1.78,4023.6415
000300,沪深300指数,2018-03-02,4014.951,4044.4183,4006.9435,4016.461,9616500000.0,130931181200.6,-32.6253,-0.8057,11688979.04,16.84,18.06,2.08,1.79,4049.0863
000300,沪深300指数,2018-03-05,4021.6575,4042.8346,3995.8715,4018.097,8795254800.0,118197859451.5,1.636,0.0407,11693740.25,16.84,18.07,2.08,1.79,4016.461
000300,沪深300指数,2018-03-06,4034.9854,4067.5525,3998.9317,4066.5647,13876244400.0,171370654135.6,48.4677,1.2062,11832591.2,17.01,18.28,2.06,1.77,4018.097
000300,沪深300指数,2018-03-07,4063.5028,4089.6964,4027.9363,4036.6536,10695242600.0,136572305559.6,-29.9111,-0.7355,11745557.86,16.92,18.14,2.07,1.78,4066.5647
000300,沪深300指数,2018-03-08,4038.9527,4078.2263,4029.7144,4077.6001,9115581000.0,123634637120.2,40.9465,1.0144,11864700.98,17.02,18.33,2.06,1.77,4036.6536
000300,沪深300指数,2018-03-09,4088.0704,4110.6738,4076.4537,4108.8652,11370180800.0,150024119650.6,31.2651,0.7668,11955673.82,17.12,18.47,2.05,1.75,4077.6001
000300,沪深300指数,2018-03-12,4130.7082,4139.5259,4112.7658,4127.6662,14090673900.0,190367593785.5,18.801,0.4576,12010379.87,17.17,18.55,2.04,1.74,4108.8652
000300,沪深300指数,2018-03-13,4124.3312,4130.2829,4087.5629,4091.2533,11176643000.0,141174160637.5,-36.4129,-0.8822,11904428.12,17.06,18.39,2.06,1.76,4127.6662
000300,沪深300指数,2018-03-14,4076.0626,4089.0942,4066.4896,4073.3447,9901340900.0,131537959370.1,-17.9086,-0.4377,11852319.0,16.99,18.31,2.06,1.77,4091.2533
000300,沪深300指数,2018-03-15,4058.7058,4098.989,4058.7058,4096.1627,8816115600.0,126882452701.7,22.818,0.5602,11918713.1,17.06,18.41,2.06,1.76,4073.3447
000300,沪深300指数,2018-03-16,4096.8857,4110.0451,4055.822,4056.4226,8489618800.0,122125342026.9,-39.7401,-0.9702,11803080.4,16.9,18.23,2.08,1.77,4096.1627
000300,沪深300指数,2018-03-19,4054.6167,4074.518,4033.5216,4074.2479,8150288200.0,118183815140.4,17.8253,0.4394,11854947.18,16.95,18.32,2.07,1.77,4056.4226
000300,沪深300指数,2018-03-20,4045.7428,4080.1925,4040.308,4077.7041,8060528000.0,111980234031.1,3.4562,0.0848,11865003.74,17.0,18.33,2.06,1.77,4074.2479
000300,沪深300指数,2018-03-21,4097.0243,4110.1158,4046.2408,4061.0502,9760948800.0,139330411871.3,-16.6539,-0.4084,11816545.3,16.94,18.26,2.07,1.77,4077.7041
000300,沪深300指数,2018-03-22,4062.0668,4072.3771,4003.721,4020.349,8909525900.0,127664337989.9,-40.7012,-1.0022,11698116.16,16.8,18.07,2.09,1.79,4061.0502
000300,沪深300指数,2018-03-23,3896.7359,3928.5114,3834.9373,3904.9355,18008044900.0,218905031316.7,-115.4135,-2.8707,11362294.4,16.37,17.56,2.14,1.84,4020.349
000300,沪深300指数,2018-03-26,3862.6948,3883.901,3829.9155,3879.893,11513912800.0,156604527227.4,-25.0425,-0.6413,11289427.48,16.19,17.45,2.17,1.85,3904.9355
000300,沪深300指数,2018-03-27,3927.492,3936.778,3881.8726,3913.2689,11370071100.0,162291546573.1,33.3759,0.8602,11386542.35,16.31,17.59,2.15,1.84,3879.893
000300,沪深300指数,2018-03-28,3865.0454,3907.2811,3835.8825,3842.7155,10149490800.0,155848951057.4,-70.5534,-1.8029,11181251.2,16.06,17.28,2.18,1.87,3913.2689
000300,沪深300指数,2018-03-29,3854.5914,3913.9578,3794.2617,3894.0498,11662906600.0,164996782981.0,51.3343,1.3359,11328684.17,16.27,17.51,2.15,1.85,3842.7155
000300,沪深300指数,2018-03-30,3893.7468,3915.3473,3879.2128,3898.4977,9751227000.0,137959280454.5,4.4479,0.1142,11341624.0,16.27,17.53,2.14,1.83,3894.0498
000300,沪深300指数,2018-04-02,3897.0052,3937.0183,3882.8856,3886.9189,11124266600.0,159356080037.9,-11.5788,-0.297,11307938.59,16.2,17.47,2.15,1.83,3898.4977
000300,沪深300指数,2018-04-03,3850.1546,3878.1504,3839.9333,3862.4796,9513736900.0,132049936105.2,-24.4393,-0.6288,11236839.09,16.08,17.37,2.17,1.85,3886.9189
000300,沪深300指数,2018-04-04,3873.6267,3898.6126,3852.4958,3854.8625,8873060900.0,131593067937.6,-7.6171,-0.1972,11214679.16,16.04,17.33,2.17,1.85,3862.4796
000300,沪深300指数,2018-04-09,3851.9548,3870.6736,3827.4133,3852.9292,8410546200.0,118167273509.4,-1.9333,-0.0502,11209054.8,16.05,17.32,2.17,1.85,3854.8625
000300,沪深300指数,2018-04-10,3860.7225,3927.4247,3851.7957,3927.1729,10617372200.0,137941300225.0,74.2437,1.9269,11425046.93,16.37,17.66,2.13,1.81,3852.9292
000300,沪深300指数,2018-04-11,3934.1698,3958.7071,3924.9603,3938.3434,11193302100.0,139989290629.6,11.1705,0.2844,11457544.4,16.45,17.7,2.12,1.81,3927.1729
000300,沪深300指数,2018-04-12,3935.673,3937.7837,3896.1789,3898.6354,8269949000.0,108075565475.5,-39.708,-1.0082,11342024.7,16.28,17.53,2.14,1.83,3938.3434
000300,沪深300指数,2018-04-13,3920.7375,3929.952,3866.186,3871.1443,7154420300.0,98921826969.3,-27.4911,-0.7051,11262046.65,16.16,17.4,2.15,1.84,3898.6354
000300,沪深300指数,2018-04-16,3862.4738,3869.156,3789.6121,3808.863,9921777000.0,131566866867.8,-62.2813,-1.6089,11083450.44,15.88,17.12,2.19,1.87,3871.1443
000300,沪深300指数,2018-04-17,3812.8746,3822.6264,3745.4442,3748.6412,9061079000.0,126518751971.7,-60.2218,-1.5811,10908210.44,15.66,16.85,2.22,1.9,3808.863
000300,沪深300指数,2018-04-18,3785.3059,3789.6591,3708.1068,3766.282,10667670600.0,143077676003.7,17.6408,0.4706,10959549.7,15.76,16.92,2.21,1.89,3748.6412
000300,沪深300指数,2018-04-19,3774.784,3824.0321,3767.7974,3811.843,9905406000.0,127520121561.7,45.561,1.2097,11092128.04,15.93,17.13,2.19,1.87,3766.282
000300,沪深300指数,2018-04-20,3801.2075,3815.444,3750.1033,3760.8543,9928292500.0,123550664540.8,-50.9887,-1.3376,10943755.46,15.73,16.9,2.21,1.89,3811.843
000300,沪深300指数,2018-04-23,3754.6896,3787.3951,3735.1842,3766.3257,9035629100.0,111763031499.6,5.4714,0.1455,10959676.78,15.75,16.92,2.21,1.89,3760.8543
000300,沪深300指数,2018-04-24,3769.8787,3854.4292,3769.8787,3843.4886,11421952500.0,145700512791.1,77.1629,2.0488,11184214.02,16.06,17.27,2.17,1.85,3766.3257
000300,沪深300指数,2018-04-25,3824.5929,3838.6921,3817.032,3828.7015,7817261200.0,105750449451.6,-14.7871,-0.3847,11141184.98,15.98,17.21,2.18,1.86,3843.4886
000300,沪深300指数,2018-04-26,3823.3921,3828.7129,3744.8852,3755.4941,8715064100.0,125772304515.2,-73.2074,-1.9121,10928157.89,15.74,16.88,2.21,1.9,3828.7015
000300,沪深300指数,2018-04-27,3771.0369,3776.9751,3714.6444,3756.8765,8953172600.0,142113627600.2,1.3824,0.0368,10932180.48,15.8,16.88,2.21,1.9,3755.4941
000300,沪深300指数,2018-05-02,3769.9251,3787.3025,3744.5475,3763.6461,8330103500.0,120083483290.3,6.7696,0.1802,10951874.96,13.89,14.7,2.21,1.89,3756.8765
000300,沪深300指数,2018-05-03,3756.1657,3797.5269,3732.3718,3793.0001,9396111800.0,122740168864.1,29.354,0.7799,11037292.65,13.98,14.81,2.2,1.88,3763.6461
000300,沪深300指数,2018-05-04,3784.3161,3801.5243,3770.9389,3774.5981,7155428800.0,98315254609.0,-18.402,-0.4852,10983755.3,13.92,14.74,2.2,1.89,3793.0001
000300,沪深300指数,2018-05-07,3782.5404,3834.5872,3776.0296,3834.1877,8728619500.0,126354800810.6,59.5896,1.5787,11157155.94,14.13,14.97,2.17,1.86,3774.5981
000300,沪深300指数,2018-05-08,3834.6141,3892.0732,3833.729,3878.6767,9421515700.0,135445862528.5,44.489,1.1603,11286615.06,14.26,15.14,2.15,1.84,3834.1877
000300,沪深300指数,2018-05-09,3876.1296,3878.9382,3855.7392,3871.6152,6671296600.0,92322896271.1,-7.0615,-0.1821,11266066.66,14.25,15.12,2.15,1.84,3878.6767
000300,沪深300指数,2018-05-10,3882.8357,3894.4902,3867.3084,3893.0565,7066780900.0,103255140584.5,21.4413,0.5538,11328458.9,14.32,15.2,2.14,1.83,3871.6152
000300,沪深300指数,2018-05-11,3902.1481,3903.3378,3871.9523,3872.8383,7335660400.0,107715457040.3,-20.2182,-0.5193,11269625.64,14.28,15.12,2.15,1.84,3893.0565
000300,沪深300指数,2018-05-14,3886.8736,3919.2999,3886.8736,3909.2933,8197599900.0,122520047994.7,36.455,0.9413,11375701.66,14.38,15.26,2.13,1.82,3872.8383
000300,沪深300指数,2018-05-15,3920.1395,3924.3427,3892.9198,3924.0975,7604955500.0,106091905845.1,14.8042,0.3787,11418780.73,14.43,15.32,2.13,1.82,3909.2933
000300,沪深300指数,2018-05-16,3909.8183,3923.3433,3889.1877,3892.8442,7191364600.0,106533930265.4,-31.2533,-0.7964,11327844.51,14.3,15.19,2.15,1.83,3924.0975
000300,沪深300指数,2018-05-17,3895.4895,3899.5137,3858.8525,3864.0507,5903012300.0,87104164680.0,-28.7935,-0.7397,11244057.91,14.21,15.06,2.16,1.85,3892.8442
000300,沪深300指数,2018-05-18,3860.1644,3903.0637,3841.896,3903.0637,7261395600.0,96823851808.6,39.013,1.0096,11357582.4,14.41,15.22,2.13,1.83,3864.0507
000300,沪深300指数,2018-05-21,3925.5394,3937.4607,3913.6046,3921.2421,9264173700.0,120528726019.3,18.1784,0.4657,11410479.87,14.45,15.28,2.12,1.82,3903.0637
000300,沪深300指数,2018-05-22,3918.8153,3918.8153,3881.169,3906.2081,7536877800.0,102883344896.8,-15.034,-0.3834,11366732.33,14.4,15.23,2.13,1.83,3921.2421
000300,沪深300指数,2018-05-23,3898.2683,3898.2683,3854.5825,3854.5825,8372231900.0,110684503205.9,-51.6256,-1.3216,11216506.09,14.18,15.02,2.16,1.85,3906.2081
000300,沪深300指数,2018-05-24,3853.2916,3859.1034,3823.9235,3827.217,6834502200.0,93408219637.0,-27.3655,-0.7099,11136870.81,14.09,14.91,2.17,1.86,3854.5825
000300,沪深300指数,2018-05-25,3823.7448,3841.1244,3804.1349,3816.498,7083638600.0,95667543826.6,-10.719,-0.2801,11105679.52,14.03,14.87,2.18,1.87,3827.217
000300,沪深300指数,2018-05-28,3816.2649,3846.5525,3799.3207,3833.2599,7152113200.0,100001639047.1,16.7619,0.4392,11154455.09,14.06,14.94,2.18,1.86,3816.498
000300,沪深300指数,2018-05-29,3824.1909,3841.7794,3800.6749,3804.0093,8155266200.0,117288580581.5,-29.2506,-0.7631,11069341.2,13.95,14.79,2.19,1.87,3833.2599
000300,沪深300指数,2018-05-30,3755.1764,3767.8872,3722.0719,3723.3724,8791328500.0,115858975810.1,-80.6369,-2.1198,10834694.75,13.64,14.46,2.24,1.91,3804.0093
000300,沪深300指数,2018-05-31,3749.2954,3804.7919,3742.5287,3802.3759,9266689400.0,130545422179.8,79.0035,2.1218,11064588.17,13.9,14.77,2.38,1.92,3723.3724
000300,沪深300指数,2018-06-01,3789.6716,3802.5366,3753.8395,3770.5891,7782181300.0,105934865863.3,-31.7868,-0.836,10972091.18,13.81,14.65,2.4,1.93,3802.3759
000300,沪深300指数,2018-06-04,3785.1869,3813.4065,3776.6185,3807.5781,7662434100.0,115146468450.4,36.989,0.981,11079725.98,13.92,14.79,2.38,1.91,3770.5891
000300,沪深300指数,2018-06-05,3811.2852,3845.5648,3800.9256,3845.3164,7868736000.0,121261467224.3,37.7383,0.9911,11189538.61,14.0,14.93,2.36,1.89,3807.5781
000300,沪深300指数,2018-06-06,3839.683,3848.3295,3830.8956,3837.3511,7311723700.0,107142041766.0,-7.9653,-0.2071,11165427.57,13.98,14.9,2.37,1.9,3845.3164
000300,沪深300指数,2018-06-07,3846.9367,3859.8476,3827.6874,3831.0128,8025614700.0,112365710702.2,-6.3383,-0.1652,11146985.33,13.97,14.88,2.37,1.9,3837.3511
000300,沪深300指数,2018-06-08,3819.4477,3819.4607,3759.2717,3779.6159,8333733500.0,107818798321.2,-51.3969,-1.3416,10997437.3,13.78,14.68,2.4,1.93,3831.0128
000300,沪深300指数,2018-06-11,3770.208,3792.548,3756.5148,3779.9818,6870983400.0,105597924649.0,0.3659,0.0097,11504843.2,14.06,14.82,2.33,1.91,3779.6159
000300,沪深300指数,2018-06-12,3783.1858,3830.471,3765.2644,3825.9534,7320624400.0,116217139614.5,45.9716,1.2162,11644764.3,14.19,15.0,2.31,1.89,3779.9818
000300,沪深300指数,2018-06-13,3814.6174,3817.4528,3782.0728,3788.3391,6637797000.0,97185498920.3,-37.6143,-0.9831,11530278.05,14.06,14.84,2.33,1.9,3825.9534
000300,沪深300指数,2018-06-14,3774.6396,3808.1616,3759.2484,3773.3655,6847132200.0,99234014984.2,-14.9736,-0.3953,11484704.05,14.02,14.78,2.33,1.91,3788.3391
000300,沪深300指数,2018-06-15,3763.0405,3780.3368,3737.4282,3753.4338,8548889300.0,109534900846.6,-19.9317,-0.5282,11424039.57,13.97,14.7,2.34,1.92,3773.3655
000300,沪深300指数,2018-06-19,3702.6681,3712.8162,3583.0208,3621.1166,16070654200.0,193848797292.6,-132.3172,-3.5252,11021317.03,13.55,14.18,2.42,1.99,3753.4338
000300,沪深300指数,2018-06-20,3602.5512,3649.3359,3578.1743,3635.4436,8671809800.0,112804812785.7,14.327,0.3957,11064923.21,13.57,14.24,2.41,1.98,3621.1166
000300,沪深300指数,2018-06-21,3633.5558,3673.5625,3589.4899,3592.965,9390855200.0,115584149027.9,-42.4786,-1.1685,10935634.27,13.42,14.07,2.44,2.01,3635.4436
000300,沪深300指数,2018-06-22,3567.8939,3609.0751,3542.4564,3608.9046,7511786400.0,89687282052.7,15.9396,0.4436,10984148.49,13.46,14.14,2.43,2.0,3592.965
000300,沪深300指数,2018-06-25,3625.7984,3631.0253,3559.0343,3560.4777,7987707800.0,106690345316.5,-48.4269,-1.3419,10835669.69,13.29,13.95,2.46,2.03,3608.9046
000300,沪深300指数,2018-06-26,3521.5876,3541.782,3478.2134,3531.1112,8498526900.0,108132167346.3,-29.3665,-0.8248,10746298.08,13.17,13.83,2.49,2.04,3560.4777
000300,沪深300指数,2018-06-27,3525.1323,3537.6569,3441.785,3459.2621,8149181700.0,107628896581.6,-71.8491,-2.0347,10527638.25,12.97,13.55,2.52,2.09,3531.1112
000300,沪深300指数,2018-06-28,3434.9441,3477.0565,3416.9476,3423.5255,7591805100.0,98570527345.2,-35.7366,-1.0331,10418880.31,12.85,13.41,2.55,2.11,3459.2621
000300,沪深300指数,2018-06-29,3431.9619,3512.3834,3425.2159,3510.9845,7725703100.0,97616367299.1,87.459,2.5546,10685008.57,13.04,13.62,2.73,2.24,3423.5255
000300,沪深300指数,2018-07-02,3504.4571,3506.8996,3383.5006,3407.9638,8435144900.0,107601540659.1,-103.0207,-2.9342,10371487.1,12.66,13.21,2.81,2.31,3510.9845
000300,沪深300指数,2018-07-03,3410.4767,3422.0398,3319.2889,3409.2801,9527869300.0,129898019347.2,1.3163,0.0386,10375491.47,12.65,13.21,2.81,2.3,3407.9638
000300,沪深300指数,2018-07-04,3398.7788,3418.3311,3359.0861,3363.7473,7515799700.0,93648559088.9,-45.5328,-1.3356,10236915.34,12.52,13.02,2.84,2.34,3409.2801
000300,沪深300指数,2018-07-05,3365.5547,3398.4852,3330.7113,3342.4379,8158798100.0,97544619590.3,-21.3094,-0.6335,10172429.7,12.36,12.83,2.84,2.34,3363.7473
000300,沪深300指数,2018-07-06,3347.0624,3396.2458,3295.7296,3365.1227,8609757900.0,109481942501.1,22.6848,0.6787,10241469.02,12.43,12.92,2.83,2.32,3342.4379
000300,沪深300指数,2018-07-09,3378.9056,3459.3153,3378.9056,3459.1837,7660154500.0,100918863679.3,94.061,2.7952,10527735.84,12.77,13.28,2.75,2.26,3365.1227
000300,沪深300指数,2018-07-10,3464.9064,3474.1396,3437.2706,3467.5155,6954882300.0,90127445727.8,8.3318,0.2409,10553093.02,12.8,13.3,2.75,2.26,3459.1837
000300,沪深300指数,2018-07-11,3398.9265,3427.5705,3375.1441,3407.5297,7204095000.0,89661507129.0,-59.9858,-1.7299,10370531.19,12.59,13.07,2.79,2.3,3467.5155
000300,沪深300指数,2018-07-12,3403.3302,3499.097,3403.3302,3481.0559,9635356400.0,117805514793.1,73.5262,2.1578,10594302.12,12.84,13.35,2.74,2.25,3407.5297
000300,沪深300指数,2018-07-13,3488.4966,3499.7643,3474.9123,3492.6897,7295589700.0,99800184924.4,11.6338,0.3342,10629709.3,12.81,13.39,2.74,2.24,3481.0559
000300,沪深300指数,2018-07-16,3488.967,3506.2355,3459.7312,3472.0859,6828199900.0,90754288080.6,-20.6038,-0.5899,10567003.52,12.73,13.31,2.76,2.25,3492.6897
000300,沪深300指数,2018-07-17,3466.4236,3467.1852,3420.9714,3449.3773,6198307600.0,85720563654.0,-22.7086,-0.654,10497872.43,12.59,13.17,2.78,2.27,3472.0859
000300,沪深300指数,2018-07-18,3456.6065,3479.2635,3430.1563,3431.3227,6653033000.0,88556873194.7,-18.0546,-0.5234,10438094.26,12.53,13.1,2.79,2.28,3449.3773
000300,沪深300指数,2018-07-19,3444.8032,3466.5056,3417.9627,3428.343,6847771600.0,88804907805.3,-2.9797,-0.0868,10429030.12,12.51,13.09,2.8,2.28,3431.3227
000300,沪深300指数,2018-07-20,3426.4558,3505.928,3398.9532,3492.8938,10198472700.0,122196953815.3,64.5508,1.8829,10625393.75,12.77,13.34,2.74,2.24,3428.343
000300,沪深300指数,2018-07-23,3471.8555,3527.5335,3464.6475,3525.7503,11903662700.0,143960930681.7,32.8565,0.9407,10725343.54,12.91,13.46,2.71,2.22,3492.8938
000300,沪深300指数,2018-07-24,3530.6641,3596.5128,3530.6641,3581.7057,15691243500.0,177448954018.8,55.9554,1.587,10895559.82,13.11,13.68,2.67,2.18,3525.7503
000300,沪深300指数,2018-07-25,3589.5055,3589.9841,3566.314,3577.7522,9675850100.0,112176694173.0,-3.9535,-0.1104,10883533.38,13.1,13.66,2.68,2.19,3581.7057
000300,沪深300指数,2018-07-26,3583.3173,3593.9227,3528.6442,3536.2456,9034964100.0,105577285188.6,-41.5066,-1.1601,10757270.06,12.96,13.5,2.7,2.21,3577.7522
000300,沪深300指数,2018-07-27,3533.7714,3545.4058,3512.7034,3521.2269,7017810400.0,81192174902.4,-15.0187,-0.4247,10711583.2,12.92,13.45,2.71,2.22,3536.2456
000300,沪深300指数,2018-07-30,3520.8538,3550.902,3489.5494,3515.0794,8211699500.0,96183097601.1,-6.1475,-0.1746,10692882.49,12.91,13.42,2.71,2.23,3521.2269
000300,沪深300指数,2018-07-31,3510.4744,3528.154,3493.1545,3517.6568,6798081700.0,80022152108.7,2.5774,0.0733,10700722.95,12.95,13.43,2.49,2.19,3515.0794
000300,沪深300指数,2018-08-01,3530.0298,3543.606,3446.7765,3447.3882,9034861700.0,107477214865.5,-70.2686,-1.9976,10486965.64,12.7,13.16,2.54,2.24,3517.6568
000300,沪深300指数,2018-08-02,3434.3516,3434.3516,3322.096,3370.9579,10130872700.0,122401283623.4,-76.4303,-2.217,10256480.39,12.44,12.87,2.59,2.29,3447.3882
000300,沪深300指数,2018-08-03,3366.6637,3381.3417,3315.2008,3315.2839,7079691000.0,91395987151.4,-55.674,-1.6516,10087086.6,12.29,12.66,2.62,2.33,3370.9579
000300,沪深300指数,2018-08-06,3312.8153,3344.246,3257.6856,3273.2728,7797508300.0,97517991021.5,-42.0111,-1.2672,9959263.5,12.15,12.5,2.65,2.36,3315.2839
000300,沪深300指数,2018-08-07,3284.9785,3368.962,3263.4986,3368.8695,9178391600.0,107512223950.8,95.5967,2.9205,10250126.01,12.5,12.87,2.57,2.29,3273.2728
000300,沪深300指数,2018-08-08,3362.1485,3368.1602,3311.7694,3314.5075,7928486500.0,90958912012.7,-54.362,-1.6137,10084721.82,12.32,12.65,2.61,2.33,3368.8695
000300,沪深300指数,2018-08-09,3303.4765,3408.3911,3299.6157,3397.5298,9195757200.0,108802315181.6,83.0223,2.5048,10337325.4,12.58,12.97,2.56,2.27,3314.5075
000300,沪深300指数,2018-08-10,3398.4139,3424.0411,3380.5731,3405.0191,6896729900.0,85634522136.1,7.4893,0.2204,10360112.54,12.58,13.0,2.56,2.26,3397.5298
000300,沪深300指数,2018-08-13,3369.9812,3396.1883,3336.6956,3390.3441,7619153200.0,90869290863.7,-14.675,-0.431,10315457.09,12.51,12.94,2.57,2.27,3405.0191
000300,沪深300指数,2018-08-14,3386.4832,3391.729,3356.6142,3372.9137,6065144600.0,72121992610.1,-17.4304,-0.5141,10262423.45,12.47,12.87,2.58,2.29,3390.3441
000300,沪深300指数,2018-08-15,3371.959,3372.1369,3288.7088,3291.976,6817405500.0,83402193917.2,-80.9377,-2.3996,10016162.42,12.21,12.56,2.63,2.34,3372.9137
000300,沪深300指数,2018-08-16,3251.8556,3315.2031,3231.5561,3276.7276,7654736600.0,89269175662.8,-15.2484,-0.4632,9969767.72,12.14,12.5,2.65,2.35,3291.976
000300,沪深300指数,2018-08-17,3305.8954,3311.5729,3224.0999,3229.6198,6739541300.0,84452452537.6,-47.1078,-1.4376,9826435.46,11.99,12.32,2.68,2.39,3276.7276
000300,沪深300指数,2018-08-20,3238.215,3267.2498,3209.0115,3267.2498,7090422800.0,88963382601.9,37.63,1.1652,9940494.41,12.14,12.47,2.65,2.36,3229.6198
000300,沪深300指数,2018-08-21,3271.8402,3331.7077,3270.0302,3326.6489,7520558300.0,97925840441.5,59.3991,1.818,10121214.07,12.33,12.69,2.61,2.32,3267.2498
000300,沪深300指数,2018-08-22,3328.9693,3328.9693,3299.3938,3307.9545,5078705700.0,66548536184.4,-18.6944,-0.562,10064336.96,12.24,12.62,2.63,2.33,3326.6489
000300,沪深300指数,2018-08-23,3308.4589,3336.1123,3285.8141,3320.0257,6111233400.0,80212785557.6,12.0712,0.3649,10101063.25,12.28,12.67,2.62,2.32,3307.9545
000300,沪深300指数,2018-08-24,3308.4778,3353.0445,3291.8654,3325.3347,6376589700.0,77197847851.7,5.309,0.1599,10117215.7,12.31,12.69,2.61,2.32,3320.0257
000300,沪深300指数,2018-08-27,3339.3894,3406.5735,3339.2646,3406.5735,9427008200.0,114960964550.8,81.2388,2.443,10364381.84,12.58,13.0,2.56,2.26,3325.3347
000300,沪深300指数,2018-08-28,3408.1502,3416.5929,3388.8143,3400.1705,7544536300.0,94945949810.0,-6.403,-0.188,10344900.91,12.55,12.97,2.56,2.27,3406.5735
000300,沪深300指数,2018-08-29,3393.0527,3398.7139,3377.1231,3386.5736,6702040400.0,79072300212.8,-13.5969,-0.3999,10303532.87,12.52,12.92,2.57,2.28,3400.1705
000300,沪深300指数,2018-08-30,3385.8052,3402.5626,3349.4688,3351.0942,6838529000.0,80226052651.8,-35.4794,-1.0476,10195588.05,12.39,12.78,2.6,2.3,3386.5736
000300,沪深300指数,2018-08-31,3333.3801,3356.5757,3310.8726,3334.5036,7620563000.0,96091892857.5,-16.5906,-0.4951,10145111.83,12.35,12.72,2.62,2.35,3351.0942
000300,沪深300指数,2018-09-03,3320.6898,3325.607,3291.7842,3321.8248,6642985500.0,81305681453.1,-12.6788,-0.3802,10106536.98,12.71,13.15,2.63,2.36,3334.5036
000300,沪深300指数,2018-09-04,3324.186,3370.963,3307.9585,3363.8984,6708880700.0,85892034874.3,42.0736,1.2666,10234544.23,12.86,13.32,2.6,2.33,3321.8248
000300,沪深300指数,2018-09-05,3349.6983,3354.1991,3298.1412,3298.1412,6430188800.0,80656675216.7,-65.7572,-1.9548,10034480.43,12.63,13.06,2.65,2.38,3363.8984
000300,沪深300指数,2018-09-06,3286.6645,3311.4973,3253.7552,3262.8808,6230028800.0,79373138215.9,-35.2604,-1.0691,9927201.73,12.54,12.92,2.67,2.41,3298.1412
000300,沪深300指数,2018-09-07,3273.8906,3316.6149,3253.725,3277.6438,6394740800.0,81263439990.3,14.763,0.4525,9972117.76,12.58,12.98,2.66,2.39,3262.8808
000300,沪深300指数,2018-09-10,3271.3818,3277.884,3227.8481,3230.0681,6381705100.0,76175580336.9,-47.5757,-1.4515,9827370.27,12.43,12.79,2.69,2.43,3277.6438
000300,沪深300指数,2018-09-11,3229.7052,3245.617,3209.1121,3224.2116,5849130500.0,67722118923.3,-5.8565,-0.1813,9809552.15,12.41,12.76,2.7,2.43,3230.0681
000300,沪深300指数,2018-09-12,3216.9911,3225.6014,3194.9785,3202.0248,5462789900.0,68887020055.9,-22.1868,-0.6881,9742049.62,12.34,12.68,2.71,2.45,3224.2116
000300,沪深300指数,2018-09-13,3239.6852,3249.593,3191.3975,3236.5662,6729032700.0,85887962112.6,34.5414,1.0787,9847140.6,12.49,12.81,2.68,2.42,3202.0248
000300,沪深300指数,2018-09-14,3242.8307,3254.1043,3227.9439,3242.0902,6013064000.0,76481211955.9,5.524,0.1707,9863947.15,12.51,12.84,2.68,2.42,3236.5662
000300,沪深300指数,2018-09-17,3224.9267,3230.7878,3200.5096,3204.9224,5225954700.0,60650940907.6,-37.1678,-1.1464,9750865.35,12.38,12.69,2.7,2.45,3242.0902
000300,沪深300指数,2018-09-18,3193.6423,3270.107,3193.6423,3269.4319,7042503500.0,83899137593.0,64.5095,2.0128,9947133.22,12.6,12.94,2.66,2.4,3204.9224
000300,沪深300指数,2018-09-19,3261.997,3335.9913,3258.3097,3312.4823,8917066600.0,109395423837.7,43.0504,1.3168,10078112.6,12.77,13.11,2.62,2.37,3269.4319
000300,沪深300指数,2018-09-20,3314.8758,3332.3093,3303.073,3310.1258,6456105700.0,76660845175.0,-2.3565,-0.0711,10070943.21,12.77,13.1,2.62,2.37,3312.4823
000300,沪深300指数,2018-09-21,3320.6958,3410.4856,3307.767,3410.4856,10841600500.0,123573117858.2,100.3598,3.0319,10376284.18,13.14,13.5,2.55,2.3,3310.1258
000300,沪深300指数,2018-09-25,3375.9717,3394.3771,3367.0253,3379.8043,6905469300.0,82870029933.1,-30.6813,-0.8996,10282937.64,13.04,13.38,2.57,2.32,3410.4856
000300,沪深300指数,2018-09-26,3388.5576,3448.2595,3383.2352,3417.2413,9317334300.0,119113319089.3,37.437,1.1077,10396838.37,13.18,13.53,2.54,2.3,3379.8043
000300,沪深300指数,2018-09-27,3415.9532,3423.71,3394.732,3403.5902,6976524100.0,87573300844.9,-13.6511,-0.3995,10355305.23,13.14,13.48,2.55,2.31,3417.2413
000300,沪深300指数,2018-09-28,3409.9598,3444.9884,3404.6973,3438.8649,8437775600.0,94880274571.6,35.2747,1.0364,10462627.27,13.27,13.61,2.56,2.28,3403.5902
000300,沪深300指数,2018-10-08,3361.5594,3364.4641,3285.253,3290.8988,9788898900.0,114164218382.3,-147.9661,-4.3028,10011986.08,12.72,13.03,2.67,2.38,3438.8649
000300,沪深300指数,2018-10-09,3290.1705,3309.7978,3276.1322,3288.6906,6672327400.0,78372941344.8,-2.2082,-0.0671,10005267.93,12.73,13.02,2.66,2.39,3290.8988
000300,沪深300指数,2018-10-10,3295.4288,3315.731,3256.5815,3281.5978,6449282800.0,79166808584.8,-7.0928,-0.2157,9983689.33,12.73,12.99,2.66,2.39,3288.6906
000300,沪深300指数,2018-10-11,3179.5408,3209.5202,3099.0402,3124.1139,12094134200.0,125723084486.2,-157.4839,-4.799,9504572.2,12.14,12.37,2.79,2.51,3281.5978
000300,沪深300指数,2018-10-12,3123.3715,3184.122,3094.9657,3170.7262,9861115100.0,104423076622.8,46.6123,1.492,9646381.84,12.32,12.55,2.75,2.47,3124.1139
000300,沪深300指数,2018-10-15,3173.8467,3183.1297,3120.2306,3126.4516,6960502300.0,77137696800.3,-44.2746,-1.3964,9511684.22,12.15,12.38,2.79,2.51,3170.7262
000300,沪深300指数,2018-10-16,3128.5764,3166.0918,3089.3668,3100.9738,6888772100.0,75206470956.0,-25.4778,-0.8149,9434172.33,12.08,12.28,2.81,2.53,3126.4516
000300,沪深300指数,2018-10-17,3140.6838,3149.1344,3062.554,3118.2463,7683713800.0,86132695913.3,17.2725,0.557,9486721.06,12.16,12.35,2.79,2.52,3100.9738
000300,沪深300指数,2018-10-18,3097.7903,3097.7903,3043.3817,3044.3918,7377196800.0,79703731918.5,-73.8545,-2.3685,9262031.62,11.83,12.05,2.87,2.58,3118.2463
000300,沪深300指数,2018-10-19,3017.7488,3137.7475,3009.4983,3134.9455,9883968800.0,110951369122.1,90.5537,2.9744,9537525.48,12.15,12.41,2.79,2.5,3044.3918
000300,沪深300指数,2018-10-22,3159.5614,3297.3803,3159.5614,3270.2732,14586204500.0,170651306178.0,135.3277,4.3167,9949236.12,12.63,12.95,2.68,2.4,3134.9455
000300,沪深300指数,2018-10-23,3273.1271,3276.0205,3163.5704,3183.4257,12101324100.0,142589176814.6,-86.8475,-2.6557,9685017.8,12.31,12.61,2.75,2.46,3270.2732
000300,沪深300指数,2018-10-24,3169.4571,3245.3971,3164.293,3188.2018,11090974400.0,120954387288.4,4.7761,0.15,9699548.31,12.34,12.62,2.75,2.46,3183.4257
000300,沪深300指数,2018-10-25,3107.8402,3197.3212,3099.8887,3194.3084,10695181700.0,113291746429.9,6.1066,0.1915,9718126.64,12.36,12.65,2.74,2.46,3188.2018
000300,沪深300指数,2018-10-26,3204.2845,3218.1021,3151.9244,3173.635,10129935400.0,106070366759.9,-20.6734,-0.6472,9655231.39,12.31,12.57,2.76,2.47,3194.3084
000300,沪深300指数,2018-10-29,3157.4879,3158.8114,3062.5803,3076.8889,9183978900.0,108479490210.8,-96.7461,-3.0484,9360898.38,11.99,12.18,2.83,2.55,3173.635
000300,沪深300指数,2018-10-30,3061.93,3146.6276,3050.7709,3110.2605,11607010100.0,131767102718.5,33.3716,1.0846,9462425.45,12.1,12.32,2.8,2.52,3076.8889
000300,沪深300指数,2018-10-31,3116.6582,3168.9187,3106.0279,3153.8234,11120745500.0,117099697835.9,43.5629,1.4006,9594956.71,12.25,12.49,2.79,2.51,3110.2605
000300,沪深300指数,2018-11-01,3185.202,3217.8034,3173.0992,3177.0338,13265337900.0,145919304280.1,23.2104,0.7359,9668416.61,12.31,12.6,2.78,2.49,3153.8234
000300,沪深300指数,2018-11-02,3258.6093,3290.2455,3222.4354,3290.2455,15346610400.0,178340643410.5,113.2117,3.5634,10012944.75,12.67,13.05,2.7,2.4,3177.0338
000300,沪深300指数,2018-11-05,3269.4695,3279.8781,3230.3632,3262.8351,10970668300.0,123630922688.6,-27.4104,-0.8331,9929528.92,12.57,12.94,2.72,2.42,3290.2455
000300,沪深300指数,2018-11-06,3254.9778,3254.9778,3213.895,3243.1504,8386913800.0,91703898055.4,-19.6847,-0.6033,9869623.9,12.51,12.86,2.73,2.44,3262.8351
000300,沪深300指数,2018-11-07,3243.8775,3270.5003,3218.4219,3221.9101,9161552800.0,101814918974.5,-21.2403,-0.6549,9804985.03,12.43,12.78,2.75,2.45,3243.1504
000300,沪深300指数,2018-11-08,3251.7281,3253.5735,3207.7084,3212.7737,7641454000.0,85221664741.0,-9.1364,-0.2836,9777180.94,12.4,12.74,2.76,2.46,3221.9101
000300,沪深300指数,2018-11-09,3193.3039,3193.3039,3166.3106,3167.4442,8428276200.0,88194192201.7,-45.3295,-1.4109,9639233.31,12.21,12.56,2.8,2.5,3212.7737
000300,沪深300指数,2018-11-12,3160.2465,3206.5127,3152.4399,3205.1407,8806239100.0,97363052031.5,37.6965,1.1901,9753952.01,12.32,12.71,2.78,2.47,3167.4442
000300,沪深300指数,2018-11-13,3164.9222,3254.7684,3161.0979,3237.3823,12649346400.0,125603047265.2,32.2416,1.0059,9852070.24,12.42,12.84,2.75,2.44,3205.1407
000300,沪深300指数,2018-11-14,3233.6409,3239.2448,3200.2285,3204.9427,11380865900.0,105386565968.3,-32.4396,-1.002,9753349.59,12.28,12.71,2.78,2.47,3237.3823
000300,沪深300指数,2018-11-15,3201.2814,3242.3836,3198.7814,3242.3715,9855881000.0,100119192332.3,37.4288,1.1678,9867253.63,12.42,12.86,2.75,2.44,3204.9427
000300,沪深300指数,2018-11-16,3242.879,3282.39,3223.7215,3257.6735,12687683500.0,135379803918.5,15.302,0.4719,9913821.02,12.46,12.92,2.74,2.43,3242.3715
000300,沪深300指数,2018-11-19,3258.7919,3294.6031,3251.0665,3294.6031,11595659500.0,123188777592.2,36.9296,1.1336,10025719.88,12.6,13.06,2.71,2.4,3257.6735
000300,沪深300指数,2018-11-20,3268.0768,3278.7845,3213.6833,3218.4076,10936115400.0,114155066806.2,-76.1955,-2.3127,9793851.38,12.33,12.76,2.77,2.46,3294.6031
000300,沪深300指数,2018-11-21,3187.1025,3230.2578,3185.2393,3226.4918,8411972600.0,87813273908.4,8.0842,0.2512,9818452.35,12.35,12.79,2.77,2.45,3218.4076
000300,沪深300指数,2018-11-22,3232.9731,3235.4524,3199.6981,3214.4273,6509829100.0,70083372614.5,-12.0645,-0.3739,9781739.03,12.31,12.75,2.78,2.46,3226.4918
000300,沪深300指数,2018-11-23,3208.593,3212.1952,3139.3857,3143.4752,8463825500.0,86864946183.9,-70.9521,-2.2073,9565826.46,12.06,12.46,2.84,2.51,3214.4273
000300,沪深300指数,2018-11-26,3148.6721,3169.4418,3131.636,3141.2434,5937914000.0,61899479598.9,-2.2318,-0.071,9559035.1,12.04,12.45,2.84,2.52,3143.4752
000300,沪深300指数,2018-11-27,3152.7743,3162.0121,3126.289,3137.2413,5540783200.0,61946261110.2,-4.0021,-0.1274,9546856.42,12.02,12.44,2.84,2.52,3141.2434
000300,沪深300指数,2018-11-28,3137.7477,3179.4108,3126.6179,3178.9326,7488195500.0,77620553113.3,41.6913,1.3289,9673726.14,12.16,12.6,2.81,2.49,3137.2413
000300,沪深300指数,2018-11-29,3198.8259,3204.8565,3137.6542,3137.6542,8049846600.0,86927611883.2,-41.2784,-1.2985,9548112.74,12.02,12.44,2.84,2.52,3178.9326
000300,沪深300指数,2018-11-30,3136.1962,3175.154,3132.423,3172.69,7092104400.0,77297697684.1,35.0358,1.1166,9654729.45,12.14,12.58,2.82,2.5,3137.6542
000300,沪深300指数,2018-12-03,3260.6862,3273.6397,3228.3611,3260.9502,12148715700.0,145828416489.9,88.2602,2.7819,9923311.57,12.45,12.93,2.75,2.43,3172.69
000300,沪深300指数,2018-12-04,3256.2282,3267.94,3243.6951,3267.7095,7941503900.0,90543600273.8,6.7593,0.2073,9943880.85,12.48,12.96,2.75,2.43,3260.9502
000300,沪深300指数,2018-12-05,3224.2556,3266.9039,3219.9785,3252.0041,7615305200.0,90909093829.9,-15.7054,-0.4806,9896087.9,12.42,12.9,2.76,2.44,3267.7095
000300,沪深300指数,2018-12-06,3218.113,3223.5219,3179.8948,3181.673,7632877100.0,95678883443.9,-70.3311,-2.1627,9682065.36,12.18,12.62,2.81,2.49,3252.0041
000300,沪深300指数,2018-12-07,3187.4919,3193.8191,3176.7061,3181.5646,5336192400.0,66323970656.9,-0.1084,-0.0034,9681735.52,12.19,12.62,2.81,2.49,3181.673
000300,沪深300指数,2018-12-10,3153.5228,3170.1523,3134.3845,3144.7631,6343727300.0,73717204733.2,-36.8015,-1.1567,9569745.74,12.07,12.47,2.84,2.52,3181.5646
000300,沪深300指数,2018-12-11,3148.2256,3161.9557,3143.6072,3159.8158,5322387700.0,60014969778.9,15.0527,0.4787,9615552.37,12.11,12.53,2.83,2.51,3144.7631
000300,沪深300指数,2018-12-12,3181.566,3182.2107,3160.2784,3170.6092,5330991400.0,60536223473.6,10.7934,0.3416,9648397.32,12.16,12.57,2.82,2.5,3159.8158
000300,沪深300指数,2018-12-13,3178.891,3234.0817,3169.4234,3219.6924,9044275500.0,103375478636.9,49.0832,1.5481,9797761.0,12.33,12.77,2.78,2.46,3170.6092
000300,沪深300指数,2018-12-14,3207.3481,3210.7221,3165.9109,3165.9109,8430125000.0,91576900504.8,-53.7815,-1.6704,9634100.16,12.15,12.55,2.82,2.51,3219.6924
000300,沪深300指数,2018-12-17,3158.2844,3167.5125,3134.3653,3161.1966,6649700700.0,77151490857.7,-4.7143,-0.1489,9862422.13,12.32,12.75,2.75,2.47,3165.9109
000300,沪深300指数,2018-12-18,3139.9493,3165.0018,3114.4684,3128.4265,6382031900.0,72035451400.0,-32.7701,-1.0366,9760184.75,12.2,12.61,2.78,2.5,3161.1966
000300,沪深300指数,2018-12-19,3133.7416,3137.0099,3086.7579,3091.1255,5552229900.0,67872922422.5,-37.301,-1.1923,9643811.69,12.07,12.46,2.81,2.53,3128.4265
000300,沪深300指数,2018-12-20,3083.5441,3097.7202,3044.2929,3067.4169,6974946300.0,78181426503.7,-23.7086,-0.767,9569844.88,11.98,12.37,2.83,2.55,3091.1255
000300,沪深300指数,2018-12-21,3055.3258,3057.4007,3007.6096,3029.3951,7675810100.0,84824064753.3,-38.0218,-1.2395,9451222.98,11.86,12.21,2.86,2.58,3067.4169
000300,沪深300指数,2018-12-24,3015.4974,3040.3524,3007.3292,3038.1981,5729961500.0,63880740605.4,8.803,0.2906,9478686.74,11.89,12.25,2.85,2.57,3029.3951
000300,沪深300指数,2018-12-25,3006.8787,3030.1418,2964.875,3017.2815,7868942500.0,80413567307.4,-20.9166,-0.6885,9413430.37,11.81,12.16,2.87,2.59,3038.1981
000300,沪深300指数,2018-12-26,3012.869,3029.0608,2996.4829,3002.0327,5564703200.0,58574968998.0,-15.2488,-0.5054,9365856.63,11.77,12.1,2.88,2.6,3017.2815
000300,沪深300指数,2018-12-27,3042.9491,3047.2348,2990.5057,2990.5057,8054178500.0,81159269974.1,-11.527,-0.384,9329894.3,11.72,12.06,2.89,2.61,3002.0327
000300,沪深300指数,2018-12-28,2994.795,3024.3525,2984.8177,3010.6536,7105377900.0,78145310042.0,20.1479,0.6737,9394612.83,11.79,12.14,2.89,2.6,2990.5057
000300,沪深300指数,2019-01-02,3017.0674,3018.7759,2958.4883,2969.5353,6866302100.0,76105571277.8,-41.1183,-1.3658,9266304.99,11.62,11.97,2.93,2.64,3010.6536
000300,沪深300指数,2019-01-03,2963.0186,3000.4413,2953.2548,2964.8421,7086710300.0,76664797393.4,-4.6932,-0.158,9251660.05,11.62,11.96,2.93,2.64,2969.5353
000300,沪深300指数,2019-01-04,2940.1916,3036.8147,2935.8295,3035.8741,10331897200.0,107141037088.1,71.032,2.3958,9473312.47,11.86,12.24,2.87,2.58,2964.8421
000300,沪深300指数,2019-01-07,3055.1535,3061.749,3035.9123,3054.303,10116435900.0,105703940790.6,18.4289,0.607,9530818.87,11.92,12.32,2.85,2.57,3035.8741
000300,沪深300指数,2019-01-08,3049.8747,3055.51,3038.5339,3047.7035,8617058500.0,79628882664.2,-6.5995,-0.2161,9510225.4,11.89,12.29,2.86,2.57,3054.303
000300,沪深300指数,2019-01-09,3065.2307,3117.9614,3062.8474,3078.4759,10736435000.0,117129678905.7,30.7724,1.0097,9606249.6,12.0,12.41,2.83,2.55,3047.7035
000300,沪深300指数,2019-01-10,3077.4817,3092.5411,3062.5721,3072.6864,8527175600.0,90206871737.0,-5.7895,-0.1881,9588183.57,11.96,12.39,2.85,2.55,3078.4759
000300,沪深300指数,2019-01-11,3082.2615,3102.8333,3071.0264,3094.7782,7178642400.0,77420239578.5,22.0918,0.719,9655203.5,12.02,12.48,2.82,2.53,3072.6864
000300,沪深300指数,2019-01-14,3092.4984,3097.4064,3064.3827,3067.7845,6612170200.0,68115969094.5,-26.9937,-0.8722,9570987.46,11.93,12.38,2.85,2.55,3094.7782
000300,沪深300指数,2019-01-15,3071.5185,3129.3708,3064.6705,3127.9904,8877296200.0,99976891144.1,60.2059,1.9625,9758820.04,12.12,12.62,2.8,2.5,3067.7845
000300,沪深300指数,2019-01-16,3126.1347,3135.0117,3117.2926,3128.6517,8021434100.0,85781591791.1,0.6613,0.0211,9760883.17,12.12,12.62,2.8,2.5,3127.9904
000300,沪深300指数,2019-01-17,3132.6285,3141.7099,3110.0608,3111.4168,8017487100.0,82888206986.1,-17.2349,-0.5509,9707113.34,12.07,12.55,2.81,2.52,3128.6517
000300,沪深300指数,2019-01-18,3124.5025,3171.6864,3120.3458,3168.1739,10396383400.0,106780658490.8,56.7571,1.8242,9884186.17,12.28,12.78,2.77,2.47,3111.4168
000300,沪深300指数,2019-01-21,3170.8773,3199.2134,3170.8773,3185.6364,9391502200.0,105536986579.7,17.4625,0.5512,9938666.18,12.35,12.85,2.75,2.46,3168.1739
000300,沪深300指数,2019-01-22,3181.9494,3181.9494,3135.3378,3143.3171,7299052800.0,78150876312.7,-42.3193,-1.3284,9806637.03,12.19,12.68,2.78,2.49,3185.6364
000300,沪深300指数,2019-01-23,3136.096,3157.6269,3131.8673,3141.0532,5987047800.0,62669652004.0,-2.2639,-0.072,9799573.87,12.19,12.67,2.79,2.49,3143.3171
000300,沪深300指数,2019-01-24,3146.6046,3165.6296,3125.3008,3158.7817,7293463600.0,80963877218.7,17.7285,0.5644,9854884.11,12.25,12.74,2.77,2.48,3141.0532
000300,沪深300指数,2019-01-25,3165.1814,3203.1747,3164.4082,3184.4696,8396772900.0,93207954747.8,25.6879,0.8132,9935026.14,12.34,12.85,2.75,2.46,3158.7817
000300,沪深300指数,2019-01-28,3203.1189,3228.8678,3174.7243,3183.7777,8262243100.0,97371496147.1,-0.6919,-0.0217,9932867.59,12.34,12.85,2.75,2.46,3184.4696
000300,沪深300指数,2019-01-29,3177.261,3200.9898,3148.2345,3193.9698,7765833400.0,85943908590.0,10.1921,0.3201,9964899.13,12.38,12.89,2.74,2.45,3183.7777
000300,沪深300指数,2019-01-30,3181.6551,3202.896,3167.8934,3168.4829,6374651700.0,73005123447.1,-25.4869,-0.798,9885382.37,12.3,12.78,2.76,2.47,3193.9698
000300,沪深300指数,2019-01-31,3182.6987,3216.0673,3178.0105,3201.6331,8624783900.0,97509924771.0,33.1502,1.0462,9988807.99,12.42,12.92,2.72,2.42,3168.4829
000300,沪深300指数,2019-02-01,3225.7335,3247.4956,3207.7168,3247.3971,8201964100.0,94766412762.8,45.764,1.4294,10131587.32,12.57,13.1,2.69,2.39,3201.6331
000300,沪深300指数,2019-02-11,3239.8079,3307.0638,3239.8079,3306.4725,9881843400.0,114752354821.1,59.0754,1.8192,10315897.51,12.75,13.34,2.65,2.34,3247.3971
000300,沪深300指数,2019-02-12,3306.3523,3335.3606,3298.6337,3330.3353,12223246200.0,122834101006.8,23.8628,0.7217,10390347.23,12.83,13.44,2.63,2.33,3306.4725
000300,沪深300指数,2019-02-13,3337.7794,3405.5773,3329.1436,3397.0276,16382833200.0,168866262062.0,66.6923,2.0026,10595825.2,13.08,13.71,2.58,2.28,3330.3353
000300,沪深300指数,2019-02-14,3392.8547,3415.3994,3381.9821,3402.1403,15112729000.0,138649287970.7,5.1127,0.1505,10611772.59,13.08,13.73,2.58,2.28,3397.0276
000300,沪深300指数,2019-02-15,3391.242,3395.0294,3335.8705,3338.7047,14366860300.0,141555060947.5,-63.4356,-1.8646,10413907.85,12.85,13.47,2.62,2.32,3402.1403
000300,沪深300指数,2019-02-18,3366.423,3445.7448,3366.423,3445.7448,18288608900.0,180449742544.2,107.0401,3.206,10747781.32,13.22,13.9,2.55,2.25,3338.7047
000300,沪深300指数,2019-02-19,3454.7216,3480.7938,3419.0731,3439.6078,17908378500.0,185762746553.0,-6.137,-0.1781,10728639.22,13.21,13.88,2.55,2.25,3445.7448
000300,沪深300指数,2019-02-20,3449.9321,3463.7735,3421.505,3451.9273,14739031100.0,145570263069.9,12.3195,0.3582,10767065.65,13.26,13.93,2.54,2.25,3439.6078
000300,沪深300指数,2019-02-21,3450.1411,3500.2519,3431.631,3442.7056,18014328700.0,185197154784.6,-9.2217,-0.2671,10738301.77,13.21,13.89,2.55,2.25,3451.9273
000300,沪深300指数,2019-02-22,3439.3781,3520.1182,3417.9784,3520.1182,18723797400.0,202869288708.4,77.4126,2.2486,10979762.9,13.45,14.21,2.51,2.2,3442.7056
000300,沪深300指数,2019-02-25,3575.8528,3729.4831,3574.6885,3729.4831,34255712200.0,376382393433.2,209.3649,5.9477,11630274.44,14.22,15.05,2.37,2.08,3520.1182
000300,沪深300指数,2019-02-26,3734.7059,3762.1128,3679.2705,3684.6935,35803869800.0,387632860075.2,-44.7896,-1.201,11490599.45,14.07,14.87,2.4,2.1,3729.4831
000300,沪深300指数,2019-02-27,3682.8116,3737.6317,3638.3334,3678.3921,28623600700.0,307306148138.8,-6.3014,-0.171,11470948.63,14.09,14.84,2.39,2.11,3684.6935
000300,沪深300指数,2019-02-28,3675.2642,3695.4646,3650.0537,3669.3703,18481022000.0,206010958184.6,-9.0218,-0.2453,11442660.95,14.03,14.8,2.42,2.14,3678.3921
000300,沪深300指数,2019-03-01,3699.2157,3749.7143,3668.7653,3749.7143,20471100400.0,235620623488.1,80.344,2.1896,11693207.73,14.32,15.13,2.37,2.09,3669.3703
000300,沪深300指数,2019-03-04,3783.0367,3886.5797,3764.7764,3794.104,32349012600.0,376397284705.9,44.3897,1.1838,11831633.79,14.47,15.31,2.34,2.07,3749.7143
000300,沪深300指数,2019-03-05,3785.3762,3816.1621,3770.7858,3816.0132,23085316600.0,261464122211.6,21.9092,0.5775,11899955.98,14.54,15.39,2.33,2.06,3794.104
000300,沪深300指数,2019-03-06,3822.8588,3855.1556,3787.5225,3848.0903,31807737100.0,331155616598.0,32.0771,0.8406,11999986.11,14.69,15.52,2.31,2.04,3816.0132
000300,沪深300指数,2019-03-07,3841.1456,3845.182,3778.8004,3808.8497,32984654800.0,359339152916.1,-39.2406,-1.0197,11877617.32,14.55,15.36,2.33,2.06,3848.0903
000300,沪深300指数,2019-03-08,3721.4016,3774.5431,3656.1917,3657.579,31799007700.0,349296691226.9,-151.2707,-3.9716,11405890.8,13.97,14.75,2.43,2.14,3808.8497
000300,沪深300指数,2019-03-11,3663.9772,3731.9091,3650.8125,3729.9546,23091286500.0,268718458804.5,72.3756,1.9788,11631588.82,14.23,15.05,2.38,2.1,3657.579
000300,沪深300指数,2019-03-12,3758.3151,3804.72,3723.6785,3755.3519,27492638200.0,325180619758.7,25.3973,0.6809,11710788.27,14.33,15.15,2.36,2.09,3729.9546
000300,沪深300指数,2019-03-13,3758.713,3763.0926,3708.8145,3724.1941,23368224800.0,286171048159.7,-31.1578,-0.8297,11613624.92,14.19,15.03,2.39,2.11,3755.3519
000300,沪深300指数,2019-03-14,3710.2934,3747.819,3673.8509,3698.4858,19081723700.0,231820149389.5,-25.7083,-0.6903,11533455.45,14.08,14.92,2.41,2.12,3724.1941
000300,沪深300指数,2019-03-15,3713.936,3782.2364,3713.936,3745.005,17517454400.0,224194362924.7,46.5192,1.2578,11678522.33,14.22,15.11,2.38,2.09,3698.4858
000300,沪深300指数,2019-03-18,3753.6436,3851.7479,3733.6781,3851.7479,21692806000.0,276473448869.6,106.7429,2.8503,12011392.09,14.6,15.54,2.32,2.04,3745.005
000300,沪深300指数,2019-03-19,3856.5885,3868.335,3815.2187,3833.9626,18172711000.0,224096889633.7,-17.7853,-0.4617,11955929.85,14.54,15.47,2.33,2.05,3851.7479
000300,沪深300指数,2019-03-20,3825.3356,3855.1465,3790.5119,3835.4397,17563209000.0,215406993601.5,1.4771,0.0385,11960536.08,14.52,15.48,2.33,2.05,3833.9626
000300,沪深300指数,2019-03-21,3840.2783,3864.0696,3823.4661,3836.8913,19631031000.0,231993445601.5,1.4516,0.0378,11965062.78,14.53,15.48,2.33,2.04,3835.4397
000300,沪深300指数,2019-03-22,3838.1255,3845.5808,3786.5917,3833.8013,17135699300.0,198518386318.6,-3.09,-0.0805,11960722.11,14.51,15.47,2.33,2.05,3836.8913
000300,沪深300指数,2019-03-25,3776.4426,3807.1793,3741.6062,3742.8252,19858632900.0,223396564361.0,-90.9761,-2.373,11676894.14,14.18,15.1,2.39,2.1,3833.8013
000300,沪深300指数,2019-03-26,3766.5287,3770.843,3687.5472,3700.4388,17304657900.0,196547811178.8,-42.3864,-1.1325,11544656.7,14.03,14.93,2.42,2.12,3742.8252
000300,沪深300指数,2019-03-27,3724.4058,3750.2642,3703.4508,3743.3878,13875845400.0,177507528442.3,42.949,1.1606,11678649.36,14.16,15.1,2.39,2.09,3700.4388
000300,沪深300指数,2019-03-28,3731.0612,3755.716,3710.0814,3728.3953,13327212900.0,172604392907.5,-14.9925,-0.4005,11631884.7,14.09,15.03,2.4,2.1,3743.3878
000300,沪深300指数,2019-03-29,3739.7739,3876.379,3739.7739,3872.3412,21563910300.0,283022298648.2,143.9459,3.8608,12084194.06,14.59,15.61,2.32,2.03,3728.3953
000300,沪深300指数,2019-04-01,3901.1698,3982.9091,3901.1698,3973.928,27138270400.0,340799403573.1,101.5868,2.6234,12401210.28,14.94,16.02,2.27,1.98,3872.3412
000300,沪深300指数,2019-04-02,3986.3443,3988.0975,3956.5059,3971.2852,22600034100.0,281892057021.0,-2.6428,-0.0665,12392962.93,14.92,16.01,2.27,1.98,3973.928
000300,沪深300指数,2019-04-03,3947.8697,4026.4972,3939.7837,4022.1566,23191736800.0,284826495445.4,50.8714,1.281,12555470.51,15.1,16.22,2.24,1.95,3971.2852
000300,沪深300指数,2019-04-04,4039.7415,4072.1138,4021.7055,4062.2309,26041093900.0,313539431377.5,40.0743,0.9963,12680565.48,15.25,16.38,2.22,1.93,4022.1566
000300,沪深300指数,2019-04-08,4097.1027,4122.6034,4017.4887,4057.2286,26750557600.0,324670452522.6,-5.0023,-0.1231,12664950.57,15.24,16.36,2.22,1.93,4062.2309
000300,沪深300指数,2019-04-09,4063.8139,4084.243,4038.2825,4075.4301,18295680800.0,243187913127.9,18.2015,0.4486,12721767.84,15.26,16.43,2.22,1.93,4057.2286
000300,沪深300指数,2019-04-10,4062.4425,4115.378,4035.4741,4085.847,19468761300.0,278282025051.5,10.4169,0.2556,12754284.91,15.27,16.48,2.22,1.92,4075.4301
000300,沪深300指数,2019-04-11,4083.4618,4097.1249,3990.239,3997.5778,16904964100.0,236259156718.9,-88.2692,-2.1604,12478745.73,14.98,16.12,2.26,1.96,4085.847
000300,沪深300指数,2019-04-12,3986.7822,4006.9335,3961.464,3988.6168,13586211800.0,178795939061.6,-8.961,-0.2242,12450773.36,14.97,16.08,2.26,1.97,3997.5778
000300,沪深300指数,2019-04-15,4056.4919,4085.3882,3974.2264,3975.5244,18264557100.0,236298721390.8,-13.0924,-0.3282,12409904.57,14.93,16.03,2.27,1.97,3988.6168
000300,沪深300指数,2019-04-16,3958.0963,4085.7891,3943.4879,4085.7891,20204196600.0,250569206656.0,110.2647,2.7736,12754104.15,15.32,16.48,2.21,1.92,3975.5244
000300,沪深300指数,2019-04-17,4080.7172,4106.6158,4057.5032,4087.2398,18036711700.0,228824429886.6,1.4507,0.0355,12761354.89,15.34,16.47,2.21,1.92,4085.7891
000300,沪深300指数,2019-04-18,4085.1148,4094.0533,4056.2356,4072.0753,14656212300.0,187812687766.5,-15.1645,-0.371,12714007.67,15.29,16.41,2.22,1.93,4087.2398
000300,沪深300指数,2019-04-19,4076.2953,4120.6356,4046.2042,4120.6078,15079491000.0,194701690762.6,48.5325,1.1918,12865537.84,15.41,16.6,2.2,1.9,4072.0753
000300,沪深300指数,2019-04-22,4125.9717,4126.0907,4015.4748,4025.6109,18935374500.0,244380549238.8,-94.9969,-2.3054,12568934.61,15.1,16.22,2.24,1.95,4120.6078
000300,沪深300指数,2019-04-23,4021.6277,4061.0858,4005.2832,4019.0053,15561165000.0,204121505815.8,-6.6056,-0.1641,12548310.19,15.07,16.2,2.25,1.95,4025.6109
000300,沪深300指数,2019-04-24,4033.6292,4044.3375,3967.8058,4030.0887,14549869500.0,186497961651.9,11.0834,0.2758,12582915.36,15.09,16.24,2.24,1.95,4019.0053
000300,沪深300指数,2019-04-25,4013.6027,4022.5631,3938.3251,3941.816,15972207100.0,197530997751.6,-88.2727,-2.1903,12307306.56,14.78,15.88,2.29,1.99,4030.0887
000300,沪深300指数,2019-04-26,3921.8909,3943.8331,3887.2525,3889.2748,14200806800.0,186572137127.3,-52.5412,-1.3329,12143260.04,14.6,15.67,2.32,2.02,3941.816
000300,沪深300指数,2019-04-29,3896.5824,3953.2288,3875.452,3900.3339,15387092700.0,203946553151.5,11.0591,0.2843,12177789.46,14.62,15.72,2.32,2.01,3889.2748
000300,沪深300指数,2019-04-30,3887.1799,3923.1082,3885.147,3913.211,11623337600.0,161665923923.7,12.8771,0.3302,12217994.85,14.67,15.77,2.32,2.04,3900.3339
000300,沪深300指数,2019-05-06,3775.0765,3791.6119,3647.1405,3684.6168,19747288200.0,254115400089.2,-228.5942,-5.8416,11504268.13,12.83,13.69,2.45,2.17,3913.211
000300,沪深300指数,2019-05-07,3702.2656,3738.1767,3671.8341,3720.6684,13284765400.0,183659159180.7,36.0516,0.9784,11616782.09,12.93,13.82,2.43,2.15,3684.6168
000300,沪深300指数,2019-05-08,3648.5489,3722.9325,3642.4981,3667.4574,11286735500.0,145058486354.4,-53.211,-1.4301,11450645.25,12.75,13.62,2.47,2.18,3720.6684
000300,沪深300指数,2019-05-09,3637.346,3656.8966,3584.8227,3599.7001,10103739400.0,141829095759.5,-67.7573,-1.8475,11239091.51,12.53,13.37,2.51,2.22,3667.4574
000300,沪深300指数,2019-05-10,3643.0557,3732.9238,3589.2906,3730.4513,14800384700.0,195067170793.0,130.7512,3.6323,11644179.56,12.92,13.85,2.43,2.14,3599.7001
000300,沪深300指数,2019-05-13,3675.7597,3702.9012,3658.0004,3668.7255,10339186000.0,135053926707.4,-61.7258,-1.6546,11451509.59,12.73,13.63,2.47,2.18,3730.4513
000300,沪深300指数,2019-05-14,3630.4388,3683.2619,3630.4388,3645.1503,10231346000.0,135262868907.9,-23.5752,-0.6426,11377922.04,12.66,13.54,2.48,2.19,3668.7255
000300,沪深300指数,2019-05-15,3674.9931,3741.0406,3674.9931,3727.0923,11016176900.0,152534546781.4,81.942,2.248,11633693.79,12.91,13.84,2.43,2.15,3645.1503
000300,沪深300指数,2019-05-16,3720.039,3745.1405,3707.9032,3743.9635,11625827400.0,139851940057.3,16.8712,0.4527,11686355.29,12.97,13.91,2.42,2.14,3727.0923
000300,沪深300指数,2019-05-17,3744.8751,3745.3555,3637.5826,3648.7609,12845324500.0,154092349651.9,-95.2026,-2.5428,11389188.74,12.68,13.55,2.48,2.19,3743.9635
000300,沪深300指数,2019-05-20,3635.7357,3644.5,3583.8324,3617.7924,10896347700.0,134194262583.5,-30.9685,-0.8487,11292523.94,12.61,13.44,2.49,2.21,3648.7609
000300,沪深300指数,2019-05-21,3619.4369,3690.0884,3610.6817,3666.7762,11102292000.0,133071381088.8,48.9838,1.354,11445421.48,12.75,13.62,2.46,2.18,3617.7924
000300,沪深300指数,2019-05-22,3663.1533,3679.2727,3634.7479,3649.3796,9834612800.0,121775244162.9,-17.3966,-0.4744,11391104.77,12.7,13.55,2.47,2.19,3666.7762
000300,沪深300指数,2019-05-23,3629.5284,3631.4743,3578.1129,3583.9646,9989778100.0,125611969476.7,-65.415,-1.7925,11186919.61,12.51,13.31,2.51,2.23,3649.3796
000300,沪深300指数,2019-05-24,3584.9016,3623.3904,3580.7853,3593.9139,8093404800.0,101337496380.1,9.9493,0.2776,11217975.01,12.54,13.35,2.51,2.23,3583.9646
000300,沪深300指数,2019-05-27,3592.6027,3648.0267,3556.2567,3637.1971,10883087100.0,133399053907.7,43.2832,1.2043,11353078.06,12.67,13.5,2.48,2.2,3593.9139
000300,沪深300指数,2019-05-28,3633.0182,3683.2306,3627.7878,3672.2605,11788624000.0,148966334657.2,35.0634,0.964,11462524.24,12.78,13.64,2.46,2.18,3637.1971
000300,沪深300指数,2019-05-29,3642.5415,3693.2273,3637.3481,3663.909,9335544100.0,120002034236.9,-8.3515,-0.2274,11436456.02,12.76,13.6,2.46,2.18,3672.2605
000300,沪深300指数,2019-05-30,3648.8495,3650.9718,3612.6248,3641.1833,9420256100.0,112864079304.9,-22.7257,-0.6203,11365520.44,12.71,13.52,2.47,2.2,3663.909
000300,沪深300指数,2019-05-31,3640.9963,3668.1796,3627.5448,3629.7893,8922226700.0,108264201339.4,-11.394,-0.3129,11329955.42,12.66,13.48,2.41,2.33,3641.1833
000300,沪深300指数,2019-06-03,3640.6126,3672.8136,3613.1274,3632.0127,10072318000.0,123902446407.3,2.2234,0.0613,11336895.63,12.66,13.49,2.41,2.33,3629.7893
000300,沪深300指数,2019-06-04,3632.5602,3636.128,3584.4612,3598.4666,8709709400.0,109467236536.2,-33.5461,-0.9236,11232185.43,12.56,13.36,2.43,2.35,3632.0127
000300,沪深300指数,2019-06-05,3627.7947,3634.4536,3593.9515,3597.105,8864202000.0,114634228238.8,-1.3616,-0.0378,11227927.61,12.55,13.33,2.43,2.35,3598.4666
000300,沪深300指数,2019-06-06,3601.0356,3601.0356,3557.0167,3564.6778,8553440300.0,104367267723.8,-32.4272,-0.9015,11126637.88,12.45,13.22,2.45,2.37,3597.105
000300,沪深300指数,2019-06-10,3578.0084,3623.7301,3568.2787,3610.7435,9237506100.0,117346608912.5,46.0657,1.2923,11270425.25,12.57,13.39,2.43,2.34,3564.6778
000300,沪深300指数,2019-06-11,3617.5239,3723.1419,3617.5239,3719.2759,14348280600.0,180899072311.2,108.5324,3.0058,11609193.7,12.88,13.79,2.37,2.27,3610.7435
000300,沪深300指数,2019-06-12,3706.8635,3711.8793,3683.9394,3691.0957,11917885300.0,132296097905.4,-28.1802,-0.7577,11521232.43,12.79,13.68,2.38,2.29,3719.2759
000300,沪深300指数,2019-06-13,3689.5834,3697.5917,3654.2742,3685.3933,9633171800.0,110459901917.9,-5.7024,-0.1545,11503433.33,12.77,13.66,2.39,2.29,3691.0957
000300,沪深300指数,2019-06-14,3690.4763,3709.6521,3650.9096,3654.8799,10181700400.0,116584260575.4,-30.5134,-0.828,11408190.1,12.68,13.55,2.41,2.31,3685.3933
000300,沪深300指数,2019-06-17,3654.4433,3683.7743,3645.4982,3654.8248,7297667800.0,93092581297.8,-0.0551,-0.0015,11832186.05,12.89,13.69,2.35,2.29,3654.8799
000300,沪深300指数,2019-06-18,3661.1299,3675.6452,3638.78,3667.6185,7069226600.0,89472839848.3,12.7937,0.35,11873604.73,12.92,13.74,2.34,2.28,3654.8248
000300,沪深300指数,2019-06-19,3761.3381,3771.347,3715.1331,3715.9381,12559571500.0,172574177791.6,48.3196,1.3175,12030035.22,13.05,13.92,2.32,2.25,3667.6185
000300,沪深300指数,2019-06-20,3718.9416,3845.7912,3717.1857,3828.5183,16887207300.0,227726981966.3,112.5802,3.0297,12402356.26,13.4,14.35,2.26,2.19,3715.9381
000300,沪深300指数,2019-06-21,3832.7321,3856.0856,3817.3068,3833.9383,15363515500.0,199961617615.6,5.42,0.1416,12419911.3,13.4,14.32,2.25,2.18,3828.5183
000300,沪深300指数,2019-06-24,3836.3051,3853.5452,3819.7692,3841.2659,10008462100.0,143644731703.7,7.3276,0.1911,12443648.97,13.43,14.35,2.25,2.18,3833.9383
000300,沪深300指数,2019-06-25,3837.4259,3838.0578,3755.0099,3801.3098,12407591200.0,169358793347.0,-39.9561,-1.0402,12314212.64,13.31,14.2,2.27,2.2,3841.2659
000300,沪深300指数,2019-06-26,3779.5125,3809.758,3771.7164,3794.331,8182028300.0,112106859021.6,-6.9788,-0.1836,12291604.91,13.29,14.17,2.27,2.21,3801.3098
000300,沪深300指数,2019-06-27,3807.5376,3854.0801,3805.8328,3834.8172,10531635800.0,156483418190.2,40.4862,1.067,12422699.49,13.39,14.32,2.25,2.18,3794.331
000300,沪深300指数,2019-06-28,3832.0599,3835.2326,3803.0546,3825.5873,8476613900.0,116512050673.5,-9.2299,-0.2407,12392809.92,13.32,14.25,2.47,2.1,3834.8172
000300,沪深300指数,2019-07-01,3899.3313,3936.668,3886.909,3935.8116,15837034000.0,217470251110.9,110.2243,2.8812,12749876.5,13.65,14.66,2.41,2.04,3825.5873
000300,沪深300指数,2019-07-02,3931.0486,3942.4257,3918.9378,3937.1691,13186349600.0,173997045122.5,1.3575,0.0345,12754273.82,13.66,14.66,2.41,2.04,3935.8116
000300,沪深300指数,2019-07-03,3927.4365,3927.4365,3878.8405,3893.5341,11199260300.0,163145730935.4,-43.635,-1.1083,12613908.18,13.48,14.45,2.43,2.06,3937.1691
000300,沪深300指数,2019-07-04,3895.1978,3906.8894,3854.693,3873.1019,9934225600.0,142669255176.9,-20.4322,-0.5248,12547713.88,13.43,14.37,2.44,2.07,3893.5341
000300,沪深300指数,2019-07-05,3875.3736,3900.3095,3857.928,3893.2025,7400652700.0,116236522103.4,20.1006,0.519,12612829.01,13.47,14.44,2.43,2.06,3873.1019
000300,沪深300指数,2019-07-08,3875.7547,3875.7547,3775.0259,3802.7897,10953908600.0,147198419380.3,-90.4128,-2.3223,12319917.91,13.16,14.11,2.49,2.11,3893.2025
000300,沪深300指数,2019-07-09,3798.0954,3811.0993,3774.7641,3793.1297,7484273200.0,113147602951.3,-9.66,-0.254,12288622.55,13.13,14.07,2.5,2.11,3802.7897
000300,沪深300指数,2019-07-10,3807.9497,3810.396,3774.2304,3786.739,7283394800.0,101355477029.9,-6.3907,-0.1685,12267892.2,13.09,14.05,2.5,2.12,3793.1297
000300,沪深300指数,2019-07-11,3806.1855,3830.7387,3774.4137,3785.221,7531196500.0,113674616215.1,-1.518,-0.0401,12262974.89,13.09,14.04,2.5,2.12,3786.739
000300,沪深300指数,2019-07-12,3783.0733,3820.2354,3774.5224,3808.7311,7546596700.0,107007923971.2,23.5101,0.6211,12351832.94,13.17,14.13,2.49,2.1,3785.221
000300,沪深300指数,2019-07-15,3792.6409,3844.8683,3745.8549,3824.1878,10120522200.0,142493046609.8,15.4567,0.4058,12401959.54,13.21,14.18,2.48,2.09,3808.7311
000300,沪深300指数,2019-07-16,3819.2474,3828.3256,3799.8665,3806.8449,8073095200.0,108449682783.9,-17.3429,-0.4535,12345715.9,13.16,14.12,2.49,2.1,3824.1878
000300,沪深300指数,2019-07-17,3800.1064,3820.2713,3787.8973,3804.6384,9518388500.0,116766781137.8,-2.2065,-0.058,12338560.29,13.15,14.11,2.49,2.1,3806.8449
000300,沪深300指数,2019-07-18,3793.1893,3793.3916,3767.9958,3768.4019,8749644500.0,111669365488.3,-36.2365,-0.9524,12223577.12,13.04,13.98,2.51,2.12,3804.6384
000300,沪深300指数,2019-07-19,3787.5079,3828.1514,3787.5079,3807.9551,8808614900.0,117797528165.8,39.5532,1.0496,12351876.11,13.16,14.13,2.49,2.1,3768.4019
000300,沪深300指数,2019-07-22,3813.5022,3816.5387,3765.4428,3781.6832,9210137700.0,117810448145.9,-26.2719,-0.6899,12266657.91,13.07,14.03,2.5,2.12,3807.9551
000300,沪深300指数,2019-07-23,3783.5411,3792.9647,3768.7614,3789.9135,7131334600.0,103866608768.6,8.2303,0.2176,12293354.52,13.11,14.06,2.5,2.11,3781.6832
000300,沪深300指数,2019-07-24,3803.5867,3840.0579,3803.5738,3819.8325,9094068400.0,129940587223.4,29.919,0.7894,12390402.99,13.2,14.17,2.48,2.09,3789.9135
000300,沪深300指数,2019-07-25,3821.3898,3851.0665,3812.9532,3851.0665,9374041700.0,125899502555.2,31.234,0.8177,12491716.63,13.29,14.29,2.46,2.08,3819.8325
000300,沪深300指数,2019-07-26,3835.2281,3863.5878,3832.5223,3858.5688,8325930000.0,110929728703.6,7.5023,0.1948,12516051.81,13.32,14.31,2.46,2.07,3851.0665
000300,沪深300指数,2019-07-29,3857.9394,3862.7467,3842.426,3854.2704,8481437000.0,111679108840.3,-4.2984,-0.1114,12502109.06,13.31,14.3,2.46,2.08,3858.5688
000300,沪深300指数,2019-07-30,3861.5698,3890.7298,3861.5698,3870.3176,9412395500.0,120480280020.1,16.0472,0.4163,12554161.5,13.36,14.36,2.45,2.07,3854.2704
000300,沪深300指数,2019-07-31,3856.745,3856.745,3830.0914,3835.3589,8215115500.0,111083892777.4,-34.9587,-0.9033,12440766.0,13.26,14.23,2.45,2.18,3870.3176
000300,沪深300指数,2019-08-01,3819.3242,3831.2641,3791.546,3803.4694,8411418000.0,117649163850.3,-31.8895,-0.8315,12337325.93,13.15,14.11,2.47,2.2,3835.3589
000300,沪深300指数,2019-08-02,3729.1309,3754.5326,3720.0584,3747.4379,10833589700.0,141874787569.4,-56.0315,-1.4732,12155576.14,12.96,13.9,2.5,2.23,3803.4694
000300,沪深300指数,2019-08-05,3724.4097,3739.5031,3675.6884,3675.6884,10132598100.0,133061101375.6,-71.7495,-1.9146,11922842.12,12.71,13.64,2.55,2.28,3747.4379
000300,沪深300指数,2019-08-06,3609.1118,3649.8953,3575.8626,3636.3289,12983387100.0,167267479638.6,-39.3595,-1.0708,11795171.57,12.58,13.49,2.58,2.3,3675.6884
000300,沪深300指数,2019-08-07,3654.6323,3659.0778,3621.431,3621.431,8423871600.0,108667668029.8,-14.8979,-0.4097,11746847.14,12.53,13.44,2.59,2.31,3636.3289
000300,沪深300指数,2019-08-08,3651.3571,3675.4603,3646.9386,3669.2936,8845770700.0,114981616120.9,47.8626,1.3216,11902099.4,12.67,13.62,2.56,2.28,3621.431
000300,沪深300指数,2019-08-09,3686.7493,3689.1774,3628.1163,3633.5296,8529558000.0,116355689959.4,-35.764,-0.9747,11786091.4,12.58,13.49,2.58,2.3,3669.2936
000300,沪深300指数,2019-08-12,3647.8661,3699.1047,3643.3161,3699.1047,8208305600.0,121129345184.0,65.5751,1.8047,11998797.84,12.78,13.73,2.54,2.26,3633.5296
000300,沪深300指数,2019-08-13,3675.5868,3686.4302,3658.0126,3665.7515,7650030200.0,103764319440.6,-33.3532,-0.9017,11890609.69,12.68,13.61,2.56,2.28,3699.1047
000300,沪深300指数,2019-08-14,3712.0657,3717.5579,3680.6086,3682.4015,9120259000.0,128301671072.6,16.65,0.4542,11944617.48,12.74,13.67,2.55,2.27,3665.7515
000300,沪深300指数,2019-08-15,3618.0092,3694.2985,3612.1108,3694.0006,8859883200.0,119241082583.3,11.5991,0.315,11982241.37,12.78,13.71,2.54,2.27,3682.4015
000300,沪深300指数,2019-08-16,3697.9407,3738.0964,3687.0751,3710.5386,8831916900.0,132696910341.1,16.538,0.4477,12035885.75,12.82,13.77,2.53,2.26,3694.0006
000300,沪深300指数,2019-08-19,3736.0344,3791.0946,3720.6894,3791.0946,13932701300.0,195448939475.6,80.556,2.171,12301415.38,13.07,14.06,2.48,2.21,3710.5386
000300,沪深300指数,2019-08-20,3786.026,3799.8977,3778.7306,3787.7324,10860208800.0,149115340694.9,-3.3622,-0.0887,12290510.11,13.05,14.05,2.48,2.21,3791.0946
000300,沪深300指数,2019-08-21,3778.3091,3792.5955,3775.4474,3781.7579,8229988000.0,121688505094.9,-5.9745,-0.1577,12271124.03,13.04,14.02,2.49,2.21,3787.7324
000300,沪深300指数,2019-08-22,3793.8552,3797.329,3771.2048,3793.5061,8580779200.0,120708136081.1,11.7482,0.3107,12309244.75,13.06,14.07,2.48,2.21,3781.7579
000300,沪深300指数,2019-08-23,3796.8821,3829.3607,3788.0345,3820.8638,8795458300.0,137802154001.2,27.3577,0.7212,12398015.55,13.14,14.17,2.47,2.19,3793.5061
000300,沪深300指数,2019-08-26,3756.3618,3778.8665,3753.1646,3765.9105,9385926900.0,142350985497.0,-54.9533,-1.4382,12219701.84,12.97,13.97,2.5,2.22,3820.8638
000300,沪深300指数,2019-08-27,3791.4587,3848.2358,3790.873,3816.9459,12473147800.0,181748784078.5,51.0354,1.3552,12385302.76,13.15,14.16,2.47,2.19,3765.9105
000300,沪深300指数,2019-08-28,3818.8125,3822.5883,3790.1384,3802.5844,8875081200.0,137667277244.2,-14.3615,-0.3763,12338701.97,13.1,14.1,2.47,2.2,3816.9459
000300,沪深300指数,2019-08-29,3805.494,3808.5954,3774.3968,3790.1867,8408338700.0,126475676638.3,-12.3977,-0.326,12298473.77,13.07,14.06,2.48,2.21,3802.5844
000300,沪深300指数,2019-08-30,3816.678,3828.9698,3778.9189,3799.5863,9669515000.0,152408668676.4,9.3996,0.248,12328973.94,13.09,14.1,2.51,2.24,3790.1867
000300,沪深300指数,2019-09-02,3803.689,3855.7768,3799.8166,3848.3198,11028934900.0,164994458613.0,48.7335,1.2826,12487105.26,13.39,14.48,2.48,2.21,3799.5863
000300,沪深300指数,2019-09-03,3852.5794,3856.6813,3833.7571,3853.6106,9771463100.0,146270633848.5,5.2908,0.1375,12504272.97,13.42,14.49,2.48,2.21,3848.3198
000300,沪深300指数,2019-09-04,3848.6483,3886.0012,3846.4215,3886.0012,12662861500.0,176839744818.6,32.3906,0.8405,12609374.58,13.53,14.62,2.46,2.19,3853.6106
000300,沪深300指数,2019-09-05,3909.2087,3970.0038,3909.2087,3925.323,18165623100.0,244681225480.7,39.3218,1.0119,12739929.83,13.66,14.76,2.43,2.17,3886.0012
000300,沪深300指数,2019-09-06,3946.6854,3948.5397,3922.3361,3948.5075,12188237600.0,181718270030.7,23.1845,0.5906,12815176.9,13.73,14.84,2.42,2.16,3925.323
000300,沪深300指数,2019-09-09,3980.9577,3985.239,3954.8755,3972.9484,14680975400.0,209545387190.9,24.4409,0.619,12894501.61,13.8,14.92,2.4,2.14,3948.5075
000300,沪深300指数,2019-09-10,3976.8697,3976.9225,3938.7441,3959.265,13088938600.0,184494349873.8,-13.6834,-0.3444,12850091.2,13.77,14.87,2.41,2.15,3972.9484
000300,沪深300指数,2019-09-11,3969.6757,3971.2237,3922.9531,3930.0999,13159487500.0,190165007511.9,-29.1651,-0.7366,12755433.61,13.69,14.77,2.43,2.17,3959.265
000300,沪深300指数,2019-09-12,3944.6917,3975.9311,3933.4366,3972.3799,11024127300.0,156750653137.8,42.28,1.0758,12892656.51,13.81,14.92,2.4,2.14,3930.0999
000300,沪深300指数,2019-09-16,3981.3616,3982.204,3943.3734,3957.7154,11025980500.0,154736552348.1,-14.6645,-0.3692,12845061.97,13.78,14.87,2.41,2.15,3972.3799
000300,沪深300指数,2019-09-17,3947.1577,3947.1577,3879.4852,3891.2208,11369431700.0,154899299888.1,-66.4946,-1.6801,12629248.64,13.56,14.62,2.45,2.19,3957.7154
000300,沪深300指数,2019-09-18,3902.9947,3923.1462,3902.5109,3910.0837,8205615200.0,130159557671.9,18.8629,0.4848,12702783.78,13.61,14.69,2.44,2.18,3891.2208
000300,沪深300指数,2019-09-19,3923.9631,3924.3823,3897.0666,3924.3823,8598423800.0,127421791159.0,14.2986,0.3657,12749235.9,13.65,14.74,2.43,2.17,3910.0837
000300,沪深300指数,2019-09-20,3933.4594,3942.224,3921.4124,3935.6511,10345595500.0,153162588494.8,11.2688,0.2871,12785845.17,13.7,14.78,2.42,2.16,3924.3823
000300,沪深300指数,2019-09-23,3925.1858,3925.1858,3868.214,3890.6616,9403622500.0,139223506453.0,-44.9895,-1.1431,12639686.86,13.55,14.61,2.45,2.19,3935.6511
000300,沪深300指数,2019-09-24,3895.8661,3927.0115,3886.1404,3901.0758,8778323000.0,142341399678.9,10.4142,0.2677,12673519.57,13.58,14.65,2.44,2.18,3890.6616
000300,沪深300指数,2019-09-25,3887.5548,3889.839,3867.2277,3870.9837,8952083500.0,133224463638.3,-30.0921,-0.7714,12579973.46,13.47,14.54,2.46,2.2,3901.0758
000300,沪深300指数,2019-09-26,3884.7022,3890.7452,3840.2472,3841.1388,10269830100.0,150806750012.6,-29.8449,-0.771,12482983.25,13.38,14.43,2.48,2.21,3870.9837
000300,沪深300指数,2019-09-27,3843.4584,3859.5003,3832.2466,3852.6534,7400394700.0,109130484004.3,11.5146,0.2998,12520403.35,13.4,14.47,2.47,2.21,3841.1388
000300,沪深300指数,2019-09-30,3842.0741,3857.2319,3813.5491,3814.5282,6593131300.0,100487271138.0,-38.1252,-0.9896,12396503.65,13.29,14.33,2.48,2.23,3852.6534
000300,沪深300指数,2019-10-08,3818.5894,3861.6429,3818.5894,3837.6791,7665786000.0,118365682514.5,23.1509,0.6069,12471740.7,13.35,14.41,2.46,2.22,3814.5282
000300,沪深300指数,2019-10-09,3822.6068,3845.3403,3805.0671,3843.2392,7585451200.0,112406207027.5,5.5601,0.1449,12489809.79,13.38,14.44,2.46,2.22,3837.6791
000300,沪深300指数,2019-10-10,3838.4865,3877.142,3829.4328,3874.6391,7922269400.0,127474042852.5,31.3999,0.817,12591853.76,13.47,14.55,2.44,2.2,3843.2392
000300,沪深300指数,2019-10-11,3885.5198,3922.3694,3868.8417,3911.7253,9341257700.0,139817298256.0,37.0862,0.9572,12712377.0,13.61,14.69,2.42,2.18,3874.6391
000300,沪深300指数,2019-10-14,3944.8593,3983.8117,3934.7325,3953.2411,12239361100.0,167857131154.3,41.5158,1.0613,12847295.42,13.76,14.85,2.39,2.15,3911.7253
000300,沪深300指数,2019-10-15,3953.1645,3953.1645,3928.151,3936.2498,8527394900.0,125117107010.6,-16.9913,-0.4298,12792077.03,13.7,14.79,2.4,2.16,3953.2411
000300,沪深300指数,2019-10-16,3939.276,3964.0456,3919.0169,3922.6854,8322970700.0,128558533503.4,-13.5644,-0.3446,12747995.11,13.65,14.74,2.41,2.17,3936.2498
000300,沪深300指数,2019-10-17,3929.386,3935.8123,3913.9173,3925.2216,6486374500.0,99991850408.9,2.5362,0.0647,12756237.35,13.66,14.75,2.41,2.17,3922.6854
000300,沪深300指数,2019-10-18,3935.4199,3940.5409,3864.9652,3869.3777,8232114000.0,122186927130.1,-55.8439,-1.4227,12574754.96,13.49,14.54,2.44,2.2,3925.2216
000300,沪深300指数,2019-10-21,3865.3436,3884.7447,3856.0374,3880.8398,7418291800.0,110858235839.2,11.4621,0.2962,12612004.65,13.55,14.58,2.43,2.19,3869.3777
000300,沪深300指数,2019-10-22,3896.3149,3897.4352,3870.5486,3895.8809,6891856600.0,102843371160.8,15.0411,0.3876,12660885.69,13.59,14.64,2.42,2.19,3880.8398
000300,沪深300指数,2019-10-23,3892.6766,3901.4243,3862.1965,3871.0848,7019862500.0,99733598352.8,-24.7961,-0.6365,12580302.7,13.53,14.54,2.43,2.2,3895.8809
000300,沪深300指数,2019-10-24,3877.9239,3890.1955,3852.5828,3870.6678,7133457500.0,105096951646.5,-0.417,-0.0108,12578947.53,13.53,14.54,2.43,2.2,3871.0848
000300,沪深300指数,2019-10-25,3871.7687,3899.7223,3849.0337,3896.7923,7745362000.0,126677483957.3,26.1245,0.6749,12663847.46,13.62,14.64,2.42,2.19,3870.6678
000300,沪深300指数,2019-10-28,3904.9824,3927.7959,3897.8175,3926.585,9740602000.0,150762201736.5,29.7927,0.7645,12760668.25,13.71,14.75,2.4,2.17,3896.7923
000300,沪深300指数,2019-10-29,3929.7077,3932.3745,3910.226,3910.226,8225707500.0,139611420265.5,-16.359,-0.4166,12707504.53,13.63,14.69,2.41,2.18,3926.585
000300,沪深300指数,2019-10-30,3904.7172,3908.0999,3883.4468,3891.2255,7787292300.0,122610501731.0,-19.0005,-0.4859,12645756.23,13.59,14.62,2.42,2.19,3910.226
000300,沪深300指数,2019-10-31,3906.8593,3907.1505,3878.8757,3886.7519,8671453900.0,135012425538.5,-4.4736,-0.115,12631218.05,13.56,14.6,2.42,2.19,3891.2255
000300,沪深300指数,2019-11-01,3883.8084,3956.0797,3876.4164,3952.3872,10068961200.0,151471061323.2,65.6353,1.6887,12844520.32,13.77,14.89,2.39,2.15,3886.7519
000300,沪深300指数,2019-11-04,3964.0052,3985.3573,3964.0052,3978.1216,10419385500.0,154485361811.7,25.7344,0.6511,12928152.52,13.86,14.98,2.37,2.14,3952.3872
000300,沪深300指数,2019-11-05,3982.1155,4030.6381,3970.8664,4002.8128,11291188000.0,163317856088.8,24.6912,0.6207,13008394.36,13.94,15.08,2.36,2.12,3978.1216
000300,沪深300指数,2019-11-06,4006.327,4007.5012,3973.7762,3984.8816,9731295200.0,139859763470.3,-17.9312,-0.448,12950121.15,13.89,15.01,2.37,2.13,4002.8128
000300,沪深300指数,2019-11-07,3984.5529,4005.3829,3975.5475,3991.8749,8725489800.0,117751554346.6,6.9933,0.1755,12972847.97,13.89,15.04,2.37,2.13,3984.8816
000300,沪深300指数,2019-11-08,4017.6742,4022.0362,3971.5726,3973.0107,9710694800.0,139026673427.0,-18.8642,-0.4726,12911542.84,13.83,14.97,2.38,2.14,3991.8749
000300,沪深300指数,2019-11-11,3948.6186,3948.6186,3897.5504,3902.9783,9415562100.0,130330082289.2,-70.0324,-1.7627,12683950.83,13.59,14.71,2.42,2.18,3973.0107
000300,沪深300指数,2019-11-12,3905.9584,3914.8821,3877.7397,3903.6888,7654306900.0,108828235839.0,0.7105,0.0182,12686259.61,13.61,14.71,2.41,2.18,3902.9783
000300,沪深300指数,2019-11-13,3905.2831,3908.4196,3882.4314,3899.9815,7674907800.0,112057146508.0,-3.7073,-0.095,12674211.71,13.57,14.69,2.42,2.18,3903.6888
000300,沪深300指数,2019-11-14,3905.9284,3916.9459,3895.1415,3905.857,8700844600.0,119791566838.8,5.8755,0.1507,12694888.88,13.58,14.71,2.42,2.18,3899.9815
000300,沪深300指数,2019-11-15,3908.4891,3915.1049,3877.0892,3877.0892,8373091700.0,115423020916.5,-28.7678,-0.7365,12601387.28,13.5,14.61,2.43,2.19,3905.857
000300,沪深300指数,2019-11-18,3874.4405,3913.1029,3868.3166,3907.9291,7664599300.0,107085819889.1,30.8399,0.7954,12701623.7,13.59,14.72,2.42,2.17,3877.0892
000300,沪深300指数,2019-11-19,3904.0996,3947.0392,3902.3776,3947.0392,8216102500.0,123227172612.2,39.1101,1.0008,12828740.13,13.71,14.87,2.4,2.15,3907.9291
000300,沪深300指数,2019-11-20,3940.1344,3943.2273,3901.9865,3907.8641,7681533300.0,118003062733.2,-39.1751,-0.9925,12701412.55,13.59,14.72,2.42,2.17,3947.0392
000300,沪深300指数,2019-11-21,3894.539,3901.8262,3875.9682,3889.598,6913053800.0,104147769297.8,-18.2661,-0.4674,12642043.68,13.54,14.66,2.43,2.18,3907.8641
000300,沪深300指数,2019-11-22,3894.1742,3918.8385,3833.5033,3849.9948,9104263900.0,146981162089.7,-39.6032,-1.0182,12513324.42,13.42,14.51,2.45,2.21,3889.598
000300,沪深300指数,2019-11-25,3850.966,3878.2507,3839.4201,3878.2061,10606628900.0,140851076272.2,28.2113,0.7328,12605017.28,13.52,14.62,2.43,2.19,3849.9948
000300,沪深300指数,2019-11-26,3893.4349,3899.1097,3869.5948,3891.6533,11151353700.0,140213633064.6,13.4472,0.3467,12648723.62,13.58,14.67,2.42,2.18,3878.2061
000300,沪深300指数,2019-11-27,3883.429,3889.9783,3862.7011,3875.6186,7643730500.0,107238822033.2,-16.0347,-0.412,12596607.33,13.53,14.61,2.43,2.19,3891.6533
000300,沪深300指数,2019-11-28,3877.9012,3887.6903,3852.0105,3862.3029,6523011900.0,87081788912.3,-13.3157,-0.3436,12553328.59,13.47,14.56,2.44,2.2,3875.6186
000300,沪深300指数,2019-11-29,3857.1883,3861.6584,3804.8291,3828.6706,7414433100.0,116200556869.0,-33.6323,-0.8708,12449941.97,13.36,14.43,2.46,2.22,3862.3029
000300,沪深300指数,2019-12-02,3835.5128,3854.7509,3829.3126,3836.0589,7741217300.0,109992592541.0,7.3883,0.193,12473967.03,13.38,14.46,2.46,2.21,3828.6706
000300,沪深300指数,2019-12-03,3829.212,3851.1205,3811.6281,3851.0873,7361124000.0,108703714965.2,15.0284,0.3918,12522835.73,13.42,14.51,2.45,2.21,3836.0589
000300,沪深300指数,2019-12-04,3841.6627,3852.9922,3831.0747,3849.819,7968338500.0,109646342795.8,-1.2683,-0.0329,12518711.5,13.39,14.51,2.46,2.21,3851.0873
000300,沪深300指数,2019-12-05,3863.6086,3883.4031,3859.8223,3879.3638,8905119300.0,129357592811.8,29.5448,0.7674,12614784.31,13.49,14.62,2.44,2.19,3849.819
000300,沪深300指数,2019-12-06,3885.0582,3902.3853,3878.7002,3902.3853,7864888700.0,116424775801.9,23.0215,0.5934,12689644.97,13.55,14.7,2.43,2.18,3879.3638
000300,沪深300指数,2019-12-09,3909.5297,3911.9682,3885.2507,3895.4468,9535380600.0,130873098246.3,-6.9385,-0.1778,12667082.38,13.54,14.67,2.43,2.18,3902.3853
000300,沪深300指数,2019-12-10,3886.444,3900.959,3882.0877,3900.3843,8626292800.0,121118412751.4,4.9375,0.1268,12683138.11,13.54,14.69,2.43,2.18,3895.4468
000300,沪深300指数,2019-12-11,3907.1592,3909.3854,3890.341,3902.7492,9976548000.0,127690403434.4,2.3649,0.0606,12690828.1,13.57,14.7,2.42,2.18,3900.3843
000300,沪深300指数,2019-12-12,3908.4537,3908.4537,3886.1188,3891.0242,8470833000.0,117874313734.4,-11.725,-0.3004,12654409.01,13.53,14.65,2.43,2.18,3902.7492
000300,沪深300指数,2019-12-13,3928.0044,3969.4568,3925.2757,3968.2211,14857134900.0,201018885799.2,77.1969,1.984,12905469.39,13.8,14.94,2.38,2.14,3891.0242
000300,沪深300指数,2019-12-16,3970.7092,3987.5866,3953.5126,3987.5464,14848667000.0,202154895254.4,19.3253,0.487,13417958.34,14.12,15.29,2.33,2.1,3968.2211
000300,沪深300指数,2019-12-17,3987.7426,4067.1355,3984.5193,4041.7996,20116293700.0,251637865287.6,54.2532,1.3606,13600518.34,14.3,15.5,2.3,2.07,3987.5464
000300,沪深300指数,2019-12-18,4039.724,4057.64,4025.3433,4032.7826,15135176400.0,197620207485.1,-9.017,-0.2231,13570176.69,14.27,15.47,2.31,2.07,4041.7996
000300,沪深300指数,2019-12-19,4034.6159,4038.5435,4014.8951,4027.1495,11790055800.0,152553809116.6,-5.6331,-0.1397,13551221.39,14.26,15.44,2.31,2.08,4032.7826
000300,沪深300指数,2019-12-20,4032.1519,4046.7261,4014.9296,4017.2527,12126766200.0,158460232416.6,-9.8968,-0.2458,13517919.03,14.23,15.41,2.32,2.08,4027.1495
000300,沪深300指数,2019-12-23,4014.6929,4032.1721,3964.3798,3967.0962,12281624600.0,162048261474.0,-50.1565,-1.2485,13349144.07,14.04,15.22,2.35,2.11,4017.2527
000300,沪深300指数,2019-12-24,3971.56,3994.5092,3963.6653,3992.9581,9598904500.0,122499163329.3,25.8619,0.6519,13436168.65,14.12,15.32,2.33,2.09,3967.0962
000300,沪深300指数,2019-12-25,3988.6574,4000.5556,3976.3559,3990.8671,9493889000.0,131896466969.0,-2.091,-0.0524,13429132.49,14.11,15.31,2.33,2.09,3992.9581
000300,沪深300指数,2019-12-26,3993.6686,4025.9879,3993.5413,4025.9879,10886064000.0,140814968242.6,35.1208,0.88,13549124.38,14.23,15.44,2.31,2.08,3990.8671
000300,沪深300指数,2019-12-27,4029.2454,4066.7964,4019.7223,4022.0278,15092641100.0,195090417041.7,-3.9601,-0.0984,13535796.81,14.23,15.43,2.32,2.08,4025.9879
000300,沪深300指数,2019-12-30,4015.5195,4083.6901,4001.4951,4081.6334,15597148800.0,216814660017.4,59.6056,1.482,13736394.62,14.42,15.66,2.28,2.05,4022.0278
000300,沪深300指数,2019-12-31,4077.7519,4098.1444,4069.0086,4096.5821,12326425800.0,173119348509.7,14.9487,0.3662,13786703.26,14.46,15.71,2.27,2.04,4081.6334
000300,沪深300指数,2020-01-02,4121.3487,4172.6555,4121.3487,4152.2408,18211677200.0,270105532027.6,55.6587,1.3587,13974018.03,14.64,15.92,2.24,2.01,4096.5821
000300,沪深300指数,2020-01-03,4161.2185,4164.2989,4131.864,4144.9649,14282624400.0,215216288331.3,-7.2759,-0.1752,13949531.44,14.62,15.89,2.25,2.02,4152.2408
000300,沪深300指数,2020-01-06,4120.5211,4170.6384,4102.3796,4129.2954,17530995300.0,250182071293.9,-15.6695,-0.378,13896797.22,14.58,15.83,2.25,2.02,4144.9649
000300,沪深300指数,2020-01-07,4137.4019,4161.2504,4135.0972,4160.2274,13948903100.0,196389059714.7,30.932,0.7491,14008719.53,14.68,15.96,2.24,2.01,4129.2954
000300,沪深300指数,2020-01-08,4139.6315,4149.813,4101.9801,4112.3172,16758585000.0,212406263857.3,-47.9102,-1.1516,13847391.83,14.51,15.78,2.26,2.03,4160.2274
000300,沪深300指数,2020-01-09,4145.5345,4165.6574,4143.592,4164.3697,13688632400.0,200150352941.6,52.0525,1.2658,14022667.96,14.66,15.97,2.24,2.01,4112.3172
000300,沪深300指数,2020-01-10,4177.5777,4180.9771,4148.4817,4163.1849,11303171900.0,177827413709.3,-1.1848,-0.0285,14018678.39,14.66,15.97,2.24,2.01,4164.3697
000300,沪深300指数,2020-01-13,4166.9254,4203.9883,4148.6007,4203.9883,11969198200.0,199795489709.1,40.8034,0.9801,14156075.52,14.78,16.13,2.22,1.99,4163.1849
000300,沪深300指数,2020-01-14,4215.1578,4223.5078,4188.0809,4189.8862,12932078300.0,196221263395.6,-14.1021,-0.3354,14108589.81,14.74,16.08,2.23,1.99,4203.9883
000300,沪深300指数,2020-01-15,4186.881,4193.8686,4150.8799,4166.7344,10463313600.0,163081930622.4,-23.1518,-0.5526,14030630.57,14.65,15.98,2.24,2.0,4189.8862
000300,沪深300指数,2020-01-16,4174.8172,4175.2938,4142.1795,4149.0434,10026764200.0,156242505812.0,-17.691,-0.4246,13971059.78,14.57,15.91,2.25,2.01,4166.7344
000300,沪深300指数,2020-01-17,4162.1939,4177.0282,4141.6448,4154.853,9872568200.0,166591591594.3,5.8096,0.14,13990622.56,14.58,15.93,2.25,2.01,4149.0434
000300,沪深300指数,2020-01-20,4170.7365,4185.9629,4149.4879,4185.8304,12240914700.0,202692287441.8,30.9774,0.7456,14094932.51,14.68,16.04,2.24,2.0,4154.853
000300,沪深300指数,2020-01-21,4165.0203,4165.0203,4113.3251,4114.3085,13052750700.0,204586880493.9,-71.5219,-1.7087,13854097.07,14.45,15.77,2.27,2.03,4185.8304
000300,沪深300指数,2020-01-22,4093.8009,4141.1772,4046.4866,4131.9311,12675876300.0,208136150791.5,17.6226,0.4283,13913437.79,14.51,15.83,2.26,2.02,4114.3085
000300,沪深300指数,2020-01-23,4093.3229,4103.5244,3972.3933,4003.9013,16035760300.0,250409357700.7,-128.0298,-3.0985,13482323.37,14.11,15.34,2.33,2.09,4131.9311
000300,沪深300指数,2020-02-03,3639.9089,3732.1572,3639.9089,3688.3578,15755964700.0,243303105385.9,-315.5435,-7.8809,12419794.64,13.02,14.14,2.52,2.26,4003.9013
000300,沪深300指数,2020-02-04,3652.0035,3786.8629,3652.0035,3785.6376,21393332800.0,298165767621.4,97.2798,2.6375,12744896.79,13.32,14.51,2.46,2.21,3688.3578
000300,沪深300指数,2020-02-05,3801.099,3866.0108,3781.613,3828.5272,17492552400.0,264042920865.7,42.8896,1.133,12889290.99,13.46,14.67,2.44,2.18,3785.6376
000300,沪深300指数,2020-02-06,3841.7537,3914.915,3806.9601,3899.7751,17646223500.0,262820088451.9,71.2479,1.861,13129157.27,13.69,14.94,2.4,2.14,3828.5272
000300,沪深300指数,2020-02-07,3879.5531,3899.8837,3849.7127,3899.8693,15173175900.0,237508816255.6,0.0942,0.0024,13129474.64,13.69,14.94,2.4,2.14,3899.7751
000300,沪深300指数,2020-02-10,3872.3738,3920.1667,3861.0066,3916.0052,14840696900.0,229625441895.6,16.1359,0.4138,13183798.44,13.74,15.0,2.39,2.13,3899.8693
000300,沪深300指数,2020-02-11,3926.4204,3970.5221,3915.7077,3952.4643,14344167400.0,219307119361.3,36.4591,0.931,13306543.06,13.86,15.14,2.37,2.11,3916.0052
000300,沪深300指数,2020-02-12,3945.6663,3984.4325,3940.6667,3984.4325,12671032100.0,200776706549.8,31.9682,0.8088,13414168.77,13.96,15.27,2.35,2.1,3952.4643
000300,沪深300指数,2020-02-13,3985.8757,3999.5495,3950.1422,3959.9188,14500184300.0,228605964793.4,-24.5137,-0.6152,13331639.72,13.88,15.17,2.36,2.11,3984.4325
000300,沪深300指数,2020-02-14,3954.234,4001.5627,3954.0233,3987.7342,14323980300.0,222895073624.8,27.8154,0.7024,13425284.44,13.96,15.28,2.35,2.1,3959.9188
000300,沪深300指数,2020-02-17,3999.6511,4077.4464,3999.6511,4077.4241,18277896900.0,273067817277.8,89.6899,2.2491,13727238.53,14.26,15.61,2.3,2.05,3987.7342
000300,沪深300指数,2020-02-18,4069.8315,4076.388,4027.7859,4057.5108,16323622000.0,242552517334.4,-19.9133,-0.4884,13660197.33,14.19,15.53,2.31,2.06,4077.4241
000300,沪深300指数,2020-02-19,4049.5862,4085.1704,4042.8451,4051.3107,16904644100.0,257554535729.8,-6.2001,-0.1528,13639323.97,14.18,15.51,2.31,2.06,4057.5108
000300,沪深300指数,2020-02-20,4062.8968,4148.5287,4055.8105,4144.6561,21223262400.0,310835589162.3,93.3454,2.3041,13953584.77,14.47,15.87,2.27,2.02,4051.3107
000300,沪深300指数,2020-02-21,4134.8747,4184.4379,4130.1677,4149.4903,21721360400.0,326564003558.5,4.8342,0.1166,13969859.64,14.49,15.88,2.26,2.01,4144.6561
000300,沪深300指数,2020-02-24,4131.8364,4149.0102,4097.1753,4132.8388,21286930300.0,326387800605.7,-16.6515,-0.4013,13913799.85,14.42,15.8,2.27,2.02,4149.4903
000300,沪深300指数,2020-02-25,4066.302,4126.7075,4020.9075,4123.8543,24416783100.0,372213717029.5,-8.9845,-0.2174,13883552.37,14.35,15.75,2.28,2.03,4132.8388
000300,沪深300指数,2020-02-26,4070.0994,4132.7817,4061.125,4073.0152,26109406100.0,366022417907.4,-50.8391,-1.2328,13712395.08,14.21,15.57,2.3,2.05,4123.8543
000300,沪深300指数,2020-02-27,4084.0782,4110.5275,4067.4408,4084.8759,18129098100.0,282050206371.0,11.8607,0.2912,13752325.91,14.23,15.61,2.3,2.05,4073.0152
000300,沪深300指数,2020-02-28,3988.7274,4031.1453,3928.0663,3940.0488,23027509300.0,330358907265.5,-144.8271,-3.5454,13264744.41,13.74,15.06,2.37,2.1,4084.8759
000300,沪深300指数,2020-03-02,3968.8435,4092.5394,3968.8435,4069.6662,21931355900.0,317426205457.1,129.6174,3.2897,13701120.19,14.16,15.55,2.3,2.03,3940.0488
000300,沪深300指数,2020-03-03,4125.1356,4147.6525,4067.9094,4091.3615,21936977700.0,330802584618.9,21.6953,0.5331,13774160.59,14.24,15.64,2.29,2.02,4069.6662
000300,沪深300指数,2020-03-04,4078.4998,4115.2618,4060.729,4115.0524,18242473000.0,281784863844.9,23.6909,0.579,13853919.42,14.32,15.74,2.28,2.01,4091.3615
000300,沪深300指数,2020-03-05,4150.21,4215.8513,4127.0386,4206.7251,23182311500.0,362838831775.5,91.6727,2.2277,14162548.86,14.62,16.09,2.23,1.97,4115.0524
000300,沪深300指数,2020-03-06,4158.2021,4181.3102,4135.3901,4138.5072,17247571700.0,253168631958.9,-68.2179,-1.6216,13932883.63,14.4,15.83,2.26,2.0,4206.7251
000300,沪深300指数,2020-03-09,4063.076,4063.076,3995.1313,3997.1325,20810203500.0,305428730303.8,-141.3747,-3.4161,13456925.07,13.95,15.29,2.34,2.07,4138.5072
000300,沪深300指数,2020-03-10,3975.2288,4093.0024,3954.7506,4082.7315,19741640200.0,296184435851.3,85.599,2.1415,13745106.39,14.22,15.61,2.29,2.03,3997.1325
000300,沪深300指数,2020-03-11,4090.9348,4091.2704,4028.3964,4028.4289,16165611100.0,244990872685.9,-54.3026,-1.3301,13562288.97,14.06,15.4,2.32,2.05,4082.7315
000300,沪深300指数,2020-03-12,3976.1139,3987.4336,3926.2704,3950.9111,15706045800.0,233152848759.1,-77.5178,-1.9243,13301314.02,13.81,15.11,2.36,2.09,4028.4289
000300,沪深300指数,2020-03-13,3771.0139,3937.1806,3765.1479,3895.3128,18829672200.0,280213453213.7,-55.5983,-1.4072,13114134.35,13.63,14.89,2.39,2.12,3950.9111
000300,沪深300指数,2020-03-16,3899.8598,3899.8598,3720.5127,3727.8398,18596826000.0,282836238271.2,-167.473,-4.2993,12565155.93,13.13,14.28,2.48,2.22,3895.3128
000300,沪深300指数,2020-03-17,3739.7833,3786.8908,3618.307,3709.6822,16624612900.0,250824025696.9,-18.1576,-0.4871,12503953.54,13.07,14.23,2.5,2.23,3727.8398
000300,沪深300指数,2020-03-18,3729.6853,3775.8506,3636.2565,3636.2565,15503754700.0,244127161535.3,-73.4257,-1.9793,12256462.85,12.83,13.95,2.54,2.27,3709.6822
000300,沪深300指数,2020-03-19,3623.789,3647.9874,3503.1866,3589.0926,18080740700.0,271827467961.6,-47.1639,-1.297,12106256.88,12.65,13.76,2.58,2.3,3636.2565
000300,沪深300指数,2020-03-20,3629.5126,3663.9517,3588.7766,3653.2239,13960300000.0,211223073323.1,64.1313,1.7868,12322576.18,12.87,14.01,2.53,2.26,3589.0926
000300,沪深300指数,2020-03-23,3542.6837,3585.8014,3523.7877,3530.3058,13710879000.0,197669624970.1,-122.9181,-3.3646,11912684.58,12.46,13.54,2.62,2.34,3653.2239
000300,沪深300指数,2020-03-24,3598.6548,3627.7592,3545.4524,3625.1146,14310302100.0,208553840688.5,94.8088,2.6856,12232608.02,12.78,13.91,2.55,2.28,3530.3058
000300,沪深300指数,2020-03-25,3711.4753,3732.6536,3685.9942,3722.5181,15349595800.0,231561518761.2,97.4035,2.6869,12565545.47,13.1,14.28,2.49,2.22,3625.1146
000300,沪深300指数,2020-03-26,3692.6083,3736.2536,3681.2668,3698.0472,11231066500.0,169336311861.4,-24.4709,-0.6574,12482942.68,13.02,14.19,2.51,2.23,3722.5181
000300,沪深300指数,2020-03-27,3746.3914,3758.7827,3709.9213,3710.0605,12406099500.0,186103426334.7,12.0133,0.3249,12523494.23,13.07,14.24,2.5,2.22,3698.0472
000300,沪深300指数,2020-03-30,3657.4624,3690.6388,3637.5853,3674.1108,12687667300.0,180640799409.3,-35.9497,-0.969,12402143.98,12.96,14.1,2.52,2.25,3710.0605
000300,沪深300指数,2020-03-31,3708.1404,3716.0707,3676.2024,3686.1551,11145302500.0,161595510008.2,12.0443,0.3278,12443057.31,12.99,14.15,2.51,2.23,3674.1108
000300,沪深300指数,2020-04-01,3682.2966,3731.7799,3670.9653,3675.0758,11935262000.0,170422568804.4,-11.0793,-0.3006,12405657.89,12.94,14.11,2.52,2.24,3686.1551
000300,沪深300指数,2020-04-02,3656.3225,3734.5306,3652.3167,3734.5306,11516820900.0,168893255656.6,59.4548,1.6178,12606354.62,13.15,14.33,2.48,2.2,3675.0758
000300,沪深300指数,2020-04-03,3721.4815,3738.8323,3698.9822,3713.2183,9982508300.0,150132815028.5,-21.3123,-0.5707,12534412.29,13.08,14.26,2.49,2.22,3734.5306
000300,沪深300指数,2020-04-07,3779.9076,3803.6286,3772.2054,3798.0214,14277803000.0,207642820316.9,84.8031,2.2838,12822217.75,13.35,14.58,2.44,2.17,3713.2183
000300,沪深300指数,2020-04-08,3776.4171,3793.0023,3767.2924,3780.3445,11138951300.0,161576772320.2,-17.6769,-0.4654,12762540.11,13.29,14.52,2.45,2.18,3798.0214
000300,沪深300指数,2020-04-09,3798.4879,3801.7245,3785.3116,3792.8105,10048503200.0,154595318812.8,12.466,0.3298,12804625.73,13.32,14.56,2.44,2.17,3780.3445
000300,沪深300指数,2020-04-10,3794.8429,3824.7441,3758.9599,3769.1782,10244495600.0,162251233800.7,-23.6323,-0.6231,12724842.44,13.23,14.48,2.46,2.18,3792.8105
000300,沪深300指数,2020-04-13,3751.7093,3769.8764,3740.1936,3753.2566,7905334300.0,119874303204.6,-15.9216,-0.4224,12671090.81,13.18,14.42,2.47,2.19,3769.1782
000300,沪深300指数,2020-04-14,3777.8343,3825.7599,3764.9838,3825.6991,11063758500.0,170612579792.4,72.4425,1.9301,12915658.37,13.41,14.7,2.43,2.15,3753.2566
000300,沪深300指数,2020-04-15,3820.8506,3829.8009,3793.4402,3797.3623,10846198400.0,169700216633.0,-28.3368,-0.7407,12819992.5,13.32,14.59,2.44,2.17,3825.6991
000300,沪深300指数,2020-04-16,3777.7986,3807.3569,3774.5585,3802.3806,9594796500.0,147164302056.9,5.0183,0.1322,12836934.64,13.35,14.61,2.44,2.16,3797.3623
000300,沪深300指数,2020-04-17,3831.9232,3863.4521,3821.4201,3839.4871,13200430100.0,203595267033.5,37.1065,0.9759,12962207.21,13.47,14.75,2.42,2.14,3802.3806
000300,沪深300指数,2020-04-20,3845.4598,3853.7984,3831.553,3853.4551,10001311500.0,151924090116.6,13.968,0.3638,13009363.25,13.51,14.8,2.41,2.14,3839.4871
000300,沪深300指数,2020-04-21,3838.2314,3838.2314,3779.9967,3808.0474,10292188800.0,155077454132.0,-45.4077,-1.1784,12856065.82,13.36,14.63,2.44,2.16,3853.4551
000300,沪深300指数,2020-04-22,3789.1297,3839.3834,3782.2149,3839.3834,8589946400.0,135547280790.2,31.336,0.8229,12961856.87,13.46,14.75,2.42,2.14,3808.0474
000300,沪深300指数,2020-04-23,3851.9132,3857.4709,3826.5565,3829.7525,9550845000.0,142122548831.8,-9.6309,-0.2508,12929342.82,13.43,14.71,2.43,2.15,3839.3834
000300,沪深300指数,2020-04-24,3826.3116,3827.212,3787.0714,3796.9721,9484413500.0,138961200282.7,-32.7804,-0.8559,12819911.72,13.32,14.59,2.45,2.17,3829.7525
000300,沪深300指数,2020-04-27,3808.0171,3842.8706,3793.7655,3822.769,9546273500.0,145301151875.0,25.7969,0.6794,12907011.08,13.39,14.69,2.43,2.15,3796.9721
000300,沪深300指数,2020-04-28,3835.348,3859.6754,3768.2,3849.1465,12209347600.0,184179759240.3,26.3775,0.69,12999042.61,13.45,14.79,2.42,2.13,3822.769
000300,沪深300指数,2020-04-29,3837.5135,3880.7444,3833.7164,3867.032,9585459000.0,151282103744.2,17.8855,0.4647,13059444.09,13.52,14.86,2.41,2.12,3849.1465
000300,沪深300指数,2020-04-30,3880.4094,3921.7004,3880.4094,3912.5772,13291712500.0,202268288802.3,45.5452,1.1778,13213255.86,13.67,15.03,2.37,2.07,3867.032
000300,沪深300指数,2020-05-06,3867.2587,3937.6909,3865.9875,3936.2539,13985567500.0,214935962364.4,23.6767,0.6051,13293215.05,12.5,13.55,2.36,2.06,3912.5772
000300,沪深300指数,2020-05-07,3937.5918,3941.4833,3915.9048,3924.8946,10551464600.0,167207801840.2,-11.3593,-0.2886,13254852.61,12.46,13.5,2.37,2.06,3936.2539
000300,沪深300指数,2020-05-08,3942.9972,3979.6627,3935.9805,3963.6217,11694334100.0,190299584716.9,38.7271,0.9867,13385637.45,12.57,13.63,2.35,2.04,3924.8946
000300,沪深300指数,2020-05-11,3974.7605,3998.0972,3944.5037,3960.1803,12267380300.0,193758093899.8,-3.4414,-0.0868,13374015.48,12.56,13.62,2.35,2.05,3963.6217
000300,沪深300指数,2020-05-12,3961.3427,3970.1115,3930.2108,3960.2378,9825055400.0,157465780059.9,0.0575,0.0015,13374209.64,12.55,13.62,2.35,2.05,3960.1803
000300,沪深300指数,2020-05-13,3946.6428,3972.5254,3932.5711,3968.2529,8819066900.0,145563383275.8,8.0151,0.2024,13401278.19,12.57,13.64,2.34,2.04,3960.2378
000300,沪深300指数,2020-05-14,3952.1986,3952.1986,3924.0452,3925.2177,8853000400.0,143499177719.8,-43.0352,-1.0845,13257015.76,12.44,13.49,2.37,2.06,3968.2529
000300,沪深300指数,2020-05-15,3941.125,3945.1956,3907.4021,3912.8159,9261838200.0,153301505149.4,-12.4018,-0.316,13219813.79,12.41,13.45,2.37,2.07,3925.2177
000300,沪深300指数,2020-05-18,3914.6602,3946.4312,3898.4041,3922.9117,11280176200.0,188528121367.6,10.0958,0.258,13253923.62,12.44,13.48,2.37,2.06,3912.8159
000300,沪深300指数,2020-05-19,3963.7754,3966.8518,3944.0715,3956.2495,9401529100.0,159886222402.2,33.3378,0.8498,13366069.7,12.53,13.6,2.35,2.05,3922.9117
000300,沪深300指数,2020-05-20,3955.7145,3955.7145,3923.9213,3935.222,10079115000.0,157102533276.1,-21.0275,-0.5315,13295028.97,12.47,13.53,2.36,2.06,3956.2495
000300,沪深300指数,2020-05-21,3950.5981,3951.743,3907.5788,3913.7949,9486103300.0,149154142257.8,-21.4271,-0.5445,13222648.79,12.41,13.45,2.37,2.07,3935.222
000300,沪深300指数,2020-05-22,3907.5761,3907.5761,3818.1488,3824.064,10337836000.0,157286504986.3,-89.7309,-2.2927,12919497.8,12.14,13.14,2.42,2.12,3913.7949
000300,沪深300指数,2020-05-25,3828.3206,3835.6333,3800.1796,3829.3245,7903332600.0,127011917716.3,5.2605,0.1376,12932620.37,12.15,13.15,2.42,2.11,3824.064
000300,沪深300指数,2020-05-26,3850.0009,3874.7484,3844.4776,3872.7701,7744807600.0,125445619316.8,43.4456,1.1345,13079347.66,12.27,13.3,2.4,2.09,3829.3245
000300,沪深300指数,2020-05-27,3873.6984,3873.6984,3838.4247,3845.6135,8371183100.0,123737501164.5,-27.1566,-0.7012,12987632.55,12.2,13.2,2.41,2.1,3872.7701
000300,沪深300指数,2020-05-28,3848.4892,3885.4211,3818.4318,3856.6324,9306405400.0,139108407792.3,11.0189,0.2865,13024859.53,12.24,13.23,2.4,2.1,3845.6135
000300,沪深300指数,2020-05-29,3838.3769,3872.3031,3830.4185,3867.0232,9381383200.0,135658136028.2,10.3908,0.2694,13059955.5,12.25,13.26,2.34,2.03,3856.6324
000300,沪深300指数,2020-06-01,3901.7263,3976.3151,3901.7263,3971.3402,13645665200.0,208436512945.1,104.317,2.6976,13412261.37,12.55,13.62,2.28,1.98,3867.0232
000300,沪深300指数,2020-06-02,3969.9521,3991.7761,3958.9774,3983.5677,14430306000.0,195563304256.3,12.2275,0.3079,13453557.01,12.59,13.66,2.28,1.97,3971.3402
000300,沪深300指数,2020-06-03,4001.1708,4018.6759,3982.9299,3983.6477,13659748300.0,200882767676.9,0.08,0.002,13453832.68,12.59,13.65,2.28,1.97,3983.5677
000300,沪深300指数,2020-06-04,3998.1636,3999.8051,3968.5723,3982.1851,10427773700.0,149057855837.5,-1.4626,-0.0367,13448892.78,12.54,13.61,2.28,1.97,3983.6477
000300,沪深300指数,2020-06-05,3988.2239,4001.2509,3967.926,4001.2509,10244394200.0,154311342981.8,19.0658,0.4788,13513280.2,12.61,13.68,2.27,1.96,3982.1851
000300,沪深300指数,2020-06-08,4023.606,4050.2213,4016.1015,4021.9549,13792581300.0,193047518687.6,20.704,0.5174,13583203.14,12.66,13.75,2.26,1.95,4001.2509
000300,沪深300指数,2020-06-09,4027.5613,4052.1557,4016.3387,4047.0293,11530447900.0,166533966010.0,25.0744,0.6234,13667885.95,12.73,13.82,2.24,1.94,4021.9549
000300,沪深300指数,2020-06-10,4046.2317,4046.2317,4024.4185,4039.7051,11226572800.0,166778642366.2,-7.3242,-0.181,13643150.32,12.7,13.79,2.25,1.94,4047.0293
000300,沪深300指数,2020-06-11,4031.7396,4043.0123,3979.7522,3995.8846,12730894100.0,197079441861.1,-43.8205,-1.0847,13495178.97,12.56,13.61,2.27,1.97,4039.7051
000300,沪深300指数,2020-06-12,3931.6236,4011.0591,3927.2491,4003.0829,13416664900.0,193504046742.3,7.1983,0.1801,13519486.11,12.57,13.63,2.27,1.96,3995.8846
000300,沪深300指数,2020-06-15,3982.9672,4007.1396,3954.9883,3954.9883,13129786000.0,211125336143.8,-48.0946,-1.2014,14067070.36,12.59,13.91,2.18,1.89,4003.0829
000300,沪深300指数,2020-06-16,3995.5786,4014.5702,3987.8637,4014.5702,11105153900.0,185104029158.9,59.5819,1.5065,14278990.68,12.76,14.11,2.15,1.86,3954.9883
000300,沪深300指数,2020-06-17,4018.6094,4018.6094,3992.1339,4017.5941,10560579900.0,176977503611.2,3.0239,0.0753,14289761.28,12.76,14.11,2.15,1.86,4014.5702
000300,沪深300指数,2020-06-18,4009.7831,4047.5566,4000.9008,4044.3842,13814876100.0,210192918146.2,26.7901,0.6668,14385048.29,12.83,14.21,2.14,1.85,4017.5941
000300,沪深300指数,2020-06-19,4047.0483,4109.3602,4043.4925,4098.7095,15294699000.0,255549797299.6,54.3253,1.3432,14578272.4,12.98,14.4,2.11,1.83,4044.3842
000300,沪深300指数,2020-06-22,4097.5071,4126.9421,4088.7822,4102.0459,15582946500.0,259200520725.7,3.3364,0.0814,14590139.28,12.98,14.41,2.11,1.82,4098.7095
000300,沪深300指数,2020-06-23,4098.0373,4124.725,4080.7533,4121.7944,12922951000.0,234806510834.5,19.7485,0.4814,14660380.49,13.03,14.48,2.1,1.82,4102.0459
000300,沪深300指数,2020-06-24,4128.1003,4144.6782,4123.3582,4138.9895,12171246500.0,224551430008.0,17.1951,0.4172,14710539.53,13.09,14.55,2.09,1.81,4121.7944
000300,沪深300指数,2020-06-29,4127.9348,4137.3696,4092.5352,4109.7164,13086585400.0,226522059762.9,-29.2731,-0.7073,14606498.74,13.01,14.44,2.1,1.82,4138.9895
000300,沪深300指数,2020-06-30,4130.0028,4174.4236,4129.7754,4163.9637,12593352100.0,227935704488.9,54.2473,1.32,14799301.0,13.13,14.63,2.24,2.01,4109.7164
000300,沪深300指数,2020-07-01,4172.6425,4247.7835,4163.4954,4247.7835,16999045600.0,305711799761.9,83.8198,2.013,15097208.54,13.37,14.93,2.2,1.97,4163.9637
000300,沪深300指数,2020-07-02,4239.408,4340.1039,4238.1164,4335.8445,25293936800.0,399571526695.3,88.061,2.0731,15404958.72,13.66,15.24,2.15,1.93,4247.7835
000300,沪深300指数,2020-07-03,4353.1937,4419.5955,4348.4535,4419.5955,29048553900.0,442335024266.1,83.751,1.9316,15702520.28,13.94,15.53,2.11,1.9,4335.8445
000300,沪深300指数,2020-07-06,4465.8081,4678.1121,4465.8081,4670.0949,40582102500.0,597438217715.6,250.4994,5.6679,16592528.88,14.76,16.41,1.99,1.8,4419.5955
000300,沪深300指数,2020-07-07,4739.6104,4796.3155,4688.0574,4698.1264,40600855300.0,635254742706.0,28.0315,0.6002,16692122.75,14.83,16.51,1.98,1.79,4670.0949
000300,沪深300指数,2020-07-08,4692.8621,4803.3643,4670.6501,4774.0042,34807484700.0,532849825964.5,75.8778,1.6151,16961711.44,15.05,16.77,1.95,1.76,4698.1264
000300,沪深300指数,2020-07-09,4770.0769,4854.1201,4757.2943,4840.7712,35104689300.0,556718732098.9,66.767,1.3986,17198930.07,15.24,17.01,1.93,1.73,4774.0042
000300,沪深300指数,2020-07-10,4796.0873,4821.3745,4734.4725,4753.1333,31694965100.0,510472055095.9,-87.6379,-1.8104,16887563.36,14.9,16.67,1.97,1.76,4840.7712
000300,沪深300指数,2020-07-13,4742.3738,4878.0773,4741.8743,4852.9612,32164544600.0,541105098721.0,99.8279,2.1003,17242255.39,15.17,17.01,1.93,1.73,4753.1333
000300,沪深300指数,2020-07-14,4836.1655,4860.4404,4729.9258,4806.6902,29724198500.0,511211048184.9,-46.271,-0.9535,17077857.7,15.04,16.85,1.95,1.75,4852.9612
000300,沪深300指数,2020-07-15,4821.5155,4837.4757,4723.3608,4744.4687,27238900600.0,486748347680.4,-62.2215,-1.2945,16856788.66,14.83,16.63,1.98,1.77,4806.6902
000300,沪深300指数,2020-07-16,4741.5295,4772.5638,4513.6537,4516.2532,28465713300.0,511237962884.2,-228.2155,-4.8101,16045953.69,14.15,15.83,2.07,1.86,4744.4687
000300,沪深300指数,2020-07-17,4524.7717,4601.3733,4485.8214,4544.7007,20737556300.0,372973887045.7,28.4475,0.6299,16147025.88,14.22,15.93,2.06,1.85,4516.2532
000300,沪深300指数,2020-07-20,4597.2038,4681.9431,4534.2305,4680.3046,24606891400.0,416714222275.7,135.6039,2.9838,16635393.67,14.62,16.4,2.0,1.79,4544.7007
000300,沪深300指数,2020-07-21,4697.5026,4714.2925,4661.444,4691.0425,20041565900.0,356069805762.6,10.7379,0.2294,16673558.91,14.65,16.43,2.0,1.79,4680.3046
000300,沪深300指数,2020-07-22,4682.6575,4790.4491,4675.3488,4714.4454,22419921100.0,386470859914.3,23.4029,0.4989,16756740.93,14.71,16.51,1.99,1.78,4691.0425
000300,沪深300指数,2020-07-23,4668.7401,4731.4004,4607.6585,4712.4357,23431456900.0,405175268660.9,-2.0097,-0.0426,16749597.7,14.68,16.51,1.99,1.78,4714.4454
000300,沪深300指数,2020-07-24,4679.0273,4691.698,4479.3928,4505.5906,24390520300.0,437726712279.7,-206.8451,-4.3893,16014400.01,14.09,15.78,2.08,1.86,4712.4357
000300,沪深300指数,2020-07-27,4535.0053,4558.1189,4482.4408,4528.45,17142055100.0,301893370163.2,22.8594,0.5074,16095649.99,14.16,15.86,2.07,1.85,4505.5906
000300,沪深300指数,2020-07-28,4567.6691,4590.2496,4537.6849,4568.2576,16276849800.0,292835785345.2,39.8076,0.8791,16237139.79,14.28,16.0,2.05,1.84,4528.45
000300,沪深300指数,2020-07-29,4559.1634,4680.558,4548.8535,4679.008,18669530500.0,350432649160.5,110.7504,2.4243,16633534.26,14.6,16.39,2.01,1.79,4568.2576
000300,沪深300指数,2020-07-30,4689.7632,4704.6305,4649.7677,4656.1506,16696756600.0,324009242692.4,-22.8574,-0.4885,16552277.8,14.52,16.31,2.02,1.8,4679.008
000300,沪深300指数,2020-07-31,4652.1824,4741.8084,4621.9635,4695.0462,18483902600.0,351119312415.0,38.8956,0.8354,16690548.78,14.62,16.45,2.18,1.88,4656.1506
000300,沪深300指数,2020-08-03,4735.8985,4771.3694,4720.025,4771.3108,21477623900.0,401914824928.3,76.2646,1.6244,16949900.16,14.84,16.7,2.15,1.85,4695.0462
000300,沪深300指数,2020-08-04,4778.4866,4807.0782,4747.7748,4775.8024,23997498500.0,426411345935.8,4.4916,0.0941,16965856.23,14.87,16.72,2.14,1.85,4771.3108
000300,沪深300指数,2020-08-05,4761.7637,4786.7031,4711.2723,4777.1089,19670054800.0,347407839399.1,1.3065,0.0274,16970497.8,14.86,16.72,2.14,1.85,4775.8024
000300,沪深300指数,2020-08-06,4779.2377,4791.8565,4691.1569,4762.7642,22785440600.0,404323404006.9,-14.3447,-0.3003,16919538.61,14.84,16.67,2.15,1.85,4777.1089
000300,沪深300指数,2020-08-07,4742.2939,4749.0217,4637.8427,4707.9262,21351821600.0,397041212825.1,-54.838,-1.1514,16724728.6,14.68,16.48,2.17,1.87,4762.7642
000300,沪深300指数,2020-08-10,4681.7553,4757.6634,4646.2885,4724.8697,20378883200.0,371297560017.6,16.9435,0.3599,16784920.05,14.76,16.54,2.16,1.87,4707.9262
000300,沪深300指数,2020-08-11,4730.3748,4791.5337,4674.8642,4681.7837,20554651100.0,350828586241.1,-43.086,-0.9119,16631858.34,14.64,16.39,2.17,1.88,4724.8697
000300,沪深300指数,2020-08-12,4668.8899,4681.6206,4566.2736,4647.6446,20288723900.0,347298673201.7,-34.1391,-0.7292,16533133.79,14.55,16.27,2.19,1.9,4681.7837
000300,沪深300指数,2020-08-13,4666.4901,4671.7689,4626.1033,4635.7126,15255009200.0,250945872578.9,-11.932,-0.2567,16490687.74,14.52,16.23,2.19,1.9,4647.6446
000300,沪深300指数,2020-08-14,4627.61,4708.0709,4617.632,4704.6288,14729292100.0,254343934256.2,68.9162,1.4866,16735844.52,14.74,16.47,2.16,1.87,4635.7126
000300,沪深300指数,2020-08-17,4727.1204,4838.0864,4721.3589,4815.2261,26800155600.0,416469154934.0,110.5973,2.3508,17126155.7,15.09,16.85,2.11,1.83,4704.6288
000300,沪深300指数,2020-08-18,4816.5703,4825.3861,4788.8293,4812.7564,18913985400.0,314395904535.5,-2.4697,-0.0513,17123766.86,15.1,16.85,2.11,1.83,4815.2261
000300,沪深300指数,2020-08-19,4804.6655,4809.0499,4738.0086,4740.6784,19244294800.0,319403284708.3,-72.078,-1.4976,16867318.82,14.89,16.59,2.13,1.86,4812.7564
000300,沪深300指数,2020-08-20,4708.1253,4721.4357,4662.8032,4679.1544,15836863900.0,260486563515.1,-61.524,-1.2978,16648416.68,14.69,16.38,2.16,1.88,4740.6784
000300,沪深300指数,2020-08-21,4717.7874,4739.4836,4684.8101,4718.8431,14265786400.0,251775160233.8,39.6887,0.8482,16789628.99,14.8,16.51,2.15,1.87,4679.1544
000300,沪深300指数,2020-08-24,4746.4035,4769.4673,4716.6054,4755.8491,15114351200.0,272428686418.6,37.006,0.7842,16921296.02,14.88,16.64,2.14,1.85,4718.8431
000300,沪深300指数,2020-08-25,4769.2107,4802.4122,4746.313,4761.9507,14170135100.0,262308788274.5,6.1016,0.1283,16943009.91,14.88,16.66,2.14,1.85,4755.8491
000300,沪深300指数,2020-08-26,4761.7186,4786.4249,4689.881,4706.1302,15130518000.0,277456360643.0,-55.8205,-1.1722,16744400.41,14.73,16.46,2.16,1.87,4761.9507
000300,沪深300指数,2020-08-27,4718.062,4731.9351,4679.3623,4731.3451,11904285000.0,223631511405.6,25.2149,0.5358,16834114.97,14.8,16.55,2.15,1.86,4706.1302
000300,沪深300指数,2020-08-28,4727.292,4850.4884,4719.3526,4844.2652,15939976500.0,305047882508.6,112.9201,2.3866,17235884.52,15.12,16.94,2.1,1.82,4731.3451
000300,沪深300指数,2020-08-31,4870.9337,4901.2115,4816.2123,4816.2153,20256702900.0,357005064604.8,-28.0499,-0.579,17136083.21,15.03,16.85,2.13,1.81,4844.2652
000300,沪深300指数,2020-09-01,4803.3922,4842.135,4791.7829,4842.1223,13839540200.0,262018070577.3,25.907,0.5379,17232398.38,15.32,17.28,2.12,1.8,4816.2153
000300,沪深300指数,2020-09-02,4859.0754,4863.5509,4797.5204,4843.887,15798952400.0,280778613751.4,1.7647,0.0364,17238678.72,15.32,17.29,2.12,1.8,4842.1223
000300,沪深300指数,2020-09-03,4841.502,4877.0117,4800.0577,4817.0952,14567120100.0,279411988792.3,-26.7918,-0.5531,17143330.73,15.24,17.19,2.13,1.81,4843.887
000300,沪深300指数,2020-09-04,4737.2368,4778.203,4726.5559,4770.219,12003279600.0,238463337878.7,-46.8762,-0.9731,16976505.07,15.1,17.03,2.15,1.83,4817.0952
000300,沪深300指数,2020-09-07,4759.5213,4789.3031,4655.56,4669.3677,14860779100.0,282316394067.8,-100.8513,-2.1142,16617590.41,14.79,16.67,2.19,1.86,4770.219
000300,沪深300指数,2020-09-08,4683.8256,4707.8966,4639.0531,4694.3894,13919922700.0,249198138075.5,25.0217,0.5359,16706638.94,14.88,16.76,2.18,1.85,4669.3677
000300,沪深300指数,2020-09-09,4634.247,4645.1972,4558.0304,4584.5887,16227710700.0,244905191934.1,-109.8007,-2.339,16315874.31,14.58,16.36,2.23,1.9,4694.3894
000300,沪深300指数,2020-09-10,4632.0994,4647.7505,4572.2058,4581.9775,15065287800.0,226146354804.6,-2.6112,-0.057,16317202.13,14.58,16.36,2.23,1.9,4584.5887
000300,沪深300指数,2020-09-11,4572.2572,4630.8842,4563.1061,4627.2826,11530242400.0,198240927301.5,45.3051,0.9888,16478541.41,14.7,16.52,2.21,1.88,4581.9775
000300,沪深300指数,2020-09-14,4652.0539,4666.9862,4625.9877,4651.0507,10723517900.0,211653411810.9,23.7681,0.5137,16567069.03,14.77,16.61,2.2,1.87,4627.2826
000300,沪深300指数,2020-09-15,4649.4472,4691.4997,4630.5374,4688.4826,10191592500.0,194573684119.3,37.4319,0.8048,16700401.69,14.86,16.74,2.18,1.86,4651.0507
000300,沪深300指数,2020-09-16,4683.006,4690.6815,4638.4586,4657.3584,10875364100.0,196120184850.9,-31.1242,-0.6638,16589537.23,14.78,16.63,2.2,1.87,4688.4826
000300,沪深300指数,2020-09-17,4642.0542,4664.9491,4601.639,4632.7142,10598363100.0,214146647269.6,-24.6442,-0.5291,16501754.35,14.69,16.54,2.21,1.88,4657.3584
000300,沪深300指数,2020-09-18,4636.6422,4737.8039,4631.7045,4737.0887,16042647500.0,281885944229.3,104.3745,2.253,16873537.12,15.01,16.91,2.16,1.84,4632.7142
000300,沪深300指数,2020-09-21,4750.7481,4752.9799,4688.7199,4691.4281,12453582700.0,224137912695.2,-45.6606,-0.9639,16710893.68,14.87,16.75,2.18,1.85,4737.0887
000300,沪深300指数,2020-09-22,4654.2179,4706.2096,4622.1111,4635.7608,11967294700.0,202909215534.6,-55.6673,-1.1866,16512606.32,14.7,16.56,2.21,1.88,4691.4281
000300,沪深300指数,2020-09-23,4639.6592,4665.96,4623.5528,4652.3273,9582652800.0,190393472276.3,16.5665,0.3574,16571616.33,14.74,16.62,2.2,1.87,4635.7608
000300,沪深300指数,2020-09-24,4623.9535,4631.9482,4562.2086,4563.0657,11259368300.0,193515873700.2,-89.2616,-1.9186,16253666.09,14.49,16.3,2.24,1.91,4652.3273
000300,沪深300指数,2020-09-25,4582.482,4599.5387,4554.7199,4570.0216,9301515500.0,167457376964.1,6.9559,0.1524,16278443.2,14.5,16.32,2.24,1.9,4563.0657
000300,沪深300指数,2020-09-28,4582.6471,4613.6324,4571.1507,4581.9085,8504838900.0,159314675407.1,11.8869,0.2601,16320784.31,14.55,16.37,2.23,1.9,4570.0216
000300,沪深300指数,2020-09-29,4608.2926,4616.6767,4586.3537,4591.7993,8599385800.0,159937888502.2,9.8908,0.2159,16356015.22,14.57,16.4,2.23,1.89,4581.9085
000300,沪深300指数,2020-09-30,4607.5753,4634.7239,4563.4108,4587.3953,8908120000.0,165532220885.2,-4.404,-0.0959,16340328.44,14.56,16.39,2.2,1.89,4591.7993
000300,沪深300指数,2020-10-09,4663.61,4695.4041,4655.0851,4681.1412,11133751200.0,229926731489.9,93.7459,2.0436,16674251.65,14.81,16.72,2.16,1.85,4587.3953
000300,沪深300指数,2020-10-12,4705.1883,4823.2666,4704.1554,4823.1578,15578455800.0,307848558046.0,142.0166,3.0338,17187270.98,15.23,17.23,2.1,1.8,4681.1412
000300,沪深300指数,2020-10-13,4812.8989,4845.9191,4795.373,4839.201,11651633800.0,242172567248.5,16.0432,0.3326,17244440.75,15.27,17.29,2.1,1.79,4823.1578
000300,沪深300指数,2020-10-14,4830.4575,4830.4575,4795.9069,4807.1021,11190692300.0,229836207247.8,-32.0989,-0.6633,17132666.75,15.18,17.18,2.11,1.8,4839.201
000300,沪深300指数,2020-10-15,4810.7821,4833.8925,4796.2647,4798.7361,10996496200.0,213878285046.5,-8.366,-0.174,17102850.1,15.16,17.15,2.11,1.81,4807.1021
000300,沪深300指数,2020-10-16,4798.9162,4825.5518,4765.967,4791.676,11671610200.0,204175130717.5,-7.0601,-0.1471,17077687.47,15.17,17.13,2.11,1.81,4798.7361
000300,沪深300指数,2020-10-19,4823.4944,4849.605,4747.3356,4755.4879,12924636100.0,225392198224.7,-36.1881,-0.7552,16948711.85,15.08,17.0,2.12,1.82,4791.676
000300,沪深300指数,2020-10-20,4751.3694,4793.4672,4739.4583,4793.4672,9804815600.0,185849198017.6,37.9793,0.7986,17084071.49,15.17,17.13,2.11,1.81,4755.4879
000300,沪深300指数,2020-10-21,4801.6313,4801.6313,4758.8552,4792.8284,10380570300.0,189978697043.6,-0.6388,-0.0133,17081794.85,15.19,17.13,2.11,1.81,4793.4672
000300,沪深300指数,2020-10-22,4780.5954,4791.8078,4725.4993,4777.9845,10135089100.0,194614971169.8,-14.8439,-0.3097,17032182.01,15.13,17.06,2.11,1.81,4792.8284
000300,沪深300指数,2020-10-23,4775.4665,4802.456,4717.0984,4718.4881,10682518400.0,200985821991.5,-59.4964,-1.2452,16820093.8,14.96,16.85,2.14,1.84,4777.9845
000300,沪深300指数,2020-10-26,4684.0465,4713.3945,4639.3019,4691.2359,10834327500.0,205518988284.4,-27.2522,-0.5776,16722947.24,14.86,16.75,2.15,1.85,4718.4881
000300,沪深300指数,2020-10-27,4680.1371,4708.4623,4671.8536,4699.2792,9265630400.0,186675545690.4,8.0433,0.1715,16751619.26,14.89,16.78,2.15,1.84,4691.2359
000300,沪深300指数,2020-10-28,4703.0036,4753.3125,4685.6012,4737.2718,10846340200.0,226754264067.1,37.9926,0.8085,16891433.49,14.99,16.91,2.13,1.83,4699.2792
000300,沪深300指数,2020-10-29,4683.607,4803.0317,4679.2529,4772.9198,11711725000.0,252303504992.9,35.648,0.7525,17018541.42,15.07,17.04,2.12,1.81,4737.2718
000300,沪深300指数,2020-10-30,4776.4726,4778.5089,4683.4719,4695.3338,13980230300.0,280783321713.1,-77.586,-1.6255,16741897.32,14.84,16.76,2.17,1.86,4772.9198
000300,沪深300指数,2020-11-02,4702.7457,4738.0239,4695.4436,4720.8313,14286769300.0,279027685157.1,25.4975,0.543,16836718.83,14.93,16.88,2.16,1.84,4695.3338
000300,沪深300指数,2020-11-03,4743.1742,4793.3963,4734.1748,4777.5608,13605540800.0,252390556313.5,56.7295,1.2017,17039042.84,15.11,17.09,2.14,1.82,4720.8313
000300,沪深300指数,2020-11-04,4781.448,4825.4638,4770.5582,4813.6564,11466180600.0,230513773046.3,36.0956,0.7555,17167776.83,15.2,17.22,2.13,1.81,4777.5608
000300,沪深300指数,2020-11-05,4861.3377,4885.1118,4837.9996,4885.1118,13924459400.0,281951932371.0,71.4554,1.4844,17422620.65,15.39,17.48,2.1,1.78,4813.6564
000300,沪深300指数,2020-11-06,4897.6295,4897.6295,4845.4293,4885.7178,15363903400.0,305365103652.9,0.606,0.0124,17424782.09,15.38,17.48,2.1,1.78,4885.1118
000300,沪深300指数,2020-11-09,4918.8609,4997.8017,4918.8609,4981.3497,19713198400.0,371923282063.4,95.6319,1.9574,17765850.47,15.67,17.82,2.06,1.75,4885.7178
000300,沪深300指数,2020-11-10,4995.4126,4995.4126,4928.9319,4953.8756,17626721400.0,334271459963.7,-27.4741,-0.5515,17667865.1,15.6,17.72,2.07,1.76,4981.3497
000300,沪深300指数,2020-11-11,4937.7582,4957.5846,4901.7067,4904.8981,16447051500.0,303858557977.1,-48.9775,-0.9887,17494300.56,15.48,17.55,2.09,1.78,4953.8756
000300,沪深300指数,2020-11-12,4916.7736,4926.3422,4891.51,4908.463,11811461900.0,227645907147.2,3.5649,0.0727,17507015.72,15.47,17.56,2.09,1.77,4904.8981
000300,沪深300指数,2020-11-13,4886.9778,4886.9778,4825.7578,4856.8513,13369307900.0,255353111737.8,-51.6117,-1.0515,17322932.04,15.31,17.37,2.11,1.79,4908.463
000300,沪深300指数,2020-11-16,4880.958,4904.1716,4848.6239,4904.1716,14877098000.0,266705031671.5,47.3203,0.9743,17493152.99,15.45,17.54,2.09,1.78,4856.8513
000300,沪深300指数,2020-11-17,4903.12,4909.2902,4865.3942,4894.786,15148746400.0,288911408551.0,-9.3856,-0.1914,17459674.65,15.42,17.5,2.09,1.78,4904.1716
000300,沪深300指数,2020-11-18,4889.6749,4911.0876,4870.7162,4891.6716,16421661600.0,290727223227.2,-3.1144,-0.0636,17448565.56,15.42,17.49,2.09,1.78,4894.786
000300,沪深300指数,2020-11-19,4880.9224,4939.7911,4870.2005,4927.9891,13368137800.0,247727135000.5,36.3175,0.7424,17578109.87,15.52,17.62,2.08,1.77,4891.6716
000300,沪深300指数,2020-11-20,4928.2223,4947.4297,4922.5895,4943.2882,12940034100.0,229053679195.4,15.2991,0.3105,17632681.52,15.57,17.68,2.07,1.76,4927.9891
000300,沪深300指数,2020-11-23,4954.5987,5029.6515,4940.4494,5005.0273,20591518700.0,333633826416.7,61.7391,1.2489,17852904.78,15.75,17.89,2.05,1.74,4943.2882
000300,沪深300指数,2020-11-24,4997.0485,5001.0614,4960.9817,4974.2855,15663791100.0,264804443317.7,-30.7418,-0.6142,17743248.91,15.66,17.78,2.06,1.75,5005.0273
000300,沪深300指数,2020-11-25,4992.7466,5004.7732,4910.7,4910.7,17034052700.0,277070642970.7,-63.5855,-1.2783,17516439.84,15.47,17.55,2.09,1.77,4974.2855
000300,沪深300指数,2020-11-26,4908.3208,4925.2857,4867.8153,4919.5912,13720233800.0,239748145475.7,8.8912,0.1811,17548154.66,15.5,17.58,2.08,1.77,4910.7
000300,沪深300指数,2020-11-27,4930.5928,4980.765,4917.3479,4980.765,16295292200.0,253178971224.0,61.1738,1.2435,17766361.32,15.72,17.8,2.05,1.75,4919.5912
000300,沪深300指数,2020-11-30,4994.1063,5055.192,4960.2519,4960.2519,26263895000.0,396495834420.8,-20.5131,-0.4118,17693191.05,15.65,17.72,2.09,1.8,4980.765
000300,沪深300指数,2020-12-01,4963.1302,5072.5494,4963.1302,5067.0983,20406563800.0,328451014444.2,106.8464,2.1541,18074311.49,15.95,18.1,2.05,1.76,4960.2519
000300,沪深300指数,2020-12-02,5072.9755,5090.6084,5043.3091,5067.1447,19543547600.0,310609728842.5,0.0464,0.0009,18074477.06,15.93,18.1,2.05,1.76,5067.0983
000300,沪深300指数,2020-12-03,5065.4531,5072.3046,5033.7887,5057.0603,17786574800.0,275335207429.1,-10.0844,-0.199,18038506.18,15.9,18.07,2.05,1.77,5067.1447
000300,沪深300指数,2020-12-04,5049.5231,5072.3865,5017.8506,5065.9163,14434716700.0,257798820735.3,8.856,0.1751,18074811.75,15.92,18.1,2.05,1.76,5057.0603
000300,沪深300指数,2020-12-07,5065.7285,5067.8698,5014.609,5022.2351,13989621700.0,264657773932.9,-43.6812,-0.8623,17918960.47,15.78,17.95,2.07,1.78,5065.9163
000300,沪深300指数,2020-12-08,5029.1063,5043.0605,4998.9218,5009.8786,12307302900.0,234880648439.1,-12.3565,-0.246,17874873.3,15.74,17.9,2.07,1.78,5022.2351
000300,沪深300指数,2020-12-09,5022.3846,5033.6417,4942.5195,4942.6986,13891696500.0,260772774152.9,-67.18,-1.341,17635180.26,15.56,17.66,2.1,1.81,5009.8786
000300,沪深300指数,2020-12-10,4931.2933,4962.7433,4919.7696,4940.5249,12591427000.0,229651278357.4,-2.1737,-0.044,17627424.77,15.56,17.66,2.1,1.81,4942.6986
000300,沪深300指数,2020-12-11,4957.8236,4957.8236,4849.3547,4889.6292,15935769700.0,275212730069.9,-50.8957,-1.0302,17445832.66,15.44,17.48,2.11,1.83,4940.5249
000300,沪深300指数,2020-12-14,4903.627,4937.2601,4887.6599,4934.8352,12080155200.0,247878279710.9,45.206,0.9245,18561855.11,16.21,18.36,2.02,1.74,4889.6292
000300,沪深300指数,2020-12-15,4931.6019,4954.1885,4904.7926,4945.1,11834263300.0,248093390249.2,10.2648,0.208,18600464.98,16.21,18.39,2.02,1.74,4934.8352
000300,沪深300指数,2020-12-16,4957.2971,4968.8558,4938.1932,4953.867,10677896800.0,229696035696.9,8.767,0.1773,18633441.19,16.24,18.43,2.02,1.74,4945.1
000300,沪深300指数,2020-12-17,4960.729,5021.6171,4950.3713,5017.4784,13338547900.0,270180356109.3,63.6114,1.2841,18885580.09,16.4,18.61,2.0,1.71,4953.867
000300,沪深300指数,2020-12-18,5014.3211,5027.4446,4979.0051,4999.9678,12804961800.0,258938551535.8,-17.5106,-0.349,18819670.86,16.35,18.55,2.0,1.72,5017.4784
000300,沪深300指数,2020-12-21,4995.7622,5048.5074,4969.999,5046.8396,14081178200.0,298204296843.3,46.8718,0.9374,18996094.48,16.48,18.72,1.99,1.7,4999.9678
000300,沪深300指数,2020-12-22,5034.9831,5055.1348,4960.9457,4964.7727,16234497000.0,326758817663.3,-82.0669,-1.6261,18687198.1,16.21,18.42,2.02,1.73,5046.8396
000300,沪深300指数,2020-12-23,4977.2994,5028.4506,4968.1509,5007.1235,14029281900.0,308729037473.7,42.3508,0.853,18847306.87,16.33,18.58,2.0,1.72,4964.7727
000300,沪深300指数,2020-12-24,5006.0051,5033.038,4979.2371,5000.0154,11441866700.0,246674476188.8,-7.1081,-0.142,18820551.17,16.29,18.51,2.01,1.72,5007.1235
000300,沪深300指数,2020-12-25,4985.7695,5042.0978,4973.6812,5042.0137,12100697900.0,243992268243.3,41.9983,0.84,18978637.01,16.43,18.67,1.99,1.71,5000.0154
000300,沪深300指数,2020-12-28,5042.9432,5089.3447,5037.8582,5064.4147,13691440700.0,281019254170.5,22.401,0.4443,19062956.3,16.48,18.75,1.98,1.7,5042.0137
000300,沪深300指数,2020-12-29,5071.449,5077.4167,5034.3078,5042.9361,14119866200.0,279035233253.8,-21.4786,-0.4241,18982108.84,16.41,18.67,1.99,1.71,5064.4147
000300,沪深300指数,2020-12-30,5037.9848,5113.7105,5036.6288,5113.7105,14862644800.0,296577812603.0,70.7744,1.4034,19248510.69,16.6,18.94,1.97,1.68,5042.9361
000300,沪深300指数,2020-12-31,5122.4799,5215.6178,5122.4799,5211.2885,17160250900.0,358731371834.7,97.578,1.9082,19615803.82,16.91,19.3,1.94,1.65,5113.7105
000300,沪深300指数,2021-01-04,5212.9313,5284.4343,5190.9372,5267.7181,21171138200.0,452796175554.0,56.4296,1.0828,19828210.48,17.06,19.51,1.92,1.63,5211.2885
000300,沪深300指数,2021-01-05,5245.8355,5368.5049,5234.3775,5368.5049,22493115900.0,498041939761.3,100.7868,1.9133,20207582.12,17.35,19.88,1.89,1.6,5267.7181
000300,沪深300指数,2021-01-06,5386.5144,5433.4694,5341.4304,5417.6677,19377344400.0,444434377137.3,49.1628,0.9158,20392635.63,17.52,20.06,1.87,1.59,5368.5049
000300,沪深300指数,2021-01-07,5428.3944,5513.6568,5413.3526,5513.6568,21987208000.0,473385353695.8,95.9891,1.7718,20753947.96,17.8,20.42,1.84,1.56,5417.6677
000300,沪深300指数,2021-01-08,5526.2876,5547.4733,5442.6939,5495.4306,20432495600.0,473567653978.6,-18.2262,-0.3306,20680392.57,17.75,20.35,1.84,1.57,5513.6568
000300,沪深300指数,2021-01-11,5504.2358,5555.6916,5412.5046,5441.1583,23183598300.0,522298482544.3,-54.2723,-0.9876,20478138.36,17.58,20.15,1.86,1.58,5495.4306
000300,沪深300指数,2021-01-12,5419.4996,5596.3525,5417.6272,5596.3525,22422018600.0,486233760739.8,155.1942,2.8522,21062221.41,18.04,20.73,1.82,1.54,5441.1583
000300,沪深300指数,2021-01-13,5609.2637,5644.7195,5535.1435,5577.9711,26156988600.0,546959736365.5,-18.3814,-0.3285,20993042.0,18.0,20.66,1.82,1.54,5596.3525
000300,沪深300指数,2021-01-14,5556.2125,5568.0179,5458.6818,5470.4563,24368338000.0,501890111879.0,-107.5148,-1.9275,20588403.17,17.72,20.26,1.85,1.57,5577.9711
000300,沪深300指数,2021-01-15,5471.391,5500.6348,5390.2737,5458.0812,23863743500.0,475709920372.3,-12.3751,-0.2262,20541828.71,17.67,20.21,1.85,1.58,5470.4563
000300,沪深300指数,2021-01-18,5438.1618,5541.4613,5410.775,5518.5205,20705186900.0,422717209153.0,60.4393,1.1073,20769295.87,17.81,20.44,1.84,1.56,5458.0812
000300,沪深300指数,2021-01-19,5525.969,5532.4793,5415.7166,5437.5234,21104342500.0,433205176449.9,-80.9971,-1.4677,20464458.12,17.59,20.14,1.86,1.58,5518.5205
000300,沪深300指数,2021-01-20,5439.9111,5496.0493,5426.5357,5476.4336,17091326000.0,373770384496.4,38.9102,0.7156,20610899.33,17.7,20.28,1.85,1.57,5437.5234
000300,沪深300指数,2021-01-21,5492.9587,5593.1058,5490.5626,5564.9693,20995019700.0,453183684478.9,88.5357,1.6167,20944502.71,17.96,20.61,1.82,1.55,5476.4336
000300,沪深300指数,2021-01-22,5562.379,5573.6594,5513.8769,5569.776,19930002000.0,456622193435.6,4.8067,0.0864,20962593.09,17.94,20.63,1.83,1.54,5564.9693
000300,沪深300指数,2021-01-25,5564.1237,5655.4795,5543.2663,5625.9232,19704701900.0,508166980802.0,56.1472,1.0081,21173910.56,18.11,20.84,1.81,1.53,5569.776
000300,沪深300指数,2021-01-26,5600.9017,5600.9017,5505.9962,5512.9678,17190459000.0,415008069865.0,-112.9554,-2.0078,20748787.93,17.8,20.42,1.84,1.56,5625.9232
000300,沪深300指数,2021-01-27,5505.7708,5534.9928,5449.6385,5528.0034,16019084100.0,376892605839.1,15.0356,0.2727,20805376.7,17.84,20.47,1.84,1.56,5512.9678
000300,沪深300指数,2021-01-28,5450.3695,5462.2352,5360.3766,5377.1427,17048558500.0,376166523177.5,-150.8607,-2.729,20237592.19,17.42,19.92,1.88,1.6,5528.0034
000300,沪深300指数,2021-01-29,5413.9684,5430.2015,5288.0955,5351.9646,18217878400.0,390287690019.0,-25.1781,-0.4682,20148641.14,17.37,19.83,1.88,1.61,5377.1427
000300,沪深300指数,2021-02-01,5356.8535,5422.299,5342.0458,5417.6484,16631370600.0,346859083730.0,65.6838,1.2273,20395921.92,17.54,20.07,1.87,1.59,5351.9646
000300,沪深300指数,2021-02-02,5429.7032,5503.2145,5411.5173,5501.0915,16521056500.0,380016716111.9,83.4431,1.5402,20710062.01,17.78,20.37,1.84,1.56,5417.6484
000300,沪深300指数,2021-02-03,5499.2961,5532.8864,5473.1237,5485.2008,18805431700.0,404343602637.7,-15.8907,-0.2889,20654863.03,17.72,20.31,1.85,1.57,5501.0915
000300,沪深300指数,2021-02-04,5453.9764,5510.0535,5411.5749,5473.9475,18057565400.0,397995205379.9,-11.2533,-0.2052,20612487.88,17.69,20.27,1.85,1.57,5485.2008
000300,沪深300指数,2021-02-05,5494.7011,5550.7714,5477.6517,5483.414,18969959800.0,395400134490.2,9.4665,0.1729,20648134.68,17.73,20.31,1.85,1.57,5473.9475
000300,沪深300指数,2021-02-08,5506.1423,5576.4908,5479.8529,5564.5618,16403377500.0,367582771658.8,81.1478,1.4799,20953701.76,17.96,20.61,1.82,1.54,5483.414
000300,沪深300指数,2021-02-09,5584.165,5686.2502,5555.0537,5686.2502,16488726000.0,378769121171.9,121.6884,2.1868,21411926.84,18.32,21.06,1.79,1.51,5564.5618
000300,沪深300指数,2021-02-10,5709.684,5823.4219,5707.3295,5807.7191,17016978600.0,417056463360.9,121.4689,2.1362,21869325.51,18.71,21.51,1.75,1.48,5686.2502
000300,沪深300指数,2021-02-18,5922.0714,5930.9122,5747.6631,5768.3814,21884868600.0,507481235977.7,-39.3377,-0.6773,21721196.84,18.6,21.36,1.76,1.49,5807.7191
000300,沪深300指数,2021-02-19,5734.0193,5787.8871,5667.3209,5778.842,21447578000.0,456433793702.1,10.4606,0.1813,21755891.16,18.63,21.4,1.76,1.49,5768.3814
000300,沪深300指数,2021-02-22,5785.5097,5785.5097,5597.3327,5597.3327,28212438200.0,543633153216.5,-181.5093,-3.1409,21072554.14,18.12,20.72,1.81,1.54,5778.842
000300,沪深300指数,2021-02-23,5542.6841,5644.7551,5541.1092,5579.6681,23380772700.0,424904470814.2,-17.6646,-0.3156,21010725.52,18.06,20.67,1.81,1.54,5597.3327
000300,沪深300指数,2021-02-24,5591.4795,5598.8284,5379.7278,5437.5683,22542861000.0,472369211004.2,-142.0998,-2.5467,20475636.23,17.61,20.14,1.86,1.58,5579.6681
000300,沪深300指数,2021-02-25,5494.4706,5527.6296,5444.1646,5469.5584,23073602800.0,412206157140.7,31.9901,0.5883,20596097.96,17.72,20.26,1.85,1.57,5437.5683
000300,沪深300指数,2021-02-26,5343.9041,5416.3197,5318.8579,5336.7609,21226454300.0,405717700127.9,-132.7975,-2.4279,20096037.31,17.3,19.77,1.89,1.61,5469.5584
000300,沪深300指数,2021-03-01,5389.2499,5421.555,5345.9449,5418.7837,17746352300.0,358146545967.0,82.0228,1.5369,20404901.25,17.53,20.07,1.87,1.59,5336.7609
000300,沪深300指数,2021-03-02,5453.2847,5454.9687,5305.0545,5349.6301,19651111500.0,376444604695.3,-69.1536,-1.2762,20144497.4,17.3,19.82,1.89,1.61,5418.7837
000300,沪深300指数,2021-03-03,5327.3467,5452.396,5316.4809,5452.2125,19470905400.0,337610313596.4,102.5824,1.9176,20530780.19,17.63,20.2,1.86,1.58,5349.6301
000300,沪深300指数,2021-03-04,5388.4785,5392.3725,5254.7771,5280.7058,21277521100.0,384382456961.0,-171.5067,-3.1456,19884957.01,17.14,19.56,1.91,1.63,5452.2125
000300,沪深300指数,2021-03-05,5191.9699,5307.8203,5174.2458,5262.7958,20262795600.0,352539774294.9,-17.91,-0.3392,19822178.83,17.13,19.49,1.91,1.63,5280.7058
000300,沪深300指数,2021-03-08,5299.7907,5326.2602,5079.7984,5080.0246,23023163500.0,407133802141.7,-182.7712,-3.4729,19133776.13,16.59,18.82,1.97,1.69,5262.7958
000300,沪深300指数,2021-03-09,5066.1546,5094.311,4917.909,4970.9994,23071100400.0,414415213806.2,-109.0252,-2.1462,18723135.75,16.27,18.42,2.01,1.73,5080.0246
000300,沪深300指数,2021-03-10,5047.0589,5055.2785,4981.6161,5003.6121,16992849000.0,309577408714.9,32.6127,0.6561,18845970.36,16.33,18.54,2.0,1.72,4970.9994
000300,沪深300指数,2021-03-11,5024.5586,5138.4146,5020.5784,5128.2156,18960076600.0,333859199678.6,124.6035,2.4903,19315286.2,16.72,19.0,1.96,1.68,5003.6121
000300,沪深300指数,2021-03-12,5153.674,5153.674,5086.8234,5146.3786,20102058900.0,323237751413.4,18.163,0.3542,19383696.49,16.78,19.07,1.95,1.67,5128.2156
000300,沪深300指数,2021-03-15,5116.1228,5120.8757,4992.3989,5035.5441,20415308400.0,330740513807.9,-110.8345,-2.1536,18966241.62,16.48,18.66,1.99,1.71,5146.3786
000300,沪深300指数,2021-03-16,5054.4089,5084.3085,5009.951,5079.3624,16139005400.0,271755048563.6,43.8183,0.8702,19134587.08,16.62,18.82,1.97,1.69,5035.5441
000300,沪深300指数,2021-03-17,5062.7706,5123.5452,5020.1255,5100.8581,14916237600.0,263492417708.9,21.4957,0.4232,19215564.15,16.66,18.9,1.96,1.68,5079.3624
000300,沪深300指数,2021-03-18,5114.5872,5160.4566,5111.1294,5141.7681,14290151800.0,260930046844.7,40.91,0.802,19369677.1,16.78,19.06,1.95,1.67,5100.8581
000300,沪深300指数,2021-03-19,5068.5319,5089.9175,4980.7609,5007.0907,16417484900.0,282974489237.2,-134.6774,-2.6193,18862330.8,16.37,18.56,2.0,1.72,5141.7681
000300,沪深300指数,2021-03-22,5008.3953,5071.3378,4996.541,5057.152,16740263200.0,264209098943.0,50.0613,0.9998,19050917.76,16.52,18.74,1.98,1.7,5007.0907
000300,沪深300指数,2021-03-23,5057.0632,5064.02,4966.534,5009.2459,15801396700.0,255755377659.6,-47.9061,-0.9473,18870449.7,16.38,18.56,2.0,1.71,5057.152
000300,沪深300指数,2021-03-24,4985.4013,5024.3274,4919.8932,4928.6853,15938598200.0,265970020152.0,-80.5606,-1.6082,18566968.05,16.14,18.27,2.03,1.74,5009.2459
000300,沪深300指数,2021-03-25,4904.0683,4950.7608,4883.6615,4926.3469,13294518900.0,219782049461.7,-2.3384,-0.0474,18558158.72,16.13,18.26,2.03,1.74,4928.6853
000300,沪深300指数,2021-03-26,4953.9453,5050.8292,4953.9453,5037.9899,14592669700.0,273901922431.3,111.643,2.2662,18978731.84,16.44,18.67,1.99,1.7,4926.3469
000300,沪深300指数,2021-03-29,5052.2634,5086.6543,5010.3902,5046.8773,14338821500.0,266176599970.5,8.8874,0.1764,19012211.7,16.5,18.7,1.98,1.7,5037.9899
000300,沪深300指数,2021-03-30,5043.0952,5106.0365,5032.795,5094.7291,13861856000.0,254928014461.3,47.8518,0.9481,19192475.32,16.65,18.88,1.97,1.69,5046.8773
000300,沪深300指数,2021-03-31,5085.9497,5085.9497,5015.607,5048.3607,14133574300.0,241058485554.4,-46.3684,-0.9101,19017799.78,16.53,18.71,1.99,1.7,5094.7291
000300,沪深300指数,2021-04-01,5059.9359,5115.4286,5056.8718,5110.7768,12032489000.0,211493324391.1,62.4161,1.2364,19254535.38,16.68,18.94,1.96,1.68,5048.3607
000300,沪深300指数,2021-04-02,5129.8545,5169.8312,5116.3472,5161.5569,12700225400.0,248060376224.1,50.7801,0.9936,19445846.22,16.83,19.13,1.95,1.67,5110.7768
000300,沪深300指数,2021-04-06,5178.6401,5181.149,5125.3301,5140.3418,10983421000.0,213852444065.4,-21.2151,-0.411,19365919.37,16.77,19.05,1.95,1.67,5161.5569
000300,沪深300指数,2021-04-07,5141.6556,5141.6556,5065.1932,5103.7428,14576374800.0,246271190296.5,-36.599,-0.712,19228034.93,16.68,18.92,1.96,1.69,5140.3418
000300,沪深300指数,2021-04-08,5078.2627,5129.1318,5062.0725,5112.2086,14177104700.0,228422004674.7,8.4658,0.1659,19261759.41,16.71,18.95,1.96,1.68,5103.7428
000300,沪深300指数,2021-04-09,5100.0422,5100.0422,5022.0926,5035.3374,12841650900.0,221519791677.6,-76.8712,-1.5037,18972124.39,16.48,18.67,1.99,1.71,5112.2086
000300,沪深300指数,2021-04-12,5026.9791,5045.6018,4933.0126,4947.7459,15264431400.0,267218195772.7,-87.5915,-1.7395,18648155.4,16.24,18.35,2.02,1.74,5035.3374
000300,沪深300指数,2021-04-13,4949.8074,4994.5404,4924.1979,4939.6438,13291935800.0,225753230649.2,-8.1021,-0.1638,18617618.33,16.21,18.32,2.02,1.74,4947.7459
000300,沪深300指数,2021-04-14,4945.6857,4987.1191,4940.2686,4980.6279,12086083800.0,221036276090.0,40.9841,0.8297,18772088.22,16.32,18.47,2.01,1.73,4939.6438
000300,沪深300指数,2021-04-15,4969.9099,4969.9099,4900.3033,4948.9741,10882938400.0,213820884103.5,-31.6538,-0.6355,18652784.44,16.22,18.35,2.02,1.74,4980.6279
000300,沪深300指数,2021-04-16,4966.8999,4979.1731,4917.9596,4966.1811,11123992400.0,213389173713.5,17.207,0.3477,18717638.07,16.29,18.41,2.01,1.73,4948.9741
000300,沪深300指数,2021-04-19,4966.409,5088.2106,4940.7473,5087.0165,15476982400.0,307899776737.5,120.8354,2.4332,19173069.3,16.63,18.86,1.97,1.69,4966.1811
000300,沪深300指数,2021-04-20,5065.7757,5119.8586,5058.9247,5083.3654,13654170000.0,276640588159.1,-3.6511,-0.0718,19159308.01,16.61,18.84,1.97,1.69,5087.0165
000300,沪深300指数,2021-04-21,5055.2398,5110.5623,5047.9916,5098.7449,12463727700.0,242574995256.0,15.3795,0.3025,19217273.83,16.64,18.9,1.97,1.69,5083.3654
000300,沪深300指数,2021-04-22,5114.2799,5119.2246,5067.1382,5089.2435,12116764500.0,241488845756.1,-9.5014,-0.1863,19181462.83,16.61,18.86,1.97,1.69,5098.7449
000300,沪深300指数,2021-04-23,5088.8263,5149.9825,5086.4914,5135.4534,12205699100.0,264345183118.9,46.2099,0.908,19355628.9,16.73,19.04,1.96,1.67,5089.2435
000300,沪深300指数,2021-04-26,5156.5941,5181.1066,5072.9585,5077.2372,15138196700.0,325760384278.3,-58.2162,-1.1336,19136210.91,16.54,18.82,1.98,1.69,5135.4534
000300,沪深300指数,2021-04-27,5076.6415,5095.9842,5042.6099,5090.5195,12396183700.0,254738009833.6,13.2823,0.2616,19186272.03,16.57,18.87,1.98,1.69,5077.2372
000300,沪深300指数,2021-04-28,5073.9728,5119.4455,5059.2628,5119.2421,12062031800.0,272182521893.2,28.7226,0.5642,19294528.03,16.66,18.98,1.97,1.68,5090.5195
000300,沪深300指数,2021-04-29,5128.2795,5170.5852,5113.6484,5164.1692,14009248000.0,294112454366.3,44.9271,0.8776,19466057.86,16.79,19.15,1.95,1.67,5119.2421
000300,沪深300指数,2021-04-30,5156.3557,5163.2517,5094.9285,5123.489,16012162100.0,315075102884.9,-40.6802,-0.7877,19313827.8,16.63,19.0,2.01,1.76,5164.1692
000300,沪深300指数,2021-05-06,5098.8006,5132.8986,5037.4083,5061.1244,15882263000.0,323258264641.5,-62.3646,-1.2172,19078734.26,15.98,17.71,2.03,1.78,5123.489
000300,沪深300指数,2021-05-07,5073.4554,5093.7471,4996.037,4996.0527,17225832100.0,304638402155.0,-65.0717,-1.2857,18831495.76,15.81,17.48,2.05,1.8,5061.1244
000300,沪深300指数,2021-05-10,5001.4371,5019.3927,4953.6965,4992.422,17082058500.0,282656808853.4,-3.6307,-0.0727,18817810.7,15.82,17.47,2.05,1.8,4996.0527
000300,沪深300指数,2021-05-11,4956.0794,5033.4938,4925.9152,5023.0595,15152649700.0,270931616512.9,30.6375,0.6137,18933918.15,15.91,17.57,2.04,1.79,4992.422
000300,沪深300指数,2021-05-12,5003.8171,5051.1682,4995.4048,5044.5481,12661908600.0,228344006493.0,21.4886,0.4278,19014917.38,16.0,17.65,2.03,1.79,5023.0595
000300,沪深300指数,2021-05-13,4992.3519,5022.0836,4975.4462,4992.9738,13227940600.0,237821404345.3,-51.5743,-1.0224,18820513.07,15.84,17.47,2.04,1.8,5044.5481
000300,沪深300指数,2021-05-14,5007.6286,5112.9838,4981.2948,5110.5901,15942618000.0,318802786822.9,117.6163,2.3556,19263855.93,16.19,17.88,2.0,1.76,4992.9738
000300,沪深300指数,2021-05-17,5115.3063,5206.6947,5115.3063,5184.9853,15388963400.0,335439913424.1,74.3952,1.4557,19544287.21,16.39,18.13,1.98,1.74,5110.5901
000300,沪深300指数,2021-05-18,5190.9345,5201.6721,5156.7924,5187.6013,11840426100.0,238182265921.9,2.616,0.0505,19554147.91,16.41,18.14,1.97,1.74,5184.9853
000300,沪深300指数,2021-05-19,5173.1666,5193.5574,5151.6392,5172.272,11872998300.0,250736278155.8,-15.3293,-0.2955,19496363.03,16.34,18.08,1.98,1.74,5187.6013
000300,沪深300指数,2021-05-20,5167.0546,5201.5935,5152.0358,5186.412,13845477500.0,277088462047.3,14.14,0.2734,19549662.29,16.37,18.13,1.98,1.74,5172.272
000300,沪深300指数,2021-05-21,5199.1285,5216.1615,5123.1171,5134.1483,12476848500.0,268053627530.6,-52.2637,-1.0077,19352662.64,16.21,17.94,2.0,1.76,5186.412
000300,沪深300指数,2021-05-24,5138.8149,5155.5875,5092.3894,5155.5875,12674233600.0,278513133226.0,21.4392,0.4176,19438086.11,16.28,18.02,1.99,1.75,5134.1483
000300,沪深300指数,2021-05-25,5165.0361,5324.3609,5161.5238,5318.478,18299683900.0,404683305641.1,162.8905,3.1595,20052231.69,16.76,18.59,1.93,1.69,5155.5875
000300,沪深300指数,2021-05-26,5326.1169,5344.2837,5308.7389,5320.5927,16960709600.0,346444644792.8,2.1147,0.0398,20060204.75,16.77,18.6,1.93,1.69,5318.478
000300,沪深300指数,2021-05-27,5311.3726,5378.4764,5286.05,5338.2329,14846285500.0,311893705935.1,17.6402,0.3315,20123293.12,16.82,18.64,1.92,1.69,5320.5927
000300,沪深300指数,2021-05-28,5338.7278,5360.2774,5288.6515,5321.0886,16460580600.0,330711896344.2,-17.1443,-0.3212,20058665.02,16.77,18.58,1.93,1.69,5338.2329
000300,沪深300指数,2021-05-31,5318.0825,5331.6294,5281.6851,5331.5696,14460326900.0,321450798233.5,10.481,0.197,20098174.83,16.78,18.63,1.89,1.6,5321.0886
000300,沪深300指数,2021-06-01,5320.4745,5343.7529,5269.259,5341.6798,14383147400.0,321845842153.4,10.1102,0.1896,20136286.71,16.79,18.64,1.89,1.6,5331.5696
000300,沪深300指数,2021-06-02,5348.344,5352.6404,5266.7852,5289.9736,13775431900.0,296176177153.5,-51.7062,-0.968,19941372.12,16.66,18.46,1.9,1.62,5341.6798
000300,沪深300指数,2021-06-03,5285.7098,5314.3691,5255.0719,5255.2855,14196887800.0,285448632488.9,-34.6881,-0.6557,19809838.34,16.5,18.24,1.91,1.63,5289.9736
000300,沪深300指数,2021-06-04,5228.2761,5334.4899,5221.2291,5282.2772,14473208700.0,292326048775.5,26.9917,0.5136,19911583.78,16.56,18.32,1.9,1.62,5255.2855
000300,沪深300指数,2021-06-07,5284.8907,5286.8424,5242.9481,5277.6271,12770497100.0,280463260583.2,-4.6501,-0.088,19894055.12,16.56,18.31,1.9,1.62,5282.2772
000300,沪深300指数,2021-06-08,5276.9711,5319.0406,5201.1404,5232.1165,13055953200.0,304042218266.2,-45.5106,-0.8623,19722497.68,16.43,18.14,1.92,1.63,5277.6271
000300,沪深300指数,2021-06-09,5224.9496,5253.3555,5215.3506,5236.4493,12182032100.0,255075448703.0,4.3328,0.0828,19738831.17,16.46,18.16,1.92,1.63,5232.1165
000300,沪深300指数,2021-06-10,5236.4691,5299.5299,5229.5182,5271.4661,13899196700.0,301454334609.8,35.0168,0.6687,19870849.95,16.54,18.27,1.91,1.62,5236.4493
000300,沪深300指数,2021-06-11,5275.7456,5276.1039,5213.5991,5224.703,18080717300.0,365363494541.8,-46.7631,-0.8871,19694575.67,16.41,18.11,1.92,1.63,5271.4661
000300,沪深300指数,2021-06-15,5218.5648,5225.5021,5137.409,5166.5597,14288005800.0,330616618621.5,-58.1433,-1.1129,21138350.61,16.91,19.05,1.87,1.58,5224.703
000300,沪深300指数,2021-06-16,5163.2493,5164.5192,5076.0222,5080.4909,12514798500.0,298286772933.4,-86.0688,-1.6659,20786211.48,16.67,18.73,1.9,1.6,5166.5597
000300,沪深300指数,2021-06-17,5074.3839,5123.3651,5073.8211,5101.8924,12045251800.0,281927280723.3,21.4015,0.4212,20873773.45,16.7,18.81,1.89,1.6,5080.4909
000300,沪深300指数,2021-06-18,5104.9297,5128.0309,5064.9208,5102.4657,14858580500.0,356697096115.9,0.5733,0.0112,20876108.04,16.67,18.79,1.89,1.6,5101.8924
000300,沪深300指数,2021-06-21,5088.0893,5123.7827,5058.5699,5090.3854,13218451600.0,331527114639.0,-12.0803,-0.2368,20826682.94,16.64,18.75,1.9,1.6,5102.4657
000300,沪深300指数,2021-06-22,5106.0743,5125.8186,5086.2776,5122.1583,13041675300.0,313690367125.4,31.7729,0.6242,20956677.71,16.75,18.87,1.89,1.59,5090.3854
000300,沪深300指数,2021-06-23,5127.191,5171.033,5109.7571,5147.3938,13635605800.0,358765666329.7,25.2355,0.4927,21059952.33,16.77,18.9,1.88,1.58,5122.1583
000300,沪深300指数,2021-06-24,5156.5638,5160.4346,5120.5844,5155.9738,12668562500.0,312607422609.3,8.58,0.1667,21095056.34,16.8,18.92,1.88,1.58,5147.3938
000300,沪深300指数,2021-06-25,5159.8017,5251.6076,5157.4758,5239.9684,15493106100.0,368265641241.1,83.9946,1.6291,21438710.44,17.06,19.24,1.85,1.55,5155.9738
000300,沪深300指数,2021-06-28,5253.6081,5260.6372,5226.2201,5251.7604,13319378300.0,337452771675.6,11.792,0.225,21498778.56,17.09,19.28,1.84,1.55,5239.9684
000300,沪深300指数,2021-06-29,5248.5249,5248.5249,5182.6771,5190.5445,12516299700.0,314896843024.3,-61.2159,-1.1656,21243640.08,16.89,19.05,1.87,1.57,5251.7604
000300,沪深300指数,2021-06-30,5189.3797,5231.4262,5186.625,5224.041,10375267100.0,281015504940.5,33.4965,0.6453,21380733.35,16.99,19.18,1.83,1.57,5190.5445
000300,沪深300指数,2021-07-01,5241.2039,5252.2642,5190.8762,5229.6642,12724062000.0,324097400267.5,5.6232,0.1076,21403743.2,17.0,19.19,1.83,1.56,5224.041
000300,沪深300指数,2021-07-02,5186.6613,5186.6613,5074.3621,5081.1172,13042642400.0,342578961248.3,-148.547,-2.8405,20795776.31,16.55,18.64,1.87,1.61,5229.6642
000300,沪深300指数,2021-07-05,5073.7787,5098.2305,5048.004,5085.7924,13121158900.0,335197786629.8,4.6752,0.092,20814908.63,16.57,18.65,1.87,1.61,5081.1172
000300,沪深300指数,2021-07-06,5089.778,5092.2066,5028.5058,5083.1043,14065522000.0,362828901848.9,-2.6881,-0.0529,20799100.35,16.56,18.64,1.87,1.61,5085.7924
000300,沪深300指数,2021-07-07,5052.4204,5152.7711,5045.4056,5140.4899,14854906000.0,336731403375.7,57.3856,1.1289,21033911.6,16.7,18.85,1.86,1.59,5083.1043
000300,沪深300指数,2021-07-08,5149.3095,5151.2171,5078.9295,5088.2566,17390100800.0,397879869879.7,-52.2333,-1.0161,20816687.62,16.54,18.66,1.87,1.61,5140.4899
000300,沪深300指数,2021-07-09,5063.148,5081.4086,5006.4115,5069.4361,16065322600.0,352845583768.9,-18.8205,-0.3699,20739690.82,16.47,18.59,1.88,1.61,5088.2566
000300,沪深300指数,2021-07-12,5108.3783,5159.4115,5070.3188,5132.7088,20621203900.0,437203145943.3,63.2727,1.2481,20998546.96,16.62,18.82,1.87,1.59,5069.4361
000300,沪深300指数,2021-07-13,5128.6138,5154.0508,5114.943,5142.0991,16648220900.0,361328491653.3,9.3903,0.183,21036964.09,16.66,18.85,1.86,1.59,5132.7088
000300,沪深300指数,2021-07-14,5130.7522,5130.7522,5075.1252,5083.0849,18835272000.0,372568110291.6,-59.0142,-1.1477,20795505.46,16.47,18.62,1.88,1.61,5142.0991
000300,沪深300指数,2021-07-15,5073.2634,5153.8056,5067.6767,5151.4626,18107710300.0,372484081122.6,68.3777,1.3452,21075247.17,16.66,18.87,1.86,1.59,5083.0849
000300,沪深300指数,2021-07-16,5140.904,5140.904,5090.6321,5094.7727,16995598200.0,362594258079.0,-56.6899,-1.1005,20843321.2,16.48,18.65,1.88,1.61,5151.4626
000300,沪深300指数,2021-07-19,5083.7276,5120.8235,5047.6234,5113.4945,15319958900.0,340322623792.1,18.7218,0.3675,20919914.28,16.52,18.72,1.87,1.6,5094.7727
000300,沪深300指数,2021-07-20,5080.2158,5114.0033,5067.8619,5108.9941,12930004400.0,283543130755.2,-4.5004,-0.088,20901496.96,16.49,18.7,1.88,1.6,5113.4945
000300,沪深300指数,2021-07-21,5122.7843,5160.5447,5122.3046,5144.0428,16797646900.0,390275519305.4,35.0487,0.686,21044885.34,16.6,18.83,1.87,1.59,5108.9941
000300,沪深300指数,2021-07-22,5150.3859,5171.2096,5137.8795,5151.7517,18555686400.0,418221654806.0,7.7089,0.1499,21076423.19,16.63,18.86,1.86,1.59,5144.0428
000300,沪深300指数,2021-07-23,5145.4308,5145.4308,5079.9973,5089.2282,21653684700.0,435521169695.0,-62.5235,-1.2136,20820632.54,16.47,18.64,1.88,1.61,5151.7517
000300,沪深300指数,2021-07-26,5067.3072,5067.3072,4859.6031,4925.299,22811171000.0,495153655116.7,-163.9292,-3.2211,20151583.01,15.97,18.04,1.94,1.66,5089.2282
000300,沪深300指数,2021-07-27,4924.2816,4940.86,4749.0327,4751.313,23663122500.0,521146117041.1,-173.986,-3.5325,19439728.74,15.46,17.4,2.0,1.72,4925.299
000300,沪深300指数,2021-07-28,4714.2948,4785.6567,4663.9009,4760.4826,19263439300.0,419706155162.8,9.1696,0.193,19477245.65,15.47,17.44,2.0,1.72,4751.313
000300,沪深300指数,2021-07-29,4845.7603,4857.9709,4800.0125,4850.2746,17332205400.0,415676120877.6,89.792,1.8862,19844624.56,15.71,17.77,1.97,1.69,4760.4826
000300,沪深300指数,2021-07-30,4825.7002,4825.7002,4761.0376,4811.1695,18234977600.0,420943935061.8,-39.1051,-0.8062,19684628.58,15.59,17.63,2.09,1.75,4850.2746
000300,沪深300指数,2021-08-02,4794.8192,4938.8154,4761.4593,4933.736,22719491800.0,524659449295.5,122.5665,2.5475,20186102.42,15.97,18.08,2.04,1.7,4811.1695
000300,沪深300指数,2021-08-03,4909.2325,4957.0291,4890.8495,4934.4583,20353336000.0,471194128401.9,0.7223,0.0146,20189057.43,15.95,18.08,2.04,1.7,4933.736
000300,沪深300指数,2021-08-04,4927.7358,4979.2911,4919.6569,4978.8479,17546646100.0,425801406611.8,44.3896,0.8996,20372289.07,16.07,18.25,2.03,1.69,4934.4583
000300,沪深300指数,2021-08-05,4946.1668,4997.1397,4921.9382,4948.6703,16738182900.0,398772206808.2,-30.1776,-0.6061,20248809.24,15.97,18.14,2.04,1.7,4978.8479
000300,沪深300指数,2021-08-06,4943.0427,4944.3486,4891.7968,4921.5647,15417968800.0,371773603785.1,-27.1056,-0.5477,20137899.36,15.89,18.04,2.05,1.71,4948.6703
000300,沪深300指数,2021-08-09,4890.2573,5002.8944,4884.0392,4985.5627,18243687100.0,408897062935.4,63.998,1.3004,20399764.36,16.09,18.27,2.02,1.68,4921.5647
000300,沪深300指数,2021-08-10,4977.8164,5043.7608,4941.2399,5043.148,16705190200.0,410098755610.3,57.5853,1.155,20635389.86,16.28,18.49,2.0,1.66,4985.5627
000300,沪深300指数,2021-08-11,5037.0819,5059.7887,5009.9782,5015.3406,18226607400.0,373386347207.4,-27.8074,-0.5514,20521608.48,16.21,18.38,2.01,1.67,5043.148
000300,沪深300指数,2021-08-12,4998.0733,5016.2628,4962.985,4973.3509,16822373300.0,361828381964.4,-41.9897,-0.8372,20349796.37,16.09,18.23,2.02,1.69,5015.3406
000300,沪深300指数,2021-08-13,4958.7577,4993.7432,4921.2812,4945.9829,15831432100.0,352459069035.5,-27.368,-0.5503,20237812.79,16.01,18.13,2.03,1.7,4973.3509
000300,沪深300指数,2021-08-16,4935.9229,4973.3761,4931.3691,4941.0676,16195337300.0,340735120174.7,-4.9153,-0.0994,20217700.91,16.02,18.11,2.03,1.7,4945.9829
000300,沪深300指数,2021-08-17,4935.0044,4967.5648,4823.3923,4837.4034,18757347200.0,388457131503.7,-103.6642,-2.098,19793531.0,15.7,17.72,2.07,1.74,4941.0676
000300,沪深300指数,2021-08-18,4838.4706,4909.5409,4818.9013,4894.2384,19747437800.0,395792165759.8,56.835,1.1749,20026086.49,15.88,17.93,2.05,1.72,4837.4034
000300,沪深300指数,2021-08-19,4886.564,4893.467,4839.5681,4862.1394,20171171900.0,397424964846.0,-32.099,-0.6559,19894744.79,15.76,17.81,2.06,1.73,4894.2384
000300,沪深300指数,2021-08-20,4817.4937,4835.153,4720.8257,4769.2678,17763581000.0,404938035667.4,-92.8716,-1.9101,19514735.91,15.49,17.47,2.1,1.76,4862.1394
000300,沪深300指数,2021-08-23,4777.7347,4843.8193,4764.0089,4835.8782,16757909300.0,389599126282.0,66.6104,1.3967,19787290.31,15.7,17.71,2.07,1.74,4769.2678
000300,沪深300指数,2021-08-24,4844.5925,4906.2036,4842.7476,4888.3902,19788316300.0,417481426158.2,52.512,1.0859,19980039.26,15.86,17.9,2.05,1.72,4835.8782
000300,沪深300指数,2021-08-25,4890.5211,4899.7651,4865.7646,4898.1572,18944801600.0,371868197458.6,9.767,0.1998,20019959.2,15.9,17.93,2.04,1.71,4888.3902
000300,沪深300指数,2021-08-26,4892.2044,4892.2044,4798.6954,4801.6094,19761738700.0,368987718505.9,-96.5478,-1.9711,19627263.73,15.61,17.57,2.08,1.75,4898.1572
000300,沪深300指数,2021-08-27,4794.974,4863.4692,4793.5908,4827.0433,18331021100.0,368421410281.2,25.4339,0.5297,19731228.36,15.69,17.66,2.07,1.74,4801.6094
000300,沪深300指数,2021-08-30,4847.0348,4849.1598,4787.1999,4813.2703,21963575700.0,477182071719.8,-13.773,-0.2853,19674929.36,15.65,17.62,2.08,1.74,4827.0433
000300,沪深300指数,2021-08-31,4803.0854,4821.7564,4740.7524,4805.6099,23511865800.0,460805653996.0,-7.6604,-0.1592,19643616.32,15.67,17.58,2.14,1.86,4813.2703
000300,沪深300指数,2021-09-01,4804.6863,4906.4024,4763.2992,4869.4587,32672108000.0,568819748405.8,63.8488,1.3286,19904607.16,16.14,18.17,2.11,1.84,4805.6099
000300,沪深300指数,2021-09-02,4865.8218,4892.7049,4845.6246,4869.4113,26785801300.0,465954132797.1,-0.0474,-0.001,19904413.45,16.15,18.17,2.11,1.84,4869.4587
000300,沪深300指数,2021-09-03,4875.0656,4886.5477,4828.6991,4843.0624,26809189600.0,466430119699.6,-26.3489,-0.5411,19796708.51,16.08,18.06,2.12,1.85,4869.4113
000300,沪深300指数,2021-09-06,4841.0623,4944.4497,4837.7859,4933.7262,24050724500.0,452756275291.9,90.6638,1.872,20167310.07,16.36,18.41,2.08,1.81,4843.0624
000300,沪深300指数,2021-09-07,4932.9759,5005.9606,4915.6119,4992.8294,24417851900.0,417759639120.9,59.1032,1.1979,20408902.55,16.55,18.63,2.06,1.79,4933.7262
000300,沪深300指数,2021-09-08,4986.7953,5013.9764,4955.8876,4972.1324,26461531500.0,428591077708.1,-20.697,-0.4145,20324300.68,16.5,18.55,2.07,1.8,4992.8294
000300,沪深300指数,2021-09-09,4952.4924,4970.147,4929.9501,4970.0133,25653021700.0,401675689275.8,-2.1191,-0.0426,20315638.69,16.53,18.54,2.06,1.8,4972.1324
000300,沪深300指数,2021-09-10,4967.9759,5042.7994,4962.3707,5013.5219,28830435200.0,472762533239.2,43.5086,0.8754,20493486.3,16.63,18.7,2.05,1.78,4970.0133
000300,沪深300指数,2021-09-13,5006.7748,5029.7237,4964.9599,4991.6598,24991529800.0,433329627421.1,-21.8621,-0.4361,20404121.89,16.62,18.62,2.05,1.79,5013.5219
000300,沪深300指数,2021-09-14,4989.8348,5000.9772,4907.3159,4917.1617,24559040200.0,417245830782.2,-74.4981,-1.4925,20099600.31,16.39,18.35,2.08,1.82,4991.6598
000300,沪深300指数,2021-09-15,4903.8471,4903.8471,4843.1158,4867.3187,18798473000.0,363256653878.3,-49.843,-1.0137,19895859.66,16.25,18.16,2.1,1.84,4917.1617
000300,沪深300指数,2021-09-16,4866.7936,4879.5306,4806.1442,4807.6978,21675209900.0,393517267165.6,-59.6209,-1.2249,19652150.7,16.07,17.94,2.12,1.86,4867.3187
000300,沪深300指数,2021-09-17,4797.1129,4857.958,4786.0876,4855.9402,20195812700.0,360397420086.7,48.2424,1.0034,19849348.35,16.19,18.12,2.1,1.84,4807.6978
000300,沪深300指数,2021-09-22,4770.7323,4830.8496,4765.2301,4821.7675,19122037600.0,311952989432.1,-34.1727,-0.7037,19709662.9,16.13,17.99,2.11,1.85,4855.9402
000300,沪深300指数,2021-09-23,4848.2223,4877.3359,4837.5571,4853.1957,22815106400.0,362140919563.0,31.4282,0.6518,19838129.88,16.22,18.1,2.1,1.84,4821.7675
000300,沪深300指数,2021-09-24,4845.638,4897.0596,4838.5352,4849.4277,20769329000.0,361849453197.3,-3.768,-0.0776,19812423.67,16.18,18.08,2.11,1.84,4853.1957
000300,沪深300指数,2021-09-27,4870.8482,4922.5626,4852.1997,4877.3698,21596703000.0,426083025417.5,27.9421,0.5762,19926581.69,16.27,18.19,2.09,1.83,4849.4277
000300,沪深300指数,2021-09-28,4869.0845,4901.3114,4846.6306,4883.828,17689088000.0,321272191534.0,6.4582,0.1324,19952966.85,16.33,18.22,2.09,1.83,4877.3698
000300,沪深300指数,2021-09-29,4846.0212,4868.0678,4799.877,4833.9281,18817136600.0,331841767748.9,-49.8999,-1.0217,19749099.66,16.14,18.03,2.11,1.85,4883.828
000300,沪深300指数,2021-09-30,4843.9531,4876.0728,4843.9531,4866.3826,14611389600.0,283254685232.2,32.4545,0.6714,19881692.05,16.21,18.12,2.13,1.8,4833.9281
000300,沪深300指数,2021-10-08,4915.7305,4937.0918,4891.6249,4929.9409,16896807700.0,343635835306.4,63.5583,1.3061,20139672.31,16.41,18.35,2.1,1.78,4866.3826
000300,沪深300指数,2021-10-11,4941.2918,4983.7294,4930.7132,4936.1918,16351162400.0,315186321382.1,6.2509,0.1268,20165208.11,16.43,18.37,2.1,1.78,4929.9409
000300,沪深300指数,2021-10-12,4920.6596,4925.4883,4840.77,4883.8369,16807933700.0,299424238601.1,-52.3549,-1.0606,19951329.21,16.26,18.17,2.12,1.8,4936.1918
000300,沪深300指数,2021-10-13,4880.144,4953.3749,4869.8307,4940.1089,13114281300.0,280044666628.4,56.272,1.1522,20181210.16,16.39,18.38,2.1,1.78,4883.8369
000300,沪深300指数,2021-10-14,4934.2575,4953.9231,4903.2498,4913.6123,11955701300.0,249151666554.2,-26.4966,-0.5364,20072966.76,16.31,18.28,2.11,1.79,4940.1089
000300,沪深300指数,2021-10-15,4896.5578,4939.8153,4881.0136,4932.1084,14282200100.0,300728491201.2,18.4961,0.3764,20148526.85,16.38,18.35,2.1,1.78,4913.6123
000300,沪深300指数,2021-10-18,4922.5137,4922.5137,4844.9383,4874.7753,14124519900.0,302539444437.0,-57.3331,-1.1624,19914310.86,16.22,18.14,2.12,1.8,4932.1084
000300,沪深300指数,2021-10-19,4869.3907,4928.1433,4868.8106,4922.7232,13526649300.0,282928243806.8,47.9479,0.9836,20110186.66,16.37,18.32,2.11,1.78,4874.7753
000300,沪深300指数,2021-10-20,4926.7727,4944.0216,4898.3651,4910.1846,14153318300.0,279747732455.1,-12.5386,-0.2547,20058964.1,16.32,18.27,2.11,1.79,4922.7232
000300,沪深300指数,2021-10-21,4914.7378,4946.1764,4893.8525,4928.0156,14889815400.0,274802962494.9,17.831,0.3631,20131807.05,16.38,18.34,2.1,1.78,4910.1846
000300,沪深300指数,2021-10-22,4934.8698,4989.887,4934.8698,4959.7254,14392622800.0,289252612199.9,31.7098,0.6435,20261346.89,16.44,18.47,2.1,1.77,4928.0156
000300,沪深300指数,2021-10-25,4940.8962,4981.6499,4930.112,4979.5235,14186149000.0,299408232157.6,19.7981,0.3992,20342225.52,16.52,18.54,2.09,1.76,4959.7254
000300,沪深300指数,2021-10-26,4983.2383,5002.5746,4953.4787,4963.0984,14088894300.0,301786229740.4,-16.4251,-0.3299,20275126.19,16.46,18.48,2.09,1.77,4979.5235
000300,沪深300指数,2021-10-27,4949.2269,4949.2269,4884.9418,4898.1644,14711159300.0,299460469414.7,-64.934,-1.3083,20009859.69,16.26,18.24,2.12,1.79,4963.0984
000300,沪深300指数,2021-10-28,4882.5858,4898.6576,4846.2779,4864.138,15664947200.0,316631709566.3,-34.0264,-0.6947,19870855.54,16.11,18.11,2.14,1.8,4898.1644
000300,沪深300指数,2021-10-29,4861.2667,4908.7701,4855.7593,4908.7701,15988735300.0,368731987310.2,44.6321,0.9176,20053185.76,16.23,18.27,2.15,1.85,4864.138
000300,沪深300指数,2021-11-01,4878.1276,4908.2056,4858.2485,4890.6851,17158397400.0,379730767559.0,-18.085,-0.3684,19979305.2,16.19,18.24,2.16,1.86,4908.7701
000300,沪深300指数,2021-11-02,4886.1849,4911.2266,4797.899,4839.8457,18543768800.0,385731879817.5,-50.8394,-1.0395,19771617.38,16.01,18.04,2.18,1.88,4890.6851
000300,沪深300指数,2021-11-03,4835.8093,4858.7133,4804.3657,4821.1119,14276382000.0,302269934656.2,-18.7338,-0.3871,19695086.68,15.95,17.97,2.19,1.88,4839.8457
000300,沪深300指数,2021-11-04,4841.0912,4873.9394,4834.7433,4868.7419,13259297000.0,308688054573.6,47.63,0.9879,19889663.34,16.09,18.15,2.17,1.86,4821.1119
000300,沪深300指数,2021-11-05,4858.8999,4889.6835,4841.7442,4842.3458,14778935900.0,312070841453.0,-26.3961,-0.5422,19781830.86,15.99,18.05,2.19,1.87,4868.7419
000300,沪深300指数,2021-11-08,4841.1527,4866.0822,4827.6892,4848.1795,13739826400.0,295893824000.4,5.8337,0.1205,19811180.81,16.0,18.07,2.18,1.87,4842.3458
000300,沪深300指数,2021-11-09,4858.2525,4870.7905,4818.5386,4846.7444,11837552600.0,261645065376.2,-1.4351,-0.0296,19812012.3,16.0,18.07,2.19,1.87,4848.1795
000300,沪深300指数,2021-11-10,4832.8006,4832.8006,4753.9959,4821.1925,13511817900.0,301058966270.5,-25.5519,-0.5272,19707564.18,15.91,17.99,2.2,1.88,4846.7444
000300,沪深300指数,2021-11-11,4814.7655,4898.6529,4809.1109,4898.6529,16048486300.0,323624626069.4,77.4604,1.6067,20024198.65,16.14,18.28,2.17,1.85,4821.1925
000300,沪深300指数,2021-11-12,4902.9289,4909.0839,4875.3492,4888.3749,13266296900.0,271773244503.0,-10.278,-0.2098,19982185.0,16.1,18.23,2.17,1.86,4898.6529
000300,沪深300指数,2021-11-15,4894.4119,4906.3301,4863.396,4882.3777,12182314900.0,272997748910.2,-5.9972,-0.1227,19957670.48,16.09,18.21,2.17,1.86,4888.3749
000300,沪深300指数,2021-11-16,4880.8964,4915.3717,4876.5004,4883.3206,12725440600.0,284094590893.0,0.9429,0.0193,19966435.9,16.09,18.22,2.17,1.86,4882.3777
000300,沪深300指数,2021-11-17,4883.2481,4891.5232,4864.5198,4885.7544,10845922300.0,246177916948.6,2.4338,0.0498,19976386.84,16.11,18.23,2.17,1.86,4883.3206
000300,沪深300指数,2021-11-18,4871.4216,4871.4216,4830.4123,4837.6185,11448056500.0,244484713797.1,-48.1359,-0.9852,19779573.49,15.98,18.05,2.19,1.87,4885.7544
000300,沪深300指数,2021-11-19,4832.0595,4892.8093,4829.5665,4890.0575,12719831200.0,266280681863.6,52.439,1.084,19993981.0,16.15,18.25,2.17,1.85,4837.6185
000300,沪深300指数,2021-11-22,4895.3875,4918.9957,4893.2732,4912.399,13809283600.0,316148811480.0,22.3415,0.4569,20085328.41,16.21,18.33,2.16,1.85,4890.0575
000300,沪深300指数,2021-11-23,4905.7587,4927.5211,4896.8781,4913.3457,15430441100.0,301022146081.1,0.9467,0.0193,20098524.84,16.23,18.34,2.15,1.84,4912.399
000300,沪深300指数,2021-11-24,4914.0266,4935.4885,4899.6112,4916.6579,13715067300.0,289707337708.6,3.3122,0.0674,20112073.61,16.25,18.35,2.15,1.84,4913.3457
000300,沪深300指数,2021-11-25,4917.6055,4921.3333,4891.728,4896.4416,11598403100.0,255450994352.1,-20.2163,-0.4112,20029376.91,16.18,18.28,2.16,1.85,4916.6579
000300,沪深300指数,2021-11-26,4886.9516,4886.9516,4850.8114,4860.1265,12036897400.0,243041335647.2,-36.3151,-0.7417,19880826.5,16.06,18.14,2.18,1.86,4896.4416
000300,沪深300指数,2021-11-29,4820.0053,4858.5322,4818.7058,4851.423,13362686200.0,285995221656.8,-8.7035,-0.1791,19845223.75,16.03,18.12,2.18,1.87,4860.1265
000300,沪深300指数,2021-11-30,4857.183,4871.2528,4810.2192,4832.026,12963059600.0,279268234018.0,-19.397,-0.3998,19765878.63,15.98,18.05,2.17,1.84,4851.423
000300,沪深300指数,2021-12-01,4831.8885,4844.5242,4823.9254,4843.851,12308678900.0,255968912362.1,11.825,0.2447,19814249.77,16.03,18.09,2.16,1.83,4832.026
000300,沪深300指数,2021-12-02,4839.9137,4866.8505,4830.3228,4856.163,14808852100.0,278051726155.7,12.312,0.2542,19871826.7,16.07,18.13,2.15,1.83,4843.851
000300,沪深300指数,2021-12-03,4856.9802,4901.0175,4853.3505,4901.0175,14405962600.0,300052698342.2,44.8545,0.9237,20055375.23,16.22,18.29,2.13,1.81,4856.163
000300,沪深300指数,2021-12-06,4909.4292,4943.9032,4888.6927,4892.6209,17361568300.0,333405791014.9,-8.3966,-0.1713,20021015.39,16.19,18.26,2.14,1.81,4901.0175
000300,沪深300指数,2021-12-07,4930.8261,4934.0973,4895.2178,4922.1015,17905346000.0,340617766237.8,29.4806,0.6026,20141652.79,16.28,18.37,2.13,1.8,4892.6209
000300,沪深300指数,2021-12-08,4934.4056,4995.9298,4915.7898,4995.9298,15749055900.0,329064831238.9,73.8283,1.4999,20443764.11,16.5,18.65,2.1,1.78,4922.1015
000300,沪深300指数,2021-12-09,5000.6871,5114.5012,4999.4097,5078.6901,22056877600.0,425680958779.1,82.7603,1.6566,20784390.52,16.77,18.96,2.06,1.75,4995.9298
000300,沪深300指数,2021-12-10,5046.2677,5060.0554,5035.8087,5055.1172,19369515400.0,356917625379.5,-23.5729,-0.4642,20687919.1,16.68,18.87,2.07,1.75,5078.6901
000300,沪深300指数,2021-12-13,5090.0207,5143.841,5079.7276,5083.8007,21180159600.0,426376532477.1,28.6835,0.5674,22866450.69,18.12,20.58,1.89,1.6,5055.1172
000300,沪深300指数,2021-12-14,5066.3497,5075.2138,5038.8583,5049.6953,15910779000.0,318685538073.5,-34.1054,-0.6709,22713047.5,17.99,20.44,1.9,1.61,5083.8007
000300,沪深300指数,2021-12-15,5036.284,5060.368,5003.7776,5005.8991,15052975200.0,291072568760.8,-43.7962,-0.8673,22516056.76,17.85,20.27,1.92,1.62,5049.6953
000300,沪深300指数,2021-12-16,5006.6105,5034.7321,4987.2247,5034.7321,14405386700.0,291474766866.2,28.833,0.576,22607832.39,17.97,20.37,1.91,1.61,5005.8991
000300,沪深300指数,2021-12-17,5021.3385,5022.1067,4954.7592,4954.7599,14900539900.0,297943311186.6,-79.9722,-1.5884,22248727.2,17.7,20.05,1.94,1.64,5034.7321
000300,沪深300指数,2021-12-20,4934.9662,4971.6727,4872.6846,4880.4178,16967569000.0,317536919390.0,-74.3421,-1.5004,21914903.64,17.47,19.75,1.96,1.66,4954.7599
000300,沪深300指数,2021-12-21,4876.5141,4917.7994,4872.9491,4913.4853,14333989800.0,259023177322.6,33.0675,0.6776,22057879.37,17.6,19.88,1.95,1.65,4880.4178
000300,沪深300指数,2021-12-22,4924.5771,4936.6731,4903.1652,4914.4544,13325674000.0,244642450513.7,0.9691,0.0197,22062229.74,17.59,19.89,1.95,1.65,4913.4853
000300,沪深300指数,2021-12-23,4924.2912,4948.7389,4906.7473,4948.7389,13955540600.0,263359754800.7,34.2845,0.6976,22216141.77,17.73,20.03,1.93,1.64,4914.4544
000300,沪深300指数,2021-12-24,4953.0616,4964.9064,4905.9785,4921.3449,14267332300.0,290483663506.4,-27.394,-0.5536,22093163.31,17.65,19.92,1.94,1.65,4948.7389
000300,沪深300指数,2021-12-27,4918.1462,4939.689,4894.1598,4919.3238,12410095200.0,254421525172.7,-2.0211,-0.0411,22084090.03,17.63,19.91,1.94,1.65,4921.3449
000300,沪深300指数,2021-12-28,4923.6917,4959.1448,4913.5983,4955.9644,13045775700.0,276316732181.2,36.6406,0.7448,22248578.79,17.73,20.05,1.93,1.64,4919.3238
000300,沪深300指数,2021-12-29,4958.6455,4958.6455,4883.4804,4883.4804,11358700200.0,273225467112.2,-72.484,-1.4626,21923179.75,17.48,19.75,1.96,1.66,4955.9644
000300,沪深300指数,2021-12-30,4882.1561,4940.178,4878.6478,4921.5109,12161717800.0,268022477311.8,38.0305,0.7788,22093908.24,17.59,19.9,1.95,1.65,4883.4804
000300,沪深300指数,2021-12-31,4937.463,4950.3639,4923.1392,4940.3733,12131373700.0,266975388723.2,18.8624,0.3833,22178586.33,17.66,19.97,1.93,1.64,4921.5109
000300,沪深300指数,2022-01-04,4957.9835,4961.4527,4874.5337,4917.7653,15153477600.0,336516961627.0,-22.608,-0.4576,22077093.15,17.6,19.88,1.94,1.65,4940.3733
000300,沪深300指数,2022-01-05,4907.9347,4916.2822,4851.9835,4868.1202,17881610000.0,363944528847.9,-49.6451,-1.0095,21854224.08,17.45,19.68,1.95,1.66,4917.7653
000300,沪深300指数,2022-01-06,4842.156,4857.5596,4786.433,4818.2318,15766582600.0,321750076549.2,-49.8884,-1.0248,21630262.37,17.29,19.47,1.97,1.68,4868.1202
000300,沪深300指数,2022-01-07,4824.3181,4856.6522,4818.1931,4822.3689,18713941300.0,332218950734.5,4.1371,0.0859,21648834.93,17.32,19.5,1.97,1.68,4818.2318
000300,沪深300指数,2022-01-10,4812.23,4844.3928,4780.8191,4844.0451,15621169600.0,305033816783.5,21.6762,0.4495,21746144.94,17.39,19.58,1.96,1.67,4822.3689
000300,沪深300指数,2022-01-11,4840.0087,4850.879,4791.8854,4797.7735,14692800400.0,286445756033.7,-46.2716,-0.9552,21538419.61,17.23,19.39,1.98,1.69,4844.0451
000300,沪深300指数,2022-01-12,4818.8902,4852.7314,4810.919,4845.5787,14320020400.0,293153042845.2,47.8052,0.9964,21753029.47,17.39,19.59,1.96,1.67,4797.7735
000300,沪深300指数,2022-01-13,4853.0314,4853.0632,4765.2416,4765.9191,14251965300.0,288799117043.3,-79.6596,-1.644,21395417.27,17.15,19.27,1.99,1.7,4845.5787
000300,沪深300指数,2022-01-14,4743.9124,4764.0522,4723.9428,4726.7317,14686312600.0,281828448517.4,-39.1874,-0.8222,21219495.21,16.98,19.11,2.01,1.71,4765.9191
000300,沪深300指数,2022-01-17,4728.7595,4775.2385,4726.7083,4767.2762,11529569100.0,263788241676.0,40.5445,0.8578,21401509.58,17.1,19.28,1.99,1.7,4726.7317
000300,沪深300指数,2022-01-18,4766.7811,4826.3003,4747.92,4813.3472,15087080200.0,282749393138.7,46.071,0.9664,21608333.9,17.29,19.46,1.97,1.68,4767.2762
000300,沪深300指数,2022-01-19,4815.8106,4828.7522,4755.9301,4780.3784,13392736000.0,275534557468.5,-32.9688,-0.6849,21460328.74,17.18,19.33,1.98,1.69,4813.3472
000300,沪深300指数,2022-01-20,4778.2616,4845.0048,4777.5683,4823.5091,16497131500.0,304344267970.5,43.1307,0.9022,21653953.38,17.32,19.51,1.97,1.68,4780.3784
000300,沪深300指数,2022-01-21,4808.7733,4818.3052,4762.5641,4779.3142,13895258500.0,274699155293.8,-44.1949,-0.9162,21455551.52,17.15,19.32,1.99,1.69,4823.5091
000300,沪深300指数,2022-01-24,4753.9413,4801.0976,4746.4479,4786.7377,11446388000.0,246261594852.9,7.4235,0.1553,21488877.23,17.17,19.35,1.99,1.69,4779.3142
000300,沪深300指数,2022-01-25,4761.95,4781.3908,4678.2472,4678.4511,13366758600.0,250555769168.0,-108.2866,-2.2622,21002751.46,16.79,18.91,2.03,1.73,4786.7377
000300,沪深300指数,2022-01-26,4697.0991,4718.9946,4648.1283,4712.3109,10707084200.0,226553448356.8,33.8598,0.7237,21154756.52,16.91,19.05,2.02,1.72,4678.4511
000300,沪深300指数,2022-01-27,4708.0989,4708.4364,4616.0273,4619.8765,12126380400.0,250535654824.4,-92.4344,-1.9616,20757872.25,16.61,18.66,2.05,1.75,4712.3109
000300,沪深300指数,2022-01-28,4641.8137,4660.519,4559.8331,4563.772,12648011200.0,263967891828.3,-56.1045,-1.2144,20505785.59,16.39,18.43,2.08,1.77,4619.8765
000300,沪深300指数,2022-02-07,4638.5754,4672.6535,4615.0052,4634.0899,14484972000.0,266031793985.3,70.3179,1.5408,20827413.86,16.69,18.72,2.04,1.74,4563.772
000300,沪深300指数,2022-02-08,4626.4365,4626.4365,4522.4709,4608.7729,15583070800.0,281364873762.5,-25.317,-0.5463,20713629.35,16.65,18.61,2.04,1.75,4634.0899
000300,沪深300指数,2022-02-09,4608.1491,4659.4611,4595.2826,4652.0609,14833554700.0,273771960505.9,43.288,0.9393,20911213.49,16.79,18.79,2.03,1.74,4608.7729
000300,沪深300指数,2022-02-10,4657.2107,4657.2107,4608.0905,4639.8625,15157666600.0,287224388085.6,-12.1984,-0.2622,20856381.15,16.77,18.73,2.03,1.74,4652.0609
000300,沪深300指数,2022-02-11,4617.8741,4662.5963,4595.8751,4601.3953,15597458400.0,307938016714.5,-38.4672,-0.8291,20685759.54,16.68,18.58,2.04,1.76,4639.8625
000300,沪深300指数,2022-02-14,4579.4202,4593.6324,4530.0566,4551.6878,14367389400.0,275737553466.7,-49.7075,-1.0803,20462297.36,16.5,18.37,2.06,1.78,4601.3953
000300,沪深300指数,2022-02-15,4553.8112,4601.453,4550.543,4600.1025,11502560000.0,249977008675.0,48.4147,1.0637,20679947.72,16.63,18.58,2.05,1.76,4551.6878
000300,沪深300指数,2022-02-16,4619.8458,4643.1003,4607.2178,4617.9893,10725895500.0,210190931035.5,17.8868,0.3888,20760358.44,16.7,18.65,2.04,1.75,4600.1025
000300,沪深300指数,2022-02-17,4616.8955,4650.1591,4606.9522,4629.1649,11001464300.0,227946249306.5,11.1756,0.242,20810598.84,16.72,18.69,2.04,1.75,4617.9893
000300,沪深300指数,2022-02-18,4604.5669,4651.3415,4598.1003,4651.2358,10455022800.0,195825700477.9,22.0709,0.4768,20909819.57,16.8,18.78,2.03,1.74,4629.1649
000300,沪深300指数,2022-02-21,4646.0522,4646.6724,4613.2971,4634.3141,11251651200.0,215039182297.2,-16.9217,-0.3638,20833747.47,16.74,18.71,2.03,1.74,4651.2358
000300,沪深300指数,2022-02-22,4601.9184,4602.066,4550.804,4574.1527,12331723700.0,246872960668.1,-60.1614,-1.2982,20563289.36,16.55,18.46,2.06,1.77,4634.3141
000300,沪深300指数,2022-02-23,4582.0064,4625.2979,4579.2945,4623.0465,12295291600.0,259050146194.4,48.8938,1.0689,20783093.2,16.69,18.67,2.04,1.75,4574.1527
000300,沪深300指数,2022-02-24,4592.069,4610.8792,4488.4763,4529.3189,18440305800.0,342346666856.5,-93.7276,-2.0274,20361737.16,16.38,18.29,2.08,1.78,4623.0465
000300,沪深300指数,2022-02-25,4564.6321,4611.8602,4561.8964,4573.4247,14972258300.0,271727599671.9,44.1058,0.9738,20560016.32,16.51,18.47,2.06,1.77,4529.3189
000300,沪深300指数,2022-02-28,4563.7427,4581.6459,4530.6764,4581.6459,13540697800.0,248363727482.7,8.2212,0.1798,20596975.23,16.55,18.5,2.06,1.76,4573.4247
000300,沪深300指数,2022-03-01,4597.855,4623.4312,4583.917,4619.6862,12313922000.0,260431185063.7,38.0403,0.8303,20767986.75,16.68,18.66,2.04,1.75,4581.6459
000300,沪深300指数,2022-03-02,4594.017,4594.017,4558.4416,4578.6007,11329832500.0,215299655365.1,-41.0855,-0.8894,20583285.27,16.56,18.49,2.06,1.76,4619.6862
000300,沪深300指数,2022-03-03,4595.0249,4599.3973,4544.4313,4551.6283,13828587700.0,242701771996.2,-26.9724,-0.5891,20462030.1,16.48,18.37,2.06,1.78,4578.6007
000300,沪深300指数,2022-03-04,4513.3636,4539.3925,4481.4927,4496.4301,12726680600.0,249970282271.0,-55.1982,-1.2127,20213884.16,16.3,18.15,2.09,1.8,4551.6283
000300,沪深300指数,2022-03-07,4462.5174,4462.5174,4338.3042,4352.7775,16219770600.0,306898527658.4,-143.6526,-3.1948,19568088.17,15.84,17.58,2.15,1.86,4496.4301
000300,沪深300指数,2022-03-08,4361.6424,4383.6467,4252.5386,4265.391,16786327700.0,315176698370.9,-87.3865,-2.0076,19175238.56,15.54,17.23,2.19,1.89,4352.7775
000300,沪深300指数,2022-03-09,4280.9789,4304.482,4068.193,4226.3463,19423290000.0,341009391865.7,-39.0447,-0.9154,18999711.55,15.39,17.07,2.21,1.91,4265.391
000300,沪深300指数,2022-03-10,4326.2035,4335.6731,4288.5078,4292.8374,14526638300.0,301636182195.2,66.4911,1.5733,19300384.67,15.6,17.34,2.18,1.88,4226.3463
000300,沪深300指数,2022-03-11,4231.1961,4316.044,4176.4522,4306.5217,15239992100.0,295008832432.4,13.6843,0.3188,19361908.52,15.65,17.4,2.18,1.88,4292.8374
000300,沪深300指数,2022-03-14,4248.1526,4280.3609,4174.7577,4174.7577,13018723600.0,260691659460.8,-131.764,-3.0596,18782401.86,15.21,16.88,2.24,1.93,4306.5217
000300,沪深300指数,2022-03-15,4125.4866,4163.4176,3983.812,3983.812,20252469900.0,346988947367.8,-190.9457,-4.5738,17941505.7,14.52,16.1,2.34,2.03,4174.7577
000300,沪深300指数,2022-03-16,4053.099,4168.5853,3942.861,4156.081,19602198200.0,378883588290.3,172.269,4.3242,18717336.84,15.07,16.79,2.26,1.94,3983.812
000300,沪深300指数,2022-03-17,4237.6722,4302.7426,4217.8038,4237.6956,17940734400.0,385039197285.7,81.6146,1.9637,19084896.29,15.34,17.13,2.22,1.9,4156.081
000300,沪深300指数,2022-03-18,4218.4736,4283.3679,4194.9402,4265.9017,14945830500.0,275791291072.6,28.2061,0.6656,19211925.63,15.44,17.24,2.2,1.89,4237.6956
000300,沪深300指数,2022-03-21,4280.1397,4287.8166,4223.024,4258.7459,12703636000.0,251214543321.4,-7.1558,-0.1677,19179698.86,15.41,17.21,2.21,1.9,4265.9017
000300,沪深300指数,2022-03-22,4252.5658,4283.3344,4236.6888,4255.295,12638247000.0,226213533984.5,-3.4509,-0.081,19164157.07,15.42,17.2,2.21,1.9,4258.7459
000300,沪深300指数,2022-03-23,4269.6088,4287.5771,4241.957,4276.5174,11708907800.0,226390778403.3,21.2224,0.4987,19259734.44,15.49,17.29,2.2,1.89,4255.295
000300,沪深300指数,2022-03-24,4249.5328,4273.9568,4216.8506,4251.3061,10891827200.0,219594430540.4,-25.2113,-0.5895,19146192.71,15.4,17.19,2.21,1.9,4276.5174
000300,沪深300指数,2022-03-25,4249.0731,4254.8449,4173.93,4174.5742,10880804600.0,217013187264.8,-76.7319,-1.8049,18800622.95,15.16,16.88,2.25,1.93,4251.3061
000300,沪深300指数,2022-03-28,4128.8379,4174.1206,4091.2978,4148.4663,11844902100.0,213468973997.5,-26.1079,-0.6254,18683043.0,15.12,16.77,2.25,1.95,4174.5742
000300,沪深300指数,2022-03-29,4155.4182,4177.2134,4124.7179,4134.1441,10026697200.0,199463853668.2,-14.3222,-0.3452,18618541.83,15.09,16.72,2.26,1.95,4148.4663
000300,沪深300指数,2022-03-30,4162.1666,4254.0989,4160.7351,4254.0989,13834602400.0,268869181171.3,119.9548,2.9016,19158770.63,15.47,17.2,2.2,1.9,4134.1441
000300,沪深300指数,2022-03-31,4234.7159,4247.3602,4214.5352,4222.5968,13402918500.0,238877216805.6,-31.5021,-0.7405,19017789.86,15.39,17.08,2.21,1.91,4254.0989
000300,沪深300指数,2022-04-01,4198.8191,4290.671,4190.0835,4276.158,13380305300.0,244758870755.2,53.5612,1.2684,19259019.74,15.58,17.29,2.18,1.89,4222.5968
000300,沪深300指数,2022-04-06,4258.8325,4277.5238,4236.7283,4263.8411,15906219500.0,253690929897.9,-12.3169,-0.288,19203546.76,15.55,17.24,2.18,1.89,4276.158
000300,沪深300指数,2022-04-07,4240.0237,4278.1127,4205.743,4209.0998,13488035300.0,216996185503.7,-54.7413,-1.2838,18957002.27,15.37,17.02,2.21,1.92,4263.8411
000300,沪深300指数,2022-04-08,4213.2107,4237.8126,4175.5287,4230.7669,14284379300.0,229081764759.3,21.6671,0.5148,19054586.53,15.46,17.11,2.2,1.91,4209.0998
000300,沪深300指数,2022-04-11,4203.7902,4203.7902,4089.0934,4100.0703,14819707100.0,265224932471.5,-130.6966,-3.0892,18465953.68,15.05,16.59,2.26,1.97,4230.7669
000300,沪深300指数,2022-04-12,4102.9711,4179.9727,4075.796,4179.9727,14428568400.0,252830412756.4,79.9024,1.9488,18831036.48,15.3,16.9,2.22,1.93,4100.0703
000300,沪深300指数,2022-04-13,4154.4121,4194.0374,4139.737,4139.737,12509748900.0,221281029559.7,-40.2357,-0.9626,18649772.15,15.19,16.74,2.24,1.95,4179.9727
000300,沪深300指数,2022-04-14,4172.6443,4217.0612,4155.5509,4191.5684,12479131600.0,245993822040.5,51.8314,1.252,18883275.88,15.36,16.94,2.21,1.92,4139.737
000300,沪深300指数,2022-04-15,4162.3718,4211.3174,4152.974,4188.7472,12476226300.0,226229740275.2,-2.8212,-0.0673,18869732.82,15.35,16.93,2.21,1.92,4191.5684
000300,沪深300指数,2022-04-18,4152.9306,4171.7427,4119.9941,4166.3844,11750461000.0,212855328186.8,-22.3628,-0.5339,18768991.52,15.25,16.84,2.23,1.93,4188.7472
000300,沪深300指数,2022-04-19,4161.9328,4186.9389,4115.4184,4134.9017,11021747100.0,208570579128.8,-31.4827,-0.7556,18627166.44,15.18,16.71,2.24,1.95,4166.3844
000300,沪深300指数,2022-04-20,4130.5427,4136.1661,4060.5044,4070.7889,11733165800.0,216536635695.2,-64.1128,-1.5505,18338381.65,14.95,16.44,2.27,1.98,4134.9017
000300,沪深300指数,2022-04-21,4048.7338,4086.4393,3978.3669,3995.83,13278382800.0,227026679682.4,-74.9589,-1.8414,18000701.02,14.7,16.14,2.31,2.02,4070.7889
000300,沪深300指数,2022-04-22,3967.2016,4037.084,3953.7217,4013.2498,12210181100.0,206371766715.6,17.4198,0.4359,18077344.09,14.78,16.21,2.3,2.01,3995.83
000300,沪深300指数,2022-04-25,3933.4459,3958.2102,3814.9127,3814.9127,16836450200.0,272889272275.2,-198.3371,-4.9421,17183951.17,14.11,15.41,2.4,2.11,4013.2498
000300,沪深300指数,2022-04-26,3822.4887,3871.8498,3773.8986,3784.1198,15757761100.0,259626354225.4,-30.7929,-0.8072,17045247.25,14.02,15.29,2.42,2.13,3814.9127
000300,沪深300指数,2022-04-27,3758.0835,3895.731,3757.0859,3895.5361,17273404600.0,296924102939.0,111.4163,2.9443,17547112.4,14.36,15.74,2.36,2.07,3784.1198
000300,沪深300指数,2022-04-28,3883.4196,3943.4349,3873.5781,3921.1073,15305658600.0,268502242452.9,25.5712,0.6564,17662295.84,14.47,15.85,2.35,2.05,3895.5361
000300,沪深300指数,2022-04-29,3939.6238,4017.4281,3898.5701,4016.241,17945837700.0,321414877428.2,95.1337,2.4262,18100933.38,14.78,16.22,2.29,1.97,3921.1073
000300,沪深300指数,2022-05-05,3995.3533,4039.7,3988.9312,4010.2102,15417071600.0,290538230662.9,-6.0308,-0.1502,18073755.8,12.45,14.01,2.3,1.97,4016.241
000300,沪深300指数,2022-05-06,3928.8548,3947.2378,3902.051,3908.815,12300555100.0,214825174047.3,-101.3952,-2.5284,17616774.31,12.15,13.66,2.35,2.02,4010.2102
000300,沪深300指数,2022-05-09,3883.9514,3914.1116,3854.9353,3877.4364,9293669400.0,171756502863.8,-31.3786,-0.8028,17475352.97,12.08,13.55,2.37,2.04,3908.815
000300,沪深300指数,2022-05-10,3820.6278,3932.6823,3808.5699,3919.8684,13641691800.0,239060211932.9,42.432,1.0943,17666591.29,12.18,13.7,2.35,2.02,3877.4364
000300,沪深300指数,2022-05-11,3917.9322,4033.3026,3916.5249,3976.4231,16563225600.0,309294912796.8,56.5547,1.4428,17921479.81,12.32,13.9,2.32,1.99,3919.8684
000300,沪深300指数,2022-05-12,3949.949,3985.9268,3935.5886,3958.74,11337606600.0,202029156415.1,-17.6831,-0.4447,17841783.13,12.27,13.84,2.33,2.0,3976.4231
000300,沪深300指数,2022-05-13,3983.8201,4003.8539,3957.1392,3988.6002,10996835700.0,195727044922.1,29.8602,0.7543,17976361.09,12.38,13.95,2.31,1.98,3958.74
000300,沪深300指数,2022-05-16,4014.9955,4018.0283,3947.7461,3956.5378,11242529400.0,199717909541.0,-32.0624,-0.8039,17831863.62,12.28,13.81,2.33,2.0,3988.6002
000300,沪深300指数,2022-05-17,3961.7605,4005.8934,3955.1018,4005.8934,10966145400.0,210117539690.9,49.3556,1.2474,18052774.91,12.41,13.99,2.3,1.97,3956.5378
000300,沪深300指数,2022-05-18,4015.0134,4017.341,3964.7503,3991.9069,10807423300.0,201800666052.1,-13.9865,-0.3491,17989744.07,12.37,13.94,2.31,1.98,4005.8934
000300,沪深300指数,2022-05-19,3938.2964,3999.5984,3933.7452,3999.5984,11629342000.0,210206681641.5,7.6915,0.1927,18024405.98,12.38,13.97,2.31,1.98,3991.9069
000300,沪深300指数,2022-05-20,4020.8162,4077.6016,4020.8162,4077.5998,14706917300.0,265609089942.6,78.0014,1.9502,18375923.88,12.61,14.24,2.27,1.94,3999.5984
000300,沪深300指数,2022-05-23,4080.9694,4080.9694,4029.0846,4053.9823,13047781000.0,225981540919.1,-23.6175,-0.5792,18269490.35,12.54,14.16,2.28,1.95,4077.5998
000300,沪深300指数,2022-05-24,4052.8675,4055.783,3959.1541,3959.1541,14555433600.0,247713039712.6,-94.8282,-2.3391,17842141.62,12.29,13.83,2.33,2.0,4053.9823
000300,沪深300指数,2022-05-25,3959.7672,3983.6236,3946.8083,3983.1784,10773401500.0,188700537391.3,24.0243,0.6068,17950409.75,12.36,13.89,2.31,1.99,3959.1541
000300,沪深300指数,2022-05-26,3987.6815,4015.7468,3938.2389,3993.0446,12626368900.0,216987025401.0,9.8662,0.2477,17994875.77,12.39,13.93,2.3,1.98,3983.1784
000300,沪深300指数,2022-05-27,4022.7095,4051.1428,3983.3838,4001.2988,11276933700.0,206944426227.2,8.2542,0.2067,18032073.94,12.43,13.96,2.3,1.98,3993.0446
000300,沪深300指数,2022-05-30,4020.8584,4040.819,4003.3768,4029.0179,11115224100.0,211144721615.5,27.7191,0.6928,18156991.61,12.5,14.05,2.28,1.96,4001.2988
000300,沪深300指数,2022-05-31,4031.7621,4096.1971,4020.3781,4091.5176,13541551300.0,267770088726.0,62.4997,1.5512,18438650.07,12.68,14.27,2.28,1.99,4029.0179
000300,沪深300指数,2022-06-01,4086.6177,4094.9008,4058.8468,4083.1772,11485087900.0,225416237873.3,-8.3404,-0.2038,18401063.49,12.64,14.24,2.29,1.99,4091.5176
000300,沪深300指数,2022-06-02,4063.9996,4091.152,4057.9135,4089.5682,11389363800.0,222657537906.0,6.391,0.1565,18429863.24,12.65,14.26,2.28,1.99,4083.1772
000300,沪深300指数,2022-06-06,4090.5286,4166.6151,4063.9057,4166.085,16787101100.0,324075626903.1,76.5168,1.871,18774699.24,12.83,14.5,2.25,1.95,4089.5682
000300,沪深300指数,2022-06-07,4165.6899,4198.0863,4155.1683,4179.1285,14299288100.0,285733722332.6,13.0435,0.3131,18833480.57,12.87,14.54,2.24,1.94,4166.085
000300,沪深300指数,2022-06-08,4187.1483,4224.8096,4158.0329,4219.8122,15737405700.0,319480252836.5,40.6837,0.9735,19016822.82,12.99,14.67,2.22,1.93,4179.1285
000300,沪深300指数,2022-06-09,4211.7225,4227.4484,4160.8814,4175.6747,16844915400.0,285172804211.6,-44.1375,-1.046,18817914.81,12.88,14.51,2.24,1.95,4219.8122
000300,沪深300指数,2022-06-10,4145.6505,4241.3541,4140.2203,4238.9936,18479621400.0,324091440663.3,63.3189,1.5164,19103265.07,13.07,14.74,2.21,1.92,4175.6747
000300,沪深300指数,2022-06-13,4194.4574,4218.2327,4156.7146,4189.3527,16847562200.0,336585670507.5,-49.6409,-1.1711,19607862.6,13.13,14.87,2.17,1.88,4238.9936
000300,沪深300指数,2022-06-14,4143.2232,4224.0857,4102.929,4222.3114,17138590400.0,335418557931.6,32.9587,0.7867,19762122.39,13.26,14.98,2.15,1.86,4189.3527
000300,沪深300指数,2022-06-15,4228.2926,4348.4226,4228.2926,4278.2178,25704659000.0,459766820664.8,55.9064,1.3241,20023787.13,13.42,15.19,2.12,1.84,4222.3114
000300,沪深300指数,2022-06-16,4282.0827,4302.9212,4241.075,4250.0614,18407441600.0,337235911542.4,-28.1564,-0.6581,19892002.71,13.3,15.07,2.14,1.85,4278.2178
000300,沪深300指数,2022-06-17,4219.2339,4318.7655,4218.6817,4309.0444,15864909800.0,346675726828.8,58.983,1.3878,20168071.09,13.46,15.28,2.11,1.82,4250.0614
000300,沪深300指数,2022-06-20,4322.8324,4368.3555,4297.8912,4330.4328,16566638200.0,359569296859.8,21.3884,0.4964,20268177.45,13.49,15.35,2.11,1.81,4309.0444
000300,沪深300指数,2022-06-21,4327.9159,4357.3396,4287.1406,4325.5657,16466761500.0,317163317740.3,-4.8671,-0.1124,20245397.23,13.48,15.33,2.11,1.82,4330.4328
000300,沪深300指数,2022-06-22,4331.902,4333.1827,4269.2456,4270.6227,15856585400.0,298656263311.3,-54.943,-1.2702,19988229.9,13.31,15.12,2.13,1.84,4325.5657
000300,沪深300指数,2022-06-23,4277.9555,4343.8781,4260.9002,4343.8781,17088236000.0,327144780543.7,73.2554,1.7153,20331094.79,13.53,15.39,2.1,1.81,4270.6227
000300,沪深300指数,2022-06-24,4354.553,4400.6852,4346.1221,4394.7723,16897219900.0,356054750521.5,50.8942,1.1716,20569299.83,13.66,15.57,2.08,1.79,4343.8781
000300,沪深300指数,2022-06-27,4414.3321,4472.6948,4414.3321,4444.2639,17738567600.0,381432966327.9,49.4916,1.1261,20800929.24,13.8,15.73,2.06,1.77,4394.7723
000300,沪深300指数,2022-06-28,4442.5811,4497.8949,4407.3519,4490.5166,17475648900.0,361685970663.6,46.2527,1.0407,21013994.62,13.91,15.89,2.04,1.75,4444.2639
000300,沪深300指数,2022-06-29,4472.7346,4503.1307,4413.9961,4421.357,18727668800.0,395926107698.5,-69.1596,-1.5401,20690352.37,13.73,15.65,2.07,1.78,4490.5166
000300,沪深300指数,2022-06-30,4418.0656,4514.9968,4418.0656,4485.0108,15666628900.0,354343886760.3,63.6538,1.4397,20988228.98,13.9,15.87,2.06,1.92,4421.357
000300,沪深300指数,2022-07-01,4489.5204,4500.9853,4449.2914,4466.7179,14477959900.0,318492130199.6,-18.2929,-0.4079,20902624.8,13.84,15.81,2.07,1.93,4485.0108
000300,沪深300指数,2022-07-04,4447.2159,4496.0338,4427.8232,4496.0303,14634565100.0,356968521261.0,29.3124,0.6562,21039794.46,13.91,15.88,2.05,1.91,4466.7179
000300,沪深300指数,2022-07-05,4505.4572,4530.3245,4439.4511,4489.5383,15496241500.0,361891850839.3,-6.492,-0.1444,21009414.43,13.9,15.86,2.05,1.92,4496.0303
000300,沪深300指数,2022-07-06,4475.4815,4484.3615,4393.4165,4423.9698,14980023500.0,344672707728.0,-65.5685,-1.4605,20702577.47,13.7,15.63,2.09,1.95,4489.5383
000300,沪深300指数,2022-07-07,4425.2814,4457.3431,4391.1938,4443.4736,13266090600.0,328133133656.5,19.5038,0.4409,20793848.41,13.74,15.7,2.08,1.94,4423.9698
000300,沪深300指数,2022-07-08,4468.0627,4479.4937,4426.8856,4428.781,12319573900.0,304031107302.5,-14.6926,-0.3307,20725092.26,13.71,15.64,2.08,1.94,4443.4736
000300,沪深300指数,2022-07-11,4406.1476,4406.1476,4330.5819,4354.6167,13444857800.0,299195233430.3,-74.1643,-1.6746,20378019.85,13.49,15.36,2.12,1.98,4428.781
000300,沪深300指数,2022-07-12,4352.6456,4370.3411,4296.6215,4313.6184,13018783800.0,291072311850.2,-40.9983,-0.9415,20186163.05,13.36,15.22,2.14,2.0,4354.6167
000300,沪深300指数,2022-07-13,4313.3589,4341.4663,4284.9419,4321.4617,13111317900.0,286075545406.5,7.8433,0.1818,20222866.58,13.36,15.25,2.13,1.99,4313.6184
000300,沪深300指数,2022-07-14,4308.8229,4352.0978,4292.7595,4322.0742,14525092600.0,301569861036.8,0.6125,0.0142,20225733.09,13.35,15.25,2.14,1.99,4321.4617
000300,沪深300指数,2022-07-15,4299.4714,4344.8572,4248.5273,4248.5273,15021445300.0,316793192669.9,-73.5469,-1.7017,19881559.79,13.11,14.99,2.18,2.03,4322.0742
000300,沪深300指数,2022-07-18,4262.1539,4300.7777,4217.5064,4292.5858,12260119200.0,281055128639.5,44.0585,1.037,20087737.63,13.26,15.15,2.15,2.01,4248.5273
000300,沪深300指数,2022-07-19,4288.4441,4288.4441,4238.8238,4269.3401,10380573000.0,231117731807.1,-23.2457,-0.5415,19978956.21,13.21,15.06,2.16,2.02,4292.5858
000300,沪深300指数,2022-07-20,4291.2808,4303.3668,4269.9717,4283.8027,9449014400.0,212301881407.6,14.4626,0.3388,20046635.02,13.26,15.12,2.15,2.01,4269.3401
000300,沪深300指数,2022-07-21,4270.3624,4283.1471,4236.0499,4236.0578,11715634400.0,239228146811.6,-47.7449,-1.1145,19823205.85,13.11,14.95,2.18,2.03,4283.8027
000300,沪深300指数,2022-07-22,4251.7867,4275.4696,4207.3135,4238.2341,10384062400.0,224295333457.3,2.1763,0.0514,19833390.3,13.11,14.95,2.18,2.03,4236.0578
000300,沪深300指数,2022-07-25,4233.9277,4234.8448,4201.919,4212.6441,8363666400.0,188136426672.8,-25.59,-0.6038,19713638.37,13.05,14.86,2.19,2.04,4238.2341
000300,沪深300指数,2022-07-26,4220.0911,4259.9854,4214.5343,4245.9758,8582327400.0,197601406373.7,33.3317,0.7912,19869618.65,13.15,14.98,2.17,2.03,4212.6441
000300,沪深300指数,2022-07-27,4236.154,4242.0951,4217.2809,4225.0357,7890494000.0,194245303807.2,-20.9401,-0.4932,19771626.37,13.08,14.91,2.18,2.04,4245.9758
000300,沪深300指数,2022-07-28,4242.2743,4267.9181,4223.029,4225.6733,10753193000.0,243871486471.5,0.6376,0.0151,19774610.18,13.08,14.9,2.18,2.04,4225.0357
000300,沪深300指数,2022-07-29,4226.4245,4243.5143,4160.8735,4170.1019,11417928600.0,253198574647.5,-55.5714,-1.3151,19514556.3,12.91,14.7,2.51,2.14,4225.6733
000300,沪深300指数,2022-08-01,4160.6478,4196.5743,4129.4528,4188.6784,10774902900.0,251125308597.5,18.5765,0.4455,19601487.51,12.95,14.77,2.5,2.13,4170.1019
000300,沪深300指数,2022-08-02,4144.3765,4144.3765,4071.431,4107.024,14222442500.0,281013555279.9,-81.6544,-1.9494,19222087.55,12.71,14.48,2.55,2.17,4188.6784
000300,沪深300指数,2022-08-03,4114.8251,4150.9804,4058.1792,4066.9754,11666612400.0,268695834765.4,-40.0486,-0.9751,19037312.15,12.6,14.34,2.57,2.19,4107.024
000300,沪深300指数,2022-08-04,4089.4419,4108.1591,4064.6594,4101.5367,8953264400.0,216898674902.2,34.5613,0.8498,19199091.99,12.7,14.46,2.55,2.18,4066.9754
000300,沪深300指数,2022-08-05,4109.6287,4159.485,4097.8625,4156.9111,10257100400.0,247325902015.1,55.3744,1.3501,19457193.34,12.85,14.66,2.52,2.15,4101.5367
000300,沪深300指数,2022-08-08,4142.1111,4155.7301,4135.0809,4148.0746,9020813800.0,224080812054.7,-8.8365,-0.2126,19415832.28,12.84,14.63,2.53,2.15,4156.9111
000300,沪深300指数,2022-08-09,4143.666,4161.8086,4131.4252,4156.2907,8413695900.0,214223692260.1,8.2161,0.1981,19454289.39,12.86,14.66,2.52,2.15,4148.0746
000300,沪深300指数,2022-08-10,4149.2071,4160.7871,4092.5455,4109.7373,8556583900.0,217447368470.0,-46.5534,-1.1201,19236387.59,12.74,14.49,2.55,2.17,4156.2907
000300,沪深300指数,2022-08-11,4130.741,4193.8115,4116.0558,4193.5428,12138505100.0,269630998406.8,83.8055,2.0392,19628654.74,12.98,14.79,2.5,2.13,4109.7373
000300,沪深300指数,2022-08-12,4185.4203,4202.4663,4175.0501,4191.152,10680829500.0,219208055254.9,-2.3908,-0.057,19617464.18,12.98,14.78,2.5,2.13,4193.5428
000300,沪深300指数,2022-08-15,4180.0006,4219.9183,4174.3,4185.6794,10589849500.0,245539800985.4,-5.4726,-0.1306,19591848.79,12.95,14.76,2.5,2.13,4191.152
000300,沪深300指数,2022-08-16,4190.5269,4208.8006,4170.5197,4177.837,9390613900.0,233818584731.5,-7.8424,-0.1874,19555140.92,12.92,14.73,2.51,2.14,4185.6794
000300,沪深300指数,2022-08-17,4182.5668,4222.7866,4155.1734,4216.9586,11286465900.0,252044325051.7,39.1216,0.9364,19738256.9,13.03,14.87,2.49,2.12,4177.837
000300,沪深300指数,2022-08-18,4205.7851,4211.9141,4173.541,4180.0996,10105265000.0,233115491389.8,-36.859,-0.8741,19565723.84,12.92,14.74,2.51,2.14,4216.9586
000300,沪深300指数,2022-08-19,4174.5458,4185.6579,4151.0738,4151.0738,11740297800.0,262494128152.3,-29.0258,-0.6944,19429863.43,12.85,14.62,2.52,2.15,4180.0996
000300,沪深300指数,2022-08-22,4135.1623,4183.6498,4134.2008,4181.3965,11244272000.0,259747163698.2,30.3227,0.7305,19571794.3,12.94,14.73,2.5,2.13,4151.0738
000300,沪深300指数,2022-08-23,4175.5314,4187.3875,4147.4127,4161.0823,10315351200.0,239101330833.1,-20.3142,-0.4858,19476710.04,12.89,14.65,2.51,2.15,4181.3965
000300,沪深300指数,2022-08-24,4168.5764,4174.1565,4079.0934,4082.4195,11906967900.0,262844309316.1,-78.6628,-1.8904,19108515.66,12.67,14.36,2.55,2.19,4161.0823
000300,沪深300指数,2022-08-25,4093.2949,4119.6196,4058.7454,4116.2396,11132074500.0,242149581477.5,33.8201,0.8284,19275216.83,12.79,14.47,2.53,2.17,4082.4195
000300,沪深300指数,2022-08-26,4127.8142,4139.7879,4102.6818,4107.5455,9900049300.0,225519196800.4,-8.6941,-0.2112,19234504.7,12.76,14.44,2.53,2.17,4116.2396
000300,沪深300指数,2022-08-29,4063.8825,4092.9474,4059.5963,4089.5205,9435443200.0,203086114712.3,-18.025,-0.4388,19150098.26,12.71,14.36,2.54,2.18,4107.5455
000300,沪深300指数,2022-08-30,4088.5262,4093.1356,4048.5244,4075.7937,9330166200.0,192649001277.8,-13.7268,-0.3357,19085819.69,12.67,14.31,2.55,2.19,4089.5205
000300,沪深300指数,2022-08-31,4057.1443,4112.8485,4046.6225,4078.8402,13244976500.0,292974665546.2,3.0465,0.0747,19102296.63,12.68,14.32,2.57,2.17,4075.7937
000300,沪深300指数,2022-09-01,4066.1869,4090.8852,4041.1281,4043.7395,9738707100.0,210898503453.9,-35.1007,-0.8606,18937910.97,12.73,14.43,2.59,2.19,4078.8402
000300,沪深300指数,2022-09-02,4054.8423,4056.1805,4004.911,4023.6131,8678927800.0,184468327005.7,-20.1264,-0.4977,18843653.56,12.67,14.35,2.6,2.2,4043.7395
000300,沪深300指数,2022-09-05,4010.4052,4016.9986,3982.7395,4015.4264,9376710900.0,201118696559.4,-8.1867,-0.2035,18805313.1,12.67,14.32,2.6,2.2,4023.6131
000300,沪深300指数,2022-09-06,4024.4726,4054.004,4009.5826,4052.2802,11350626500.0,235921838118.4,36.8538,0.9178,18977909.14,12.78,14.45,2.58,2.18,4015.4264
000300,沪深300指数,2022-09-07,4032.7231,4067.5437,4028.374,4054.983,10767805900.0,215147152182.0,2.7028,0.0667,18990567.12,12.78,14.46,2.58,2.18,4052.2802
000300,沪深300指数,2022-09-08,4059.1689,4067.758,4036.0226,4037.6839,10088604900.0,186889047980.8,-17.2991,-0.4266,18909550.74,12.74,14.4,2.59,2.19,4054.983
000300,沪深300指数,2022-09-09,4050.5853,4099.0081,4042.2498,4093.7874,11842711400.0,221442547204.1,56.1035,1.3895,19172298.59,12.91,14.6,2.56,2.16,4037.6839
000300,沪深300指数,2022-09-13,4112.0123,4128.1113,4097.1408,4111.1145,11178973700.0,218521062135.8,17.3271,0.4233,19253446.06,12.95,14.66,2.55,2.15,4093.7874
000300,沪深300指数,2022-09-14,4058.0441,4089.0583,4047.9187,4065.359,9079368100.0,185484965110.5,-45.7555,-1.113,19039160.92,12.83,14.5,2.57,2.18,4111.1145
000300,沪深300指数,2022-09-15,4078.6495,4088.8078,3998.8564,4027.1186,12395119600.0,254367492776.0,-38.2404,-0.9406,18860070.51,12.73,14.37,2.59,2.2,4065.359
000300,沪深300指数,2022-09-16,4013.5829,4019.4104,3932.6826,3932.6826,13719365500.0,241251840050.3,-94.436,-2.345,18417801.7,12.44,14.03,2.65,2.25,4027.1186
000300,沪深300指数,2022-09-19,3928.4239,3953.6494,3910.3106,3928.0001,9771957500.0,183574440581.8,-4.6825,-0.1191,18395872.25,12.43,14.01,2.65,2.25,3932.6826
000300,沪深300指数,2022-09-20,3945.6467,3957.5538,3921.6884,3932.8361,8482413400.0,179248153537.9,4.836,0.1231,18418520.49,12.43,14.03,2.65,2.25,3928.0001
000300,沪深300指数,2022-09-21,3921.3177,3924.3914,3884.2268,3903.7348,8645839100.0,168939074342.6,-29.1013,-0.74,18282231.5,12.35,13.93,2.67,2.27,3932.8361
000300,沪深300指数,2022-09-22,3875.1771,3900.2736,3860.2308,3869.344,8094691900.0,161134102784.4,-34.3908,-0.881,18121170.22,12.27,13.8,2.69,2.29,3903.7348
000300,沪深300指数,2022-09-23,3865.1049,3888.3958,3829.6913,3856.0212,9434246200.0,172904807364.4,-13.3228,-0.3443,18058776.11,12.25,13.76,2.69,2.3,3869.344
000300,沪深300指数,2022-09-26,3829.5958,3893.3186,3827.9498,3836.6773,10452603100.0,192906200253.8,-19.3439,-0.5017,17968183.48,12.17,13.69,2.71,2.31,3856.0212
000300,沪深300指数,2022-09-27,3844.0692,3893.0283,3827.9265,3892.295,8886016000.0,185955247353.4,55.6177,1.4496,18228655.6,12.32,13.89,2.68,2.27,3836.6773
000300,沪深300指数,2022-09-28,3879.4398,3879.4398,3828.0545,3828.7098,8659221300.0,172438042788.2,-63.5852,-1.6336,17930869.29,12.16,13.66,2.71,2.31,3892.295
000300,沪深300指数,2022-09-29,3864.316,3873.1823,3808.6496,3827.1434,8565414200.0,171635940007.5,-1.5664,-0.0409,17923533.61,12.16,13.66,2.71,2.31,3828.7098
000300,沪深300指数,2022-09-30,3833.3504,3848.6018,3801.2798,3804.8853,7855996600.0,158692748773.3,-22.2581,-0.5816,17822299.01,12.11,13.58,2.8,2.36,3827.1434
000300,沪深300指数,2022-10-10,3806.5596,3807.4574,3715.7142,3720.9365,10264759500.0,194635904094.3,-83.9488,-2.2063,17426929.79,11.87,13.26,2.85,2.41,3804.8853
000300,沪深300指数,2022-10-11,3732.0191,3739.8084,3706.0629,3727.6867,8394462500.0,166800394853.2,6.7502,0.1814,17458544.12,11.88,13.28,2.85,2.41,3720.9365
000300,沪深300指数,2022-10-12,3722.8659,3784.3064,3661.5255,3784.3064,10808931900.0,210931362291.5,56.6197,1.5189,17723721.22,12.03,13.49,2.81,2.37,3727.6867
000300,沪深300指数,2022-10-13,3756.4176,3783.596,3749.6393,3752.6729,9901891500.0,198368891548.5,-31.6335,-0.8359,17575559.49,11.92,13.36,2.84,2.39,3784.3064
000300,沪深300指数,2022-10-14,3783.316,3863.2265,3780.8415,3842.4698,11624229300.0,256551271975.0,89.7969,2.3929,17996120.97,12.17,13.69,2.78,2.34,3752.6729
000300,沪深300指数,2022-10-17,3822.2428,3849.6207,3809.1196,3846.4119,10419201900.0,220488874406.8,3.9421,0.1026,18014583.88,12.17,13.7,2.78,2.33,3842.4698
000300,沪深300指数,2022-10-18,3865.8258,3870.2155,3831.1723,3838.2667,8834690700.0,186556295765.5,-8.1452,-0.2118,17976436.21,12.13,13.67,2.79,2.34,3846.4119
000300,沪深300指数,2022-10-19,3827.4658,3840.487,3776.5335,3776.5335,8157484400.0,186736408229.7,-61.7332,-1.6084,17687309.91,11.95,13.45,2.83,2.38,3838.2667
000300,沪深300指数,2022-10-20,3746.5793,3804.2468,3726.7925,3754.9269,9029089500.0,203781618922.2,-21.6066,-0.5721,17586116.17,11.91,13.37,2.84,2.39,3776.5335
000300,沪深300指数,2022-10-21,3753.8903,3768.6895,3724.69,3742.8929,9875003800.0,180686357677.0,-12.034,-0.3205,17529754.89,11.88,13.32,2.85,2.4,3754.9269
000300,沪深300指数,2022-10-24,3727.915,3762.158,3619.9876,3633.3733,13005686400.0,259450743134.0,-109.5196,-2.9261,17016822.39,11.56,12.94,2.92,2.47,3742.8929
000300,沪深300指数,2022-10-25,3621.9356,3670.7327,3594.7011,3627.4542,11095388200.0,219302759596.7,-5.9191,-0.1629,16989100.23,11.54,12.91,2.93,2.47,3633.3733
000300,沪深300指数,2022-10-26,3633.3107,3700.8797,3633.3107,3656.9027,12130154800.0,242453810571.9,29.4485,0.8118,17127021.82,11.61,13.02,2.91,2.45,3627.4542
000300,沪深300指数,2022-10-27,3667.6645,3685.0837,3631.0639,3631.1448,11799867500.0,257473315676.0,-25.7579,-0.7044,17006385.14,11.53,12.93,2.93,2.47,3656.9027
000300,沪深300指数,2022-10-28,3605.1598,3618.864,3533.4993,3541.3295,11877216200.0,245816451977.6,-89.8153,-2.4735,16585544.92,11.29,12.61,3.0,2.53,3631.1448
000300,沪深300指数,2022-10-31,3504.507,3553.3871,3495.9509,3508.7034,13846565500.0,256574822102.2,-32.6261,-0.9213,16432743.0,11.15,12.5,3.01,2.54,3541.3295
000300,沪深300指数,2022-11-01,3519.8174,3634.1732,3517.6209,3634.1732,14928669800.0,295089928407.3,125.4698,3.576,17020371.44,11.51,12.96,2.92,2.45,3508.7034
000300,沪深300指数,2022-11-02,3620.3693,3703.465,3610.8029,3677.8051,14159291900.0,291648245712.0,43.6319,1.2006,17224717.9,11.64,13.12,2.89,2.42,3634.1732
000300,沪深300指数,2022-11-03,3645.0604,3670.1574,3628.4987,3647.8966,11056603500.0,215379297964.4,-29.9085,-0.8132,17084643.93,11.56,13.01,2.91,2.44,3677.8051
000300,沪深300指数,2022-11-04,3646.7709,3782.8823,3646.7709,3767.1746,14973494900.0,311145477555.0,119.278,3.2698,17643273.19,11.91,13.44,2.82,2.36,3647.8966
000300,沪深300指数,2022-11-07,3754.5227,3792.7942,3746.3715,3775.2971,12982637100.0,251195699936.5,8.1225,0.2156,17681314.05,11.94,13.47,2.82,2.36,3767.1746
000300,沪深300指数,2022-11-08,3773.6612,3779.1156,3723.3415,3749.3251,9901645100.0,193351324896.7,-25.972,-0.6879,17559676.43,11.87,13.37,2.83,2.37,3775.2971
000300,沪深300指数,2022-11-09,3750.7821,3760.4068,3711.268,3714.2704,8943452500.0,172029529943.6,-35.0547,-0.935,17395500.55,11.76,13.25,2.86,2.4,3749.3251
000300,沪深300指数,2022-11-10,3685.8274,3701.5306,3665.0585,3685.6885,10350930200.0,183155308702.9,-28.5819,-0.7695,17261639.31,11.69,13.14,2.87,2.42,3714.2704
000300,沪深300指数,2022-11-11,3787.7568,3828.9004,3747.0902,3788.4387,18968558600.0,344471326267.1,102.7502,2.7878,17742861.75,12.0,13.51,2.8,2.35,3685.6885
000300,沪深300指数,2022-11-14,3818.1447,3848.4116,3781.7778,3794.0171,16966504800.0,315536856084.6,5.5784,0.1472,17768987.98,12.01,13.54,2.8,2.35,3788.4387
000300,沪深300指数,2022-11-15,3788.926,3871.6424,3775.4988,3865.9726,15151565000.0,296268142768.9,71.9555,1.8966,18105986.19,12.21,13.8,2.76,2.3,3794.0171
000300,沪深300指数,2022-11-16,3860.811,3877.6781,3829.3126,3834.3899,12061096400.0,235844588244.6,-31.5827,-0.8169,17955872.17,12.12,13.69,2.78,2.32,3865.9726
000300,沪深300指数,2022-11-17,3821.2709,3821.7419,3776.5739,3818.664,10594063200.0,219540811334.9,-15.7259,-0.4101,17882230.44,12.08,13.63,2.79,2.33,3834.3899
000300,沪深300指数,2022-11-18,3823.8207,3840.3018,3801.5686,3801.5686,11507877700.0,224276131007.5,-17.0954,-0.4477,17802175.07,12.02,13.57,2.8,2.34,3818.664
000300,沪深300指数,2022-11-21,3769.627,3769.8731,3733.9954,3769.1269,9586696600.0,188230373665.4,-32.4417,-0.8534,17650255.37,11.93,13.45,2.82,2.36,3801.5686
000300,沪深300指数,2022-11-22,3766.0817,3809.8582,3751.0448,3769.5727,14448633400.0,203490828432.2,0.4458,0.0118,17653932.65,11.97,13.46,2.81,2.36,3769.1269
000300,沪深300指数,2022-11-23,3760.2157,3791.1782,3753.2136,3773.5287,14452791100.0,201070601177.9,3.956,0.1049,17672459.61,12.0,13.47,2.81,2.36,3769.5727
000300,沪深300指数,2022-11-24,3791.5399,3804.8987,3751.3818,3756.8082,10107344700.0,160698921546.2,-16.7205,-0.4431,17594152.94,11.94,13.41,2.82,2.37,3773.5287
000300,沪深300指数,2022-11-25,3751.2822,3790.566,3743.4138,3775.7764,14292971100.0,191711040706.5,18.9682,0.5049,17682986.18,12.03,13.48,2.8,2.36,3756.8082
000300,沪深300指数,2022-11-28,3701.902,3736.0813,3672.1306,3733.2424,12782574800.0,196305561705.9,-42.534,-1.1265,17483788.08,11.9,13.32,2.83,2.39,3775.7764
000300,沪深300指数,2022-11-29,3766.5702,3854.7742,3766.5702,3848.4224,17870139200.0,289062336430.7,115.18,3.0853,18023207.54,12.25,13.74,2.75,2.31,3733.2424
000300,沪深300指数,2022-11-30,3836.5598,3867.6591,3833.8272,3853.0365,15751140000.0,250051468093.3,4.6141,0.1199,18047165.86,12.26,13.75,2.74,2.31,3848.4224
000300,沪深300指数,2022-12-01,3921.2954,3944.5645,3893.8718,3894.7687,16996458500.0,306678195716.4,41.7322,1.0831,18242634.16,12.37,13.9,2.72,2.29,3853.0365
000300,沪深300指数,2022-12-02,3886.4034,3898.1146,3865.8844,3870.9478,11678635000.0,201253166362.9,-23.8209,-0.6116,18132446.41,12.3,13.82,2.73,2.3,3894.7687
000300,沪深300指数,2022-12-05,3907.6375,3947.476,3900.6742,3946.8759,20174722100.0,296615512326.6,75.9281,1.9615,18488111.6,12.55,14.09,2.68,2.26,3870.9478
000300,沪深300指数,2022-12-06,3929.0063,3988.9007,3922.9969,3968.1979,15510832300.0,275583430840.8,21.322,0.5402,18587988.83,12.61,14.17,2.67,2.24,3946.8759
000300,沪深300指数,2022-12-07,3956.6722,3999.5864,3944.1831,3958.4409,14300135600.0,255490829027.1,-9.757,-0.2459,18542284.64,12.56,14.13,2.68,2.25,3968.1979
000300,沪深300指数,2022-12-08,3953.199,3971.4927,3941.2966,3959.1798,11519998600.0,198037690481.4,0.7389,0.0187,18554092.01,12.57,14.14,2.68,2.25,3958.4409
000300,沪深300指数,2022-12-09,3961.9919,4003.3178,3944.4396,3998.2442,15377495400.0,268166789656.9,39.0644,0.9867,18738642.48,12.67,14.29,2.65,2.23,3959.1798
000300,沪深300指数,2022-12-12,3976.1722,3983.4332,3950.3203,3953.4433,12593536800.0,227606300936.9,-44.8009,-1.1205,19048097.96,12.68,14.4,2.65,2.22,3998.2442
000300,沪深300指数,2022-12-13,3953.5482,3964.3957,3939.9795,3945.6813,10099410000.0,184020700110.0,-7.762,-0.1963,19010700.06,12.67,14.37,2.65,2.22,3953.4433
000300,沪深300指数,2022-12-14,3952.7885,3972.7381,3935.7668,3954.8857,9852800600.0,196175108617.2,9.2044,0.2333,19055047.56,12.7,14.4,2.65,2.22,3945.6813
000300,沪深300指数,2022-12-15,3954.672,3963.5002,3926.4997,3951.9885,8886472500.0,181994889123.4,-2.8972,-0.0733,19041088.81,12.68,14.39,2.65,2.22,3954.8857
000300,沪深300指数,2022-12-16,3931.2318,3960.4705,3929.4873,3954.227,9317856700.0,167488442588.9,2.2385,0.0566,19051873.97,12.69,14.4,2.65,2.22,3951.9885
000300,沪深300指数,2022-12-19,3952.7707,3966.5679,3878.4367,3893.2207,10691907500.0,180801387702.4,-61.0063,-1.5428,18757939.34,12.49,14.18,2.69,2.25,3954.227
000300,沪深300指数,2022-12-20,3881.2257,3881.2729,3811.4759,3829.0173,8309682200.0,164046440873.7,-64.2034,-1.6491,18448600.86,12.31,13.94,2.73,2.29,3893.2207
000300,沪深300指数,2022-12-21,3839.0009,3853.7272,3821.4037,3830.5384,6483921500.0,123450040359.8,1.5211,0.0397,18455929.74,12.31,13.94,2.73,2.29,3829.0173
000300,沪深300指数,2022-12-22,3859.2041,3882.1263,3821.3418,3836.028,8370517300.0,163970306950.9,5.4896,0.1433,18482379.31,12.34,13.96,2.72,2.29,3830.5384
000300,沪深300指数,2022-12-23,3811.6164,3848.3436,3805.9487,3828.2188,6527814800.0,130559415565.7,-7.8092,-0.2036,18444753.76,12.32,13.94,2.73,2.29,3836.028
000300,沪深300指数,2022-12-26,3830.5682,3856.8066,3827.5186,3843.4887,7300571200.0,148692832422.1,15.2699,0.3989,18516928.33,12.34,13.99,2.72,2.28,3828.2188
000300,沪深300指数,2022-12-27,3860.9054,3891.8497,3856.58,3887.854,7751535000.0,152032206630.9,44.3653,1.1543,18730668.7,12.49,14.15,2.69,2.25,3843.4887
000300,沪深300指数,2022-12-28,3874.9132,3884.7205,3854.9406,3871.2644,8442465600.0,160671122030.7,-16.5896,-0.4267,18650744.31,12.45,14.09,2.7,2.26,3887.854
000300,沪深300指数,2022-12-29,3854.2363,3868.2933,3838.4803,3856.7007,7939481500.0,149011372437.3,-14.5637,-0.3762,18580580.3,12.39,14.04,2.71,2.27,3871.2644
000300,沪深300指数,2022-12-30,3873.9358,3887.5527,3868.7569,3871.6338,7877327200.0,148295049381.5,14.9331,0.3872,18652523.94,12.44,14.09,2.84,2.41,3856.7007
000300,沪深300指数,2023-01-03,3864.8356,3893.9904,3831.245,3887.8992,11505187500.0,207540165953.2,16.2654,0.4201,18732449.85,12.49,14.16,2.83,2.4,3871.6338
000300,沪深300指数,2023-01-04,3886.2504,3905.9032,3873.6549,3892.9477,11066074300.0,198997711686.0,5.0485,0.1299,18756773.97,12.51,14.17,2.82,2.4,3887.8992
000300,沪深300指数,2023-01-05,3913.4928,3974.875,3912.26,3968.5782,11650239500.0,256312608292.0,75.6305,1.9428,19121172.54,12.72,14.45,2.78,2.36,3892.9477
000300,沪深300指数,2023-01-06,3969.5493,4000.4143,3966.4696,3980.8888,11095303800.0,235744305582.2,12.3106,0.3102,19180486.63,12.75,14.5,2.77,2.35,3968.5782
000300,沪深300指数,2023-01-09,3998.5278,4023.0898,3990.7073,4013.1196,11705442500.0,233212426458.1,32.2308,0.8096,19335779.25,12.84,14.62,2.75,2.33,3980.8888
000300,沪深300指数,2023-01-10,4014.7125,4030.4574,4002.2297,4017.4737,10175114100.0,214871166239.5,4.3541,0.1085,19356758.17,12.84,14.64,2.75,2.33,4013.1196
000300,沪深300指数,2023-01-11,4019.8844,4043.3991,4008.0153,4010.0309,9999788900.0,203000262960.6,-7.4428,-0.1853,19320897.55,12.83,14.61,2.76,2.33,4017.4737
000300,沪深300指数,2023-01-12,4021.7547,4030.2876,4003.5079,4017.8692,9055262700.0,183686268106.8,7.8383,0.1955,19358663.72,12.85,14.64,2.75,2.33,4010.0309
000300,沪深300指数,2023-01-13,4032.2906,4074.3772,4027.8864,4074.3772,9587189600.0,212173997498.4,56.508,1.4064,19630927.32,13.03,14.85,2.71,2.29,4017.8692
000300,沪深300指数,2023-01-16,4077.8793,4177.1035,4076.6394,4137.9643,15139545500.0,319007749371.3,63.5871,1.5607,19937298.7,13.19,15.08,2.68,2.26,4074.3772
000300,沪深300指数,2023-01-17,4138.8433,4148.5838,4118.157,4137.2422,9547904000.0,204381576523.4,-0.7221,-0.0175,19933819.83,13.18,15.08,2.68,2.26,4137.9643
000300,沪深300指数,2023-01-18,4140.1019,4151.4577,4125.7687,4130.3143,8420064500.0,172126171819.2,-6.9279,-0.1675,19900440.18,13.16,15.05,2.69,2.26,4137.2422
000300,沪深300指数,2023-01-19,4125.5772,4156.0077,4105.9797,4156.0077,9460839800.0,192699589774.1,25.6934,0.6221,20022351.02,13.22,15.15,2.67,2.25,4130.3143
000300,沪深300指数,2023-01-20,4166.8444,4189.831,4161.6698,4181.5267,12355380900.0,222342455100.7,25.519,0.614,20140534.53,13.3,15.24,2.66,2.24,4156.0077
000300,沪深300指数,2023-01-30,4267.6248,4268.1522,4197.8596,4201.345,16460706400.0,330193322092.2,19.8183,0.4739,20241425.87,13.35,15.32,2.65,2.22,4181.5267
000300,沪深300指数,2023-01-31,4200.5813,4212.7347,4153.0484,4156.8578,12455083500.0,249365321627.1,-44.4872,-1.0589,20027093.72,13.22,15.15,2.68,2.26,4201.345
000300,沪深300指数,2023-02-01,4170.1322,4195.9332,4137.7659,4195.9332,14100895400.0,265553944709.3,39.0754,0.94,20217381.23,13.33,15.3,2.65,2.23,4156.8578
000300,沪深300指数,2023-02-02,4207.4123,4207.4123,4170.5565,4181.1493,13382373600.0,262497434837.0,-14.7839,-0.3523,20146147.25,13.3,15.24,2.66,2.24,4195.9332
000300,沪深300指数,2023-02-03,4162.0258,4162.0258,4103.1654,4141.6319,11704122100.0,226914770043.9,-39.5174,-0.9451,19955739.45,13.18,15.1,2.68,2.26,4181.1493
000300,沪深300指数,2023-02-06,4103.8307,4105.9445,4065.2224,4086.8779,11019271700.0,226345113968.7,-54.754,-1.322,19691917.02,13.03,14.89,2.72,2.29,4141.6319
000300,沪深300指数,2023-02-07,4098.3117,4107.3438,4077.9623,4094.2335,9136007200.0,183537351577.1,7.3556,0.18,19727358.73,13.05,14.92,2.71,2.29,4086.8779
000300,沪深300指数,2023-02-08,4099.8573,4111.4745,4072.6474,4076.1411,8478609900.0,170591751817.3,-18.0924,-0.4419,19640183.51,12.99,14.85,2.72,2.3,4094.2335
000300,沪深300指数,2023-02-09,4067.5631,4130.8565,4064.7489,4130.8565,10228996100.0,211722604859.2,54.7154,1.3423,19903819.97,13.16,15.06,2.69,2.27,4076.1411
000300,沪深300指数,2023-02-10,4124.0986,4125.2893,4092.3472,4106.3097,9671673300.0,195348320573.4,-24.5468,-0.5942,19785545.68,13.09,14.97,2.7,2.28,4130.8565
000300,沪深300指数,2023-02-13,4098.8795,4146.45,4092.2729,4143.574,12889257700.0,251990181553.9,37.2643,0.9075,19965097.04,13.2,15.1,2.68,2.26,4106.3097
000300,沪深300指数,2023-02-14,4151.247,4152.0487,4125.2583,4145.2902,10249989000.0,204915435749.9,1.7162,0.0414,19974998.99,13.22,15.11,2.68,2.26,4143.574
000300,沪深300指数,2023-02-15,4146.8547,4153.7159,4115.9671,4123.6893,12166450800.0,219855528966.4,-21.6009,-0.5211,19870910.57,13.15,15.03,2.69,2.27,4145.2902
000300,沪深300指数,2023-02-16,4125.4087,4167.9003,4068.8591,4093.4876,15931058500.0,281315625588.6,-30.2017,-0.7324,19725376.92,13.07,14.92,2.71,2.29,4123.6893
000300,沪深300指数,2023-02-17,4086.2237,4104.6398,4032.9285,4034.507,11614258900.0,225737746955.0,-58.9806,-1.4408,19441165.87,12.92,14.7,2.74,2.32,4093.4876
000300,沪深300指数,2023-02-20,4039.9623,4134.8623,4035.4762,4133.4896,16179448100.0,280122962150.4,98.9826,2.4534,19918135.17,13.23,15.07,2.67,2.27,4034.507
000300,沪深300指数,2023-02-21,4130.0632,4151.7994,4116.2716,4144.3536,14577617300.0,249674201048.2,10.864,0.2628,19970485.74,13.27,15.1,2.67,2.26,4133.4896
000300,沪深300指数,2023-02-22,4118.9669,4134.8759,4101.8596,4106.9506,10429029500.0,191586158991.2,-37.403,-0.9025,19790251.02,13.16,14.97,2.69,2.28,4144.3536
000300,沪深300指数,2023-02-23,4106.2136,4132.3896,4088.2073,4103.6463,10356490600.0,197193582430.1,-3.3043,-0.0805,19774328.91,13.14,14.96,2.69,2.28,4106.9506
000300,沪深300指数,2023-02-24,4100.9897,4102.6094,4048.2374,4061.0457,10098942500.0,191210465053.2,-42.6006,-1.0381,19569048.22,13.02,14.8,2.72,2.31,4103.6463
000300,沪深300指数,2023-02-27,4040.4571,4067.0296,4034.5237,4043.8444,9378763000.0,187959491145.3,-17.2013,-0.4236,19486159.77,12.98,14.73,2.72,2.32,4061.0457
000300,沪深300指数,2023-02-28,4058.1298,4074.2639,4026.4476,4069.4587,11032359100.0,198799712379.1,25.6143,0.6334,19609588.31,13.06,14.83,2.72,2.33,4043.8444
000300,沪深300指数,2023-03-01,4068.7331,4135.4812,4061.2167,4126.9415,15601579400.0,255374791015.7,57.4828,1.4125,19886581.79,13.24,15.04,2.68,2.29,4069.4587
000300,沪深300指数,2023-03-02,4119.9919,4137.2525,4113.8264,4117.7377,14821763700.0,235953764969.5,-9.2038,-0.223,19842231.29,13.23,15.0,2.69,2.3,4126.9415
000300,沪深300指数,2023-03-03,4126.0183,4135.2116,4100.3827,4130.5513,16033174100.0,226914545628.4,12.8136,0.3112,19903976.37,13.3,15.05,2.67,2.29,4117.7377
000300,沪深300指数,2023-03-06,4131.1525,4132.8367,4088.4484,4109.0102,16297180700.0,283079861971.5,-21.5411,-0.5215,19800175.71,13.23,14.97,2.69,2.3,4130.5513
000300,沪深300指数,2023-03-07,4103.6419,4124.9609,4046.5679,4048.8519,19591206800.0,272491994009.2,-60.1583,-1.4641,19510289.73,13.08,14.75,2.72,2.34,4109.0102
000300,沪深300指数,2023-03-08,4030.7387,4037.287,4011.5231,4034.1077,11793649300.0,191659655190.9,-14.7442,-0.3642,19439241.46,13.04,14.7,2.73,2.35,4048.8519
000300,沪深300指数,2023-03-09,4035.8433,4043.8493,4000.8901,4019.8505,11653962900.0,201737990686.8,-14.2572,-0.3534,19370540.12,13.0,14.65,2.73,2.35,4034.1077
000300,沪深300指数,2023-03-10,3991.7959,4004.3612,3966.428,3967.1352,12385540900.0,218286956131.0,-52.7153,-1.3114,19116519.94,12.83,14.45,2.77,2.39,4019.8505
000300,沪深300指数,2023-03-13,3962.6426,4008.686,3962.6426,4008.686,14356137000.0,242865516757.6,41.5508,1.0474,19316741.41,12.99,14.6,2.73,2.36,3967.1352
000300,沪深300指数,2023-03-14,3999.8803,4001.9415,3946.9405,3984.6956,15054417400.0,267224848810.5,-23.9904,-0.5985,19201138.23,12.9,14.51,2.75,2.38,4008.686
000300,沪深300指数,2023-03-15,4011.8444,4018.7495,3986.902,3986.902,14202600700.0,232101093978.6,2.2064,0.0554,19211770.56,12.93,14.52,2.75,2.37,3984.6956
000300,沪深300指数,2023-03-16,3958.1962,3981.321,3936.4758,3939.1505,15251564400.0,246264286428.0,-47.7515,-1.1977,18981669.41,12.8,14.35,2.78,2.4,3986.902
000300,沪深300指数,2023-03-17,3971.1585,4004.2153,3945.2501,3958.8194,17743381800.0,305541015556.1,19.6689,0.4993,19076448.18,12.89,14.42,2.76,2.39,3939.1505
000300,沪深300指数,2023-03-20,3962.6625,3979.5485,3935.0161,3939.077,20526497000.0,319760032638.0,-19.7424,-0.4987,18981314.95,12.82,14.35,2.77,2.4,3958.8194
000300,沪深300指数,2023-03-21,3948.1573,3982.7047,3948.1573,3982.3782,14509067900.0,251631985016.9,43.3012,1.0993,19189971.55,12.92,14.51,2.75,2.38,3939.077
000300,沪深300指数,2023-03-22,3993.7849,4016.4495,3986.7093,3999.4427,14922897000.0,265180992104.1,17.0645,0.4285,19272200.41,12.98,14.57,2.74,2.37,3982.3782
000300,沪深300指数,2023-03-23,3985.9928,4039.0895,3983.9986,4039.0895,15888742100.0,296479529467.0,39.6468,0.9913,19484104.96,13.1,14.67,2.71,2.35,3999.4427
000300,沪深300指数,2023-03-24,4035.1564,4037.8417,4017.0028,4027.0457,15944233000.0,295785588943.1,-12.0438,-0.2982,19426006.77,13.03,14.63,2.72,2.35,4039.0895
000300,沪深300指数,2023-03-27,4023.3028,4023.3028,3987.0297,4012.4771,16848227900.0,315474696948.0,-14.5686,-0.3618,19355729.64,12.97,14.57,2.74,2.36,4027.0457
000300,沪深300指数,2023-03-28,4015.6973,4023.7834,3994.5999,3999.5147,13189511700.0,248736920971.8,-12.9624,-0.3231,19293200.28,12.96,14.53,2.74,2.37,4012.4771
000300,沪深300指数,2023-03-29,4013.5926,4017.7572,3992.6662,4006.144,13374351000.0,263866922733.1,6.6293,0.1658,19325179.57,12.97,14.55,2.74,2.36,3999.5147
000300,沪深300指数,2023-03-30,4009.5573,4040.5023,3983.8958,4038.5257,14990103700.0,280004715991.0,32.3817,0.8083,19481385.13,13.08,14.67,2.71,2.35,4006.144
000300,沪深300指数,2023-03-31,4045.4538,4063.5675,4039.9587,4050.9257,13884254600.0,279863685781.0,12.4,0.307,19541201.25,13.1,14.71,2.71,2.34,4038.5257
000300,沪深300指数,2023-04-03,4059.6227,4094.9376,4059.0607,4090.5676,18212431300.0,382895558426.0,39.6419,0.9786,19732429.11,13.2,14.85,2.69,2.32,4050.9257
000300,沪深300指数,2023-04-04,4089.2932,4103.1583,4080.0682,4103.1052,19714663100.0,394443175146.2,12.5376,0.3065,19793947.05,13.26,14.89,2.67,2.31,4090.5676
000300,沪深300指数,2023-04-06,4084.132,4098.8332,4078.4048,4096.64,15070337400.0,328981851588.3,-6.4652,-0.1576,19762758.03,13.23,14.86,2.68,2.31,4103.1052
000300,沪深300指数,2023-04-07,4096.9009,4131.3126,4092.1848,4123.2799,12867673800.0,286567771883.1,26.6399,0.6503,19891272.81,13.29,14.96,2.67,2.3,4096.64
000300,沪深300指数,2023-04-10,4132.0096,4132.2952,4099.0519,4104.8118,15245300200.0,340822557207.6,-18.4681,-0.4479,19802180.06,13.25,14.89,2.67,2.31,4123.2799
000300,沪深300指数,2023-04-11,4108.5062,4116.1247,4083.4946,4100.1479,15390133300.0,324192951998.7,-4.6639,-0.1136,19779680.85,13.24,14.88,2.68,2.31,4104.8118
000300,沪深300指数,2023-04-12,4102.3968,4108.2451,4090.2784,4097.2876,16596527800.0,325425226403.2,-2.8603,-0.0698,19765882.18,13.27,14.87,2.67,2.31,4100.1479
000300,沪深300指数,2023-04-13,4081.3871,4088.8809,4059.5744,4068.9786,15644429500.0,300291020752.9,-28.309,-0.6909,19629315.97,13.2,14.76,2.68,2.33,4097.2876
000300,沪深300指数,2023-04-14,4078.9703,4098.2151,4075.2049,4091.9988,15069568200.0,306201501438.7,23.0202,0.5657,19740368.38,13.27,14.85,2.67,2.32,4068.9786
000300,沪深300指数,2023-04-17,4090.0719,4149.3836,4089.509,4149.3836,18877309500.0,341831272792.7,57.3848,1.4024,20017200.5,13.49,15.06,2.63,2.28,4091.9988
000300,沪深300指数,2023-04-18,4139.3088,4169.6678,4138.4618,4162.032,17018413000.0,331545662315.6,12.6484,0.3048,20082430.53,13.55,15.09,2.61,2.28,4149.3836
000300,沪深300指数,2023-04-19,4159.3938,4159.3938,4118.6261,4124.5589,16255459200.0,312219504522.6,-37.4731,-0.9004,19901617.46,13.43,14.96,2.64,2.3,4162.032
000300,沪深300指数,2023-04-20,4122.9461,4125.8231,4094.0022,4113.0192,16270667700.0,332172409512.0,-11.5397,-0.2798,19845936.5,13.4,14.91,2.64,2.3,4124.5589
000300,沪深300指数,2023-04-21,4114.2642,4114.2642,4031.9123,4032.5672,18080243500.0,347852011602.5,-80.452,-1.956,19457743.31,13.16,14.62,2.69,2.35,4113.0192
000300,沪深300指数,2023-04-24,4031.303,4033.6367,3967.907,3982.6429,17009921700.0,328375614674.3,-49.9243,-1.238,19216851.42,13.04,14.44,2.72,2.38,4032.5672
000300,沪深300指数,2023-04-25,3985.1055,3991.6868,3925.436,3962.6658,17255540900.0,331110619767.7,-19.9771,-0.5016,19120456.66,13.02,14.36,2.72,2.39,3982.6429
000300,沪深300指数,2023-04-26,3950.2553,3975.6562,3934.6625,3959.2323,16270200600.0,322062811333.5,-3.4335,-0.0866,19103892.58,12.94,14.26,2.73,2.39,3962.6658
000300,沪深300指数,2023-04-27,3948.0313,3999.1302,3942.8152,3988.4185,15382819500.0,304804002557.4,29.1862,0.7372,19244720.53,13.04,14.37,2.71,2.38,3959.2323
000300,沪深300指数,2023-04-28,3993.2561,4030.4469,3993.2561,4029.0858,17950848800.0,328936294025.2,40.6673,1.0196,19440946.08,13.17,14.52,2.67,2.33,3988.4185
000300,沪深300指数,2023-05-04,4013.4713,4035.7832,4001.1259,4030.2471,22758284600.0,345492506049.3,1.1613,0.0288,19446549.69,12.58,14.0,2.66,2.33,4029.0858
000300,沪深300指数,2023-05-05,4031.0946,4047.6015,3998.392,4016.8774,20662692400.0,307694489937.0,-13.3697,-0.3317,19346430.45,12.54,13.94,2.67,2.33,4030.2471
000300,沪深300指数,2023-05-08,4028.1056,4070.7724,4018.9608,4062.6624,25558308500.0,359539954170.1,45.785,1.1398,19566930.26,12.78,14.11,2.62,2.3,4016.8774
000300,沪深300指数,2023-05-09,4065.439,4092.8501,4026.3886,4027.8754,27930604800.0,396422120420.6,-34.787,-0.8563,19399381.52,12.66,13.98,2.64,2.32,4062.6624
000300,沪深300指数,2023-05-10,4017.9358,4019.0587,3984.6287,3996.8695,20755270900.0,309484851741.1,-31.0059,-0.7698,19250048.42,12.51,13.88,2.67,2.34,4027.8754
000300,沪深300指数,2023-05-11,4005.7823,4018.0579,3988.4816,3990.6637,14480461900.0,241052071431.6,-6.2058,-0.1553,19220159.64,12.47,13.85,2.68,2.35,3996.8695
000300,沪深300指数,2023-05-12,3987.769,3999.3831,3937.5274,3937.7622,14442172800.0,228992923388.1,-52.9015,-1.3256,18965370.92,12.32,13.67,2.72,2.38,3990.6637
000300,沪深300指数,2023-05-15,3938.83,3998.8872,3923.0317,3998.8872,17625736200.0,279531163508.4,61.125,1.5523,19259772.94,12.49,13.88,2.68,2.34,3937.7622
000300,沪深300指数,2023-05-16,4002.5237,4005.015,3966.9921,3978.2054,13683327100.0,234840652671.0,-20.6818,-0.5172,19160166.3,12.42,13.81,2.69,2.35,3998.8872
000300,沪深300指数,2023-05-17,3971.7017,3982.6044,3945.7137,3960.165,11844818500.0,205195685976.4,-18.0404,-0.4535,19073278.93,12.36,13.74,2.71,2.36,3978.2054
000300,沪深300指数,2023-05-18,3965.5162,3982.7178,3939.5526,3956.0701,13653394700.0,229134184412.9,-4.0949,-0.1034,19053556.54,12.39,13.73,2.7,2.37,3960.165
000300,沪深300指数,2023-05-19,3946.2215,3967.2816,3928.316,3944.5403,12021247900.0,207094944781.3,-11.5298,-0.2914,18998025.72,12.34,13.69,2.71,2.37,3956.0701
000300,沪深300指数,2023-05-22,3941.0015,3985.4031,3935.8015,3969.3277,10911660500.0,202185550245.9,24.7874,0.6284,19117408.75,12.41,13.77,2.7,2.36,3944.5403
000300,沪深300指数,2023-05-23,3968.2346,3971.939,3913.1882,3913.1882,11868507700.0,189955815340.0,-56.1395,-1.4143,18847025.77,12.21,13.58,2.74,2.39,3969.3277
000300,沪深300指数,2023-05-24,3903.7818,3903.7818,3859.0935,3859.0935,13725826500.0,211768410520.2,-54.0947,-1.3824,18586490.13,12.02,13.39,2.78,2.43,3913.1882
000300,沪深300指数,2023-05-25,3851.4053,3861.3815,3817.8365,3850.4996,12415077000.0,213313620055.3,-8.5939,-0.2227,18545099.32,11.99,13.36,2.79,2.43,3859.0935
000300,沪深300指数,2023-05-26,3848.4174,3859.6291,3815.5701,3850.9511,10032643900.0,191537814872.5,0.4515,0.0117,18547274.72,11.99,13.36,2.79,2.43,3850.4996
000300,沪深300指数,2023-05-29,3862.0838,3866.7238,3819.1822,3833.9416,13185996700.0,230095604813.4,-17.0095,-0.4417,18465351.94,11.99,13.29,2.79,2.44,3850.9511
000300,沪深300指数,2023-05-30,3827.7924,3844.0052,3789.2736,3837.7531,13761962900.0,244566265534.9,3.8115,0.0994,18483709.4,12.0,13.3,2.78,2.44,3833.9416
000300,沪深300指数,2023-05-31,3827.1634,3827.1634,3781.4034,3798.5434,12638736800.0,235606123947.6,-39.2097,-1.0217,18294864.88,11.87,13.15,2.81,2.44,3837.7531
000300,沪深300指数,2023-06-01,3788.5902,3832.2051,3786.7344,3806.8679,13456188100.0,241829546409.4,8.3245,0.2191,18334963.59,11.9,13.18,2.8,2.43,3798.5434
000300,沪深300指数,2023-06-02,3821.6198,3865.2843,3821.6198,3861.8337,12501511000.0,232696547130.8,54.9658,1.4439,18599692.14,12.04,13.37,2.77,2.4,3806.8679
000300,沪深300指数,2023-06-05,3860.5557,3860.5557,3832.4578,3844.2492,11616398900.0,211144360143.7,-17.5845,-0.4553,18515000.76,12.01,13.3,2.78,2.41,3861.8337
000300,沪深300指数,2023-06-06,3840.4587,3867.8452,3802.8449,3808.1629,12578125800.0,222091722592.2,-36.0863,-0.9387,18341198.62,11.91,13.18,2.8,2.43,3844.2492
000300,沪深300指数,2023-06-07,3815.4823,3823.1124,3780.1021,3789.3418,9886243200.0,189879792179.6,-18.8211,-0.4942,18250551.21,11.87,13.11,2.81,2.45,3808.1629
000300,沪深300指数,2023-06-08,3791.0826,3834.3888,3777.7752,3820.1867,11870093400.0,199119300649.7,30.8449,0.814,18399119.6,11.98,13.21,2.78,2.43,3789.3418
000300,沪深300指数,2023-06-09,3822.4088,3836.7026,3811.2189,3836.7026,13431986300.0,247296087070.9,16.5159,0.4323,18478668.74,12.03,13.27,2.77,2.42,3820.1867
000300,沪深300指数,2023-06-12,3827.3253,3859.7156,3813.8577,3844.4324,12675854300.0,240791270473.5,7.7298,0.2015,18901969.75,12.0,13.3,2.76,2.41,3836.7026
000300,沪深300指数,2023-06-13,3838.1287,3867.3034,3833.4598,3864.9074,11092494600.0,225435215314.9,20.475,0.5326,19002639.24,12.05,13.38,2.75,2.4,3844.4324
000300,沪深300指数,2023-06-14,3872.7155,3891.6656,3862.0609,3864.0247,12495575900.0,243932581183.9,-0.8827,-0.0228,18998299.43,12.03,13.38,2.75,2.4,3864.9074
000300,沪深300指数,2023-06-15,3871.7746,3925.4994,3871.7746,3925.4994,12836993800.0,282635910894.2,61.4747,1.5909,19300556.66,12.18,13.58,2.72,2.36,3864.0247
000300,沪深300指数,2023-06-16,3932.2114,3968.0128,3928.5419,3963.3509,13976007600.0,280374762837.8,37.8515,0.9642,19486652.61,12.25,13.67,2.7,2.34,3925.4994
000300,沪深300指数,2023-06-19,3957.0327,3957.0327,3922.4742,3930.9079,13490584800.0,268213068579.8,-32.443,-0.8186,19327139.46,12.15,13.56,2.72,2.36,3963.3509
000300,沪深300指数,2023-06-20,3926.094,3937.4945,3918.473,3924.2377,12252031800.0,266274081286.8,-6.6702,-0.1697,19294347.78,12.1,13.53,2.73,2.36,3930.9079
000300,沪深300指数,2023-06-21,3909.1044,3920.1276,3864.0323,3864.0323,11834657500.0,243630705591.5,-60.2054,-1.5342,18998342.1,11.94,13.32,2.76,2.4,3924.2377
000300,沪深300指数,2023-06-26,3833.4436,3841.2862,3801.0537,3809.6962,13399041900.0,247713845779.5,-54.3361,-1.4062,18735751.26,11.77,13.14,2.8,2.43,3864.0323
000300,沪深300指数,2023-06-27,3811.6872,3851.8957,3806.3242,3845.4334,11699268100.0,210097713687.6,35.7372,0.9381,18911502.52,11.9,13.26,2.77,2.41,3809.6962
000300,沪深300指数,2023-06-28,3836.6086,3846.8516,3808.1607,3840.7986,10702154100.0,206187959876.8,-4.6348,-0.1205,18888708.56,11.88,13.24,2.77,2.41,3845.4334
000300,沪深300指数,2023-06-29,3836.7305,3840.7132,3817.3759,3821.8435,9828927400.0,204110031407.8,-18.9551,-0.4935,18795489.36,11.83,13.18,2.79,2.42,3840.7986
000300,沪深300指数,2023-06-30,3816.3345,3860.0311,3813.552,3842.4516,10126842900.0,208146272909.3,20.6081,0.5392,18896837.97,11.89,13.25,2.91,2.56,3821.8435
000300,沪深300指数,2023-07-03,3853.2919,3897.3273,3853.2919,3892.8821,13315805100.0,256876520211.7,50.4305,1.3125,19144850.92,12.06,13.42,2.87,2.53,3842.4516
000300,沪深300指数,2023-07-04,3888.0328,3899.9755,3878.3978,3899.0133,10949452700.0,216335611421.8,6.1312,0.1575,19175003.32,12.06,13.44,2.87,2.53,3892.8821
000300,沪深300指数,2023-07-05,3895.1945,3899.5188,3864.1301,3868.8054,9763638400.0,188400265050.6,-30.2079,-0.7748,19026443.6,11.97,13.33,2.89,2.55,3899.0133
000300,沪深300指数,2023-07-06,3857.0304,3876.8901,3836.4573,3842.7547,10012184200.0,184742420862.3,-26.0507,-0.6734,18898328.64,11.88,13.24,2.91,2.56,3868.8054
000300,沪深300指数,2023-07-07,3831.5955,3844.8438,3819.0772,3825.6988,10090692000.0,173918560673.0,-17.0559,-0.4438,18814448.56,11.83,13.17,2.92,2.58,3842.7547
000300,沪深300指数,2023-07-10,3841.5591,3865.4566,3831.92,3844.3269,9203344100.0,185360813110.7,18.6281,0.4869,18906059.93,11.88,13.24,2.91,2.56,3825.6988
000300,沪深300指数,2023-07-11,3853.7955,3870.6549,3844.5244,3869.4861,8651071600.0,177585694368.3,25.1592,0.6545,19033398.12,11.94,13.32,2.89,2.55,3844.3269
000300,沪深300指数,2023-07-12,3864.6013,3874.0403,3838.5632,3843.4369,11152202400.0,214046519056.1,-26.0492,-0.6732,18905265.96,11.88,13.24,2.91,2.56,3869.4861
000300,沪深300指数,2023-07-13,3855.662,3901.1023,3855.662,3898.4229,12030023200.0,235278706834.5,54.986,1.4306,19175733.61,12.06,13.43,2.87,2.53,3843.4369
000300,沪深300指数,2023-07-14,3904.6033,3908.4871,3893.7862,3899.1027,12236484600.0,220230466522.9,0.6798,0.0174,19183527.05,12.08,13.43,2.86,2.53,3898.4229
000300,沪深300指数,2023-07-17,3881.6225,3881.6225,3852.2626,3867.1749,9834014400.0,174623552807.4,-31.9278,-0.8188,19026442.51,11.91,13.29,2.89,2.55,3899.1027
000300,沪深300指数,2023-07-18,3871.0444,3871.0444,3844.5129,3854.9393,9143861500.0,167104315117.1,-12.2356,-0.3164,18966100.97,11.83,13.2,2.91,2.56,3867.1749
000300,沪深300指数,2023-07-19,3848.4826,3860.0092,3830.4073,3850.8663,7958570000.0,151311481029.8,-4.073,-0.1057,18946061.84,11.83,13.19,2.91,2.56,3854.9393
000300,沪深300指数,2023-07-20,3857.7725,3875.6241,3818.7134,3823.6946,9204207600.0,174320872139.8,-27.1717,-0.7056,18812378.79,11.74,13.1,2.93,2.58,3850.8663
000300,沪深300指数,2023-07-21,3816.9835,3849.5109,3808.803,3821.91,7950756300.0,157144211209.3,-1.7846,-0.0467,18803598.33,11.73,13.09,2.93,2.58,3823.6946
000300,沪深300指数,2023-07-24,3803.3492,3828.7853,3798.8048,3805.221,7548354500.0,151448369566.2,-16.689,-0.4367,18724493.79,11.69,13.03,2.94,2.59,3821.91
000300,沪深300指数,2023-07-25,3866.6445,3915.8148,3866.6445,3915.1153,16306632000.0,299853562168.1,109.8943,2.888,19265254.63,12.01,13.41,2.86,2.52,3805.221
000300,沪深300指数,2023-07-26,3908.174,3912.9834,3893.3987,3907.0128,10788171700.0,192912604792.0,-8.1025,-0.207,19225384.23,11.98,13.38,2.87,2.52,3915.1153
000300,沪深300指数,2023-07-27,3914.2298,3935.3578,3894.6923,3902.3458,11066710900.0,196845425513.3,-4.667,-0.1195,19202422.13,11.98,13.36,2.87,2.52,3907.0128
000300,沪深300指数,2023-07-28,3889.7929,4000.919,3886.5535,3992.7376,17973548100.0,310092467404.5,90.3918,2.3163,19647216.57,12.25,13.68,2.81,2.47,3902.3458
000300,沪深300指数,2023-07-31,4018.8895,4064.3621,4002.0784,4014.6301,19960683000.0,366544120003.6,21.8925,0.5483,19754943.67,12.3,13.75,2.89,2.51,3992.7376
000300,沪深300指数,2023-08-01,4009.1831,4031.7008,3983.0273,3998.001,14228685900.0,255620773637.6,-16.6291,-0.4142,19673116.55,12.27,13.69,2.89,2.52,4014.6301
000300,沪深300指数,2023-08-02,3985.6951,4008.3343,3958.5127,3969.895,12585569000.0,204875690923.8,-28.106,-0.703,19534814.22,12.14,13.6,2.92,2.54,3998.001
000300,沪深300指数,2023-08-03,3962.1296,4004.9996,3962.1296,4004.9839,12900664000.0,224809824820.3,35.0889,0.8839,19707477.55,12.25,13.72,2.9,2.51,3969.895
000300,沪深300指数,2023-08-04,4033.7239,4058.2431,4011.6202,4020.5792,17826718900.0,316529733837.7,15.5953,0.3894,19784217.63,12.3,13.78,2.89,2.5,4004.9839
000300,沪深300指数,2023-08-07,4002.9677,4002.9677,3977.0173,3990.1531,12131066200.0,227090572750.9,-30.4261,-0.7568,19634499.12,12.22,13.67,2.91,2.52,4020.5792
000300,沪深300指数,2023-08-08,3980.0423,4002.2904,3963.4632,3979.7322,10987169900.0,202611335313.8,-10.4209,-0.2612,19585395.67,12.19,13.64,2.91,2.53,3990.1531
000300,沪深300指数,2023-08-09,3967.3566,3982.1091,3961.8434,3967.5652,9464026900.0,174394242765.3,-12.167,-0.3057,19525518.24,12.16,13.6,2.92,2.54,3979.7322
000300,沪深300指数,2023-08-10,3962.8569,3976.4637,3945.3869,3975.7166,9717684900.0,175646730198.2,8.1514,0.2055,19565633.84,12.18,13.62,2.91,2.53,3967.5652
000300,沪深300指数,2023-08-11,3977.9834,3977.9834,3884.2538,3884.2538,12608293100.0,203546314647.4,-91.4628,-2.3005,19115519.04,11.91,13.3,2.98,2.59,3975.7166
000300,沪深300指数,2023-08-14,3840.8872,3859.4718,3814.0711,3855.9061,11596633600.0,197623765246.4,-28.3477,-0.7298,18976011.91,11.82,13.2,3.0,2.61,3884.2538
000300,沪深300指数,2023-08-15,3858.3662,3865.284,3811.6839,3846.5357,10309711100.0,177437071692.5,-9.3704,-0.243,18929897.42,11.82,13.17,3.0,2.62,3855.9061
000300,沪深300指数,2023-08-16,3830.8274,3852.4198,3817.6324,3818.3338,9461694600.0,169323869027.6,-28.2019,-0.7332,18791108.21,11.73,13.07,3.02,2.64,3846.5357
000300,沪深300指数,2023-08-17,3801.1969,3836.1507,3782.4967,3831.1008,9841549300.0,174093848242.9,12.767,0.3344,18853938.18,11.76,13.12,3.02,2.63,3818.3338
000300,沪深300指数,2023-08-18,3832.4554,3844.195,3784.0038,3784.0038,9554963800.0,168445686988.2,-47.097,-1.2293,18622160.49,11.64,12.96,3.05,2.66,3831.1008
000300,沪深300指数,2023-08-21,3773.225,3782.1112,3729.555,3729.555,9870836900.0,173379942906.6,-54.4488,-1.4389,18354202.37,11.48,12.77,3.09,2.7,3784.0038
000300,沪深300指数,2023-08-22,3748.0675,3770.0556,3704.6785,3758.2271,12031832700.0,203463879671.8,28.6721,0.7688,18495306.04,11.6,12.87,3.06,2.68,3729.555
000300,沪深300指数,2023-08-23,3751.7736,3756.1659,3695.0309,3696.6339,9708163800.0,160476231586.9,-61.5932,-1.6389,18192188.3,11.44,12.66,3.1,2.72,3758.2271
000300,沪深300指数,2023-08-24,3711.5403,3748.8567,3701.5717,3723.4293,11961452100.0,196257391083.7,26.7954,0.7249,18324056.04,11.49,12.76,3.09,2.7,3696.6339
000300,沪深300指数,2023-08-25,3703.5136,3734.2185,3695.8442,3709.1517,10518261000.0,175601437172.9,-14.2776,-0.3835,18253792.02,11.46,12.71,3.1,2.71,3723.4293
000300,沪深300指数,2023-08-28,3911.5485,3911.5485,3740.5279,3752.6194,19799037900.0,335047670966.8,43.4677,1.1719,18467708.57,11.6,12.86,3.06,2.68,3709.1517
000300,沪深300指数,2023-08-29,3743.0534,3810.3772,3742.0758,3790.1067,15248614600.0,262134936751.0,37.4873,0.999,18652194.33,11.68,12.99,3.04,2.66,3752.6194
000300,沪深300指数,2023-08-30,3803.1191,3813.7032,3780.2411,3788.5097,12967166100.0,226727480838.7,-1.597,-0.0421,18644335.38,11.66,12.98,3.05,2.66,3790.1067
000300,沪深300指数,2023-08-31,3786.9261,3793.9972,3762.0046,3765.2678,11896164600.0,193577001342.0,-23.2419,-0.6135,18529954.95,11.6,12.91,3.03,2.63,3788.5097
000300,沪深300指数,2023-09-01,3778.9129,3808.5306,3778.9129,3791.4912,10531904500.0,172219141586.1,26.2234,0.6965,18659008.08,11.67,13.0,3.01,2.61,3765.2678
000300,沪深300指数,2023-09-04,3812.9873,3854.2605,3804.5886,3848.9517,14238520100.0,237934727924.3,57.4605,1.5155,18941787.7,11.85,13.2,2.96,2.57,3791.4912
000300,沪深300指数,2023-09-05,3839.5779,3839.5779,3814.3338,3820.3174,10405233300.0,181377877955.3,-28.6343,-0.744,18800869.84,11.76,13.1,2.99,2.59,3848.9517
000300,沪深300指数,2023-09-06,3808.1,3817.5239,3790.8949,3812.0283,9344239300.0,166081524007.2,-8.2891,-0.217,18760077.02,11.75,13.08,2.99,2.59,3820.3174
000300,沪深300指数,2023-09-07,3802.2272,3802.2272,3756.853,3758.4748,9510390300.0,164405748827.5,-53.5535,-1.4049,18496524.86,11.62,12.89,3.02,2.63,3812.0283
000300,沪深300指数,2023-09-08,3747.6509,3753.263,3724.987,3739.9927,7163816600.0,129197657303.1,-18.4821,-0.4917,18405569.01,11.56,12.83,3.04,2.64,3758.4748
000300,沪深300指数,2023-09-11,3740.5846,3788.3219,3734.7228,3767.537,10535801600.0,186871759441.3,27.5443,0.7365,18541122.56,11.63,12.92,3.02,2.62,3739.9927
000300,沪深300指数,2023-09-12,3764.3331,3775.093,3755.4162,3760.6048,7938537800.0,140117510233.3,-6.9322,-0.184,18507007.42,11.61,12.89,3.03,2.63,3767.537
000300,沪深300指数,2023-09-13,3759.6091,3768.8162,3719.1114,3736.6513,8157690100.0,138238089912.5,-23.9535,-0.637,18389125.05,11.56,12.81,3.04,2.65,3760.6048
000300,沪深300指数,2023-09-14,3736.9355,3748.8177,3717.3107,3733.5077,10038607500.0,151578100463.9,-3.1436,-0.0841,18373654.79,11.58,12.8,3.03,2.65,3736.6513
000300,沪深300指数,2023-09-15,3740.7853,3749.0247,3699.3806,3708.7766,10939568900.0,180398970938.3,-24.7311,-0.6624,18251945.93,11.49,12.71,3.06,2.67,3733.5077
000300,沪深300指数,2023-09-18,3698.9344,3737.5306,3691.1107,3727.711,8672774100.0,156966973910.5,18.9344,0.5105,18345127.41,11.54,12.78,3.04,2.65,3708.7766
000300,沪深300指数,2023-09-19,3723.4244,3724.0717,3702.6934,3720.5021,8319903800.0,135216895229.4,-7.2089,-0.1934,18309650.38,11.55,12.75,3.04,2.66,3727.711
000300,沪深300指数,2023-09-20,3715.9578,3718.5207,3705.1274,3705.6898,7544820900.0,117691805957.2,-14.8123,-0.3981,18236754.65,11.51,12.71,3.05,2.67,3720.5021
000300,沪深300指数,2023-09-21,3698.313,3708.4557,3672.4448,3672.4448,8303100500.0,135011796555.2,-33.245,-0.8971,18073146.81,11.4,12.59,3.08,2.69,3705.6898
000300,沪深300指数,2023-09-22,3672.6402,3740.4183,3664.7661,3738.9327,11023116600.0,192236467362.8,66.4879,1.8105,18400352.7,11.6,12.82,3.03,2.64,3672.4448
000300,沪深300指数,2023-09-25,3738.0622,3738.0622,3711.2049,3714.6037,9259647900.0,155793827361.5,-24.329,-0.6507,18280622.65,11.53,12.74,3.05,2.66,3738.9327
000300,沪深300指数,2023-09-26,3711.7106,3723.8481,3692.6172,3692.8928,7804452500.0,137808437774.8,-21.7109,-0.5845,18173777.07,11.47,12.66,3.06,2.68,3714.6037
000300,沪深300指数,2023-09-27,3694.9607,3731.1405,3694.3938,3700.495,9162921000.0,164790435265.8,7.6022,0.2059,18211189.96,11.47,12.69,3.06,2.67,3692.8928
000300,沪深300指数,2023-09-28,3711.2117,3716.0569,3685.3001,3689.5172,8522171900.0,153500421344.0,-10.9778,-0.2967,18156083.41,11.44,12.65,3.04,2.66,3700.495
000300,沪深300指数,2023-10-09,3678.929,3694.1713,3641.9966,3684.7272,10214805800.0,178072374748.1,-4.79,-0.1298,18132512.14,11.43,12.64,3.05,2.67,3689.5172
000300,沪深300指数,2023-10-10,3696.2542,3701.2562,3655.589,3657.1259,9916373000.0,161938958924.8,-27.6013,-0.7491,17996686.07,11.34,12.54,3.07,2.69,3684.7272
000300,沪深300指数,2023-10-11,3674.7514,3689.5347,3658.355,3667.5483,10209158700.0,187667554126.6,10.4224,0.285,18047974.97,11.36,12.58,3.06,2.68,3657.1259
000300,沪深300指数,2023-10-12,3697.9337,3711.4985,3682.8418,3702.3824,11436322500.0,194598219817.3,34.8341,0.9498,18219393.2,11.48,12.7,3.03,2.65,3667.5483
000300,沪深300指数,2023-10-13,3677.9585,3678.1913,3652.3094,3663.4104,9828798700.0,170152309003.0,-38.972,-1.0526,18027612.12,11.38,12.57,3.06,2.68,3702.3824
000300,沪深300指数,2023-10-16,3664.039,3664.039,3615.7686,3626.5972,9185311800.0,159537973598.4,-36.8132,-1.0049,17846454.59,11.31,12.44,3.08,2.71,3663.4104
000300,沪深300指数,2023-10-17,3635.2994,3645.5654,3619.1277,3639.4018,9074518800.0,147056233347.4,12.8046,0.3531,17909466.33,11.36,12.49,3.07,2.7,3626.5972
000300,沪深300指数,2023-10-18,3631.0671,3632.0579,3608.9768,3610.5767,9454587900.0,158982356667.4,-28.8251,-0.792,17781612.57,11.28,12.37,3.08,2.72,3639.4018
000300,沪深300指数,2023-10-19,3588.5154,3588.5154,3532.3059,3533.5445,11173752000.0,189194781843.9,-77.0322,-2.1335,17402239.13,11.03,12.11,3.15,2.78,3610.5767
000300,沪深300指数,2023-10-20,3518.3464,3535.6623,3501.725,3510.5889,9851860500.0,169591289145.3,-22.9556,-0.6496,17297782.11,10.95,12.03,3.18,2.8,3533.5445
000300,沪深300指数,2023-10-23,3500.199,3505.3468,3450.6456,3474.2438,9656165200.0,152054894179.0,-36.3451,-1.0353,17122054.27,10.84,11.91,3.21,2.83,3510.5889
000300,沪深300指数,2023-10-24,3481.7644,3495.0039,3453.1016,3487.1302,11554728900.0,186529203442.0,12.8864,0.3709,17185562.15,10.87,11.95,3.2,2.81,3474.2438
000300,沪深300指数,2023-10-25,3524.2965,3531.8314,3500.9154,3504.4576,12800961700.0,203691741119.2,17.3274,0.4969,17270956.64,10.88,12.0,3.19,2.8,3487.1302
000300,沪深300指数,2023-10-26,3484.7807,3515.5716,3478.0503,3514.1448,10514356600.0,176088467225.8,9.6872,0.2764,17318697.56,10.93,12.03,3.18,2.79,3504.4576
000300,沪深300指数,2023-10-27,3501.171,3576.5861,3494.5488,3562.3851,12022510800.0,224301960437.0,48.2403,1.3727,17556439.55,11.05,12.2,3.15,2.76,3514.1448
000300,沪深300指数,2023-10-30,3554.1055,3592.7188,3554.0238,3583.7718,14401042600.0,242973328094.4,21.3867,0.6003,17661839.2,11.06,12.27,3.14,2.74,3562.3851
000300,沪深300指数,2023-10-31,3581.6759,3581.6759,3554.5822,3572.5056,11258726700.0,196317658324.1,-11.2662,-0.3144,17606316.1,11.05,12.23,3.15,2.75,3583.7718
000300,沪深300指数,2023-11-01,3605.7576,3606.4126,3564.6421,3571.0268,9764553800.0,182943566435.3,-1.4788,-0.0414,17599028.16,11.06,12.23,3.14,2.75,3572.5056
000300,沪深300指数,2023-11-02,3580.0672,3597.1699,3553.7406,3554.1889,9035964300.0,149465055433.9,-16.8379,-0.4715,17516046.23,11.02,12.17,3.15,2.76,3571.0268
000300,沪深300指数,2023-11-03,3558.5303,3596.101,3558.5303,3584.1364,9754210100.0,165865989200.3,29.9475,0.8426,17665078.81,11.09,12.28,3.13,2.74,3554.1889
000300,沪深300指数,2023-11-06,3608.3187,3635.7897,3600.6304,3632.6084,15298246300.0,254465948110.4,48.472,1.3524,17903982.02,11.19,12.44,3.11,2.7,3584.1364
000300,沪深300指数,2023-11-07,3623.7849,3628.4615,3606.2975,3619.7593,11028859100.0,190433605310.7,-12.8491,-0.3537,17840652.8,11.16,12.4,3.11,2.71,3632.6084
000300,沪深300指数,2023-11-08,3610.6434,3627.0479,3591.8248,3611.0723,11059423000.0,192594372352.5,-8.687,-0.24,17797837.43,11.13,12.37,3.12,2.72,3619.7593
000300,沪深300指数,2023-11-09,3603.1082,3624.4141,3601.3744,3612.8263,11187205700.0,189355228591.7,1.754,0.0486,17806482.48,11.16,12.38,3.12,2.72,3611.0723
000300,沪深300指数,2023-11-10,3596.0688,3599.4519,3576.1011,3586.4893,10210703400.0,166924677328.3,-26.337,-0.729,17676675.56,11.09,12.29,3.13,2.74,3612.8263
000300,沪深300指数,2023-11-13,3593.9109,3599.3897,3562.7682,3579.4141,9670764900.0,164821249624.7,-7.0752,-0.1973,17641804.24,11.08,12.26,3.14,2.74,3586.4893
000300,沪深300指数,2023-11-14,3581.1034,3600.1483,3568.882,3582.0584,10088415800.0,165935163426.2,2.6443,0.0739,17654836.71,11.08,12.27,3.14,2.74,3579.4141
000300,沪深300指数,2023-11-15,3616.8765,3620.6007,3596.9158,3607.2454,10492921800.0,188932150500.6,25.187,0.7031,17778975.87,11.16,12.36,3.11,2.72,3582.0584
000300,沪深300指数,2023-11-16,3600.9813,3605.2898,3572.3636,3572.3641,8746478000.0,146629217157.8,-34.8813,-0.967,17607056.85,11.07,12.24,3.14,2.75,3607.2454
000300,沪深300指数,2023-11-17,3561.3112,3573.6819,3547.0287,3568.0685,8731920700.0,139621898705.2,-4.2956,-0.1202,17585884.97,11.04,12.22,3.15,2.75,3572.3641
000300,沪深300指数,2023-11-20,3569.7314,3586.9731,3545.1038,3576.3233,9108044500.0,157449634694.0,8.2548,0.2314,17626570.31,11.07,12.25,3.14,2.75,3568.0685
000300,沪深300指数,2023-11-21,3587.8779,3615.0569,3575.682,3581.0674,10859431400.0,175922105929.9,4.7441,0.1327,17649952.78,11.09,12.26,3.13,2.74,3576.3233
000300,沪深300指数,2023-11-22,3569.4389,3574.3782,3544.4162,3544.4162,8478438100.0,136041195538.9,-36.6512,-1.0235,17469310.5,10.99,12.14,3.16,2.77,3581.0674
000300,沪深300指数,2023-11-23,3541.4416,3562.0675,3529.939,3561.5204,8480016700.0,141499811490.9,17.1042,0.4826,17553611.59,11.04,12.19,3.15,2.76,3544.4162
000300,沪深300指数,2023-11-24,3560.6462,3560.6462,3533.9955,3538.0087,8501840300.0,140101998555.3,-23.5117,-0.6602,17437730.09,10.98,12.11,3.16,2.78,3561.5204
000300,沪深300指数,2023-11-27,3534.4445,3534.4445,3492.8623,3511.9424,9910231400.0,155975437035.7,-26.0663,-0.7368,17305699.93,10.9,12.02,3.19,2.8,3538.0087
000300,沪深300指数,2023-11-28,3510.6554,3521.0463,3501.1093,3518.5232,8933578900.0,147740535862.4,6.5808,0.1874,17338128.01,10.91,12.05,3.18,2.79,3511.9424
000300,沪深300指数,2023-11-29,3518.8836,3519.198,3482.2444,3488.3073,9884141200.0,155948235975.9,-30.2159,-0.8588,17189234.12,10.83,11.94,3.21,2.82,3518.5232
000300,沪深300指数,2023-11-30,3485.5171,3505.1273,3481.4515,3496.2028,10135082000.0,153790180653.3,7.8955,0.2263,17228140.32,10.87,11.97,3.21,2.82,3488.3073
000300,沪深300指数,2023-12-01,3494.2234,3494.2234,3452.1728,3482.8813,10853094100.0,176078323469.4,-13.3215,-0.381,17162496.55,10.84,11.92,3.22,2.83,3496.2028
000300,沪深300指数,2023-12-04,3481.0449,3488.133,3459.611,3460.138,9715682600.0,164664395292.9,-22.7433,-0.653,17050424.6,10.77,11.84,3.24,2.85,3482.8813
000300,沪深300指数,2023-12-05,3450.0898,3450.0898,3393.8139,3394.2571,10047200700.0,164840691112.1,-65.8809,-1.904,16725785.58,10.58,11.61,3.3,2.91,3460.138
000300,沪深300指数,2023-12-06,3387.8798,3420.2773,3382.9457,3399.598,10580551900.0,172142987724.9,5.3409,0.1574,16752103.5,10.56,11.63,3.3,2.9,3394.2571
000300,沪深300指数,2023-12-07,3394.3064,3404.4074,3369.7675,3391.2823,9771324800.0,160949948197.3,-8.3157,-0.2446,16711126.52,10.55,11.6,3.31,2.91,3399.598
000300,沪深300指数,2023-12-08,3391.8585,3409.3845,3383.4479,3399.4618,12952205400.0,203034222561.1,8.1795,0.2412,16751026.31,10.58,11.63,3.3,2.9,3391.2823
000300,沪深300指数,2023-12-11,3378.0517,3426.6106,3346.8902,3419.4548,13962624900.0,219761181423.1,19.993,0.5881,17314701.21,10.8,11.9,3.23,2.84,3399.4618
000300,沪深300指数,2023-12-12,3409.9976,3427.5456,3406.1013,3426.803,10559001300.0,166979964779.7,7.3482,0.2149,17351909.5,10.83,11.93,3.22,2.83,3419.4548
000300,沪深300指数,2023-12-13,3418.6413,3418.6413,3369.605,3369.605,9528536700.0,165455928375.6,-57.198,-1.6691,17062282.26,10.67,11.73,3.27,2.88,3426.803
000300,沪深300指数,2023-12-14,3387.3847,3399.1394,3350.7648,3351.9639,8365513500.0,150245775736.4,-17.6411,-0.5235,16972955.01,10.61,11.67,3.29,2.9,3369.605
000300,沪深300指数,2023-12-15,3365.9388,3388.5047,3339.519,3341.5517,9778778300.0,164907019372.1,-10.4122,-0.3106,16920232.41,10.57,11.63,3.3,2.91,3351.9639
000300,沪深300指数,2023-12-18,3329.191,3352.3458,3314.9095,3329.3657,9052682600.0,142303319418.9,-12.186,-0.3647,16858527.25,10.56,11.59,3.31,2.92,3341.5517
000300,沪深300指数,2023-12-19,3325.6596,3345.7795,3313.1874,3334.0412,8380811800.0,135293655396.1,4.6755,0.1404,16882202.06,10.57,11.61,3.3,2.91,3329.3657
000300,沪深300指数,2023-12-20,3334.332,3338.5434,3297.3652,3297.5022,9241286800.0,141290542802.3,-36.539,-1.0959,16697183.86,10.47,11.48,3.34,2.94,3334.0412
000300,沪深300指数,2023-12-21,3285.6049,3339.3552,3283.9883,3330.8698,10254619800.0,171120780579.5,33.3676,1.0119,16866143.66,10.55,11.6,3.31,2.91,3297.5022
000300,沪深300指数,2023-12-22,3329.4668,3359.0601,3315.8976,3337.2281,10522013300.0,167336342309.2,6.3583,0.1909,16898339.12,10.58,11.63,3.3,2.91,3330.8698
000300,沪深300指数,2023-12-25,3330.3333,3348.882,3330.3333,3347.4508,7454269300.0,121838327071.1,10.2227,0.3063,16951472.81,10.62,11.66,3.29,2.9,3337.2281
000300,沪深300指数,2023-12-26,3345.3952,3345.4171,3315.937,3324.7902,7473293500.0,121689997434.6,-22.6606,-0.677,16836719.72,10.57,11.58,3.3,2.92,3347.4508
000300,沪深300指数,2023-12-27,3326.9267,3341.2659,3309.6731,3336.3572,9440392800.0,140924923674.8,11.567,0.3479,16895294.63,10.61,11.62,3.29,2.91,3324.7902
000300,沪深300指数,2023-12-28,3335.5572,3423.4018,3331.2082,3414.5403,14806485100.0,245855634464.3,78.1831,2.3434,17291213.72,10.81,11.9,3.23,2.84,3336.3572
000300,沪深300指数,2023-12-29,3411.1094,3432.5412,3409.5795,3431.1099,11492893200.0,193573180515.1,16.5696,0.4853,17375121.84,10.86,11.96,3.16,2.77,3414.5403
000300,沪深300指数,2024-01-02,3426.2684,3426.2684,3386.3522,3386.3522,11618072600.0,184096097448.7,-44.7577,-1.3045,17148469.23,10.75,11.8,3.19,2.8,3431.1099
000300,沪深300指数,2024-01-03,3379.7501,3392.8504,3362.6617,3378.2971,10561385100.0,165099018642.5,-8.0551,-0.2379,17107678.14,10.76,11.77,3.19,2.81,3386.3522
000300,沪深300指数,2024-01-04,3375.0207,3375.0207,3323.8647,3347.0519,10672101300.0,165512262698.6,-31.2452,-0.9249,16949452.89,10.69,11.66,3.21,2.84,3378.2971
000300,沪深300指数,2024-01-05,3341.3061,3372.5444,3313.5542,3329.1114,12640057400.0,182251664948.1,-17.9405,-0.536,16858601.82,10.64,11.6,3.23,2.85,3347.0519
000300,沪深300指数,2024-01-08,3322.6051,3333.516,3283.3421,3286.0564,11742948500.0,170761644873.4,-43.055,-1.2933,16640571.94,10.51,11.45,3.26,2.89,3329.1114
000300,沪深300指数,2024-01-09,3286.7083,3304.6008,3273.8431,3292.4994,10933046500.0,172276323045.2,6.443,0.1961,16673199.09,10.53,11.47,3.26,2.88,3286.0564
000300,沪深300指数,2024-01-10,3281.6692,3312.9161,3268.2471,3277.129,9419936600.0,159777649838.1,-15.3704,-0.4668,16595363.56,10.47,11.41,3.28,2.9,3292.4994
000300,沪深300指数,2024-01-11,3275.3086,3311.1137,3266.7911,3295.6717,10878973500.0,180978533555.5,18.5427,0.5658,16689263.52,10.49,11.48,3.27,2.88,3277.129
000300,沪深300指数,2024-01-12,3284.358,3310.4704,3279.6987,3284.1667,9685355500.0,156536022291.9,-11.505,-0.3491,16631002.1,10.47,11.44,3.28,2.89,3295.6717
000300,沪深300指数,2024-01-15,3270.1029,3306.9217,3261.2687,3280.9195,8885153000.0,144331722430.6,-3.2472,-0.0989,16614558.39,10.47,11.42,3.27,2.89,3284.1667
000300,沪深300指数,2024-01-16,3272.571,3300.8762,3260.4362,3300.8762,11327666500.0,175650587488.9,19.9567,0.6083,16715619.29,10.53,11.49,3.25,2.88,3280.9195
000300,沪深300指数,2024-01-17,3291.1392,3291.1392,3229.082,3229.082,10876972800.0,173516385174.7,-71.7942,-2.175,16352053.72,10.32,11.24,3.32,2.94,3300.8762
000300,沪深300指数,2024-01-18,3214.2844,3279.2538,3171.6329,3274.7286,17490916800.0,256784536828.0,45.6466,1.4136,16583208.01,10.44,11.4,3.28,2.9,3229.082
000300,沪深300指数,2024-01-19,3261.2393,3286.9415,3251.8136,3269.7763,11850140800.0,191261807098.8,-4.9523,-0.1512,16558129.66,10.42,11.38,3.29,2.9,3274.7286
000300,沪深300指数,2024-01-22,3262.4685,3281.4205,3193.1776,3218.9016,14870562800.0,225510031844.3,-50.8747,-1.5559,16300500.04,10.27,11.21,3.34,2.95,3269.7763
000300,沪深300指数,2024-01-23,3208.4316,3249.5306,3188.1259,3231.9329,12201200000.0,193791168624.2,13.0313,0.4048,16366490.43,10.31,11.25,3.32,2.94,3218.9016
000300,沪深300指数,2024-01-24,3245.9592,3281.4892,3190.4674,3277.1089,15437195400.0,219036341624.5,45.176,1.3978,16595261.49,10.48,11.41,3.27,2.9,3231.9329
000300,沪深300指数,2024-01-25,3274.3391,3344.2426,3269.7943,3342.9189,19683361400.0,265521114954.3,65.81,2.0082,16928523.09,10.74,11.64,3.19,2.84,3277.1089
000300,沪深300指数,2024-01-26,3326.6465,3351.9692,3315.1265,3333.8213,18066400500.0,238144899501.0,-9.0976,-0.2721,16882452.74,10.75,11.6,3.19,2.85,3342.9189
000300,沪深300指数,2024-01-29,3335.3936,3351.3715,3303.9604,3303.9604,18416479500.0,244698013593.3,-29.8609,-0.8957,16731237.3,10.69,11.49,3.21,2.87,3333.8213
000300,沪深300指数,2024-01-30,3283.8977,3300.204,3244.9719,3245.0387,14364935000.0,199592929911.7,-58.9217,-1.7834,16432858.39,10.52,11.29,3.26,2.93,3303.9604
000300,沪深300指数,2024-01-31,3231.5425,3252.1475,3201.9264,3215.3518,15314346900.0,215333349921.2,-29.6869,-0.9148,16282523.92,10.46,11.19,3.27,2.94,3245.0387
000300,沪深300指数,2024-02-01,3202.2564,3251.7582,3191.8968,3217.7109,14551679200.0,203815063232.5,2.3591,0.0734,16294470.71,10.44,11.2,3.28,2.94,3215.3518
000300,沪深300指数,2024-02-02,3219.8734,3235.4079,3108.3515,3179.6276,17375808900.0,234495151557.0,-38.0833,-1.1836,16102804.59,10.35,11.06,3.31,2.98,3217.7109
000300,沪深300指数,2024-02-05,3164.25,3233.8485,3111.5184,3200.4218,20304297000.0,279713141507.2,20.7942,0.654,16208113.85,10.46,11.14,3.27,2.96,3179.6276
000300,沪深300指数,2024-02-06,3185.2498,3314.512,3182.8216,3311.6922,20271309900.0,285042020945.9,111.2704,3.4767,16771628.25,10.77,11.53,3.18,2.86,3200.4218
000300,沪深300指数,2024-02-07,3314.0306,3343.6303,3289.6704,3343.6303,21664793300.0,297997664575.2,31.9381,0.9644,16952184.69,10.84,11.64,3.16,2.83,3311.6922
000300,沪深300指数,2024-02-08,3351.4052,3367.2101,3336.9779,3364.9297,18997757800.0,270239765211.0,21.2994,0.637,17060172.84,10.88,11.72,3.15,2.81,3343.6303
000300,沪深300指数,2024-02-19,3393.1916,3403.8078,3364.1418,3403.8078,18331980000.0,267674145147.3,38.8781,1.1554,17257284.38,11.05,11.85,3.1,2.78,3364.9297
000300,沪深300指数,2024-02-20,3395.1916,3415.8943,3380.103,3410.8542,14073458100.0,218459281946.0,7.0464,0.207,17293009.56,11.08,11.87,3.09,2.78,3403.8078
000300,沪深300指数,2024-02-21,3390.3619,3500.1338,3383.6911,3456.8713,18887936200.0,291823544608.2,46.0171,1.3491,17526316.18,11.22,12.04,3.05,2.74,3410.8542
000300,沪深300指数,2024-02-22,3450.3518,3486.6826,3448.4135,3486.6747,14102078400.0,225098128872.7,29.8034,0.8621,17677419.03,11.34,12.14,3.02,2.72,3456.8713
000300,沪深300指数,2024-02-23,3491.3367,3507.5592,3472.968,3489.7416,14482127300.0,232926057113.9,3.0669,0.088,17692968.31,11.35,12.15,3.02,2.71,3486.6747
000300,沪深300指数,2024-02-26,3485.5427,3492.6061,3445.3889,3453.3585,15124833100.0,238951637715.0,-36.3831,-1.0426,17508506.25,11.19,12.02,3.06,2.74,3489.7416
000300,沪深300指数,2024-02-27,3440.0516,3494.7874,3437.4422,3494.7874,13952824600.0,244488721250.8,41.4289,1.1997,17718550.69,11.3,12.17,3.03,2.71,3453.3585
000300,沪深300指数,2024-02-28,3499.8257,3521.6574,3450.2598,3450.2598,18983754800.0,328300591256.4,-44.5276,-1.2741,17492795.73,11.18,12.01,3.06,2.75,3494.7874
000300,沪深300指数,2024-02-29,3437.8984,3516.0826,3437.8984,3516.0826,15594453200.0,281971899288.2,65.8228,1.9078,17826516.84,11.36,12.24,3.0,2.67,3450.2598
000300,沪深300指数,2024-03-01,3515.0587,3544.3595,3503.459,3537.8038,16270957000.0,288575619224.5,21.7212,0.6178,17936643.29,11.41,12.32,2.99,2.65,3516.0826
000300,沪深300指数,2024-03-04,3538.366,3548.6901,3519.7599,3540.8686,16324461300.0,297719931809.3,3.0648,0.0866,17952181.87,11.44,12.33,2.98,2.65,3537.8038
000300,沪深300指数,2024-03-05,3524.9644,3570.6935,3519.0816,3565.5143,16642238900.0,299895929709.1,24.6457,0.696,18077135.34,11.54,12.41,2.95,2.63,3540.8686
000300,沪深300指数,2024-03-06,3556.5323,3577.3883,3545.1013,3551.0481,14307661300.0,248294165707.4,-14.4662,-0.4057,18003791.66,11.47,12.37,2.97,2.64,3565.5143
000300,沪深300指数,2024-03-07,3548.1007,3569.9185,3522.8964,3529.7195,14811051000.0,251839533036.1,-21.3286,-0.6006,17895655.89,11.43,12.29,2.98,2.66,3551.0481
000300,沪深300指数,2024-03-08,3529.5509,3548.5055,3511.577,3544.9099,12579266400.0,225379101014.0,15.1904,0.4304,17972671.37,11.48,12.34,2.97,2.65,3529.7195
000300,沪深300指数,2024-03-11,3545.9427,3589.2635,3542.2789,3589.2635,14820282500.0,286418582154.6,44.3536,1.2512,18197543.93,11.58,12.5,2.94,2.61,3544.9099
000300,沪深300指数,2024-03-12,3592.5826,3605.6976,3574.2117,3597.4939,18068556000.0,339997042337.1,8.2304,0.2293,18239271.69,11.55,12.53,2.95,2.61,3589.2635
000300,沪深300指数,2024-03-13,3594.4211,3594.4211,3563.3685,3572.361,14459059000.0,266898756379.8,-25.1329,-0.6986,18111848.23,11.47,12.44,2.97,2.63,3597.4939
000300,沪深300指数,2024-03-14,3571.7885,3597.46,3545.612,3562.2229,14096272200.0,263803609335.2,-10.1381,-0.2838,18060447.88,11.44,12.4,2.98,2.63,3572.361
000300,沪深300指数,2024-03-15,3554.9068,3572.8091,3533.6798,3569.993,13831604400.0,243991558366.2,7.7701,0.2181,18099842.44,11.47,12.43,2.97,2.63,3562.2229
000300,沪深300指数,2024-03-18,3577.0564,3604.0519,3573.404,3603.528,16037943800.0,295314840611.0,33.535,0.9394,18269864.62,11.56,12.54,2.94,2.6,3569.993
000300,沪深300指数,2024-03-19,3593.3396,3610.7389,3577.188,3577.6303,14557178600.0,259553448413.4,-25.8977,-0.7187,18138563.31,11.49,12.45,2.96,2.62,3603.528
000300,沪深300指数,2024-03-20,3568.7158,3589.5456,3568.4341,3585.3838,12952896600.0,223752103886.2,7.7535,0.2167,18177873.69,11.54,12.48,2.95,2.62,3577.6303
000300,沪深300指数,2024-03-21,3593.07,3601.1145,3575.0331,3581.0902,13074337700.0,233162492629.6,-4.2936,-0.1198,18156105.34,11.53,12.47,2.95,2.62,3585.3838
000300,沪深300指数,2024-03-22,3571.2736,3575.7171,3522.8404,3545.0023,13922735800.0,248850931022.2,-36.0879,-1.0077,17973139.51,11.43,12.34,2.98,2.65,3581.0902
000300,沪深300指数,2024-03-25,3536.7136,3564.9604,3525.7634,3525.7634,13701572400.0,233747256235.1,-19.2389,-0.5427,17875598.81,11.39,12.27,2.99,2.66,3545.0023
000300,沪深300指数,2024-03-26,3526.6818,3547.6461,3518.6018,3543.7467,12620953500.0,226730734844.1,17.9833,0.5101,17966773.86,11.45,12.34,2.97,2.65,3525.7634
000300,沪深300指数,2024-03-27,3538.7244,3542.9624,3502.7866,3502.7866,12862676300.0,216404726565.9,-40.9601,-1.1558,17759106.19,11.35,12.2,3.0,2.68,3543.7467
000300,沪深300指数,2024-03-28,3498.482,3551.2143,3489.3861,3520.9648,14333471700.0,232530806334.5,18.1782,0.519,17851269.57,11.38,12.26,2.99,2.66,3502.7866
000300,沪深300指数,2024-03-29,3516.883,3538.2378,3516.883,3537.4843,12864329000.0,201749384356.7,16.5195,0.4692,17935023.71,11.46,12.31,2.97,2.65,3520.9648
000300,沪深300指数,2024-04-01,3551.5815,3600.9193,3551.5815,3595.6466,16277656100.0,251637272845.1,58.1623,1.6442,18229905.92,11.61,12.52,2.93,2.61,3537.4843
000300,沪深300指数,2024-04-02,3593.2206,3596.1903,3568.7539,3580.6759,14127297200.0,220207515542.9,-14.9707,-0.4164,18154004.61,11.59,12.47,2.94,2.62,3595.6466
000300,沪深300指数,2024-04-03,3578.6835,3582.4324,3558.874,3567.8031,13559233100.0,214222897580.1,-12.8728,-0.3595,18088739.68,11.56,12.42,2.94,2.63,3580.6759
000300,沪深300指数,2024-04-08,3553.5554,3567.82,3535.7688,3536.4077,15530428300.0,243249251687.2,-31.3954,-0.88,17929565.0,11.49,12.31,2.96,2.65,3567.8031
000300,沪深300指数,2024-04-09,3533.3849,3543.7141,3518.8601,3533.4871,12967094200.0,195893525574.7,-2.9206,-0.0826,17914757.85,11.46,12.3,2.97,2.65,3536.4077
000300,沪深300指数,2024-04-10,3528.9679,3531.2295,3490.0525,3504.7086,12879027400.0,199754768626.1,-28.7785,-0.8145,17768851.05,11.4,12.2,2.99,2.68,3533.4871
000300,沪深300指数,2024-04-11,3485.0294,3520.5893,3484.9252,3504.2447,12653439500.0,200293481885.7,-0.4639,-0.0132,17766498.88,11.39,12.19,2.99,2.68,3504.7086
000300,沪深300指数,2024-04-12,3505.7499,3516.6988,3470.0611,3475.8389,12892111600.0,208566204702.9,-28.4058,-0.8106,17622481.49,11.32,12.09,3.01,2.7,3504.2447
000300,沪深300指数,2024-04-15,3473.5047,3552.4125,3473.5047,3549.0759,18394125000.0,267472484531.0,73.237,2.107,17993792.79,11.59,12.35,2.94,2.64,3475.8389
000300,沪深300指数,2024-04-16,3533.3636,3545.5034,3503.6158,3511.1146,17615306500.0,253315972272.3,-37.9613,-1.0696,17801329.39,11.51,12.23,2.96,2.67,3549.0759
000300,沪深300指数,2024-04-17,3509.1318,3565.9389,3498.0324,3565.403,16846639800.0,244987812753.2,54.2884,1.5462,18111936.96,11.66,12.38,2.92,2.63,3511.1146
000300,沪深300指数,2024-04-18,3550.5562,3602.7902,3547.5996,3569.8018,17857410500.0,261329927268.4,4.3988,0.1234,18134282.38,11.67,12.4,2.91,2.63,3565.403
000300,沪深300指数,2024-04-19,3550.6087,3560.9492,3529.3237,3541.6619,14728150500.0,226229520121.3,-28.1399,-0.7883,17991334.0,11.61,12.3,2.93,2.65,3569.8018
000300,沪深300指数,2024-04-22,3536.1844,3558.1642,3528.0186,3530.9045,15057904200.0,229511183118.0,-10.7574,-0.3037,17936687.23,11.54,12.26,2.95,2.66,3541.6619
000300,沪深300指数,2024-04-23,3525.6681,3533.7584,3499.9838,3506.2249,14311350400.0,213257232210.7,-24.6796,-0.699,17811317.21,11.46,12.18,2.97,2.68,3530.9045
000300,沪深300指数,2024-04-24,3514.0108,3524.537,3495.6494,3521.6219,12173985100.0,195299919746.2,15.397,0.4391,17889532.53,11.5,12.23,2.96,2.67,3506.2249
000300,沪深300指数,2024-04-25,3510.6396,3543.9699,3505.1999,3530.2813,11518772200.0,184524622000.7,8.6594,0.2459,17933521.52,11.54,12.26,2.95,2.66,3521.6219
000300,沪深300指数,2024-04-26,3531.9647,3588.4003,3531.9647,3584.2686,19721613300.0,308045062250.7,53.9873,1.5293,18207772.51,11.67,12.45,2.91,2.62,3530.2813
000300,沪深300指数,2024-04-29,3584.5427,3645.8229,3578.7597,3623.9124,22272138100.0,358709708837.6,39.6438,1.106,18409159.78,11.75,12.59,2.89,2.59,3584.2686
000300,沪深300指数,2024-04-30,3619.2586,3630.7092,3604.3943,3604.3943,19129689900.0,286674161757.8,-19.5181,-0.5386,18310009.63,11.71,12.52,2.93,2.66,3623.9124
000300,沪深300指数,2024-05-06,3654.0485,3668.2565,3645.738,3657.8767,20801800700.0,333270472130.0,53.4824,1.4838,18581695.78,12.46,13.66,2.9,2.62,3604.3943
000300,沪深300指数,2024-05-07,3657.0007,3665.684,3648.376,3659.0076,16483428600.0,247368347983.1,1.1309,0.0309,18587440.37,12.48,13.66,2.89,2.62,3657.8767
000300,沪深300指数,2024-05-08,3650.7484,3650.9355,3628.6984,3630.2233,13003533600.0,199923460349.8,-28.7843,-0.7867,18441218.53,12.4,13.54,2.91,2.64,3659.0076
000300,沪深300指数,2024-05-09,3630.4142,3669.7593,3630.4142,3664.561,14655901700.0,232694927940.9,34.3377,0.9459,18615651.35,12.48,13.66,2.89,2.62,3630.2233
000300,沪深300指数,2024-05-10,3669.0869,3674.6088,3641.7639,3666.2771,15072053600.0,233730562074.5,1.7161,0.0468,18624368.93,12.49,13.67,2.89,2.62,3664.561
000300,沪深300指数,2024-05-13,3646.3491,3673.6211,3634.6049,3664.6907,15726745500.0,249688465072.9,-1.5864,-0.0433,18616309.95,12.48,13.66,2.89,2.62,3666.2771
000300,沪深300指数,2024-05-14,3668.2254,3675.776,3646.7092,3657.0454,13340649000.0,214643548213.8,-7.6453,-0.2086,18577472.42,12.45,13.63,2.9,2.62,3664.6907
000300,沪深300指数,2024-05-15,3651.0536,3656.5277,3624.002,3626.0559,12352276400.0,191480969435.1,-30.9895,-0.8474,18420048.87,12.36,13.52,2.92,2.65,3657.0454
000300,沪深300指数,2024-05-16,3636.6007,3657.4831,3626.334,3640.3592,15463050300.0,240288953464.0,14.3033,0.3945,18492708.26,12.4,13.57,2.91,2.64,3626.0559
000300,沪深300指数,2024-05-17,3638.5613,3677.9696,3627.447,3677.9696,16457041700.0,247729525192.2,37.6104,1.0332,18683765.69,12.51,13.71,2.88,2.61,3640.3592
000300,沪深300指数,2024-05-20,3682.0615,3703.0287,3677.4426,3690.9623,18460942300.0,279971341520.4,12.9927,0.3533,18749767.35,12.57,13.75,2.87,2.6,3677.9696
000300,沪深300指数,2024-05-21,3682.2868,3684.6106,3665.1524,3676.1611,13067828300.0,196575354877.9,-14.8012,-0.401,18674578.67,12.53,13.69,2.88,2.61,3690.9623
000300,沪深300指数,2024-05-22,3675.6471,3691.8804,3667.0885,3684.451,15191460500.0,230839373504.9,8.2899,0.2255,18716690.8,12.55,13.72,2.87,2.6,3676.1611
000300,沪深300指数,2024-05-23,3672.8403,3674.3654,3633.5051,3641.7917,14257299000.0,214205039030.7,-42.6593,-1.1578,18499984.41,12.42,13.56,2.9,2.63,3684.451
000300,沪深300指数,2024-05-24,3630.827,3650.8734,3599.6678,3601.4754,12479117700.0,195344742155.9,-40.3163,-1.107,18295181.31,12.3,13.41,2.93,2.66,3641.7917
000300,沪深300指数,2024-05-27,3606.645,3638.1514,3603.7131,3635.7079,13127264400.0,206143742535.6,34.2325,0.9505,18469079.2,12.42,13.54,2.9,2.64,3601.4754
000300,沪深300指数,2024-05-28,3633.2535,3638.9703,3605.9213,3609.1724,12353223800.0,184381267979.1,-26.5355,-0.7299,18334281.38,12.37,13.44,2.92,2.66,3635.7079
000300,沪深300指数,2024-05-29,3609.0708,3633.1971,3602.8198,3613.5223,11590632100.0,179072813277.6,4.3499,0.1205,18356379.25,12.37,13.45,2.91,2.66,3609.1724
000300,沪深300指数,2024-05-30,3607.0522,3624.0352,3586.7543,3594.3121,12260299500.0,193069647050.8,-19.2102,-0.5316,18258792.83,12.29,13.38,2.93,2.67,3613.5223
000300,沪深300指数,2024-05-31,3599.8196,3614.6439,3579.9247,3579.9247,11246201900.0,180707602931.7,-14.3874,-0.4003,18185706.4,12.24,13.33,2.98,2.72,3594.3121
000300,沪深300指数,2024-06-03,3577.3798,3600.6044,3567.8713,3588.7483,14105459100.0,222756928174.4,8.8236,0.2465,18230529.29,12.28,13.36,2.97,2.71,3579.9247
000300,沪深300指数,2024-06-04,3583.8104,3622.5012,3580.2771,3615.6714,12454509600.0,195790966233.8,26.9231,0.7502,18367296.35,12.35,13.46,2.96,2.69,3588.7483
000300,沪深300指数,2024-06-05,3610.3601,3623.3232,3594.1056,3594.7936,11090676600.0,182639598874.9,-20.8778,-0.5774,18261239.12,12.28,13.38,2.97,2.71,3615.6714
000300,沪深300指数,2024-06-06,3602.1554,3625.0109,3584.171,3592.2454,13789351700.0,226764072639.2,-2.5482,-0.0709,18248296.2,12.29,13.37,2.97,2.71,3594.7936
000300,沪深300指数,2024-06-07,3594.6335,3603.0698,3552.0853,3574.1143,13110302600.0,213001530097.8,-18.1311,-0.5047,18156191.69,12.22,13.29,2.98,2.72,3592.2454
000300,沪深300指数,2024-06-11,3555.8186,3565.3113,3525.8945,3542.8771,13452230600.0,219282337214.0,-31.2372,-0.874,17997509.28,12.09,13.17,3.01,2.75,3574.1143
000300,沪深300指数,2024-06-12,3539.0947,3551.1706,3531.5657,3544.1225,12281372900.0,200722600631.1,1.2454,0.0352,18003835.97,12.11,13.17,3.01,2.75,3542.8771
000300,沪深300指数,2024-06-13,3548.2162,3551.0771,3520.1802,3526.1306,12324546200.0,214792338449.3,-17.9919,-0.5077,17912442.19,12.06,13.09,3.02,2.76,3544.1225
000300,沪深300指数,2024-06-14,3514.7998,3547.1473,3503.5233,3541.5331,17151694200.0,283768816845.0,15.4025,0.4368,17990685.46,12.1,13.14,3.01,2.75,3526.1306
000300,沪深300指数,2024-06-17,3521.4365,3540.7932,3520.7381,3536.1986,13743343800.0,232293851893.9,-5.3345,-0.1506,18140044.34,12.07,13.28,3.01,2.73,3541.5331
000300,沪深300指数,2024-06-18,3533.4875,3551.7085,3532.7845,3545.5902,12367183800.0,208824124156.0,9.3916,0.2656,18188221.7,12.11,13.31,3.0,2.72,3536.1986
000300,沪深300指数,2024-06-19,3543.3599,3543.3599,3524.8449,3528.749,10664279700.0,184790298728.6,-16.8412,-0.475,18101829.48,12.07,13.25,3.0,2.73,3545.5902
000300,沪深300指数,2024-06-20,3525.1687,3533.9865,3500.131,3503.2817,11161739600.0,186515776574.7,-25.4673,-0.7217,17971187.05,12.03,13.15,3.02,2.75,3528.749
000300,沪深300指数,2024-06-21,3496.3428,3505.5123,3473.8283,3495.6198,10918661500.0,182736735066.8,-7.6619,-0.2187,17931882.65,11.99,13.12,3.03,2.76,3503.2817
000300,沪深300指数,2024-06-24,3473.6392,3505.7752,3471.2164,3476.8102,11799018400.0,195787549313.6,-18.8096,-0.5381,17835390.6,11.94,13.06,3.04,2.77,3495.6198
000300,沪深300指数,2024-06-25,3475.1648,3483.2189,3440.6464,3457.9023,11844811800.0,190886336762.4,-18.9079,-0.5438,17738396.57,11.89,12.99,3.05,2.79,3476.8102
000300,沪深300指数,2024-06-26,3451.5389,3487.3964,3442.2982,3480.2648,10589886100.0,171538111702.3,22.3625,0.6467,17853112.1,11.94,13.07,3.04,2.77,3457.9023
000300,沪深300指数,2024-06-27,3467.2888,3471.1423,3452.5775,3454.1175,11491810100.0,174112508796.1,-26.1473,-0.7513,17718981.31,11.88,12.97,3.05,2.79,3480.2648
000300,沪深300指数,2024-06-28,3443.6744,3484.678,3443.6744,3461.657,13540915300.0,205118806811.8,7.5395,0.2183,17757657.56,11.94,12.99,3.04,2.57,3454.1175
000300,沪深300指数,2024-07-01,3458.2636,3479.9548,3443.8086,3478.1827,12182977000.0,188018227774.8,16.5257,0.4774,17842431.36,12.02,13.05,3.02,2.55,3461.657
000300,沪深300指数,2024-07-02,3472.4527,3488.3189,3464.5237,3471.7857,12165012100.0,186104752421.9,-6.397,-0.1839,17809615.63,12.05,13.03,3.01,2.56,3478.1827
000300,沪深300指数,2024-07-03,3471.5556,3478.7047,3454.9942,3463.4141,10385710800.0,163035359363.1,-8.3716,-0.2411,17767722.28,12.0,13.0,3.03,2.56,3471.7857
000300,沪深300指数,2024-07-04,3468.2958,3483.3098,3444.928,3445.8128,10442990900.0,159477153569.5,-17.6013,-0.5082,17677425.66,11.97,12.94,3.03,2.58,3463.4141
000300,沪深300指数,2024-07-05,3443.3588,3451.0386,3399.6693,3431.0605,11660965900.0,181416567402.8,-14.7523,-0.4281,17601744.78,11.89,12.88,3.06,2.59,3445.8128
000300,沪深300指数,2024-07-08,3420.8033,3428.0418,3395.9123,3401.7604,11552821800.0,177559765827.5,-29.3001,-0.854,17451430.52,11.8,12.76,3.07,2.61,3431.0605
000300,沪深300指数,2024-07-09,3396.8044,3448.9279,3384.8086,3439.8111,13162944300.0,215048837819.8,38.0507,1.1186,17646634.89,11.93,12.9,3.04,2.58,3401.7604
000300,沪深300指数,2024-07-10,3425.8818,3447.505,3423.6483,3428.9657,12720345600.0,198149476849.1,-10.8454,-0.3153,17590996.6,11.88,12.86,3.05,2.59,3439.8111
000300,沪深300指数,2024-07-11,3451.0442,3473.9837,3438.118,3468.169,14589246600.0,237551298481.6,39.2033,1.1433,17792114.21,11.97,13.01,3.03,2.56,3428.9657
000300,沪深300指数,2024-07-12,3459.9564,3479.0958,3457.3633,3472.4014,13087458900.0,205055553856.4,4.2324,0.122,17813826.92,11.99,13.03,3.02,2.56,3468.169
000300,沪深300指数,2024-07-15,3462.6113,3481.4613,3460.7915,3476.2467,11851708300.0,171584915379.5,3.8453,0.1107,17833553.61,12.04,13.04,3.01,2.55,3472.4014
000300,沪深300指数,2024-07-16,3466.8523,3500.2943,3464.3655,3498.2827,12065901700.0,200456285077.5,22.036,0.6339,17946600.93,12.08,13.11,3.0,2.54,3476.2467
000300,沪深300指数,2024-07-17,3494.209,3514.4753,3486.2229,3501.5836,13180206200.0,222830802528.4,3.3009,0.0944,17963535.07,12.06,13.12,3.01,2.54,3498.2827
000300,沪深300指数,2024-07-18,3483.2975,3522.7995,3475.7236,3520.931,12376819900.0,215783795702.6,19.3474,0.5525,18062789.38,12.12,13.19,2.99,2.52,3501.5836
000300,沪深300指数,2024-07-19,3500.8052,3545.3383,3493.0734,3539.0156,13244797500.0,228065104129.0,18.0846,0.5136,18155568.2,12.15,13.25,2.98,2.51,3520.931
000300,沪深300指数,2024-07-22,3538.4012,3540.1874,3494.0143,3514.9249,13212633700.0,217457320403.9,-24.0907,-0.6807,18031980.07,12.04,13.16,3.01,2.53,3539.0156
000300,沪深300指数,2024-07-23,3509.7887,3509.7887,3439.8779,3439.8779,12889766000.0,202857560168.7,-75.047,-2.1351,17646979.88,11.85,12.88,3.06,2.58,3514.9249
000300,沪深300指数,2024-07-24,3432.3459,3451.4196,3408.4129,3418.1663,12703626300.0,184884499786.8,-21.7116,-0.6312,17535596.75,11.81,12.8,3.07,2.6,3439.8779
000300,沪深300指数,2024-07-25,3404.611,3415.8557,3383.7991,3399.2716,13102224200.0,190131464834.7,-18.8947,-0.5528,17438665.06,11.73,12.73,3.09,2.61,3418.1663
000300,沪深300指数,2024-07-26,3403.7084,3420.8201,3388.6601,3409.2931,12419555800.0,187853329477.8,10.0215,0.2948,17490076.24,11.72,12.77,3.09,2.61,3399.2716
000300,沪深300指数,2024-07-29,3404.3663,3408.5024,3388.8444,3390.742,10978778600.0,166697103823.1,-18.5511,-0.5441,17394906.92,11.7,12.7,3.1,2.62,3409.2931
000300,沪深300指数,2024-07-30,3380.6893,3380.6893,3352.8043,3369.3821,10495216400.0,165442824490.2,-21.3599,-0.6299,17285328.48,11.6,12.61,3.12,2.64,3390.742
000300,沪深300指数,2024-07-31,3364.0268,3445.0042,3364.0268,3442.0844,17195917700.0,258249147336.4,72.7023,2.1577,17658299.5,11.79,12.88,3.07,2.81,3369.3821
000300,沪深300指数,2024-08-01,3443.1397,3448.3361,3419.1872,3419.2666,13632346400.0,206038002517.7,-22.8178,-0.6629,17541241.83,11.74,12.8,3.09,2.83,3442.0844
000300,沪深300指数,2024-08-02,3393.9167,3419.1023,3380.9645,3384.3919,11661525500.0,179671192427.6,-34.8747,-1.0199,17362330.45,11.63,12.66,3.11,2.86,3419.2666
000300,沪深300指数,2024-08-05,3362.1117,3409.0314,3343.3205,3343.3205,14281251600.0,223631266563.2,-41.0714,-1.2136,17151629.19,11.49,12.51,3.15,2.9,3384.3919
000300,沪深300指数,2024-08-06,3367.3517,3376.7956,3318.6251,3342.9789,11934027900.0,181724693847.5,-0.3416,-0.0102,17149876.6,11.47,12.51,3.16,2.9,3343.3205
000300,沪深300指数,2024-08-07,3338.5909,3362.3839,3329.9658,3341.489,9508437700.0,145078975325.5,-1.4899,-0.0446,17142233.46,11.48,12.5,3.16,2.9,3342.9789
000300,沪深300指数,2024-08-08,3332.4281,3364.7855,3320.8432,3342.9369,9249569500.0,149482926226.5,1.4479,0.0433,17149661.09,11.49,12.51,3.15,2.9,3341.489
000300,沪深300指数,2024-08-09,3358.128,3366.6688,3331.6274,3331.6274,9151162600.0,142852166559.2,-11.3095,-0.3383,17091642.39,11.47,12.47,3.16,2.91,3342.9369
000300,沪深300指数,2024-08-12,3327.5561,3338.0771,3319.8908,3325.8645,7993875400.0,117544892726.5,-5.7629,-0.173,17062077.67,11.46,12.45,3.16,2.91,3331.6274
000300,沪深300指数,2024-08-13,3328.0138,3335.014,3310.1909,3334.3903,8448967900.0,125259155343.0,8.5258,0.2563,17105816.24,11.49,12.48,3.15,2.9,3325.8645
000300,沪深300指数,2024-08-14,3332.7866,3332.7866,3309.1,3309.2389,7874240700.0,118181952004.2,-25.1514,-0.7543,16976786.49,11.43,12.38,3.17,2.93,3334.3903
000300,沪深300指数,2024-08-15,3301.4455,3356.7644,3297.9711,3341.953,10476639900.0,149249335425.5,32.7141,0.9886,17144613.93,11.54,12.51,3.14,2.9,3309.2389
000300,沪深300指数,2024-08-16,3342.0346,3356.9071,3335.6239,3345.634,9651908300.0,135885323083.0,3.681,0.1101,17163497.92,11.58,12.53,3.13,2.89,3341.953
000300,沪深300指数,2024-08-19,3344.2614,3375.9621,3343.7116,3356.9677,10557111000.0,143421671337.3,11.3337,0.3388,17221640.95,11.65,12.57,3.11,2.88,3345.634
000300,沪深300指数,2024-08-20,3361.6394,3362.3338,3321.6397,3332.7034,10166833100.0,137910585091.6,-24.2643,-0.7228,17097162.02,11.58,12.49,3.13,2.9,3356.9677
000300,沪深300指数,2024-08-21,3322.9134,3339.443,3307.9917,3321.635,8995475100.0,130005992563.3,-11.0684,-0.3321,17040379.89,11.55,12.45,3.14,2.91,3332.7034
000300,沪深300指数,2024-08-22,3322.8723,3327.6962,3305.2453,3313.1357,10036650400.0,147702791560.6,-8.4993,-0.2559,16996777.76,11.55,12.42,3.14,2.92,3321.635
000300,沪深300指数,2024-08-23,3305.9307,3336.2414,3305.6403,3327.1905,8952577400.0,132680886499.7,14.0548,0.4242,17068880.57,11.6,12.48,3.13,2.91,3313.1357
000300,沪深300指数,2024-08-26,3330.7184,3336.5271,3311.5701,3324.2231,9399077200.0,139070603958.0,-2.9674,-0.0892,17053657.02,11.59,12.47,3.13,2.91,3327.1905
000300,沪深300指数,2024-08-27,3315.686,3320.5667,3299.5635,3305.3338,9580815700.0,129755962864.4,-18.8893,-0.5682,16956752.91,11.58,12.4,3.14,2.93,3324.2231
000300,沪深300指数,2024-08-28,3298.9089,3305.3496,3274.5881,3286.4956,9269665000.0,135982310964.6,-18.8382,-0.5699,16860110.71,11.5,12.33,3.16,2.95,3305.3338
000300,沪深300指数,2024-08-29,3273.541,3290.7857,3269.5288,3277.6812,13070233300.0,174340106392.6,-8.8144,-0.2682,16814891.8,11.4,12.29,3.18,2.95,3286.4956
000300,沪深300指数,2024-08-30,3273.7532,3351.6254,3273.6496,3321.4323,18869544300.0,268376041210.9,43.7511,1.3348,17039340.39,11.49,12.45,3.21,2.96,3277.6812
000300,沪深300指数,2024-09-02,3307.5432,3307.7627,3264.7565,3265.011,14761235300.0,194409996348.3,-56.4213,-1.6987,16749892.28,11.43,12.31,3.24,3.01,3321.4323
000300,沪深300指数,2024-09-03,3261.741,3281.5935,3261.1877,3273.4282,12289730600.0,155089488535.3,8.4172,0.2578,16793073.18,11.38,12.34,3.26,3.0,3265.011
000300,沪深300指数,2024-09-04,3253.898,3272.9861,3249.9809,3252.1649,10483248200.0,140070063076.9,-21.2633,-0.6496,16683990.07,11.3,12.26,3.28,3.02,3273.4282
000300,沪深300指数,2024-09-05,3252.96,3266.882,3247.1725,3257.7578,9710945000.0,134618198893.7,5.5929,0.172,16712682.53,11.29,12.29,3.28,3.01,3252.1649
000300,沪深300指数,2024-09-06,3261.1542,3274.8144,3231.0685,3231.3457,8840041700.0,121541545905.7,-26.4121,-0.8107,16577185.3,11.21,12.19,3.31,3.04,3257.7578
000300,沪深300指数,2024-09-09,3214.7996,3222.9278,3180.9277,3192.9516,10867306900.0,146516054460.5,-38.3941,-1.1882,16380218.73,11.08,12.04,3.35,3.08,3231.3457
000300,沪深300指数,2024-09-10,3193.4557,3205.0972,3171.7932,3195.7552,9729007800.0,133610476131.5,2.8036,0.0878,16394601.96,11.12,12.05,3.34,3.07,3192.9516
000300,沪深300指数,2024-09-11,3187.0508,3197.3363,3174.0343,3186.1299,10248211000.0,141513837135.3,-9.6253,-0.3012,16345222.76,11.03,12.01,3.36,3.08,3195.7552
000300,沪深300指数,2024-09-12,3189.4271,3201.5544,3171.8775,3172.4747,9286865700.0,136387244637.1,-13.6552,-0.4286,16275170.06,11.0,11.97,3.37,3.1,3186.1299
000300,沪深300指数,2024-09-13,3174.0344,3188.9145,3159.247,3159.247,8833667700.0,137448911397.4,-13.2277,-0.417,16207310.26,10.96,11.92,3.38,3.11,3172.4747
000300,沪深300指数,2024-09-18,3158.8179,3179.9012,3145.7908,3171.0102,8472281400.0,123452147968.9,11.7632,0.3723,16267656.86,11.03,11.97,3.36,3.1,3159.247
000300,沪深300指数,2024-09-19,3178.3959,3213.8378,3149.7925,3196.0357,12543927200.0,181785109712.7,25.0255,0.7892,16396040.57,11.08,12.06,3.35,3.07,3171.0102
000300,沪深300指数,2024-09-20,3192.4322,3207.9875,3173.2238,3201.0497,11806409800.0,163985054956.9,5.014,0.1569,16421762.98,11.11,12.09,3.34,3.07,3196.0357
000300,沪深300指数,2024-09-23,3200.8678,3230.1613,3198.0248,3212.7639,9534485500.0,143876166860.9,11.7142,0.3659,16481858.35,11.17,12.13,3.32,3.06,3201.0497
000300,沪深300指数,2024-09-24,3244.6468,3351.9684,3222.4885,3351.909,20407221700.0,307879526847.5,139.1451,4.331,17195689.05,11.66,12.66,3.18,2.93,3212.7639
000300,沪深300指数,2024-09-25,3403.7021,3465.4882,3393.438,3401.533,24156425500.0,356862584939.5,49.624,1.4805,17450266.24,11.82,12.85,3.14,2.89,3351.909
000300,沪深300指数,2024-09-26,3399.3188,3545.3249,3391.6772,3545.3204,24313401000.0,373983643044.8,143.7874,4.2271,18187912.71,12.26,13.39,3.03,2.77,3401.533
000300,沪深300指数,2024-09-27,3617.9203,3708.4951,3596.5833,3703.6849,26548777400.0,466692757481.8,158.3645,4.4669,19000341.3,12.66,13.98,2.93,2.65,3545.3204
000300,沪深300指数,2024-09-30,3846.6515,4038.6968,3796.5045,4017.8545,51021770700.0,862528807419.2,314.1696,8.4826,20612068.45,13.65,15.17,2.78,2.5,3703.6849
000300,沪深300指数,2024-10-08,4450.3675,4450.3675,4094.3519,4256.0962,58986789400.0,1130387437130.1,238.2417,5.9296,21834276.18,14.33,16.07,2.65,2.36,4017.8545
000300,沪深300指数,2024-10-09,4168.8436,4197.6,3942.5118,3955.9839,48226929500.0,1029032062193.4,-300.1123,-7.0514,20294664.74,13.33,14.93,2.85,2.54,4256.0962
000300,沪深300指数,2024-10-10,3979.6116,4098.4967,3912.7708,3997.7879,39505309900.0,717952217512.6,41.804,1.0567,20509124.3,13.54,15.09,2.8,2.51,3955.9839
000300,沪深300指数,2024-10-11,3969.7576,3978.2389,3847.1228,3887.167,27409650500.0,484998267295.6,-110.6209,-2.7671,19941625.86,13.22,14.68,2.87,2.58,3997.7879
000300,沪深300指数,2024-10-14,3915.2186,3979.5431,3868.779,3961.3424,30757899300.0,534076602215.5,74.1754,1.9082,20322154.5,13.47,14.95,2.82,2.53,3887.167
000300,沪深300指数,2024-10-15,3942.5342,3967.8712,3855.9949,3855.9949,24248644800.0,434410916723.5,-105.3475,-2.6594,19781709.17,13.1,14.56,2.9,2.6,3961.3424
000300,沪深300指数,2024-10-16,3806.1373,3877.7483,3805.0868,3831.589,21886640700.0,377301324426.4,-24.4059,-0.6329,19656504.11,13.05,14.47,2.91,2.62,3855.9949
000300,沪深300指数,2024-10-17,3853.841,3882.0733,3787.7498,3788.2217,21231382000.0,369170521634.5,-43.3673,-1.1318,19434024.81,12.9,14.3,2.94,2.65,3831.589
000300,沪深300指数,2024-10-18,3780.3143,3998.214,3765.1615,3925.234,31295883400.0,620673701894.1,137.0123,3.6168,20136913.97,13.29,14.81,2.85,2.56,3788.2217
000300,沪深300指数,2024-10-21,3946.9016,3979.2638,3896.165,3935.1974,29118563400.0,600109598949.1,9.9634,0.2538,20188027.69,13.28,14.84,2.86,2.55,3925.234
000300,沪深300指数,2024-10-22,3923.7443,3965.9084,3917.5218,3957.7755,22343339600.0,442881846813.7,22.5781,0.5737,20303855.95,13.35,14.93,2.84,2.53,3935.1974
000300,沪深300指数,2024-10-23,3955.3191,4012.1795,3939.0986,3973.2089,24587394900.0,469120806272.1,15.4334,0.39,20383521.12,13.4,14.99,2.83,2.52,3957.7755
000300,沪深300指数,2024-10-24,3950.8987,3957.9832,3914.0887,3928.8334,17472406200.0,340486884485.3,-44.3755,-1.1169,20155864.21,13.27,14.82,2.86,2.55,3973.2089
000300,沪深300指数,2024-10-25,3931.3205,3992.8918,3921.9396,3956.421,21069488500.0,412231378430.4,27.5876,0.7022,20297395.06,13.33,14.93,2.85,2.54,3928.8334
000300,沪深300指数,2024-10-28,3953.1063,3964.1569,3917.2042,3964.1569,21616041500.0,390450182338.0,7.7359,0.1955,20337082.36,13.34,14.95,2.84,2.53,3956.421
000300,沪深300指数,2024-10-29,3970.008,3991.3091,3921.5795,3924.649,21729398400.0,429625020404.8,-39.5079,-0.9966,20134397.29,13.21,14.8,2.87,2.56,3964.1569
000300,沪深300指数,2024-10-30,3904.1595,3926.0581,3864.3051,3889.4487,21943662600.0,385010582233.2,-35.2003,-0.8969,19953810.94,13.07,14.66,2.9,2.58,3924.649
000300,沪深300指数,2024-10-31,3888.4229,3923.8997,3859.1079,3891.0396,30063671800.0,515533818945.0,1.5909,0.0409,19961972.88,13.06,14.66,2.97,2.65,3889.4487
000300,沪深300指数,2024-11-01,3882.4579,3933.2204,3879.9588,3890.0203,30798648100.0,476472952028.3,-1.0193,-0.0262,19956743.8,13.1,14.67,2.96,2.65,3891.0396
000300,沪深300指数,2024-11-04,3897.7144,3944.7619,3891.2109,3944.7619,22923906000.0,381048606068.1,54.7416,1.4072,20237581.21,13.25,14.88,2.93,2.62,3890.0203
000300,沪深300指数,2024-11-05,3937.6228,4046.6977,3925.4138,4044.5725,31686279400.0,580971852723.7,99.8106,2.5302,20749633.7,13.54,15.25,2.86,2.55,3944.7619
000300,沪深300指数,2024-11-06,4051.2891,4091.7031,4002.5027,4024.2831,33580793800.0,639124093911.8,-20.2894,-0.5016,20645544.29,13.47,15.17,2.88,2.56,4044.5725
000300,沪深300指数,2024-11-07,3987.2665,4146.151,3984.6652,4145.6952,34143641400.0,658145920948.1,121.4121,3.017,21268417.54,13.86,15.63,2.8,2.49,4024.2831
000300,沪深300指数,2024-11-08,4192.0794,4200.908,4094.1631,4104.047,33235038500.0,688446559772.2,-41.6482,-1.0046,21054752.2,13.73,15.48,2.82,2.51,4145.6952
000300,沪深300指数,2024-11-11,4066.9336,4132.5111,4048.039,4131.1312,28959422700.0,625605935910.0,27.0842,0.6599,21193700.84,13.76,15.58,2.82,2.5,4104.047
000300,沪深300指数,2024-11-12,4133.3528,4181.7096,4060.7936,4085.743,29777808600.0,660380524820.6,-45.3882,-1.0987,20960848.3,13.6,15.41,2.85,2.53,4131.1312
000300,沪深300指数,2024-11-13,4059.5898,4121.0735,4059.5898,4110.8901,24048409900.0,512734303119.4,25.1471,0.6155,21089859.28,13.69,15.5,2.83,2.51,4085.743
000300,沪深300指数,2024-11-14,4101.2228,4118.1686,4034.9441,4039.6191,23015278400.0,464157560755.1,-71.271,-1.7337,20724221.41,13.5,15.23,2.87,2.55,4110.8901
000300,沪深300指数,2024-11-15,4025.6482,4049.071,3968.8308,3968.8308,24739946300.0,474079686588.2,-70.7883,-1.7524,20369447.86,13.31,14.96,2.91,2.6,4039.6191
000300,沪深300指数,2024-11-18,3982.1036,4034.0596,3931.1872,3950.3806,30677794600.0,472408054830.7,-18.4502,-0.4649,20274754.6,13.31,14.9,2.91,2.61,3968.8308
000300,沪深300指数,2024-11-19,3954.6038,3979.1505,3896.7493,3976.8912,24294646500.0,402610970340.1,26.5106,0.6711,20410816.63,13.36,15.0,2.9,2.59,3950.3806
000300,沪深300指数,2024-11-20,3966.1238,4001.0847,3958.3383,3985.7727,18459937200.0,347577693099.5,8.8815,0.2233,20456399.82,13.38,15.03,2.9,2.59,3976.8912
000300,沪深300指数,2024-11-21,3979.4554,3999.5693,3966.0658,3989.2979,16612592700.0,324235010779.0,3.5252,0.0884,20474492.37,13.38,15.03,2.9,2.59,3985.7727
000300,沪深300指数,2024-11-22,3984.2435,3990.2647,3865.6989,3865.6989,21628580900.0,397566831847.8,-123.599,-3.0983,19840138.31,12.99,14.56,2.98,2.67,3989.2979
000300,沪深300指数,2024-11-25,3875.6126,3889.7069,3812.3179,3848.0909,19070295300.0,349006773180.1,-17.608,-0.4555,19749767.71,12.94,14.49,2.99,2.68,3865.6989
000300,沪深300指数,2024-11-26,3836.259,3875.229,3833.2842,3840.1847,14989244100.0,264403254830.0,-7.9062,-0.2055,19709190.38,12.95,14.46,2.99,2.69,3848.0909
000300,沪深300指数,2024-11-27,3829.3442,3907.164,3817.9125,3907.0447,17413609600.0,320632355477.0,66.86,1.7411,20052339.48,13.14,14.71,2.95,2.64,3840.1847
000300,沪深300指数,2024-11-28,3904.2525,3908.3918,3866.0136,3872.5505,15011729100.0,286432871223.5,-34.4942,-0.8829,19875303.21,13.04,14.58,2.97,2.66,3907.0447
000300,沪深300指数,2024-11-29,3869.8903,3962.7002,3869.8903,3916.5832,18765671300.0,375262017919.2,44.0327,1.137,20101294.7,13.15,14.74,3.01,2.71,3872.5505
000300,沪深300指数,2024-12-02,3909.7029,3955.1252,3902.1697,3947.632,19728978400.0,368591235990.8,31.0488,0.7928,20260647.88,13.25,14.86,2.99,2.68,3916.5832
000300,沪深300指数,2024-12-03,3946.7034,3963.9474,3922.8425,3951.8912,18249686700.0,327295048700.8,4.2592,0.1079,20282507.64,13.3,14.88,2.98,2.68,3947.632
000300,沪深300指数,2024-12-04,3948.13,3957.365,3917.7467,3930.5568,17462631800.0,312040419081.5,-21.3344,-0.5399,20175237.93,13.28,14.81,2.98,2.7,3951.8912
000300,沪深300指数,2024-12-05,3916.5638,3936.3358,3910.0834,3921.5881,13853403800.0,257716297996.5,-8.9687,-0.2282,20129202.6,13.24,14.77,2.99,2.7,3930.5568
000300,沪深300指数,2024-12-06,3923.8954,3995.1168,3923.8954,3973.1405,19205790700.0,351751735425.0,51.5524,1.3146,20393816.54,13.39,14.96,2.96,2.67,3921.5881
000300,沪深300指数,2024-12-09,3970.6628,3995.5116,3948.4206,3966.5708,17595995800.0,308227216702.9,-6.5697,-0.1654,20360095.13,13.4,14.94,2.96,2.67,3973.1405
000300,沪深300指数,2024-12-10,4094.05,4098.3804,3988.9676,3995.6369,25346379500.0,487278042807.0,29.0661,0.7328,20509289.15,13.49,15.05,2.94,2.65,3966.5708
000300,沪深300指数,2024-12-11,3988.0179,4005.3253,3977.3522,3988.8308,17725284600.0,310713317895.4,-6.8061,-0.1703,20474353.79,13.45,15.02,2.94,2.66,3995.6369
000300,沪深300指数,2024-12-12,3987.1525,4031.7441,3981.3485,4028.5048,18162177700.0,333667518401.4,39.674,0.9946,20677997.58,13.59,15.17,2.91,2.63,3988.8308
000300,沪深300指数,2024-12-13,4000.9854,4000.9854,3931.7392,3933.1808,23035307900.0,421478609274.0,-95.324,-2.3662,20188706.56,13.29,14.81,2.98,2.69,4028.5048
000300,沪深300指数,2024-12-16,3930.7807,3938.7595,3901.6465,3911.8416,17851125100.0,327619081581.3,-21.3392,-0.5425,20494368.91,13.35,14.91,2.95,2.68,3933.1808
000300,沪深300指数,2024-12-17,3908.1263,3955.945,3908.1263,3922.0334,16093909000.0,306037370846.7,10.1918,0.2605,20547763.86,13.37,14.95,2.95,2.67,3911.8416
000300,沪深300指数,2024-12-18,3934.5425,3956.1441,3933.9693,3941.89,15773832100.0,276825381224.3,19.8566,0.5063,20651794.24,13.44,15.02,2.93,2.66,3922.0334
000300,沪深300指数,2024-12-19,3911.8901,3954.3491,3899.7479,3945.4635,16108104000.0,321771606933.4,3.5735,0.0907,20670515.58,13.41,15.03,2.94,2.65,3941.89
000300,沪深300指数,2024-12-20,3937.4722,3958.6336,3923.2562,3927.7441,15498649600.0,332143276397.7,-17.7194,-0.4491,20577682.99,13.34,14.95,2.95,2.66,3945.4635
000300,沪深300指数,2024-12-23,3928.1493,3965.8502,3928.1493,3933.5718,19006736200.0,354063425208.7,5.8277,0.1484,20608214.69,13.41,14.98,2.94,2.66,3927.7441
000300,沪深300指数,2024-12-24,3934.9422,3985.8588,3934.7338,3983.6882,16149458900.0,310384873294.2,50.1164,1.2741,20870777.35,13.59,15.18,2.9,2.63,3933.5718
000300,沪深300指数,2024-12-25,3987.9557,4007.7626,3969.4766,3985.6291,15939074700.0,299295145793.1,1.9409,0.0487,20880945.62,13.64,15.19,2.89,2.63,3983.6882
000300,沪深300指数,2024-12-26,3981.7317,3991.5331,3965.5461,3987.4801,14342528600.0,305769929402.7,1.851,0.0464,20890643.08,13.62,15.19,2.89,2.62,3985.6291
000300,沪深300指数,2024-12-27,3987.0189,4007.1314,3970.9365,3981.0307,16926866600.0,345011075199.0,-6.4494,-0.1617,20856854.21,13.6,15.17,2.9,2.63,3987.4801
000300,沪深300指数,2024-12-30,3976.7004,4005.778,3976.7004,3999.0549,16461248500.0,322699390191.8,18.0242,0.4528,20951284.47,13.67,15.24,2.88,2.62,3981.0307
000300,沪深300指数,2024-12-31,3995.8705,4004.3462,3934.9109,3934.9109,18392839700.0,347880439530.4,-64.144,-1.604,20615229.84,13.49,15.0,2.97,2.7,3999.0549
000300,沪深300指数,2025-01-02,3931.8155,3934.2034,3796.3389,3820.3952,21789872400.0,388636586639.3,-114.5157,-2.9102,20015275.42,13.1,14.56,3.06,2.78,3934.9109
000300,沪深300指数,2025-01-03,3825.2426,3835.9353,3767.6653,3775.1648,17534267600.0,304322755435.9,-45.2304,-1.1839,19778311.11,12.96,14.39,3.09,2.81,3820.3952
000300,沪深300指数,2025-01-06,3775.9902,3788.8489,3743.0727,3768.9697,15094667000.0,262803541116.2,-6.1951,-0.1641,19745854.3,12.95,14.36,3.09,2.82,3775.1648
000300,沪深300指数,2025-01-07,3760.866,3797.602,3749.0581,3796.1055,14645577900.0,266855795347.4,27.1358,0.72,19888020.43,13.01,14.45,3.08,2.8,3768.9697
000300,沪深300指数,2025-01-08,3781.261,3810.7355,3731.1887,3789.2153,16916696800.0,300965725432.7,-6.8902,-0.1815,19851922.36,13.0,14.43,3.08,2.8,3796.1055
000300,沪深300指数,2025-01-09,3780.7341,3795.2608,3768.681,3779.8773,12979400200.0,251486002819.8,-9.338,-0.2464,19802999.91,12.93,14.39,3.1,2.81,3789.2153
000300,沪深300指数,2025-01-10,3778.8928,3786.8069,3732.4806,3732.4806,13752317100.0,275354209064.3,-47.3967,-1.2539,19554685.94,12.77,14.21,3.13,2.84,3779.8773
000300,沪深300指数,2025-01-13,3704.4442,3737.8852,3704.1073,3722.513,13644619900.0,247861953196.7,-9.9676,-0.2671,19502464.84,12.73,14.17,3.15,2.85,3732.4806
000300,沪深300指数,2025-01-14,3728.5561,3826.6399,3718.8768,3820.5395,17066465700.0,345461480063.6,98.0265,2.6333,20016031.54,13.02,14.55,3.07,2.78,3722.513
000300,沪深300指数,2025-01-15,3810.0353,3816.8284,3790.1655,3796.026,14147552000.0,278850595531.7,-24.5135,-0.6416,19887604.06,12.95,14.45,3.09,2.8,3820.5395
000300,沪深300指数,2025-01-16,3812.1935,3842.947,3776.2861,3800.3836,14450587100.0,305734630771.3,4.3576,0.1148,19910433.55,12.99,14.49,3.08,2.79,3796.026
000300,沪深300指数,2025-01-17,3788.3729,3831.6404,3780.2133,3812.3429,12662196100.0,265437489593.6,11.9593,0.3147,19961405.85,13.0,14.53,3.08,2.78,3800.3836
000300,沪深300指数,2025-01-20,3835.3042,3858.6677,3821.9815,3829.6764,13958127700.0,292175449108.6,17.3335,0.4547,20052164.08,13.02,14.6,3.08,2.77,3812.3429
000300,沪深300指数,2025-01-21,3850.3563,3850.9106,3817.1214,3832.6145,14121840600.0,285073351693.4,2.9381,0.0767,20067548.02,13.01,14.61,3.08,2.77,3829.6764
000300,沪深300指数,2025-01-22,3823.9447,3823.9447,3783.1438,3797.0166,13725506200.0,298745637551.4,-35.5979,-0.9288,19881157.79,12.88,14.47,3.11,2.8,3832.6145
000300,沪深300指数,2025-01-23,3829.0462,3864.2585,3801.8531,3803.7439,18056955100.0,345198071113.9,6.7273,0.1772,19916381.89,12.96,14.5,3.09,2.79,3797.0166
000300,沪深300指数,2025-01-24,3793.8498,3847.6003,3793.4836,3832.8637,14897172200.0,296474375469.1,29.1198,0.7656,20068852.59,13.03,14.61,3.07,2.77,3803.7439
000300,沪深300指数,2025-01-27,3836.9578,3851.9969,3817.0802,3817.0802,14667077200.0,282940127540.6,-15.7835,-0.4118,19986210.26,13.04,14.55,3.47,3.0,3832.8637
000300,沪深300指数,2025-02-05,3844.6998,3844.6998,3785.162,3795.0848,15716830800.0,346016202025.2,-21.9954,-0.5762,19871042.59,12.91,14.47,3.5,3.02,3817.0802
000300,沪深300指数,2025-02-06,3789.6086,3843.4942,3788.3196,3842.8314,16728817600.0,371891971101.4,47.7466,1.2581,20121043.71,13.05,14.65,3.46,2.98,3795.0848
000300,沪深300指数,2025-02-07,3844.0574,3919.3499,3833.8685,3892.7028,22185770700.0,487381557078.2,49.8714,1.2978,20382169.71,13.19,14.84,3.42,2.94,3842.8314
000300,沪深300指数,2025-02-10,3898.1023,3906.3678,3878.8314,3901.0618,18890304000.0,384968342874.3,8.359,0.2147,20425937.7,13.21,14.86,3.42,2.94,3892.7028
000300,沪深300指数,2025-02-11,3905.1594,3905.1594,3872.9087,3883.1352,16657490900.0,337866056115.9,-17.9266,-0.4595,20332073.85,13.19,14.8,3.42,2.95,3901.0618
000300,沪深300指数,2025-02-12,3875.9596,3920.7229,3867.3538,3919.8617,16422854000.0,354830596297.9,36.7265,0.9458,20527021.89,13.3,14.94,3.4,2.92,3883.1352
000300,沪深300指数,2025-02-13,3913.9044,3939.1978,3904.9845,3905.1398,17248587400.0,376473453306.6,-14.7219,-0.3756,20449927.91,13.27,14.88,3.4,2.93,3919.8617
000300,沪深300指数,2025-02-14,3900.8274,3942.0356,3900.8274,3939.0085,17297645200.0,360974236854.4,33.8687,0.8673,20627287.25,13.37,15.01,3.38,2.91,3905.1398
000300,沪深300指数,2025-02-17,3954.4147,3955.8959,3921.7017,3947.3983,21358824600.0,430929575563.2,8.3898,0.213,20677648.35,13.39,15.04,3.37,2.9,3939.0085
000300,沪深300指数,2025-02-18,3942.5761,3965.4232,3901.8675,3912.7829,20942510100.0,400186229940.7,-34.6154,-0.8769,20496323.09,13.32,14.92,3.39,2.93,3947.3983
000300,沪深300指数,2025-02-19,3906.2201,3943.6742,3904.1455,3940.1602,18282951700.0,363680372562.7,27.3773,0.6997,20639733.42,13.38,15.02,3.38,2.91,3912.7829
000300,沪深300指数,2025-02-20,3934.6503,3940.678,3916.1772,3928.8959,16389523600.0,325972429362.6,-11.2643,-0.2859,20580727.79,13.34,14.98,3.39,2.91,3940.1602
000300,沪深300指数,2025-02-21,3938.0518,3981.048,3927.7874,3978.444,22740033000.0,504645493577.1,49.5481,1.2611,20840275.16,13.45,15.15,3.36,2.88,3928.8959
000300,沪深300指数,2025-02-24,3972.4831,3995.9456,3949.2309,3969.7169,22081061800.0,455088749684.5,-8.7271,-0.2194,20794560.25,13.41,15.11,3.36,2.88,3978.444
000300,沪深300指数,2025-02-25,3933.636,3955.4336,3915.6527,3925.6505,17810858000.0,377981451250.4,-44.0664,-1.1101,20563727.26,13.26,14.94,3.4,2.92,3969.7169
000300,沪深300指数,2025-02-26,3931.842,3960.3298,3925.3664,3959.9413,19106250100.0,386458193762.6,34.2908,0.8735,20743352.72,13.37,15.07,3.37,2.89,3925.6505
000300,沪深300指数,2025-02-27,3961.0635,3973.9323,3933.4611,3968.1159,20288796300.0,428272792667.6,8.1746,0.2064,20786173.53,13.41,15.1,3.36,2.89,3959.9413
000300,沪深300指数,2025-02-28,3950.1866,3972.4813,3886.3994,3890.0487,19810414700.0,420308043450.1,-78.0672,-1.9674,20377234.41,13.19,14.81,3.42,2.94,3968.1159
000300,沪深300指数,2025-03-03,3899.6962,3930.0048,3872.5872,3888.4738,17762316600.0,356057735014.0,-1.5749,-0.0405,20368984.45,13.18,14.81,3.42,2.94,3890.0487
000300,沪深300指数,2025-03-04,3865.9939,3890.4235,3855.7254,3885.2208,14985096700.0,297739246802.3,-3.253,-0.0837,20404389.69,13.11,14.74,3.43,2.94,3888.4738
000300,沪深300指数,2025-03-05,3887.7992,3906.4214,3877.0188,3902.5706,15865275100.0,290860484504.9,17.3498,0.4466,20495506.96,13.19,14.8,3.41,2.93,3885.2208
000300,沪深300指数,2025-03-06,3923.3827,3964.4942,3917.0833,3956.2369,19396091500.0,397419427642.7,53.6663,1.3752,20777351.56,13.32,14.99,3.37,2.89,3902.5706
000300,沪深300指数,2025-03-07,3944.9145,3967.0743,3935.0464,3944.0143,16673237500.0,340626700285.5,-12.2226,-0.3089,20713160.99,13.29,14.95,3.38,2.9,3956.2369
000300,沪深300指数,2025-03-10,3945.5795,3949.1448,3905.127,3928.8018,15276523200.0,292574987480.9,-15.2125,-0.3857,20633268.0,13.23,14.89,3.4,2.91,3944.0143
000300,沪深300指数,2025-03-11,3890.4305,3941.4157,3889.4298,3941.4157,14475440200.0,287480453119.8,12.6139,0.3211,20691398.35,13.27,14.93,3.38,2.9,3928.8018
000300,沪深300指数,2025-03-12,3946.8623,3953.6125,3921.4736,3927.2315,15673219000.0,309627267364.8,-14.1842,-0.3599,20616934.82,13.22,14.89,3.4,2.91,3941.4157
000300,沪深300指数,2025-03-13,3925.7439,3939.2854,3897.3758,3911.5793,15653644300.0,295173112579.6,-15.6522,-0.3986,20534764.99,13.2,14.83,3.41,2.92,3927.2315
000300,沪深300指数,2025-03-14,3919.6159,4014.1586,3919.6159,4006.5567,21613900300.0,450895278803.0,94.9774,2.4281,21033371.25,13.49,15.2,3.33,2.85,3911.5793
000300,沪深300指数,2025-03-17,4020.6402,4021.7278,3992.2563,3996.7876,16220291100.0,318904417418.3,-9.7691,-0.2438,20982085.89,13.48,15.16,3.34,2.86,4006.5567
000300,沪深300指数,2025-03-18,4011.7794,4016.873,3995.9602,4007.7229,14020849600.0,292739319544.6,10.9353,0.2736,21039493.59,13.49,15.2,3.33,2.85,3996.7876
000300,沪深300指数,2025-03-19,4004.8251,4025.299,3989.512,4010.168,14441942800.0,286075300795.3,2.4451,0.061,21052329.71,13.51,15.22,3.33,2.85,4007.7229
000300,沪深300指数,2025-03-20,4011.0588,4012.0416,3969.9259,3974.9918,13375467000.0,260020676825.8,-35.1762,-0.8772,20867664.0,13.41,15.09,3.36,2.87,4010.168
000300,沪深300指数,2025-03-21,3966.5146,3983.1476,3904.7674,3914.6956,16590529400.0,309348613935.4,-60.2962,-1.5169,20551124.33,13.23,14.86,3.4,2.92,3974.9918
000300,沪深300指数,2025-03-24,3916.1136,3938.1826,3907.1999,3934.8486,15223467400.0,266051442612.7,20.153,0.5148,20656922.71,13.3,14.94,3.38,2.9,3914.6956
000300,沪深300指数,2025-03-25,3937.8975,3946.3574,3921.5287,3932.2951,14047539900.0,239246310985.8,-2.5535,-0.0649,20643517.18,13.31,14.93,3.38,2.91,3934.8486
000300,沪深300指数,2025-03-26,3930.2073,3942.026,3916.8607,3919.3566,13116418700.0,220943164486.2,-12.9385,-0.329,20575593.62,13.27,14.88,3.39,2.92,3932.2951
000300,沪深300指数,2025-03-27,3911.3841,3952.9852,3903.652,3932.4117,12679373800.0,232173613774.0,13.0551,0.3331,20644129.21,13.32,14.93,3.38,2.91,3919.3566
000300,沪深300指数,2025-03-28,3930.7763,3934.2336,3907.384,3915.1662,12635621400.0,213379194289.3,-17.2455,-0.4385,20553595.31,13.25,14.86,3.4,2.92,3932.4117
000300,沪深300指数,2025-03-31,3905.9815,3928.4482,3872.403,3887.3056,16679852300.0,268480316572.3,-27.8606,-0.7116,20407334.17,13.2,14.76,3.41,2.94,3915.1662
000300,沪深300指数,2025-04-01,3892.7794,3905.2622,3882.4045,3887.6841,14038027400.0,246041674670.2,0.3785,0.0097,20409321.08,13.19,14.76,3.41,2.94,3887.3056
000300,沪深300指数,2025-04-02,3884.4181,3900.4949,3877.1599,3884.3858,11304317500.0,198267515342.4,-3.2983,-0.0848,20392005.95,13.19,14.75,3.41,2.94,3887.6841
000300,沪深300指数,2025-04-03,3843.4177,3883.7025,3843.4177,3861.5034,14259978900.0,263684681545.1,-22.8824,-0.5891,20271879.24,13.14,14.66,3.42,2.96,3884.3858
000300,沪深300指数,2025-04-07,3675.2017,3707.7771,3514.1165,3589.4406,31257858600.0,512971787744.6,-272.0628,-7.0455,18850777.8,12.29,13.62,3.66,3.18,3861.5034
000300,沪深300指数,2025-04-08,3597.9859,3650.759,3583.8746,3650.759,28019731200.0,464021087837.5,61.3184,1.7083,19172805.9,12.52,13.85,3.59,3.13,3589.4406
000300,沪深300指数,2025-04-09,3606.1036,3686.7943,3587.3368,3686.7943,26230570800.0,455031069289.8,36.0353,0.9871,19362053.6,12.6,13.97,3.57,3.1,3650.759
000300,沪深300指数,2025-04-10,3749.1262,3756.1386,3708.8194,3735.1151,22725222700.0,403842564855.5,48.3208,1.3106,19615821.4,12.73,14.16,3.53,3.06,3686.7943
000300,沪深300指数,2025-04-11,3730.3148,3762.3653,3708.4617,3750.5167,16875969100.0,318535141904.4,15.4016,0.4123,19696706.43,12.77,14.22,3.52,3.05,3735.1151
000300,沪深300指数,2025-04-14,3772.0407,3776.6344,3754.033,3759.1422,16446240300.0,292571297039.1,8.6255,0.23,19742005.31,12.81,14.25,3.51,3.04,3750.5167
000300,沪深300指数,2025-04-15,3756.4788,3764.486,3737.8495,3761.2348,13400604000.0,228604621375.8,2.0926,0.0557,19752994.9,12.85,14.26,3.5,3.04,3759.1422
000300,沪深300指数,2025-04-16,3757.8757,3775.1661,3721.6025,3772.8204,15635900600.0,261711094768.5,11.5856,0.308,19816582.2,12.92,14.29,3.48,3.03,3761.2348
000300,沪深300指数,2025-04-17,3755.0862,3779.1253,3749.504,3772.2221,12237100200.0,209012323066.2,-0.5983,-0.0159,19813439.99,12.91,14.29,3.48,3.03,3772.8204
000300,沪深300指数,2025-04-18,3760.0425,3782.0443,3754.4072,3772.523,10294850900.0,173109384097.2,0.3009,0.008,19815020.15,12.92,14.3,3.48,3.03,3772.2221
000300,沪深300指数,2025-04-21,3768.1421,3790.1782,3763.1383,3784.8806,12135573000.0,208085677382.1,12.3576,0.3276,19879928.29,12.93,14.34,3.47,3.02,3772.523
000300,沪深300指数,2025-04-22,3780.1122,3799.2295,3778.0791,3783.9522,12568825700.0,210200698793.7,-0.9284,-0.0245,19875051.87,12.95,14.33,3.47,3.02,3784.8806
000300,沪深300指数,2025-04-23,3803.4295,3807.9536,3780.5183,3786.8824,13198687000.0,247117386122.1,2.9302,0.0774,19892122.56,12.95,14.35,3.47,3.02,3783.9522
000300,沪深300指数,2025-04-24,3787.459,3807.2599,3775.207,3784.3574,11716456000.0,205483051375.0,-2.525,-0.0667,19878859.01,12.98,14.34,3.46,3.02,3786.8824
000300,沪深300指数,2025-04-25,3792.0838,3801.5765,3780.7772,3786.9937,12459113300.0,220535052619.3,2.6363,0.0697,19892706.99,12.96,14.35,3.47,3.02,3784.3574
000300,沪深300指数,2025-04-28,3786.3867,3792.0082,3772.8029,3781.6188,12514509100.0,210635318523.2,-5.3749,-0.1419,19864473.07,12.96,14.33,3.47,3.02,3786.9937
000300,沪深300指数,2025-04-29,3776.0025,3785.3157,3768.0311,3775.0767,11151469400.0,197462744362.5,-6.5421,-0.173,19830108.4,12.91,14.3,3.48,3.03,3781.6188
000300,沪深300指数,2025-04-30,3775.8306,3787.5639,3768.7573,3770.5705,14368165800.0,244820462217.6,-4.5062,-0.1194,19806437.78,12.85,14.28,3.59,3.07,3775.0767
000300,沪深300指数,2025-05-06,3794.3757,3809.0939,3782.777,3808.5424,15852045900.0,267937090757.4,37.9719,1.0071,20005900.28,12.37,13.85,3.56,3.04,3770.5705
000300,沪深300指数,2025-05-07,3861.5767,3863.6776,3814.9868,3831.627,16117229900.0,286010735453.4,23.0846,0.6061,20127161.16,12.48,13.93,3.53,3.02,3808.5424
000300,沪深300指数,2025-05-08,3820.5481,3867.3313,3816.2642,3852.8963,12495983300.0,246987280587.7,21.2693,0.5551,20238886.84,12.52,14.01,3.52,3.01,3831.627
000300,沪深300指数,2025-05-09,3848.6187,3853.6632,3836.5349,3846.1566,11938952600.0,216697939671.7,-6.7397,-0.1749,20203483.8,12.53,14.0,3.52,3.01,3852.8963
000300,沪深300指数,2025-05-12,3866.5305,3890.7342,3859.0346,3890.6096,15333246000.0,296122947807.8,44.453,1.1558,20436991.41,12.64,14.16,3.49,2.98,3846.1566
000300,沪深300指数,2025-05-13,3915.5924,3915.5924,3890.6855,3896.2583,14732029900.0,267586397719.9,5.6487,0.1452,20466663.08,12.67,14.17,3.48,2.97,3890.6096
000300,沪深300指数,2025-05-14,3894.8386,3960.5228,3890.6504,3943.2108,17203377900.0,319465226850.5,46.9525,1.2051,20713300.27,12.83,14.35,3.44,2.94,3896.2583
000300,沪深300指数,2025-05-15,3934.0273,3936.4653,3904.9068,3907.1992,13808174900.0,241464943553.6,-36.0116,-0.9133,20524134.93,12.74,14.23,3.46,2.97,3943.2108
000300,沪深300指数,2025-05-16,3898.6662,3903.8528,3874.8619,3889.0854,11840534500.0,208835664039.2,-18.1138,-0.4636,20428984.82,12.67,14.16,3.48,2.98,3907.1992
000300,沪深300指数,2025-05-19,3882.5677,3885.5889,3866.5695,3877.1453,9864341400.0,184888170553.8,-11.9401,-0.307,20366264.4,12.62,14.12,3.5,2.99,3889.0854
000300,沪深300指数,2025-05-20,3883.1024,3911.4737,3881.7436,3898.1705,10488523400.0,201636702521.8,21.0252,0.5423,20476707.99,12.68,14.19,3.48,2.97,3877.1453
000300,沪深300指数,2025-05-21,3899.4365,3928.6339,3899.4365,3916.3807,10979134300.0,217037739435.0,18.2102,0.4671,20572364.29,12.74,14.26,3.46,2.96,3898.1705
000300,沪深300指数,2025-05-22,3912.6007,3923.0195,3903.0898,3913.8651,10759705200.0,197511410270.8,-2.5156,-0.0642,20559150.04,12.74,14.25,3.46,2.96,3916.3807
000300,沪深300指数,2025-05-23,3910.3739,3931.5514,3882.2741,3882.2741,12027741900.0,232945378294.8,-31.591,-0.8072,20393205.49,12.63,14.13,3.49,2.99,3913.8651
000300,沪深300指数,2025-05-26,3875.7891,3884.537,3849.0384,3860.1067,10960120700.0,208876792148.9,-22.1674,-0.571,20276762.34,12.56,14.05,3.51,3.0,3882.2741
000300,沪深300指数,2025-05-27,3857.6271,3865.4291,3834.8455,3839.3969,9857242500.0,178466763540.9,-20.7098,-0.5365,20167976.19,12.52,13.98,3.53,3.02,3860.1067
000300,沪深300指数,2025-05-28,3843.0747,3849.736,3833.9582,3836.2366,8903102600.0,162496372727.5,-3.1603,-0.0823,20151372.37,12.51,13.96,3.53,3.02,3839.3969
000300,沪深300指数,2025-05-29,3838.0092,3869.7909,3831.4577,3858.6998,10847188600.0,209459602501.2,22.4632,0.5856,20269370.19,12.57,14.04,3.51,3.0,3836.2366
000300,沪深300指数,2025-05-30,3850.493,3858.6128,3829.2542,3840.2323,11167222800.0,199389751071.1,-18.4675,-0.4786,20172362.18,12.53,13.98,3.47,2.96,3858.6998
000300,沪深300指数,2025-06-03,3833.4584,3863.2952,3832.7202,3852.0127,13140309000.0,226782772062.7,11.7804,0.3068,20234243.38,12.57,14.02,3.46,2.95,3840.2323
000300,沪深300指数,2025-06-04,3855.4878,3875.8569,3855.4878,3868.7429,11680387300.0,211736178154.1,16.7302,0.4343,20322125.61,12.61,14.08,3.45,2.94,3852.0127
000300,沪深300指数,2025-06-05,3872.6373,3883.1345,3861.272,3877.5557,12287818400.0,231749275334.6,8.8128,0.2278,20368418.33,12.63,14.11,3.44,2.93,3868.7429
000300,沪深300指数,2025-06-06,3878.1027,3889.4557,3869.3871,3873.9841,11098797100.0,202034736310.9,-3.5716,-0.0921,20349655.93,12.63,14.1,3.44,2.94,3877.5557
000300,沪深300指数,2025-06-09,3877.7977,3894.6517,3871.9917,3885.2459,13630629300.0,262023668465.5,11.2618,0.2907,20408815.18,12.65,14.13,3.44,2.93,3873.9841
000300,沪深300指数,2025-06-10,3887.5512,3897.4573,3850.4663,3865.4652,14556385900.0,263647551794.8,-19.7807,-0.5091,20304909.39,12.6,14.06,3.45,2.94,3885.2459
000300,沪深300指数,2025-06-11,3870.6719,3911.6107,3870.6719,3894.6252,14241477200.0,257217704405.4,29.16,0.7544,20458083.82,12.69,14.17,3.42,2.92,3865.4652
000300,沪深300指数,2025-06-12,3885.5196,3900.0408,3870.3838,3892.1992,13399869700.0,260239581458.0,-2.426,-0.0623,20445340.06,12.68,14.16,3.43,2.92,3894.6252
000300,沪深300指数,2025-06-13,3881.4923,3889.1602,3853.8186,3864.1822,17253953600.0,309172346179.9,-28.017,-0.7198,20298168.99,12.6,14.06,3.45,2.94,3892.1992
000300,沪深300指数,2025-06-16,3853.6193,3876.1704,3853.6193,3873.7951,13734183500.0,246860982863.3,9.6129,0.2488,20470652.38,12.6,14.0,3.43,2.93,3864.1822
000300,沪深300指数,2025-06-17,3875.1768,3880.4156,3860.409,3870.3786,12234252600.0,220399818948.5,-3.4165,-0.0882,20452597.98,12.61,13.99,3.43,2.93,3873.7951
000300,沪深300指数,2025-06-18,3871.6502,3881.346,3854.6575,3874.9708,12752862100.0,230553858263.6,4.5922,0.1186,20476865.0,12.63,14.0,3.43,2.93,3870.3786
000300,沪深300指数,2025-06-19,3870.049,3872.9425,3834.9512,3843.0912,13028065800.0,234840180805.5,-31.8796,-0.8227,20308400.66,12.55,13.89,3.45,2.95,3874.9708
000300,沪深300指数,2025-06-20,3839.7833,3856.4799,3839.7833,3846.6443,11815102000.0,213522822874.5,3.5531,0.0925,20331239.14,12.57,13.9,3.44,2.95,3843.0912
000300,沪深300指数,2025-06-23,3831.1703,3867.5896,3827.0829,3857.9016,13380089200.0,232482215850.4,11.2573,0.2927,20390738.96,12.61,13.94,3.43,2.94,3846.6443
000300,沪深300指数,2025-06-24,3862.3876,3914.1579,3862.3876,3904.0342,16365618800.0,294228720612.5,46.1326,1.1958,20669624.93,12.67,14.07,3.37,2.89,3857.9016
000300,沪深300指数,2025-06-25,3907.0682,3963.0371,3902.1771,3960.0662,18721367100.0,361727254624.0,56.032,1.4352,20966282.33,12.82,14.27,3.34,2.85,3904.0342
000300,沪深300指数,2025-06-26,3953.1603,3964.482,3945.2589,3946.0195,16531626300.0,328102847495.6,-14.0467,-0.3547,20891485.2,12.76,14.22,3.33,2.85,3960.0662
000300,沪深300指数,2025-06-27,3949.7879,3969.2626,3918.2041,3921.7578,19455791300.0,343468229813.8,-24.2617,-0.6148,20763036.31,12.63,14.13,3.37,2.87,3946.0195
000300,沪深300指数,2025-06-30,3920.3149,3940.3611,3911.6044,3936.0791,14517023600.0,288821434921.4,14.3213,0.3652,20840340.47,12.67,14.18,3.25,2.92,3921.7578
000300,沪深300指数,2025-07-01,3935.9078,3946.2451,3924.7219,3942.762,12895936200.0,236070338399.4,6.6829,0.1698,20892344.96,12.69,14.2,3.24,2.91,3936.0791
000300,沪深300指数,2025-07-02,3943.3232,3952.1378,3929.6956,3943.6849,14706306200.0,246637847453.8,0.9229,0.0234,20897235.02,12.69,14.19,3.24,2.91,3942.762
000300,沪深300指数,2025-07-03,3949.3998,3971.616,3945.138,3968.0676,14100400600.0,269609569538.7,24.3827,0.6183,21026435.71,12.74,14.27,3.22,2.89,3943.6849
000300,沪深300指数,2025-07-04,3967.4637,4013.8478,3958.3762,3982.2034,15719713300.0,290512992198.0,14.1358,0.3562,21101339.93,12.81,14.33,3.21,2.88,3968.0676
000300,沪深300指数,2025-07-07,3977.2881,3979.7481,3956.5663,3965.1746,13113527300.0,225106992875.9,-17.0288,-0.4276,21011105.83,12.76,14.27,3.22,2.89,3982.2034
000300,沪深300指数,2025-07-08,3965.426,4002.269,3965.426,3998.4527,15640289500.0,292089834223.8,33.2781,0.8393,21187443.67,12.85,14.38,3.19,2.87,3965.1746
000300,沪深300指数,2025-07-09,3997.5044,4016.7434,3987.4267,3991.4006,17329379600.0,305398796562.7,-7.0521,-0.1764,21150075.13,12.84,14.35,3.2,2.87,3998.4527
000300,沪深300指数,2025-07-10,3993.4196,4032.9829,3992.5242,4010.0243,20977890400.0,347836703626.3,18.6237,0.4666,21248760.63,12.91,14.42,3.18,2.86,3991.4006
000300,沪深300指数,2025-07-11,4011.4652,4065.9419,4010.1052,4014.807,26205277300.0,443780794880.4,4.7827,0.1193,21282386.2,12.89,14.42,3.18,2.85,4010.0243
000300,沪深300指数,2025-07-14,4021.2135,4034.9198,4017.6678,4017.6678,20791717500.0,321415945157.1,2.8608,0.0713,21302012.29,12.91,14.44,3.18,2.85,4014.807
000300,沪深300指数,2025-07-15,4023.9896,4042.6574,3994.2628,4019.0644,19104293100.0,353524574440.9,1.3966,0.0348,21309417.69,12.9,14.45,3.18,2.85,4017.6678
000300,沪深300指数,2025-07-16,4019.3925,4027.8567,3993.9209,4007.2019,15102730800.0,300656795664.6,-11.8625,-0.2952,21246521.22,12.86,14.4,3.19,2.86,4019.0644
000300,沪深300指数,2025-07-17,4005.067,4034.5935,4005.067,4034.491,16124904100.0,325516865722.7,27.2891,0.681,21389356.5,12.9,14.49,3.18,2.84,4007.2019
000300,沪深300指数,2025-07-18,4039.8712,4064.6378,4039.3181,4058.5486,18621106300.0,354244444629.7,24.0576,0.5963,21516900.87,12.98,14.58,3.16,2.82,4034.491
000300,沪深300指数,2025-07-21,4069.7685,4086.1171,4063.4427,4085.6072,22326847600.0,377938564877.6,27.0586,0.6667,21660355.38,13.05,14.68,3.14,2.8,4058.5486
000300,沪深300指数,2025-07-22,4087.3354,4119.2021,4068.3383,4118.9582,25759698500.0,450874014479.4,33.351,0.8163,21837169.9,13.14,14.79,3.12,2.78,4085.6072
000300,沪深300指数,2025-07-23,4129.1476,4155.6783,4113.9085,4119.7685,30050615400.0,470330899420.8,0.8103,0.0197,21841465.9,13.16,14.8,3.12,2.78,4118.9582
000300,沪深300指数,2025-07-24,4116.8312,4152.4265,4111.8849,4149.0368,31963239200.0,487000043884.1,29.2683,0.7104,22014845.83,13.21,14.88,3.1,2.76,4119.7685
000300,沪深300指数,2025-07-25,4145.3195,4150.4994,4117.8005,4127.1634,27359496300.0,430445513470.9,-21.8734,-0.5272,21898785.12,13.12,14.79,3.12,2.78,4149.0368
000300,沪深300指数,2025-07-28,4128.1993,4146.12,4112.9677,4135.8242,22275981500.0,406792873973.3,8.6608,0.2098,21944739.94,13.14,14.82,3.12,2.77,4127.1634
000300,沪深300指数,2025-07-29,4132.6833,4153.3307,4117.5772,4152.0247,23080788000.0,428764310973.8,16.2005,0.3917,22030690.5,12.99,14.62,3.11,2.76,4135.8242
000300,沪深300指数,2025-07-30,4148.9405,4185.2064,4127.4301,4151.2379,24985304800.0,445168467668.0,-0.7868,-0.0189,22026515.73,13.03,14.62,3.1,2.76,4152.0247
000300,沪深300指数,2025-07-31,4141.5612,4141.8243,4063.6662,4075.5912,26708740600.0,492142571738.8,-75.6467,-1.8223,21625133.82,12.83,14.35,2.83,2.56,4151.2379
000300,沪深300指数,2025-08-01,4069.9254,4085.3543,4040.462,4054.9286,19622182600.0,359685164163.4,-20.6626,-0.507,21515497.79,12.76,14.28,2.85,2.57,4075.5912
000300,沪深300指数,2025-08-04,4037.9378,4070.7023,4037.9378,4070.7023,16227590200.0,295976826632.4,15.7737,0.389,21599193.07,12.81,14.34,2.84,2.56,4054.9286
000300,沪深300指数,2025-08-05,4080.3877,4106.2969,4075.5836,4103.45,17885199900.0,306934255765.6,32.7477,0.8045,21772952.51,12.94,14.46,2.81,2.54,4070.7023
000300,沪深300指数,2025-08-06,4100.4283,4116.7085,4098.3544,4113.4852,17667615500.0,307674626124.8,10.0352,0.2446,21826199.74,12.97,14.49,2.8,2.53,4103.45
000300,沪深300指数,2025-08-07,4120.2822,4129.7382,4094.8214,4114.666,19864190200.0,358108366983.7,1.1808,0.0287,21832464.99,12.99,14.49,2.8,2.53,4113.4852
000300,沪深300指数,2025-08-08,4109.2734,4122.2104,4097.4157,4104.9669,17317120100.0,308507687634.7,-9.6991,-0.2357,21781001.19,12.97,14.46,2.8,2.54,4114.666
000300,沪深300指数,2025-08-11,4110.2939,4134.2462,4103.605,4122.5106,19044371600.0,360685826235.0,17.5437,0.4274,21874088.66,12.99,14.52,2.8,2.53,4104.9669
000300,沪深300指数,2025-08-12,4123.5762,4153.2948,4121.2243,4143.8252,17728782300.0,383088423330.0,21.3146,0.517,21987184.17,13.06,14.58,2.78,2.52,4122.5106
000300,沪深300指数,2025-08-13,4150.5037,4186.748,4147.1991,4176.5776,21393499900.0,462776745465.3,32.7524,0.7904,22160968.45,13.13,14.69,2.77,2.5,4143.8252
000300,沪深300指数,2025-08-14,4179.965,4220.3109,4165.9376,4173.3131,22110359500.0,485075642622.0,-3.2645,-0.0782,22143647.25,13.12,14.68,2.77,2.5,4176.5776
000300,沪深300指数,2025-08-15,4162.4205,4214.7291,4157.495,4202.3533,26132756600.0,518686873500.8,29.0402,0.6959,22297734.55,13.18,14.77,2.75,2.48,4173.3131
000300,沪深300指数,2025-08-18,4218.2471,4272.9602,4203.4191,4239.4125,30147910200.0,635365867184.5,37.0592,0.8819,22494371.29,13.27,14.9,2.73,2.46,4202.3533
000300,沪深300指数,2025-08-19,4241.7651,4264.2303,4215.2075,4223.3741,25081877100.0,553536203259.6,-16.0384,-0.3783,22409271.46,13.27,14.85,2.74,2.47,4239.4125
000300,沪深300指数,2025-08-20,4208.4005,4272.1463,4190.5559,4271.3958,24648177300.0,538815306146.9,48.0217,1.137,22664075.18,13.4,15.01,2.71,2.44,4223.3741
000300,沪深300指数,2025-08-21,4284.3712,4308.4472,4273.6523,4288.0707,25903001400.0,558521268967.4,16.6749,0.3904,22752552.1,13.46,15.06,2.69,2.43,4271.3958
000300,沪深300指数,2025-08-22,4287.3633,4378.3881,4287.3633,4377.9977,29043489700.0,675935075408.9,89.927,2.0971,23229706.09,13.66,15.35,2.65,2.38,4288.0707
000300,沪深300指数,2025-08-25,4416.2924,4472.6525,4404.7761,4469.2217,35809000600.0,823681964472.7,91.224,2.0837,23713741.66,13.89,15.65,2.6,2.33,4377.9977
000300,沪深300指数,2025-08-26,4453.3526,4476.803,4435.5275,4452.5905,27062139500.0,627950450229.2,-16.6312,-0.3721,23630386.28,13.84,15.61,2.61,2.34,4469.2217
000300,沪深300指数,2025-08-27,4458.8399,4494.9126,4386.1266,4386.1266,33313389800.0,785098482973.5,-66.4639,-1.4927,23277654.93,13.6,15.37,2.66,2.38,4452.5905
000300,沪深300指数,2025-08-28,4378.0351,4464.8028,4364.171,4463.782,29683453600.0,739423602221.4,77.6554,1.7705,23689780.91,13.75,15.61,2.62,2.34,4386.1266
000300,沪深300指数,2025-08-29,4455.8034,4516.8395,4452.3632,4496.7591,35193894700.0,831194066157.9,32.9771,0.7388,23866308.58,13.87,15.74,2.57,2.29,4463.782
000300,沪深300指数,2025-09-01,4516.8787,4528.1342,4487.5304,4523.7111,32036670800.0,770378288126.9,26.952,0.5994,24009354.77,14.66,16.6,2.56,2.28,4496.7591
000300,沪深300指数,2025-09-02,4521.9828,4548.8937,4454.4169,4490.4528,30393256600.0,777999297964.1,-33.2583,-0.7352,23832838.14,14.63,16.48,2.56,2.3,4523.7111
000300,沪深300指数,2025-09-03,4501.3388,4510.7303,4427.5176,4459.8296,25432021700.0,655697116709.1,-30.6232,-0.682,23670307.41,14.5,16.37,2.59,2.31,4490.4528
000300,沪深300指数,2025-09-04,4461.2503,4465.4967,4327.5068,4365.2085,30793460900.0,773124596998.1,-94.6211,-2.1216,23168110.82,14.32,16.04,2.62,2.36,4459.8296
000300,沪深300指数,2025-09-05,4365.6083,4466.5603,4350.2974,4460.3249,24962565700.0,664166970946.5,95.1164,2.179,23709442.03,14.49,16.38,2.59,2.31,4365.2085
000300,沪深300指数,2025-09-08,4467.1693,4482.763,4438.0698,4467.5733,26763838200.0,683630879769.1,7.2484,0.1625,23747971.84,14.5,16.41,2.59,2.31,4460.3249
000300,沪深300指数,2025-09-09,4448.739,4472.093,4412.6914,4436.2584,22137546000.0,562861103958.4,-31.3149,-0.7009,23581512.91,14.42,16.29,2.6,2.32,4467.5733
000300,沪深300指数,2025-09-10,4438.2998,4466.6325,4414.5937,4445.3649,20359764600.0,535539349489.1,9.1065,0.2053,23629920.2,14.45,16.33,2.59,2.32,4436.2584
000300,沪深300指数,2025-09-11,4438.839,4548.0345,4427.9242,4548.0345,25326405100.0,693156671397.7,102.6696,2.3096,24175673.9,14.72,16.7,2.55,2.26,4445.3649
000300,沪深300指数,2025-09-12,4544.5905,4564.6665,4517.7897,4521.998,26644200300.0,689576075691.4,-26.0365,-0.5725,24039963.18,14.64,16.59,2.56,2.28,4548.0345
000300,沪深300指数,2025-09-15,4534.8866,4566.9053,4522.4958,4533.0557,23188567800.0,613314652419.1,11.0577,0.2445,24098748.4,14.65,16.64,2.56,2.27,4521.998
000300,沪深300指数,2025-09-16,4539.9217,4552.419,4494.7875,4523.3367,24926920600.0,613728334805.9,-9.719,-0.2144,24047079.77,14.6,16.6,2.56,2.28,4533.0557
000300,沪深300指数,2025-09-17,4517.2855,4556.0296,4503.7959,4551.023,23571647200.0,608454200521.1,27.6863,0.6121,24194266.67,14.67,16.7,2.55,2.26,4523.3367
000300,沪深300指数,2025-09-18,4546.0319,4573.8331,4454.9886,4498.109,30985982600.0,839987127411.0,-52.914,-1.1627,23912963.83,14.48,16.51,2.59,2.29,4551.023
000300,沪深300指数,2025-09-19,4499.0906,4533.0919,4491.8437,4501.9195,22504400000.0,603887059817.1,3.8105,0.0847,23939045.65,14.48,16.53,2.59,2.29,4498.109
000300,沪深300指数,2025-09-22,4512.0251,4523.8695,4487.1299,4522.608,19645995600.0,563149164266.0,20.6885,0.4595,24049057.25,14.51,16.61,2.58,2.28,4501.9195
000300,沪深300指数,2025-09-23,4536.7569,4560.7319,4459.7281,4519.7781,25282706200.0,680513630695.8,-2.8299,-0.0626,24034009.44,14.54,16.61,2.58,2.28,4522.608
000300,沪深300指数,2025-09-24,4495.2659,4567.4948,4494.1133,4566.0708,22048260800.0,629161495484.1,46.2927,1.0242,24280171.32,14.62,16.76,2.56,2.26,4519.7781
000300,沪深300指数,2025-09-25,4563.9827,4613.9486,4558.8424,4593.4875,22982333300.0,669866986618.6,27.4167,0.6004,24425960.2,14.66,16.85,2.55,2.24,4566.0708
000300,沪深300指数,2025-09-26,4576.9142,4597.8472,4550.0487,4550.0487,20848211400.0,598723903173.9,-43.4388,-0.9457,24194973.9,14.56,16.7,2.57,2.26,4593.4875
000300,沪深300指数,2025-09-29,4555.0342,4647.5691,4541.4252,4620.0528,27435887700.0,693395231241.2,70.0041,1.5385,24567222.1,14.74,16.97,2.54,2.23,4550.0487
000300,沪深300指数,2025-09-30,4629.8987,4647.5031,4616.2243,4640.6935,24798035900.0,664624101862.0,20.6407,0.4468,24676979.35,14.78,17.04,2.57,2.27,4620.0528
000300,沪深300指数,2025-10-09,4662.1133,4726.3449,4651.9895,4709.482,34767869600.0,862208005908.4,68.7885,1.4823,25042763.63,14.98,17.28,2.53,2.23,4640.6935
000300,沪深300指数,2025-10-10,4679.4983,4692.5858,4600.9646,4616.8341,31902089900.0,792743047250.5,-92.6479,-1.9673,24550106.61,14.79,16.96,2.57,2.28,4709.482
000300,沪深300指数,2025-10-13,4490.8661,4601.8072,4490.8661,4593.9785,31501035400.0,714001634395.3,-22.8556,-0.495,24430047.96,14.71,16.86,2.58,2.29,4616.8341
000300,沪深300指数,2025-10-14,4634.0543,4641.4492,4520.9258,4539.0644,37295403000.0,808959003201.4,-54.9141,-1.1953,24138023.25,14.63,16.66,2.59,2.32,4593.9785
000300,沪深300指数,2025-10-15,4544.2431,4608.8239,4526.834,4606.2879,28477185500.0,607326345325.6,67.2235,1.481,24505887.84,14.81,16.89,2.56,2.28,4539.0644
000300,沪深300指数,2025-10-16,4588.9206,4645.0959,4586.2801,4618.4218,24823551800.0,560567191741.4,12.1339,0.2634,24570441.09,14.9,16.94,2.54,2.28,4606.2879
000300,沪深300指数,2025-10-17,4610.6967,4618.5621,4509.3289,4514.2345,25690561700.0,559085965218.7,-104.1873,-2.2559,24016154.73,14.62,16.56,2.59,2.33,4618.4218
000300,沪深300指数,2025-10-20,4558.2421,4570.4376,4520.5024,4538.2201,21842040500.0,505798833703.2,23.9856,0.5313,24143760.4,14.71,16.65,2.58,2.32,4514.2345
000300,沪深300指数,2025-10-21,4556.1224,4615.463,4547.9283,4607.8715,21571117500.0,551390253215.9,69.6514,1.5348,24514312.47,14.91,16.9,2.54,2.28,4538.2201
000300,沪深300指数,2025-10-22,4576.0277,4603.4884,4567.2361,4592.57,18533396000.0,440935302747.4,-15.3015,-0.3321,24432906.82,14.9,16.84,2.54,2.29,4607.8715
000300,沪深300指数,2025-10-23,4578.7018,4611.3409,4541.6944,4606.3447,20046391700.0,420800208775.6,13.7747,0.2999,24506189.94,14.96,16.89,2.53,2.28,4592.57
000300,沪深300指数,2025-10-24,4622.7873,4660.6835,4622.7873,4660.6835,20881448300.0,551986648560.5,54.3388,1.1797,24795277.41,15.07,17.08,2.51,2.26,4606.3447
000300,沪深300指数,2025-10-27,4699.3819,4720.4288,4687.6876,4716.0186,26220067400.0,672670372522.7,55.3351,1.1873,25089665.43,15.26,17.28,2.48,2.23,4660.6835
000300,沪深300指数,2025-10-28,4697.7277,4734.3218,4679.2288,4691.973,22090664500.0,571563257095.5,-24.0456,-0.5099,24964431.61,15.22,17.2,2.49,2.24,4716.0186
000300,沪深300指数,2025-10-29,4701.0362,4747.8378,4697.268,4747.8378,24621132400.0,645898688765.2,55.8648,1.1906,25265079.29,15.35,17.39,2.47,2.21,4691.973
000300,沪深300指数,2025-10-30,4735.9807,4761.8339,4706.452,4709.911,27328911800.0,719956285438.0,-37.9268,-0.7988,25063256.12,15.24,17.24,2.48,2.23,4747.8378
000300,沪深300指数,2025-10-31,4702.4946,4706.1395,4640.6676,4640.6676,28146474000.0,680712251492.7,-69.2434,-1.4702,24694785.02,15.03,16.99,2.58,2.33,4709.911
000300,沪深300指数,2025-11-03,4636.7323,4653.4028,4595.7339,4653.4028,23986980900.0,557602941095.9,12.7352,0.2744,24771546.14,15.1,17.02,2.56,2.33,4640.6676
000300,沪深300指数,2025-11-04,4649.3481,4665.323,4595.066,4618.699,23322403200.0,505177700976.6,-34.7038,-0.7458,24586806.84,15.04,16.9,2.57,2.34,4653.4028
000300,沪深300指数,2025-11-05,4562.1117,4642.6101,4558.7647,4627.257,20304587100.0,468361161388.7,8.558,0.1853,24632363.65,15.06,16.93,2.57,2.34,4618.699
000300,沪深300指数,2025-11-06,4642.0112,4698.0935,4642.0112,4693.4032,22424100800.0,553641780921.2,66.1462,1.4295,24984481.2,15.22,17.16,2.54,2.31,4627.257
000300,沪深300指数,2025-11-07,4673.7616,4701.3743,4666.0405,4678.7944,21249737700.0,507573849500.2,-14.6088,-0.3113,24906713.62,15.17,17.1,2.55,2.31,4693.4032
000300,沪深300指数,2025-11-10,4688.124,4695.1794,4654.2103,4695.0507,23602676400.0,593977127605.0,16.2563,0.3474,24993250.99,15.24,17.15,2.54,2.31,4678.7944
000300,沪深300指数,2025-11-11,4706.3374,4707.1275,4648.4896,4652.1655,18663885800.0,477629076357.0,-42.8852,-0.9134,24764959.45,15.14,17.01,2.55,2.33,4695.0507
000300,沪深300指数,2025-11-12,4643.5592,4669.6073,4620.9897,4645.9079,20946059200.0,492308866408.7,-6.2576,-0.1345,24731648.4,15.17,17.0,2.55,2.33,4652.1655
000300,沪深300指数,2025-11-13,4643.7862,4703.4897,4643.7862,4702.0738,20736747400.0,510060678210.4,56.1659,1.2089,25030637.08,15.28,17.19,2.53,2.3,4645.9079
000300,沪深300指数,2025-11-14,4663.3175,4684.2578,4628.0242,4628.1398,19209267600.0,444720433578.5,-73.934,-1.5724,24637063.09,15.09,16.93,2.56,2.34,4702.0738
000300,沪深300指数,2025-11-17,4616.8058,4624.8976,4580.2613,4598.0525,18895546600.0,438940097527.8,-30.0873,-0.6501,24476898.69,14.98,16.8,2.58,2.35,4628.1398
000300,沪深300指数,2025-11-18,4584.7896,4606.6167,4552.8038,4568.1928,17771318500.0,420150126547.0,-29.8597,-0.6494,24317946.39,14.88,16.69,2.6,2.37,4598.0525
000300,沪深300指数,2025-11-19,4568.0365,4607.8627,4568.0365,4588.2922,17292497400.0,385230481969.8,20.0994,0.44,24424941.71,14.98,16.77,2.58,2.36,4568.1928
000300,沪深300指数,2025-11-20,4619.5401,4620.6529,4560.1814,4564.9483,19456259300.0,415064817729.8,-23.3439,-0.5088,24300674.87,14.94,16.7,2.59,2.37,4588.2922
000300,沪深300指数,2025-11-21,4513.3858,4527.0436,4453.1819,4453.6076,22285101300.0,481295814462.6,-111.3407,-2.439,23707972.69,14.64,16.31,2.65,2.43,4564.9483
000300,沪深300指数,2025-11-24,4473.1563,4478.8081,4421.8123,4448.0478,18583372900.0,425807469499.9,-5.5598,-0.1248,23678376.25,14.58,16.29,2.66,2.43,4453.6076
000300,沪深300指数,2025-11-25,4475.8359,4510.7729,4467.3529,4490.4047,16957192900.0,411523796962.4,42.3569,0.9523,23903855.39,14.7,16.45,2.63,2.41,4448.0478
000300,沪深300指数,2025-11-26,4490.2021,4538.1361,4485.6984,4517.6255,15620036800.0,427361377738.4,27.2208,0.6062,24048760.46,14.72,16.55,2.63,2.4,4490.4047
000300,沪深300指数,2025-11-27,4520.014,4559.2183,4509.8635,4515.4027,15031177200.0,417789843567.7,-2.2228,-0.0492,24036927.84,14.75,16.54,2.63,2.4,4517.6255
000300,沪深300指数,2025-11-28,4511.4972,4531.7219,4492.4256,4526.6616,14290209600.0,341832317979.4,11.2589,0.2493,24096862.07,14.76,16.58,2.64,2.39,4515.4027
000300,沪深300指数,2025-12-01,4539.1877,4576.9654,4531.2917,4576.4856,20038231700.0,463861587251.4,49.824,1.1007,24362091.44,14.88,16.76,2.62,2.36,4526.6616
000300,沪深300指数,2025-12-02,4571.9098,4575.4945,4539.4312,4554.3347,14849313200.0,364366426477.8,-22.1509,-0.484,24250092.28,14.85,16.69,2.63,2.37,4576.4856
000300,沪深300指数,2025-12-03,4554.5894,4569.821,4523.5017,4531.0486,16976279000.0,374486168902.9,-23.2861,-0.5113,24126102.92,14.77,16.61,2.64,2.39,4554.3347
000300,沪深300指数,2025-12-04,4533.6004,4557.4228,4514.1878,4546.5664,14719811000.0,348767399211.7,15.5178,0.3425,24208729.05,14.79,16.67,2.64,2.38,4531.0486
000300,沪深300指数,2025-12-05,4547.9056,4593.8279,4535.0195,4584.5368,19679996800.0,412146806538.3,37.9704,0.8351,24413461.81,14.87,16.82,2.63,2.36,4546.5664
000300,沪深300指数,2025-12-08,4593.1399,4640.6256,4592.7414,4621.7545,19962099000.0,496716196112.2,37.2177,0.8118,24611652.95,14.95,16.95,2.61,2.34,4584.5368
000300,沪深300指数,2025-12-09,4611.379,4628.7049,4584.254,4598.2232,18416034400.0,452113884581.0,-23.5313,-0.5091,24486344.67,14.9,16.85,2.62,2.35,4621.7545
000300,沪深300指数,2025-12-10,4586.254,4598.5366,4549.0798,4591.8273,16911110600.0,401452781497.6,-6.3959,-0.1391,24452285.32,14.84,16.83,2.63,2.35,4598.2232
000300,沪深300指数,2025-12-11,4597.1901,4610.2787,4547.1372,4552.1848,16841940500.0,432431093509.7,-39.6425,-0.8633,24241182.0,14.75,16.69,2.65,2.37,4591.8273
000300,沪深300指数,2025-12-12,4558.7375,4583.6753,4530.7841,4580.95,21282652000.0,523863221651.9,28.7652,0.6319,24394361.48,14.78,16.81,2.64,2.36,4552.1848
000300,沪深300指数,2025-12-15,4550.0028,4595.0463,4548.4382,4552.0596,16758996700.0,424383389792.3,-28.8904,-0.6307,24841940.64,14.92,17.17,2.62,2.32,4580.95
000300,沪深300指数,2025-12-16,4542.4226,4553.0806,4484.27,4497.5545,16516520100.0,390500134302.7,-54.5051,-1.1974,24544490.08,14.78,16.98,2.64,2.34,4552.0596
000300,沪深300指数,2025-12-17,4499.7729,4594.6556,4498.9304,4579.875,17842483000.0,452504741114.1,82.3205,1.8303,24993737.39,15.0,17.28,2.6,2.3,4497.5545
000300,沪深300指数,2025-12-18,4553.9788,4571.9683,4544.1416,4552.7926,15168132800.0,382102395684.6,-27.0824,-0.5913,24845940.72,14.97,17.18,2.61,2.32,4579.875
000300,沪深300指数,2025-12-19,4561.3729,4591.0931,4546.8465,4568.1781,15487622000.0,371577144281.1,15.3855,0.3379,24929903.93,14.99,17.24,2.6,2.31,4552.7926
000300,沪深300指数,2025-12-22,4587.6683,4615.8721,4587.6683,4611.6235,16525285600.0,448240599513.9,43.4454,0.951,25166998.67,15.1,17.4,2.59,2.29,4568.1781
000300,沪深300指数,2025-12-23,4616.026,4644.5347,4607.7992,4620.7341,16925641200.0,433141326005.5,9.1106,0.1976,25216717.87,15.14,17.43,2.58,2.28,4611.6235
000300,沪深300指数,2025-12-24,4623.6831,4639.4278,4602.1444,4634.0586,15371124100.0,406375640662.1,13.3245,0.2884,25289433.59,15.16,17.48,2.57,2.27,4620.7341
000300,沪深300指数,2025-12-25,4629.3195,4651.1535,4621.9208,4642.5357,13943418600.0,385356060832.4,8.4771,0.1829,25335695.5,15.19,17.52,2.57,2.27,4634.0586
000300,沪深300指数,2025-12-26,4639.7895,4676.131,4635.1052,4657.24,17539656500.0,460426934267.5,14.7043,0.3167,25415941.19,15.2,17.57,2.57,2.26,4642.5357
000300,沪深300指数,2025-12-29,4658.2654,4672.0352,4629.0567,4639.3721,20039713300.0,482613536466.5,-17.8679,-0.3837,25318430.87,15.19,17.49,2.57,2.27,4657.24
000300,沪深300指数,2025-12-30,4617.3163,4664.3305,4616.6323,4651.2818,18037497400.0,457185489036.8,11.9097,0.2567,25383425.85,15.21,17.53,2.56,2.27,4639.3721
000300,沪深300指数,2025-12-31,4656.48,4667.0467,4622.0988,4629.9395,17076022400.0,444491545749.0,-21.3423,-0.4588,25266954.61,15.19,17.46,2.78,2.36,4651.2818
000300,沪深300指数,2026-01-05,4661.616,4721.6378,4661.616,4717.7457,23414483900.0,630577351311.4,87.8062,1.8965,25746138.72,15.38,17.79,2.75,2.31,4629.9395
000300,沪深300指数,2026-01-06,4719.2088,4790.6938,4718.0099,4790.6938,29697068600.0,725414566872.9,72.9481,1.5462,26144238.13,15.59,18.06,2.71,2.28,4717.7457
000300,沪深300指数,2026-01-07,4796.9335,4802.6028,4751.0713,4776.6658,25909556400.0,664897929360.7,-14.028,-0.2928,26067683.3,15.52,18.01,2.72,2.28,4790.6938
000300,沪深300指数,2026-01-08,4761.0105,4765.4863,4717.0091,4737.6536,23880495700.0,630655637961.6,-39.0122,-0.8167,25854782.42,15.42,17.85,2.74,2.3,4776.6658
000300,沪深300指数,2026-01-09,4725.9571,4771.4276,4719.134,4758.9221,25468803800.0,668788811126.9,21.2685,0.4489,25970850.81,15.48,17.92,2.73,2.29,4737.6536
000300,沪深300指数,2026-01-12,4769.6501,4795.9327,4737.5702,4789.9155,29483316500.0,799954082388.1,30.9934,0.6513,26139990.99,15.57,18.02,2.71,2.28,4758.9221
000300,沪深300指数,2026-01-13,4798.0488,4836.9549,4745.5154,4761.0324,30144949700.0,801054979639.8,-28.8831,-0.603,25982367.16,15.52,17.93,2.72,2.29,4789.9155
000300,沪深300指数,2026-01-14,4767.6956,4818.1008,4720.246,4741.9306,36495102300.0,891334219174.3,-19.1018,-0.4012,25878123.01,15.41,17.85,2.74,2.3,4761.0324
000300,沪深300指数,2026-01-15,4721.7966,4769.5478,4720.9368,4751.4293,25400363600.0,674058683639.6,9.4987,0.2003,25929960.35,15.4,17.89,2.74,2.3,4741.9306
000300,沪深300指数,2026-01-16,4778.4302,4792.5514,4715.3646,4731.8728,32527892900.0,785624166096.3,-19.5565,-0.4116,25823234.85,15.32,17.82,2.76,2.31,4751.4293
000300,沪深300指数,2026-01-19,4720.1945,4761.6317,4715.0867,4734.4556,26761249200.0,655149256235.7,2.5828,0.0546,25837329.79,15.31,17.84,2.76,2.3,4731.8728
000300,沪深300指数,2026-01-20,4736.9096,4748.2297,4684.9684,4718.8782,28271957900.0,671960685391.4,-15.5774,-0.329,25752319.12,15.32,17.79,2.76,2.31,4734.4556
000300,沪深300指数,2026-01-21,4714.5541,4758.2793,4714.2366,4723.0692,26635333200.0,665330511237.3,4.191,0.0888,25775190.66,15.27,17.8,2.77,2.31,4718.8782
000300,沪深300指数,2026-01-22,4741.7548,4757.7637,4700.4482,4723.7091,27419993200.0,690235248160.5,0.6399,0.0135,25778682.97,15.26,17.8,2.77,2.31,4723.0692
000300,沪深300指数,2026-01-23,4729.585,4734.7942,4684.6172,4702.4966,31463544500.0,755617735528.3,-21.2125,-0.4491,25662919.93,15.17,17.7,2.78,2.32,4723.7091
000300,沪深300指数,2026-01-26,4715.3753,4754.1777,4693.1577,4706.964,36300448100.0,796832970315.2,4.4674,0.095,25687299.78,15.23,17.73,2.77,2.32,4702.4966
000300,沪深300指数,2026-01-27,4705.1744,4736.9857,4675.6409,4705.6918,30147569700.0,715267914840.3,-1.2722,-0.027,25680357.34,15.22,17.73,2.78,2.32,4706.964
000300,沪深300指数,2026-01-28,4725.6014,4739.6257,4697.9063,4717.9914,38225560200.0,829414067055.4,12.2996,0.2614,25747479.8,15.26,17.78,2.77,2.31,4705.6918
000300,沪深300指数,2026-01-29,4733.0879,4770.9599,4696.0536,4753.8697,41551305500.0,917966160339.3,35.8783,0.7605,25943278.45,15.38,17.93,2.75,2.29,4717.9914
000300,沪深300指数,2026-01-30,4723.081,4738.8711,4645.4706,4706.3401,31978653100.0,750564885195.4,-47.5296,-0.9998,25683895.35,15.24,17.76,2.58,2.28,4753.8697
000300,沪深300指数,2026-02-02,4674.2759,4716.6069,4601.7603,4605.9799,30477350000.0,725920381252.0,-100.3602,-2.1324,25136199.9,14.97,17.38,2.62,2.33,4706.3401
000300,沪深300指数,2026-02-03,4648.3574,4662.1264,4578.2087,4660.1074,26554940500.0,666626842810.7,54.1275,1.1752,25431589.58,15.07,17.59,2.61,2.3,4605.9799
000300,沪深300指数,2026-02-04,4647.9671,4701.4768,4641.8424,4698.6832,26488103200.0,636018589862.7,38.5758,0.8278,25642109.41,15.23,17.74,2.58,2.28,4660.1074
000300,沪深300指数,2026-02-05,4664.7478,4687.0213,4639.43,4670.4188,23785635100.0,550433167197.1,-28.2644,-0.6015,25487862.02,15.18,17.65,2.59,2.29,4698.6832
000300,沪深300指数,2026-02-06,4622.9747,4678.2618,4606.6379,4643.5959,20271647700.0,505759806237.8,-26.8229,-0.5743,25341481.23,15.12,17.55,2.6,2.31,4670.4188
000300,沪深300指数,2026-02-09,4693.6715,4719.9642,4679.9037,4719.0559,20725193800.0,522757267199.4,75.46,1.625,25753289.31,15.3,17.82,2.57,2.27,4643.5959
000300,沪深300指数,2026-02-10,4718.2552,4732.0871,4713.8684,4724.2956,18700095800.0,450339578978.4,5.2397,0.111,25781883.93,15.33,17.84,2.56,2.27,4719.0559
000300,沪深300指数,2026-02-11,4715.6697,4723.7043,4703.6873,4713.8185,17339168100.0,433428613402.0,-10.4771,-0.2218,25724706.81,15.33,17.81,2.56,2.27,4724.2956
000300,沪深300指数,2026-02-12,4720.0085,4726.0426,4707.7359,4719.578,19784143900.0,490473852275.1,5.7595,0.1222,25756138.28,15.3,17.82,2.57,2.27,4713.8185
000300,沪深300指数,2026-02-13,4693.4106,4703.6332,4658.4038,4660.4056,18916775600.0,452878594068.8,-59.1724,-1.2538,25433216.81,15.1,17.6,2.6,2.3,4719.578
000300,沪深300指数,2026-02-24,4727.2961,4727.373,4698.3488,4707.544,21848889000.0,526084235584.0,47.1384,1.0115,25690465.14,15.24,17.79,2.58,2.28,4660.4056
000300,沪深300指数,2026-02-25,4713.5754,4766.5587,4713.3438,4735.8858,28426835400.0,596903872616.7,28.3418,0.6021,25845135.05,15.3,17.89,2.57,2.26,4707.544
000300,沪深300指数,2026-02-26,4741.3896,4742.1476,4706.6943,4726.8739,23484764400.0,599848915404.9,-9.0119,-0.1903,25795954.3,15.25,17.85,2.58,2.27,4735.8858
000300,沪深300指数,2026-02-27,4698.3,4721.0141,4692.891,4710.6469,26142086500.0,578820992510.3,-16.227,-0.3433,25707398.46,15.22,17.78,2.64,2.35,4726.8739
000300,沪深300指数,2026-03-02,4681.0141,4735.4055,4667.2752,4728.6688,34926075200.0,752681937770.4,18.0219,0.3826,25803466.55,15.36,17.86,2.62,2.34,4710.6469
000300,沪深300指数,2026-03-03,4737.3164,4744.5987,4651.4047,4655.8962,37062427200.0,801659243770.0,-72.7726,-1.539,25406360.12,15.3,17.6,2.63,2.38,4728.6688
000300,沪深300指数,2026-03-04,4609.1918,4639.4204,4575.8249,4602.6247,30303566600.0,608923128590.3,-53.2715,-1.1442,25115667.08,15.13,17.4,2.66,2.4,4655.8962
000300,沪深300指数,2026-03-05,4651.9415,4671.5268,4630.3024,4647.6921,25931782500.0,570443777084.6,45.0674,0.9792,25361591.86,15.22,17.57,2.64,2.38,4602.6247
000300,沪深300指数,2026-03-06,4621.4939,4671.7126,4612.7943,4660.439,23852792600.0,487807080156.9,12.7469,0.2743,25431149.11,15.24,17.62,2.64,2.37,4647.6921
000300,沪深300指数,2026-03-09,4600.2535,4625.9814,4548.969,4615.4551,32278761700.0,665821508005.3,-44.9839,-0.9652,25185680.31,15.16,17.44,2.65,2.4,4660.439
000300,沪深300指数,2026-03-10,4648.7851,4677.5958,4648.7851,4674.7562,26390374800.0,557607876148.6,59.3011,1.2848,25509275.38,15.24,17.67,2.64,2.37,4615.4551
000300,沪深300指数,2026-03-11,4681.0316,4711.8671,4674.7088,4704.4959,27017544300.0,579564397580.3,29.7397,0.6362,25671559.47,15.36,17.79,2.62,2.35,4674.7562
000300,沪深300指数,2026-03-12,4700.7205,4704.3791,4654.3147,4687.5601,30298681600.0,572105482463.8,-16.9358,-0.36,25579144.13,15.34,17.72,2.62,2.36,4704.4959
000300,沪深300指数,2026-03-13,4669.0619,4707.4194,4659.4979,4669.14,31077200900.0,580305608197.8,-18.4201,-0.393,25478628.75,15.28,17.66,2.63,2.37,4687.5601
000300,沪深300指数,2026-03-16,4669.2241,4673.6929,4621.8118,4671.5591,29621507000.0,598799098356.4,2.4191,0.0518,25491829.25,15.28,17.67,2.63,2.37,4669.14
000300,沪深300指数,2026-03-17,4685.5697,4720.8608,4637.368,4637.4392,26302191300.0,578501505807.6,-34.1199,-0.7304,25305643.73,15.23,17.54,2.64,2.39,4671.5591
000300,沪深300指数,2026-03-18,4648.7517,4662.2936,4604.5163,4658.3324,23469070500.0,524173911454.0,20.8932,0.4505,25419653.78,15.26,17.63,2.64,2.38,4637.4392
000300,沪深300指数,2026-03-19,4611.4399,4634.5468,4570.392,4583.2511,25413044900.0,547850295789.2,-75.0813,-1.6118,25009949.06,15.11,17.35,2.67,2.41,4658.3324
000300,沪深300指数,2026-03-20,4602.8205,4628.7118,4563.0687,4567.0179,25787370300.0,615463088557.8,-16.2332,-0.3542,24921367.55,15.02,17.29,2.68,2.42,4583.2511
000300,沪深300指数,2026-03-23,4499.1004,4514.7182,4397.5661,4417.9971,32808194500.0,671719761060.9,-149.0208,-3.263,24121258.01,14.57,16.73,2.76,2.5,4567.0179
000300,沪深300指数,2026-03-24,4458.9074,4474.825,4394.2943,4474.7224,25553251700.0,530149390314.2,56.7253,1.284,24430964.85,14.72,16.93,2.73,2.47,4417.9971
000300,沪深300指数,2026-03-25,4506.6247,4542.1806,4502.0265,4537.4656,26263927900.0,550428161188.3,62.7432,1.4022,24773528.86,14.87,17.17,2.71,2.44,4474.7224
000300,沪深300指数,2026-03-26,4525.3291,4541.0502,4468.9571,4477.5343,21373678800.0,471127498414.3,-59.9313,-1.3208,24446317.58,14.73,16.94,2.73,2.47,4537.4656
000300,沪深300指数,2026-03-27,4431.5034,4519.8903,4431.4205,4502.5698,19240038800.0,440517561617.1,25.0355,0.5591,24583005.46,14.79,17.03,2.72,2.46,4477.5343
000300,沪深300指数,2026-03-30,4461.7367,4496.4109,4447.1373,4491.95,20929309200.0,444629519711.2,-10.6198,-0.2359,24525023.93,14.79,17.0,2.72,2.46,4502.5698
000300,沪深300指数,2026-03-31,4491.9209,4523.1745,4450.0493,4450.0493,22454158500.0,484558113011.2,-41.9007,-0.9328,24296255.62,14.71,16.84,2.73,2.48,4491.95
000300,沪深300指数,2026-04-01,4517.2717,4532.1093,4492.0544,4526.0668,21648319600.0,503744056996.0,76.0175,1.7082,24711293.81,14.89,17.12,2.7,2.44,4450.0493
000300,沪深300指数,2026-04-02,4514.4416,4519.6931,4459.6095,4478.9141,19099216100.0,429949131699.9,-47.1527,-1.0418,24453850.68,14.82,16.95,2.71,2.47,4526.0668
000300,沪深300指数,2026-04-03,4492.8461,4494.4571,4437.5952,4440.7889,16832170500.0,373234910157.7,-38.1252,-0.8512,24245696.08,14.68,16.81,2.74,2.49,4478.9141
000300,沪深300指数,2026-04-07,4445.8613,4458.9264,4420.6939,4440.6162,16263878700.0,378261695014.8,-0.1727,-0.0039,24244752.66,14.66,16.79,2.74,2.49,4440.7889
000300,沪深300指数,2026-04-08,4517.3403,4595.556,4513.7705,4595.556,25333921300.0,641779180969.5,154.9398,3.4892,25090689.21,15.01,17.37,2.68,2.4,4440.6162
000300,沪深300指数,2026-04-09,4562.6696,4579.197,4552.4244,4566.2237,18493978300.0,500445676660.7,-29.3323,-0.6383,24933509.89,14.91,17.26,2.69,2.42,4595.556
000300,沪深300指数,2026-04-10,4594.9467,4655.0988,4590.1089,4636.5655,20867860500.0,625717995648.2,70.3418,1.5405,25317606.32,15.06,17.53,2.67,2.38,4566.2237
000300,沪深300指数,2026-04-13,4615.133,4653.3983,4615.133,4646.1546,19671227700.0,556620945240.3,9.5891,0.2068,25369966.99,15.1,17.55,2.66,2.38,4636.5655
000300,沪深300指数,2026-04-14,4676.1235,4701.2837,4654.8526,4701.2837,20470033200.0,605717793585.3,55.1291,1.1866,25670995.31,15.24,17.76,2.63,2.35,4646.1546
000300,沪深300指数,2026-04-15,4726.6381,4731.2729,4672.556,4685.2464,20168850000.0,604550556798.3,-16.0373,-0.3411,25583424.98,15.22,17.7,2.64,2.36,4701.2837
000300,沪深300指数,2026-04-16,4694.4309,4739.2208,4689.414,4736.6077,19205760000.0,567611323592.2,51.3613,1.0962,25863879.02,15.33,17.89,2.62,2.33,4685.2464
000300,沪深300指数,2026-04-17,4728.9951,4738.3236,4714.4669,4728.6716,18291533600.0,587622682307.9,-7.9361,-0.1675,25820544.68,15.28,17.85,2.62,2.34,4736.6077
000300,沪深300指数,2026-04-20,4727.1661,4763.0427,4720.6853,4757.4419,22163349400.0,626568410330.9,28.7703,0.6084,25977642.87,15.37,17.95,2.61,2.32,4728.6716
000300,沪深300指数,2026-04-21,4750.5149,4776.8258,4722.0074,4767.997,20561405800.0,580407995619.7,10.5551,0.2219,26035277.69,15.41,18.0,2.6,2.32,4757.4419
000300,沪深300指数,2026-04-22,4751.2794,4801.4465,4750.3502,4799.627,20448183000.0,619505670177.0,31.63,0.6634,26207991.33,15.46,18.12,2.59,2.3,4767.997
000300,沪深300指数,2026-04-23,4816.0267,4823.4704,4759.86,4786.3273,23286573600.0,693853775975.6,-13.2997,-0.2771,26135368.9,15.47,18.08,2.59,2.31,4799.627
000300,沪深300指数,2026-04-24,4771.7348,4786.444,4735.606,4769.3688,19379831400.0,680097832547.3,-16.9585,-0.3543,26042768.73,15.42,18.0,2.6,2.32,4786.3273
000300,沪深300指数,2026-04-27,4776.3351,4795.1682,4762.6441,4770.9469,19279655000.0,648904814981.1,1.5781,0.0331,26051385.64,15.41,18.01,2.6,2.32,4769.3688
000300,沪深300指数,2026-04-28,4757.0766,4778.1891,4743.4355,4758.2083,21672423300.0,631521664930.9,-12.7386,-0.267,25981827.38,15.41,17.96,2.6,2.32,4770.9469
000300,沪深300指数,2026-04-29,4737.5755,4813.6104,4737.1139,4810.3468,23329811000.0,681020507300.6,52.1385,1.0958,26266525.72,15.52,18.15,2.58,2.3,4758.2083
000300,沪深300指数,2026-04-30,4820.9716,4829.2715,4797.5445,4807.3069,25063337000.0,726665374516.3,-3.0399,-0.0632,26246923.36,15.46,18.09,2.54,2.31,4810.3468
000300,沪深300指数,2026-05-06,4857.6537,4892.7957,4834.2807,4877.0932,27444388000.0,881744311635.1,69.7863,1.4517,26627942.68,15.12,17.55,2.52,2.28,4807.3069
000300,沪深300指数,2026-05-07,4895.8001,4901.8575,4866.8749,4900.5098,25783397200.0,787236200022.7,23.4166,0.4801,26755792.33,15.13,17.63,2.52,2.27,4877.0932
000300,沪深300指数,2026-05-08,4871.1185,4887.2129,4849.9871,4871.9122,25172099600.0,716546104146.0,-28.5976,-0.5836,26599643.51,15.05,17.52,2.53,2.28,4900.5098
000300,沪深300指数,2026-05-11,4902.2775,4960.3975,4889.5659,4951.8366,30573480100.0,904479321902.1,79.9244,1.6405,27036014.69,15.23,17.81,2.5,2.25,4871.9122
000300,沪深300指数,2026-05-12,4965.0175,4971.3026,4926.7897,4948.0465,27381200100.0,819351442664.4,-3.7901,-0.0765,27015321.41,15.21,17.8,2.5,2.25,4951.8366
000300,沪深300指数,2026-05-13,4919.4248,5001.1201,4919.4248,4998.3417,26845453700.0,823173197928.5,50.2952,1.0165,27289923.06,15.3,17.98,2.49,2.22,4948.0465
000300,沪深300指数,2026-05-14,5027.6405,5030.5187,4913.6037,4914.5971,28069537900.0,857446326247.6,-83.7446,-1.6754,26832694.58,15.1,17.68,2.52,2.26,4998.3417
000300,沪深300指数,2026-05-15,4911.6223,4935.6173,4832.6899,4859.5927,27696776900.0,887687426984.5,-55.0044,-1.1192,26532381.67,14.96,17.49,2.55,2.29,4914.5971
000300,沪深300指数,2026-05-18,4836.3286,4868.6008,4806.1455,4833.5237,23907758700.0,733452822623.8,-26.069,-0.5364,26390051.17,14.89,17.39,2.56,2.3,4859.5927
000300,沪深300指数,2026-05-19,4818.7051,4854.5247,4773.534,4852.8832,23228085200.0,712401049984.5,19.3595,0.4005,26495750.16,14.97,17.46,2.54,2.29,4833.5237
000300,沪深300指数,2026-05-20,4829.6129,4866.2121,4825.643,4850.7,22002320600.0,729653332839.0,-2.1832,-0.045,26483830.5,14.9,17.45,2.56,2.29,4852.8832
000300,沪深300指数,2026-05-21,4886.2389,4937.9327,4780.7107,4783.0976,28734250700.0,891936347970.3,-67.6024,-1.3937,26114735.35,14.71,17.22,2.59,2.32,4850.7
000300,沪深300指数,2026-05-22,4818.8435,4851.3489,4785.3486,4845.0956,28694043500.0,771823300850.7,61.998,1.2962,26453229.36,14.82,17.44,2.57,2.29,4783.0976
000300,沪深300指数,2026-05-25,4873.1962,4922.4375,4857.1345,4921.5974,26474323600.0,861179421899.8,76.5018,1.579,26870913.69,14.98,17.72,2.54,2.26,4845.0956
000300,沪深300指数,2026-05-26,4900.1152,4952.7412,4892.683,4947.8493,30279947600.0,899094487856.9,26.2519,0.5334,27014243.22,15.05,17.82,2.53,2.25,4921.5974
000300,沪深300指数,2026-05-27,4940.9454,4974.2108,4891.3428,4908.1714,30170917500.0,909011906950.0,-39.6779,-0.8019,26797610.23,14.92,17.68,2.55,2.26,4947.8493
000300,沪深300指数,2026-05-28,4889.2659,4922.3297,4843.2265,4914.2133,26743273100.0,819897918903.1,6.0419,0.1231,26830597.74,14.92,17.7,2.56,2.26,4908.1714
000300,沪深300指数,2026-05-29,4937.5119,4954.0703,4878.7869,4892.1213,33251861000.0,942236490058.1,-22.092,-0.4496,26709981.97,14.92,17.62,2.73,2.32,4914.2133
000300,沪深300指数,2026-06-01,4897.8968,4918.7935,4836.6851,4844.2556,29613405100.0,823984849000.1,-47.8657,-0.9784,26448644.96,14.86,17.45,2.74,2.34,4892.1213
000300,沪深300指数,2026-06-02,4860.6119,4930.2776,4831.9972,4914.5591,28173166200.0,806751344395.2,70.3035,1.4513,26832487.69,15.02,17.72,2.71,2.31,4844.2556
000300,沪深300指数,2026-06-03,4921.3445,4991.8525,4904.8969,4938.8091,30403594700.0,906047729419.0,24.25,0.4934,26964887.65,15.05,17.81,2.71,2.3,4914.5591
000300,沪深300指数,2026-06-04,4897.3164,4938.7814,4889.7456,4904.7454,26480891000.0,736143410003.4,-34.0637,-0.6897,26778906.87,14.9,17.68,2.73,2.31,4938.8091
000300,沪深300指数,2026-06-05,4886.9645,4924.3438,4798.9103,4816.9199,30192933600.0,839863796395.6,-87.8255,-1.7906,26299397.65,14.72,17.36,2.77,2.36,4904.7454
000300,沪深300指数,2026-06-08,4703.773,4779.8623,4677.5682,4713.6358,29964756500.0,761046395165.9,-103.2841,-2.1442,25735487.6,14.53,17.0,2.8,2.41,4816.9199
000300,沪深300指数,2026-06-09,4743.4505,4802.5047,4715.3907,4801.8106,25839160100.0,713286998820.9,88.1748,1.8706,26216903.79,14.7,17.31,2.77,2.36,4713.6358
000300,沪深300指数,2026-06-10,4753.1154,4786.5162,4718.9946,4748.5932,25929710900.0,694628416057.3,-53.2174,-1.1083,25926347.71,14.59,17.11,2.79,2.39,4801.8106
000300,沪深300指数,2026-06-11,4730.072,4766.1728,4685.5014,4722.4122,24717705900.0,653931756259.4,-26.181,-0.5513,25783410.71,14.53,16.97,2.8,2.4,4748.5932
000300,沪深300指数,2026-06-12,4784.6396,4809.8606,4757.5574,4777.3206,33592206300.0,871477325201.4,54.9084,1.1627,26083199.58,14.72,17.17,2.76,2.38,4722.4122
000300,沪深300指数,2026-06-15,4829.2886,4892.5502,4803.1836,4891.7126,33131607600.0,914145755804.7,114.392,2.3945,27778510.22,15.26,18.14,2.64,2.22,4777.3206
000300,沪深300指数,2026-06-16,4894.8785,4908.2817,4866.0613,4884.2322,28258474300.0,857202587478.1,-7.4804,-0.1529,27736031.37,15.18,18.1,2.65,2.22,4891.7126
000300,沪深300指数,2026-06-17,4859.7012,4933.9288,4859.7012,4931.3861,27605395000.0,850367581580.7,47.1539,0.9654,28003805.11,15.24,18.27,2.64,2.2,4884.2322
000300,沪深300指数,2026-06-18,4916.0442,4976.8909,4916.0442,4941.5986,33445990200.0,1021710711056.1,10.2125,0.2071,28061798.86,15.18,18.31,2.65,2.2,4931.3861
000300,沪深300指数,2026-06-22,4949.3457,5061.5105,4928.4582,5059.6582,37510012400.0,1145900296757.5,118.0596,2.3891,28732222.65,15.5,18.75,2.6,2.14,4941.5986
000300,沪深300指数,2026-06-23,5048.0255,5064.2654,4892.0944,4919.386,34271933600.0,1047052858821.3,-140.2722,-2.7724,27935660.39,15.18,18.23,2.65,2.21,5059.6582
000300,沪深300指数,2026-06-24,4900.3838,4953.2321,4892.2676,4943.0197,31224902500.0,964945849978.7,23.6337,0.4804,28069868.73,15.18,18.31,2.65,2.2,4919.386
000300,沪深300指数,2026-06-25,4950.9753,5031.9994,4944.876,5020.1038,34666428900.0,1110040892256.1,77.0841,1.5595,28507605.43,15.29,18.59,2.63,2.16,4943.0197
000300,沪深300指数,2026-06-26,4981.8251,4981.983,4845.1921,4868.2205,34117923800.0,1068082662086.9,-151.8833,-3.0255,27645107.83,14.88,18.02,2.71,2.23,5020.1038
000300,沪深300指数,2026-06-29,4866.0432,4928.5987,4827.149,4926.921,32321613400.0,1053723822552.5,58.7005,1.2058,27978449.62,15.02,18.23,2.68,2.2,4868.2205
000300,沪深300指数,2026-06-30,4914.4934,4987.5599,4914.4934,4979.4328,30615022600.0,985795205703.9,52.5118,1.0658,28282421.05,15.09,18.42,2.59,2.11,4926.921
000300,沪深300指数,2026-07-01,4972.6923,5017.3754,4925.6309,4958.9773,34293474700.0,1101717525968.7,-20.4555,-0.4108,28166237.22,15.09,18.35,2.59,2.12,4979.4328
000300,沪深300指数,2026-07-02,4865.1713,4896.9934,4800.4842,4812.2957,34324375800.0,1027796834232.7,-146.6816,-2.9579,27333107.98,14.75,17.81,2.65,2.18,4958.9773
000300,沪深300指数,2026-07-03,4809.4988,4890.9652,4809.4988,4842.1737,30106756800.0,942569894349.8,29.878,0.6209,27502810.54,14.86,17.93,2.64,2.17,4812.2957
000300,沪深300指数,2026-07-06,4868.5422,4878.3231,4789.7956,4841.998,29405054300.0,907946016953.4,-0.1757,-0.0036,27501812.69,14.91,17.93,2.63,2.17,4842.1737
000300,沪深300指数,2026-07-07,4813.8707,4839.5098,4756.725,4792.2624,24630599900.0,762617505588.8,-49.7356,-1.0272,27219321.63,14.79,17.75,2.65,2.19,4841.998
000300,沪深300指数,2026-07-08,4804.4837,4830.0464,4751.4045,4755.5338,24392874900.0,783248978280.6,-36.7286,-0.7664,27010709.25,14.74,17.61,2.66,2.21,4792.2624
000300,沪深300指数,2026-07-09,4774.4021,4882.8477,4734.8666,4876.3125,28162770500.0,947119396813.8,120.7787,2.5398,27696713.57,14.99,18.05,2.61,2.16,4755.5338
000300,沪深300指数,2026-07-10,4887.5355,4906.4898,4780.7468,4780.7867,30413028600.0,1083913073039.4,-95.5258,-1.959,27154143.35,14.79,17.69,2.65,2.2,4876.3125
000300,沪深300指数,2026-07-13,4745.4383,4775.2355,4670.2496,4695.383,27863485300.0,907944677889.0,-85.4037,-1.7864,26669063.26,14.64,17.39,2.68,2.24,4780.7867
000300,沪深300指数,2026-07-14,4691.1224,4796.502,4649.0444,4796.502,28325098600.0,924097145132.5,101.119,2.1536,27243403.36,14.89,17.77,2.63,2.19,4695.383
000300,沪深300指数,2026-07-15,4797.943,4826.8637,4772.0415,4786.7828,27869266900.0,858314510331.8,-9.7192,-0.2026,27188200.22,14.9,17.74,2.63,2.2,4796.502
000300,沪深300指数,2026-07-16,4711.532,4771.0573,4673.3503,4698.4344,25156097700.0,798830386821.1,-88.3484,-1.8457,26686394.68,14.67,17.41,2.67,2.24,4786.7828
000300,沪深300指数,2026-07-17,4661.6218,4663.5311,4492.085,4529.0953,30262988600.0,920822412822.0,-169.3391,-3.6042,25724573.98,14.33,16.79,2.74,2.32,4698.4344
000300,沪深300指数,2026-07-20,4575.6712,4628.7985,4521.1808,4598.3208,33311605800.0,933403207740.6,69.2255,1.5285,26117764.46,14.62,17.05,2.68,2.29,4529.0953
000300,沪深300指数,2026-07-21,4630.8532,4739.2326,4566.281,4739.2287,34540359000.0,1016727269579.4,140.9079,3.0643,26918099.83,14.86,17.57,2.64,2.22,4598.3208
000300,沪深300指数,2026-07-22,4710.6602,4772.0815,4692.833,4717.2442,28555635700.0,921519272205.4,-21.9845,-0.4639,26793231.46,14.87,17.49,2.64,2.23,4739.2287
000300,沪深300指数,2026-07-23,4735.1706,4737.5092,4698.8717,4728.0018,24733167500.0,741818580560.1,10.7576,0.228,26854333.09,14.92,17.53,2.63,2.22,4717.2442
000300,沪深300指数,2026-07-24,4685.4082,4704.0843,4642.9387,4649.1917,22126121200.0,626378644367.9,-78.8101,-1.6669,26406703.18,14.72,17.24,2.67,2.26,4728.0018
000300,沪深300指数,2026-07-27,4656.0272,4702.5249,4615.531,4702.4272,20478694100.0,604552358161.4,53.2355,1.145,26709073.29,14.85,17.44,2.64,2.24,4649.1917
000300,沪深300指数,2026-07-28,4623.7986,4646.487,4552.2287,4569.5235,21570504500.0,652026893961.9,-132.9037,-2.8263,25954200.18,14.62,16.94,2.68,2.3,4702.4272
000300,沪深300指数,2026-07-29,4582.0949,4626.7058,4516.3162,4600.2624,24808235700.0,751545094170.8,30.7389,0.6727,26128792.27,14.67,17.06,2.68,2.28,4569.5235
000300,沪深300指数,2026-07-30,4566.0467,4596.2056,4478.2093,4549.7201,27465113000.0,803696969760.2,-50.5423,-1.0987,25841719.64,14.64,16.88,2.68,2.31,4600.2624
000300,沪深300指数,2026-07-31,4623.8536,4635.5888,4588.1968,4588.1968,27924369800.0,832909109292.8,38.4767,0.8457,26060261.41,14.68,17.01,2.53,2.23,4549.7201
000300,沪深300指数,2026-08-03,4561.817,4572.588,4529.1862,4543.1781,23204258400.0,615750950335.6,-45.0187,-0.9812,25804562.13,14.55,16.84,2.55,2.25,4588.1968
000300,沪深300指数,2026-08-04,4566.9425,4613.6937,4555.2465,4600.9304,24207361100.0,698818114400.1,57.7523,1.2712,26132586.53,14.58,17.05,2.55,2.22,4543.1781
000300,沪深300指数,2026-08-05,4550.1888,4679.8585,4550.1888,4658.1549,27692191900.0,879161152444.8,57.2245,1.2438,26457612.81,14.71,17.26,2.53,2.19,4600.9304
000300,沪深300指数,2026-08-06,4621.803,4675.6455,4611.0655,4651.3098,24751073000.0,747784204223.3,-6.8451,-0.1469,26418734.05,14.73,17.23,2.52,2.2,4658.1549
000300,沪深300指数,2026-08-07,4656.0976,4706.7288,4649.5763,4694.4365,23907202000.0,788405762429.7,43.1267,0.9272,26663687.09,14.82,17.39,2.51,2.18,4651.3098
000300,沪深300指数,2026-08-10,4698.8162,4714.4648,4659.47,4702.0247,21307599600.0,733103396912.2,7.5882,0.1616,26706786.73,14.88,17.42,2.5,2.17,4694.4365
000300,沪深300指数,2026-08-11,4689.4493,4715.8812,4660.4742,4663.7887,20969909800.0,645384756136.2,-38.236,-0.8132,26489612.3,14.78,17.28,2.51,2.19,4702.0247
000300,沪深300指数,2026-08-12,4660.4658,4700.4347,4657.6933,4690.9165,18493914800.0,575326282008.4,27.1278,0.5817,26643693.71,14.8,17.38,2.51,2.18,4663.7887
000300,沪深300指数,2026-08-13,4716.9748,4727.2344,4661.8816,4663.9513,21549961500.0,690715960896.5,-26.9652,-0.5748,26490535.55,14.75,17.29,2.52,2.19,4690.9165
000300,沪深300指数,2026-08-14,4672.9752,4676.7124,4637.1282,4665.8812,17843069600.0,549769606284.4,1.9299,0.0414,26501497.34,14.73,17.3,2.52,2.19,4663.9513
000300,沪深300指数,2026-08-17,4672.2756,4742.4043,4662.715,4741.0981,19056928600.0,657601745987.5,75.2169,1.6121,26928718.11,14.9,17.57,2.49,2.16,4665.8812
000300,沪深300指数,2026-08-18,4734.0733,4744.0054,4687.5259,4725.8134,20424551400.0,619828730176.5,-15.2847,-0.3224,26841903.28,14.9,17.52,2.49,2.16,4741.0981
000300,沪深300指数,2026-08-19,4660.055,4674.3751,4568.0659,4588.6955,24407009000.0,705253505410.7,-137.1179,-2.9015,26063094.41,14.62,17.02,2.54,2.23,4725.8134
000300,沪深300指数,2026-08-20,4613.2975,4631.126,4569.2282,4592.7504,20087418900.0,554021067145.1,4.0549,0.0884,26086125.55,14.62,17.03,2.54,2.23,4588.6955
000300,沪深300指数,2026-08-21,4585.4354,4628.9996,4579.2608,4618.8952,17107589100.0,505501102128.1,26.1448,0.5693,26234623.78,14.68,17.13,2.53,2.21,4592.7504
000300,沪深300指数,2026-08-24,4620.9489,4621.3893,4527.4871,4563.1266,20661687200.0,590425593776.3,-55.7686,-1.2074,25917867.02,14.59,16.93,2.55,2.24,4618.8952
000300,沪深300指数,2026-08-25,4542.2438,4573.3777,4523.0229,4552.0326,17151016800.0,480421573871.9,-11.094,-0.2431,25854854.65,14.57,16.89,2.55,2.25,4563.1266
000300,沪深300指数,2026-08-26,4549.4321,4612.0375,4542.8425,4590.7935,18457816900.0,489057278409.9,38.7609,0.8515,26075010.34,14.68,17.03,2.53,2.23,4552.0326
000300,沪深300指数,2026-08-27,4594.4794,4631.3486,4584.9931,4630.277,20201725000.0,587120379412.9,39.4835,0.8601,26299270.82,14.77,17.17,2.52,2.21,4590.7935
000300,沪深300指数,2026-08-28,4615.8393,4643.3351,4608.4617,4609.1764,18098949500.0,549813480130.3,-21.1006,-0.4557,26179422.84,14.75,17.1,2.52,2.22,4630.277
000300,沪深300指数,2026-08-31,4561.9861,4625.0862,4557.3457,4625.0862,23744764000.0,583433867750.8,15.9098,0.3452,26269788.07,14.86,17.15,2.55,2.27,4609.1764
000300,沪深300指数,2026-09-01,4618.7337,4640.081,4604.7695,4611.4394,21486958100.0,535708359906.7,-13.6468,-0.2951,26192276.16,15.04,17.31,2.55,2.27,4625.0862
000300,沪深300指数,2026-09-02,4581.514,4583.2709,4534.3894,4547.9559,18699188800.0,474680402432.2,-63.4835,-1.3767,25837348.4,14.88,17.07,2.58,2.3,4611.4394
000300,沪深300指数,2026-09-03,4570.9115,4585.9873,4536.9247,4552.5784,18224406000.0,439940676545.4,4.6225,0.1016,25863609.21,14.87,17.09,2.58,2.3,4547.9559
000300,沪深300指数,2026-09-04,4575.3163,4602.1963,4530.7624,4548.0499,19699742800.0,517509323617.1,-4.5285,-0.0995,25837882.41,14.87,17.07,2.58,2.3,4552.5784
000300,沪深300指数,2026-09-07,4567.8945,4580.7022,4545.4107,4575.0245,18321847000.0,535811893130.1,26.9746,0.5931,25991127.35,14.87,17.17,2.58,2.29,4548.0499
000300,沪深300指数,2026-09-08,4575.9905,4587.7257,4546.3055,4558.7371,17356669400.0,492086620496.5,-16.2874,-0.356,25898597.34,14.83,17.11,2.59,2.3,4575.0245
000300,沪深300指数,2026-09-09,4578.5125,4581.9039,4548.363,4572.5995,15800443300.0,440048388790.5,13.8624,0.3041,25977350.73,14.89,17.17,2.58,2.29,4558.7371
000300,沪深300指数,2026-09-10,4550.1865,4569.8328,4533.6586,4548.3898,14692255200.0,390616200774.0,-24.2097,-0.5295,25839813.2,14.84,17.08,2.59,2.3,4572.5995
000300,沪深300指数,2026-09-11,4514.2954,4520.1695,4461.5695,4510.1554,20423002700.0,522206649512.2,-38.2344,-0.8406,25622600.29,14.74,16.94,2.61,2.32,4548.3898
