date,cash,stock_value,total_value,n_stocks,601398|工商银行,601939|建设银行,600036|招商银行,601166|兴业银行,601088|中国神华,601225|陕西煤业,600900|长江电力,600795|国电电力,600028|中国石化,000703|恒逸石化,600938|中国海油,601857|中国石油,000651|格力电器,000333|美的集团,600887|伊利股份,603156|养元饮品,600941|中国移动,601728|中国电信,601006|大秦铁路,600377|宁沪高速,002532|天山铝业,000933|神火股份
2022-06-29,10000000.0,0.0,10000000.0,0,0.0,0.0,0.0,0.0,0.0,0.0,0.0,0.0,0.0,0.0,0.0,0.0,0.0,0.0,0.0,0.0,0.0,0.0,0.0,0.0,0.0,0.0
2022-06-30,10000000.0,0.0,10000000.0,0,0.0,0.0,0.0,0.0,0.0,0.0,0.0,0.0,0.0,0.0,0.0,0.0,0.0,0.0,0.0,0.0,0.0,0.0,0.0,0.0,0.0,0.0
2022-07-01,1574.92,9928526.0,9930100.92,3,0.0,0.0,0.0,0.0,0.0,0.0,0.0,0.0,0.0,0.0,0.0,0.0,3309176.0,0.0,0.0,3283750.0,0.0,0.0,0.0,0.0,0.0,3335600.0
2022-07-04,1574.92,9887382.0,9888956.92,3,0.0,0.0,0.0,0.0,0.0,0.0,0.0,0.0,0.0,0.0,0.0,0.0,3328132.0,0.0,0.0,3276350.0,0.0,0.0,0.0,0.0,0.0,3282900.0
2022-07-05,1574.92,10110746.0,10112320.92,3,0.0,0.0,0.0,0.0,0.0,0.0,0.0,0.0,0.0,0.0,0.0,0.0,3282096.0,0.0,0.0,3217150.0,0.0,0.0,0.0,0.0,0.0,3611500.0
2022-07-06,1574.92,9832688.0,9834262.92,3,0.0,0.0,0.0,0.0,0.0,0.0,0.0,0.0,0.0,0.0,0.0,0.0,3245538.0,0.0,0.0,3161650.0,0.0,0.0,0.0,0.0,0.0,3425500.0
2022-07-07,1574.92,9852762.0,9854336.92,3,0.0,0.0,0.0,0.0,0.0,0.0,0.0,0.0,0.0,0.0,0.0,0.0,3253662.0,0.0,0.0,3130200.0,0.0,0.0,0.0,0.0,0.0,3468900.0
2022-07-08,1574.92,9824914.0,9826488.92,3,0.0,0.0,0.0,0.0,0.0,0.0,0.0,0.0,0.0,0.0,0.0,0.0,3305114.0,0.0,0.0,3119100.0,0.0,0.0,0.0,0.0,0.0,3400700.0
2022-07-11,1574.92,9715836.0,9717410.92,3,0.0,0.0,0.0,0.0,0.0,0.0,0.0,0.0,0.0,0.0,0.0,0.0,3363336.0,0.0,0.0,3100600.0,0.0,0.0,0.0,0.0,0.0,3251900.0
2022-07-12,1574.92,10005258.0,10006832.92,3,0.0,0.0,0.0,0.0,0.0,0.0,0.0,0.0,0.0,0.0,0.0,0.0,3455408.0,0.0,0.0,3065450.0,0.0,0.0,0.0,0.0,0.0,3484400.0
2022-07-13,1574.92,9980820.0,9982394.92,3,0.0,0.0,0.0,0.0,0.0,0.0,0.0,0.0,0.0,0.0,0.0,0.0,3459470.0,0.0,0.0,3061750.0,0.0,0.0,0.0,0.0,0.0,3459600.0
2022-07-14,1574.92,9864592.0,9866166.92,3,0.0,0.0,0.0,0.0,0.0,0.0,0.0,0.0,0.0,0.0,0.0,0.0,3382292.0,0.0,0.0,3059900.0,0.0,0.0,0.0,0.0,0.0,3422400.0
2022-07-15,1574.92,9777448.0,9779022.92,3,0.0,0.0,0.0,0.0,0.0,0.0,0.0,0.0,0.0,0.0,0.0,0.0,3333548.0,0.0,0.0,3052500.0,0.0,0.0,0.0,0.0,0.0,3391400.0
2022-07-18,1574.92,10135774.0,10137348.92,3,0.0,0.0,0.0,0.0,0.0,0.0,0.0,0.0,0.0,0.0,0.0,0.0,3393124.0,0.0,0.0,3069150.0,0.0,0.0,0.0,0.0,0.0,3673500.0
2022-07-19,1574.92,10123360.0,10124934.92,3,0.0,0.0,0.0,0.0,0.0,0.0,0.0,0.0,0.0,0.0,0.0,0.0,3371460.0,0.0,0.0,3078400.0,0.0,0.0,0.0,0.0,0.0,3673500.0
2022-07-20,1574.92,10257368.0,10258942.92,3,0.0,0.0,0.0,0.0,0.0,0.0,0.0,0.0,0.0,0.0,0.0,0.0,3374168.0,0.0,0.0,3104300.0,0.0,0.0,0.0,0.0,0.0,3778900.0
2022-07-21,1574.92,10067274.0,10068848.92,3,0.0,0.0,0.0,0.0,0.0,0.0,0.0,0.0,0.0,0.0,0.0,0.0,3359274.0,0.0,0.0,3056200.0,0.0,0.0,0.0,0.0,0.0,3651800.0
2022-07-22,1574.92,9972470.0,9974044.92,3,0.0,0.0,0.0,0.0,0.0,0.0,0.0,0.0,0.0,0.0,0.0,0.0,3357920.0,0.0,0.0,3024750.0,0.0,0.0,0.0,0.0,0.0,3589800.0
2022-07-25,1574.92,9954654.0,9956228.92,3,0.0,0.0,0.0,0.0,0.0,0.0,0.0,0.0,0.0,0.0,0.0,0.0,3386354.0,0.0,0.0,2978500.0,0.0,0.0,0.0,0.0,0.0,3589800.0
2022-07-26,1574.92,9979826.0,9981400.92,3,0.0,0.0,0.0,0.0,0.0,0.0,0.0,0.0,0.0,0.0,0.0,0.0,3376876.0,0.0,0.0,2991450.0,0.0,0.0,0.0,0.0,0.0,3611500.0
2022-07-27,1574.92,9986814.0,9988388.92,3,0.0,0.0,0.0,0.0,0.0,0.0,0.0,0.0,0.0,0.0,0.0,0.0,3305114.0,0.0,0.0,2989600.0,0.0,0.0,0.0,0.0,0.0,3692100.0
2022-07-28,1574.92,10060336.0,10061910.92,3,0.0,0.0,0.0,0.0,0.0,0.0,0.0,0.0,0.0,0.0,0.0,0.0,3295636.0,0.0,0.0,3004400.0,0.0,0.0,0.0,0.0,0.0,3760300.0
2022-07-29,1574.92,9988120.0,9989694.92,3,0.0,0.0,0.0,0.0,0.0,0.0,0.0,0.0,0.0,0.0,0.0,0.0,3290220.0,0.0,0.0,2974800.0,0.0,0.0,0.0,0.0,0.0,3723100.0
2022-08-01,1574.92,10079248.0,10080822.92,3,0.0,0.0,0.0,0.0,0.0,0.0,0.0,0.0,0.0,0.0,0.0,0.0,3265848.0,0.0,0.0,2941500.0,0.0,0.0,0.0,0.0,0.0,3871900.0
2022-08-02,1574.92,9869362.0,9870936.92,3,0.0,0.0,0.0,0.0,0.0,0.0,0.0,0.0,0.0,0.0,0.0,0.0,3152112.0,0.0,0.0,2836050.0,0.0,0.0,0.0,0.0,0.0,3881200.0
2022-08-03,1574.92,9740200.0,9741774.92,3,0.0,0.0,0.0,0.0,0.0,0.0,0.0,0.0,0.0,0.0,0.0,0.0,3148050.0,0.0,0.0,2810150.0,0.0,0.0,0.0,0.0,0.0,3782000.0
2022-08-04,1574.92,9697100.0,9698674.92,3,0.0,0.0,0.0,0.0,0.0,0.0,0.0,0.0,0.0,0.0,0.0,0.0,3181900.0,0.0,0.0,2823100.0,0.0,0.0,0.0,0.0,0.0,3692100.0
2022-08-05,1574.92,9836318.0,9837892.92,3,0.0,0.0,0.0,0.0,0.0,0.0,0.0,0.0,0.0,0.0,0.0,0.0,3238768.0,0.0,0.0,2843450.0,0.0,0.0,0.0,0.0,0.0,3754100.0
2022-08-08,1574.92,9932012.0,9933586.92,3,0.0,0.0,0.0,0.0,0.0,0.0,0.0,0.0,0.0,0.0,0.0,0.0,3219812.0,0.0,0.0,2852700.0,0.0,0.0,0.0,0.0,0.0,3859500.0
2022-08-09,1574.92,10202932.0,10204506.92,3,0.0,0.0,0.0,0.0,0.0,0.0,0.0,0.0,0.0,0.0,0.0,0.0,3226582.0,0.0,0.0,2847150.0,0.0,0.0,0.0,0.0,0.0,4129200.0
2022-08-10,1574.92,10128122.0,10129696.92,3,0.0,0.0,0.0,0.0,0.0,0.0,0.0,0.0,0.0,0.0,0.0,0.0,3206272.0,0.0,0.0,2836050.0,0.0,0.0,0.0,0.0,0.0,4085800.0
2022-08-11,1574.92,10273500.0,10275074.92,3,0.0,0.0,0.0,0.0,0.0,0.0,0.0,0.0,0.0,0.0,0.0,0.0,3249600.0,0.0,0.0,2882300.0,0.0,0.0,0.0,0.0,0.0,4141600.0
2022-08-12,1574.92,10526866.0,10528440.92,3,0.0,0.0,0.0,0.0,0.0,0.0,0.0,0.0,0.0,0.0,0.0,0.0,3255016.0,0.0,0.0,2891550.0,0.0,0.0,0.0,0.0,0.0,4380300.0
2022-08-15,1574.92,10549716.0,10551290.92,3,0.0,0.0,0.0,0.0,0.0,0.0,0.0,0.0,0.0,0.0,0.0,0.0,3255016.0,0.0,0.0,2908200.0,0.0,0.0,0.0,0.0,0.0,4386500.0
2022-08-16,1574.92,10592208.0,10593782.92,3,0.0,0.0,0.0,0.0,0.0,0.0,0.0,0.0,0.0,0.0,0.0,0.0,3252308.0,0.0,0.0,2919300.0,0.0,0.0,0.0,0.0,0.0,4420600.0
2022-08-17,1574.92,10591994.0,10593568.92,3,0.0,0.0,0.0,0.0,0.0,0.0,0.0,0.0,0.0,0.0,0.0,0.0,3264494.0,0.0,0.0,2919300.0,0.0,0.0,0.0,0.0,0.0,4408200.0
2022-08-18,1574.92,10486226.0,10487800.92,3,0.0,0.0,0.0,0.0,0.0,0.0,0.0,0.0,0.0,0.0,0.0,0.0,3207626.0,0.0,0.0,2904500.0,0.0,0.0,0.0,0.0,0.0,4374100.0
2022-08-19,1574.92,10495884.0,10497458.92,3,0.0,0.0,0.0,0.0,0.0,0.0,0.0,0.0,0.0,0.0,0.0,0.0,3210334.0,0.0,0.0,2880450.0,0.0,0.0,0.0,0.0,0.0,4405100.0
2022-08-22,1574.92,10570242.0,10571816.92,3,0.0,0.0,0.0,0.0,0.0,0.0,0.0,0.0,0.0,0.0,0.0,0.0,3213042.0,0.0,0.0,2815700.0,0.0,0.0,0.0,0.0,0.0,4541500.0
2022-08-23,1574.92,10307012.0,10308586.92,3,0.0,0.0,0.0,0.0,0.0,0.0,0.0,0.0,0.0,0.0,0.0,0.0,3185962.0,0.0,0.0,2802750.0,0.0,0.0,0.0,0.0,0.0,4318300.0
2022-08-24,1574.92,10242252.0,10243826.92,3,0.0,0.0,0.0,0.0,0.0,0.0,0.0,0.0,0.0,0.0,0.0,0.0,3165652.0,0.0,0.0,2767600.0,0.0,0.0,0.0,0.0,0.0,4309000.0
2022-08-25,1574.92,10716852.0,10718426.92,3,0.0,0.0,0.0,0.0,0.0,0.0,0.0,0.0,0.0,0.0,0.0,0.0,3199502.0,0.0,0.0,2780550.0,0.0,0.0,0.0,0.0,0.0,4736800.0
2022-08-26,1574.92,10758488.0,10760062.92,3,0.0,0.0,0.0,0.0,0.0,0.0,0.0,0.0,0.0,0.0,0.0,0.0,3177838.0,0.0,0.0,2769450.0,0.0,0.0,0.0,0.0,0.0,4811200.0
2022-08-29,1574.92,10827644.0,10829218.92,3,0.0,0.0,0.0,0.0,0.0,0.0,0.0,0.0,0.0,0.0,0.0,0.0,3196794.0,0.0,0.0,2773150.0,0.0,0.0,0.0,0.0,0.0,4857700.0
2022-08-30,1574.92,10548062.0,10549636.92,3,0.0,0.0,0.0,0.0,0.0,0.0,0.0,0.0,0.0,0.0,0.0,0.0,3219812.0,0.0,0.0,2780550.0,0.0,0.0,0.0,0.0,0.0,4547700.0
2022-08-31,1574.92,10344340.0,10345914.92,3,0.0,0.0,0.0,0.0,0.0,0.0,0.0,0.0,0.0,0.0,0.0,0.0,3364690.0,0.0,0.0,2810150.0,0.0,0.0,0.0,0.0,0.0,4169500.0
2022-09-01,1574.92,10586978.0,10588552.92,3,0.0,0.0,0.0,0.0,0.0,0.0,0.0,0.0,0.0,0.0,0.0,0.0,3462178.0,0.0,0.0,2797200.0,0.0,0.0,0.0,0.0,0.0,4327600.0
2022-09-02,1574.92,10559930.0,10561504.92,3,0.0,0.0,0.0,0.0,0.0,0.0,0.0,0.0,0.0,0.0,0.0,0.0,3479780.0,0.0,0.0,2799050.0,0.0,0.0,0.0,0.0,0.0,4281100.0
2022-09-05,1574.92,10619088.0,10620662.92,3,0.0,0.0,0.0,0.0,0.0,0.0,0.0,0.0,0.0,0.0,0.0,0.0,3516338.0,0.0,0.0,2747250.0,0.0,0.0,0.0,0.0,0.0,4355500.0
2022-09-06,1574.92,10809874.0,10811448.92,3,0.0,0.0,0.0,0.0,0.0,0.0,0.0,0.0,0.0,0.0,0.0,0.0,3494674.0,0.0,0.0,2786100.0,0.0,0.0,0.0,0.0,0.0,4529100.0
2022-09-07,1574.92,11219964.0,11221538.92,3,0.0,0.0,0.0,0.0,0.0,0.0,0.0,0.0,0.0,0.0,0.0,0.0,3474364.0,0.0,0.0,2763900.0,0.0,0.0,0.0,0.0,0.0,4981700.0
2022-09-08,1574.92,11223732.0,11225306.92,3,0.0,0.0,0.0,0.0,0.0,0.0,0.0,0.0,0.0,0.0,0.0,0.0,3497382.0,0.0,0.0,2769450.0,0.0,0.0,0.0,0.0,0.0,4956900.0
2022-09-09,1574.92,11550446.0,11552020.92,3,0.0,0.0,0.0,0.0,0.0,0.0,0.0,0.0,0.0,0.0,0.0,0.0,3654446.0,0.0,0.0,2812000.0,0.0,0.0,0.0,0.0,0.0,5084000.0
2022-09-13,1574.92,11556544.0,11558118.92,3,0.0,0.0,0.0,0.0,0.0,0.0,0.0,0.0,0.0,0.0,0.0,0.0,3704544.0,0.0,0.0,2808300.0,0.0,0.0,0.0,0.0,0.0,5043700.0
2022-09-14,1574.92,11490722.0,11492296.92,3,0.0,0.0,0.0,0.0,0.0,0.0,0.0,0.0,0.0,0.0,0.0,0.0,3680172.0,0.0,0.0,2791650.0,0.0,0.0,0.0,0.0,0.0,5018900.0
2022-09-15,1574.92,11261678.0,11263252.92,3,0.0,0.0,0.0,0.0,0.0,0.0,0.0,0.0,0.0,0.0,0.0,0.0,3699128.0,0.0,0.0,2791650.0,0.0,0.0,0.0,0.0,0.0,4770900.0
2022-09-16,1574.92,10984568.0,10986142.92,3,0.0,0.0,0.0,0.0,0.0,0.0,0.0,0.0,0.0,0.0,0.0,0.0,3644968.0,0.0,0.0,2745400.0,0.0,0.0,0.0,0.0,0.0,4594200.0
2022-09-19,1574.92,11018478.0,11020052.92,3,0.0,0.0,0.0,0.0,0.0,0.0,0.0,0.0,0.0,0.0,0.0,0.0,3631428.0,0.0,0.0,2684350.0,0.0,0.0,0.0,0.0,0.0,4702700.0
2022-09-20,1574.92,11006048.0,11007622.92,3,0.0,0.0,0.0,0.0,0.0,0.0,0.0,0.0,0.0,0.0,0.0,0.0,3604348.0,0.0,0.0,2726900.0,0.0,0.0,0.0,0.0,0.0,4674800.0
2022-09-21,1574.92,11032946.0,11034520.92,3,0.0,0.0,0.0,0.0,0.0,0.0,0.0,0.0,0.0,0.0,0.0,0.0,3620596.0,0.0,0.0,2706550.0,0.0,0.0,0.0,0.0,0.0,4705800.0
2022-09-22,1574.92,10912962.0,10914536.92,3,0.0,0.0,0.0,0.0,0.0,0.0,0.0,0.0,0.0,0.0,0.0,0.0,3490612.0,0.0,0.0,2691750.0,0.0,0.0,0.0,0.0,0.0,4730600.0
2022-09-23,1574.92,10713050.0,10714624.92,3,0.0,0.0,0.0,0.0,0.0,0.0,0.0,0.0,0.0,0.0,0.0,0.0,3486550.0,0.0,0.0,2678800.0,0.0,0.0,0.0,0.0,0.0,4547700.0
2022-09-26,1574.92,10576582.0,10578156.92,3,0.0,0.0,0.0,0.0,0.0,0.0,0.0,0.0,0.0,0.0,0.0,0.0,3463532.0,0.0,0.0,2676950.0,0.0,0.0,0.0,0.0,0.0,4436100.0
2022-09-27,1574.92,10606816.0,10608390.92,3,0.0,0.0,0.0,0.0,0.0,0.0,0.0,0.0,0.0,0.0,0.0,0.0,3525816.0,0.0,0.0,2756500.0,0.0,0.0,0.0,0.0,0.0,4324500.0
2022-09-28,1574.92,10314626.0,10316200.92,3,0.0,0.0,0.0,0.0,0.0,0.0,0.0,0.0,0.0,0.0,0.0,0.0,3478426.0,0.0,0.0,2738000.0,0.0,0.0,0.0,0.0,0.0,4098200.0
2022-09-29,1574.92,10400086.0,10401660.92,3,0.0,0.0,0.0,0.0,0.0,0.0,0.0,0.0,0.0,0.0,0.0,0.0,3431036.0,0.0,0.0,2706550.0,0.0,0.0,0.0,0.0,0.0,4262500.0
2022-09-30,1574.92,10488796.0,10490370.92,3,0.0,0.0,0.0,0.0,0.0,0.0,0.0,0.0,0.0,0.0,0.0,0.0,3417496.0,0.0,0.0,2715800.0,0.0,0.0,0.0,0.0,0.0,4355500.0
2022-10-10,932.56,10479056.0,10479988.56,3,0.0,0.0,0.0,0.0,0.0,3552234.0,0.0,0.0,0.0,0.0,0.0,0.0,3475822.0,0.0,0.0,3451000.0,0.0,0.0,0.0,0.0,0.0,0.0
2022-10-11,932.56,10394964.0,10395896.56,3,0.0,0.0,0.0,0.0,0.0,3462562.0,0.0,0.0,0.0,0.0,0.0,0.0,3448082.0,0.0,0.0,3484320.0,0.0,0.0,0.0,0.0,0.0,0.0
2022-10-12,932.56,10447705.0,10448637.56,3,0.0,0.0,0.0,0.0,0.0,3470714.0,0.0,0.0,0.0,0.0,0.0,0.0,3485531.0,0.0,0.0,3491460.0,0.0,0.0,0.0,0.0,0.0,0.0
2022-10-13,932.56,10223229.0,10224161.56,3,0.0,0.0,0.0,0.0,0.0,3321940.0,0.0,0.0,0.0,0.0,0.0,0.0,3421729.0,0.0,0.0,3479560.0,0.0,0.0,0.0,0.0,0.0,0.0
2022-10-14,932.56,10417769.0,10418701.56,3,0.0,0.0,0.0,0.0,0.0,3360662.0,0.0,0.0,0.0,0.0,0.0,0.0,3496627.0,0.0,0.0,3560480.0,0.0,0.0,0.0,0.0,0.0,0.0
2022-10-17,932.56,10363172.0,10364104.56,3,0.0,0.0,0.0,0.0,0.0,3313788.0,0.0,0.0,0.0,0.0,0.0,0.0,3484144.0,0.0,0.0,3565240.0,0.0,0.0,0.0,0.0,0.0,0.0
2022-10-18,932.56,10362297.0,10363229.56,3,0.0,0.0,0.0,0.0,0.0,3303598.0,0.0,0.0,0.0,0.0,0.0,0.0,3491079.0,0.0,0.0,3567620.0,0.0,0.0,0.0,0.0,0.0,0.0
2022-10-19,932.56,10222713.0,10223645.56,3,0.0,0.0,0.0,0.0,0.0,3330092.0,0.0,0.0,0.0,0.0,0.0,0.0,3360701.0,0.0,0.0,3531920.0,0.0,0.0,0.0,0.0,0.0,0.0
2022-10-20,932.56,10103803.0,10104735.56,3,0.0,0.0,0.0,0.0,0.0,3287294.0,0.0,0.0,0.0,0.0,0.0,0.0,3310769.0,0.0,0.0,3505740.0,0.0,0.0,0.0,0.0,0.0,0.0
2022-10-21,932.56,10131514.0,10132446.56,3,0.0,0.0,0.0,0.0,0.0,3321940.0,0.0,0.0,0.0,0.0,0.0,0.0,3303834.0,0.0,0.0,3505740.0,0.0,0.0,0.0,0.0,0.0,0.0
2022-10-24,932.56,9886522.0,9887454.56,3,0.0,0.0,0.0,0.0,0.0,3236344.0,0.0,0.0,0.0,0.0,0.0,0.0,3237258.0,0.0,0.0,3412920.0,0.0,0.0,0.0,0.0,0.0,0.0
2022-10-25,932.56,9814116.0,9815048.56,3,0.0,0.0,0.0,0.0,0.0,3183356.0,0.0,0.0,0.0,0.0,0.0,0.0,3217840.0,0.0,0.0,3412920.0,0.0,0.0,0.0,0.0,0.0,0.0
2022-10-26,932.56,9859827.0,9860759.56,3,0.0,0.0,0.0,0.0,0.0,3150748.0,0.0,0.0,0.0,0.0,0.0,0.0,3241419.0,0.0,0.0,3467660.0,0.0,0.0,0.0,0.0,0.0,0.0
2022-10-27,932.56,10061825.0,10062757.56,3,0.0,0.0,0.0,0.0,0.0,3244496.0,0.0,0.0,0.0,0.0,0.0,0.0,3283029.0,0.0,0.0,3534300.0,0.0,0.0,0.0,0.0,0.0,0.0
2022-10-28,932.56,9949802.0,9950734.56,3,0.0,0.0,0.0,0.0,0.0,3289332.0,0.0,0.0,0.0,0.0,0.0,0.0,3259450.0,0.0,0.0,3401020.0,0.0,0.0,0.0,0.0,0.0,0.0
2022-10-31,932.56,9590530.0,9591462.56,3,0.0,0.0,0.0,0.0,0.0,3050886.0,0.0,0.0,0.0,0.0,0.0,0.0,3095784.0,0.0,0.0,3443860.0,0.0,0.0,0.0,0.0,0.0,0.0
2022-11-01,932.56,9709364.0,9710296.56,3,0.0,0.0,0.0,0.0,0.0,2973442.0,0.0,0.0,0.0,0.0,0.0,0.0,3170682.0,0.0,0.0,3565240.0,0.0,0.0,0.0,0.0,0.0,0.0
2022-11-02,932.56,9814364.0,9815296.56,3,0.0,0.0,0.0,0.0,0.0,3073304.0,0.0,0.0,0.0,0.0,0.0,0.0,3190100.0,0.0,0.0,3550960.0,0.0,0.0,0.0,0.0,0.0,0.0
2022-11-03,932.56,9759788.0,9760720.56,3,0.0,0.0,0.0,0.0,0.0,3048848.0,0.0,0.0,0.0,0.0,0.0,0.0,3162360.0,0.0,0.0,3548580.0,0.0,0.0,0.0,0.0,0.0,0.0
2022-11-04,932.56,10080050.0,10080982.56,3,0.0,0.0,0.0,0.0,0.0,3205774.0,0.0,0.0,0.0,0.0,0.0,0.0,3256676.0,0.0,0.0,3617600.0,0.0,0.0,0.0,0.0,0.0,0.0
2022-11-07,932.56,10185236.0,10186168.56,3,0.0,0.0,0.0,0.0,0.0,3297484.0,0.0,0.0,0.0,0.0,0.0,0.0,3267772.0,0.0,0.0,3619980.0,0.0,0.0,0.0,0.0,0.0,0.0
2022-11-08,932.56,10158112.0,10159044.56,3,0.0,0.0,0.0,0.0,0.0,3291370.0,0.0,0.0,0.0,0.0,0.0,0.0,3253902.0,0.0,0.0,3612840.0,0.0,0.0,0.0,0.0,0.0,0.0
2022-11-09,932.56,10060543.0,10061475.56,3,0.0,0.0,0.0,0.0,0.0,3181318.0,0.0,0.0,0.0,0.0,0.0,0.0,3266385.0,0.0,0.0,3612840.0,0.0,0.0,0.0,0.0,0.0,0.0
2022-11-10,932.56,10044663.0,10045595.56,3,0.0,0.0,0.0,0.0,0.0,3150748.0,0.0,0.0,0.0,0.0,0.0,0.0,3252515.0,0.0,0.0,3641400.0,0.0,0.0,0.0,0.0,0.0,0.0
2022-11-11,932.56,10203424.0,10204356.56,3,0.0,0.0,0.0,0.0,0.0,3209850.0,0.0,0.0,0.0,0.0,0.0,0.0,3359314.0,0.0,0.0,3634260.0,0.0,0.0,0.0,0.0,0.0,0.0
2022-11-14,932.56,10161620.0,10162552.56,3,0.0,0.0,0.0,0.0,0.0,3073304.0,0.0,0.0,0.0,0.0,0.0,0.0,3423116.0,0.0,0.0,3665200.0,0.0,0.0,0.0,0.0,0.0,0.0
2022-11-15,932.56,10278142.0,10279074.56,3,0.0,0.0,0.0,0.0,0.0,3085532.0,0.0,0.0,0.0,0.0,0.0,0.0,3453630.0,0.0,0.0,3738980.0,0.0,0.0,0.0,0.0,0.0,0.0
2022-11-16,932.56,10306796.0,10307728.56,3,0.0,0.0,0.0,0.0,0.0,3132406.0,0.0,0.0,0.0,0.0,0.0,0.0,3425890.0,0.0,0.0,3748500.0,0.0,0.0,0.0,0.0,0.0,0.0
2022-11-17,932.56,10133257.0,10134189.56,3,0.0,0.0,0.0,0.0,0.0,2955100.0,0.0,0.0,0.0,0.0,0.0,0.0,3427277.0,0.0,0.0,3750880.0,0.0,0.0,0.0,0.0,0.0,0.0
2022-11-18,932.56,10154696.0,10155628.56,3,0.0,0.0,0.0,0.0,0.0,2963252.0,0.0,0.0,0.0,0.0,0.0,0.0,3428664.0,0.0,0.0,3762780.0,0.0,0.0,0.0,0.0,0.0,0.0
2022-11-21,932.56,10026539.0,10027471.56,3,0.0,0.0,0.0,0.0,0.0,2922492.0,0.0,0.0,0.0,0.0,0.0,0.0,3357927.0,0.0,0.0,3746120.0,0.0,0.0,0.0,0.0,0.0,0.0
2022-11-22,932.56,10066328.0,10067260.56,3,0.0,0.0,0.0,0.0,0.0,2979556.0,0.0,0.0,0.0,0.0,0.0,0.0,3378732.0,0.0,0.0,3708040.0,0.0,0.0,0.0,0.0,0.0,0.0
2022-11-23,932.56,10048439.0,10049371.56,3,0.0,0.0,0.0,0.0,0.0,2999936.0,0.0,0.0,0.0,0.0,0.0,0.0,3369023.0,0.0,0.0,3679480.0,0.0,0.0,0.0,0.0,0.0,0.0
2022-11-24,932.56,10088876.0,10089808.56,3,0.0,0.0,0.0,0.0,0.0,3050886.0,0.0,0.0,0.0,0.0,0.0,0.0,3370410.0,0.0,0.0,3667580.0,0.0,0.0,0.0,0.0,0.0,0.0
2022-11-25,932.56,10287780.0,10288712.56,3,0.0,0.0,0.0,0.0,0.0,3162976.0,0.0,0.0,0.0,0.0,0.0,0.0,3428664.0,0.0,0.0,3696140.0,0.0,0.0,0.0,0.0,0.0,0.0
2022-11-28,932.56,10185332.0,10186264.56,3,0.0,0.0,0.0,0.0,0.0,3069228.0,0.0,0.0,0.0,0.0,0.0,0.0,3400924.0,0.0,0.0,3715180.0,0.0,0.0,0.0,0.0,0.0,0.0
2022-11-29,932.56,10335247.0,10336179.56,3,0.0,0.0,0.0,0.0,0.0,3079418.0,0.0,0.0,0.0,0.0,0.0,0.0,3504949.0,0.0,0.0,3750880.0,0.0,0.0,0.0,0.0,0.0,0.0
2022-11-30,932.56,10328486.0,10329418.56,3,0.0,0.0,0.0,0.0,0.0,3099798.0,0.0,0.0,0.0,0.0,0.0,0.0,3473048.0,0.0,0.0,3755640.0,0.0,0.0,0.0,0.0,0.0,0.0
2022-12-01,932.56,10330472.0,10331404.56,3,0.0,0.0,0.0,0.0,0.0,3012164.0,0.0,0.0,0.0,0.0,0.0,0.0,3500788.0,0.0,0.0,3817520.0,0.0,0.0,0.0,0.0,0.0,0.0
2022-12-02,932.56,10285253.0,10286185.56,3,0.0,0.0,0.0,0.0,0.0,2944910.0,0.0,0.0,0.0,0.0,0.0,0.0,3479983.0,0.0,0.0,3860360.0,0.0,0.0,0.0,0.0,0.0,0.0
2022-12-05,932.56,10411297.0,10412229.56,3,0.0,0.0,0.0,0.0,0.0,3032544.0,0.0,0.0,0.0,0.0,0.0,0.0,3549333.0,0.0,0.0,3829420.0,0.0,0.0,0.0,0.0,0.0,0.0
2022-12-06,932.56,10472602.0,10473534.56,3,0.0,0.0,0.0,0.0,0.0,3063114.0,0.0,0.0,0.0,0.0,0.0,0.0,3556268.0,0.0,0.0,3853220.0,0.0,0.0,0.0,0.0,0.0,0.0
2022-12-07,932.56,10598862.0,10599794.56,3,0.0,0.0,0.0,0.0,0.0,2979556.0,0.0,0.0,0.0,0.0,0.0,0.0,3575686.0,0.0,0.0,4043620.0,0.0,0.0,0.0,0.0,0.0,0.0
2022-12-08,932.56,10797159.0,10798091.56,3,0.0,0.0,0.0,0.0,0.0,2999936.0,0.0,0.0,0.0,0.0,0.0,0.0,3563203.0,0.0,0.0,4234020.0,0.0,0.0,0.0,0.0,0.0,0.0
2022-12-09,932.56,10746951.0,10747883.56,3,0.0,0.0,0.0,0.0,0.0,3024392.0,0.0,0.0,0.0,0.0,0.0,0.0,3657519.0,0.0,0.0,4065040.0,0.0,0.0,0.0,0.0,0.0,0.0
2022-12-12,932.56,10654682.0,10655614.56,3,0.0,0.0,0.0,0.0,0.0,2902112.0,0.0,0.0,0.0,0.0,0.0,0.0,3592330.0,0.0,0.0,4160240.0,0.0,0.0,0.0,0.0,0.0,0.0
2022-12-13,932.56,10668795.0,10669727.56,3,0.0,0.0,0.0,0.0,0.0,2918416.0,0.0,0.0,0.0,0.0,0.0,0.0,3602039.0,0.0,0.0,4148340.0,0.0,0.0,0.0,0.0,0.0,0.0
2022-12-14,932.56,10733782.0,10734714.56,3,0.0,0.0,0.0,0.0,0.0,2953062.0,0.0,0.0,0.0,0.0,0.0,0.0,3606200.0,0.0,0.0,4174520.0,0.0,0.0,0.0,0.0,0.0,0.0
2022-12-15,932.56,10632353.0,10633285.56,3,0.0,0.0,0.0,0.0,0.0,2904150.0,0.0,0.0,0.0,0.0,0.0,0.0,3563203.0,0.0,0.0,4165000.0,0.0,0.0,0.0,0.0,0.0,0.0
2022-12-16,932.56,10654621.0,10655553.56,3,0.0,0.0,0.0,0.0,0.0,2936758.0,0.0,0.0,0.0,0.0,0.0,0.0,3590943.0,0.0,0.0,4126920.0,0.0,0.0,0.0,0.0,0.0,0.0
2022-12-19,932.56,10475949.0,10476881.56,3,0.0,0.0,0.0,0.0,0.0,2869504.0,0.0,0.0,0.0,0.0,0.0,0.0,3543785.0,0.0,0.0,4062660.0,0.0,0.0,0.0,0.0,0.0,0.0
2022-12-20,932.56,10324580.0,10325512.56,3,0.0,0.0,0.0,0.0,0.0,2851162.0,0.0,0.0,0.0,0.0,0.0,0.0,3486918.0,0.0,0.0,3986500.0,0.0,0.0,0.0,0.0,0.0,0.0
2022-12-21,932.56,10364644.0,10365576.56,3,0.0,0.0,0.0,0.0,0.0,2836896.0,0.0,0.0,0.0,0.0,0.0,0.0,3500788.0,0.0,0.0,4026960.0,0.0,0.0,0.0,0.0,0.0,0.0
2022-12-22,932.56,10396038.0,10396970.56,3,0.0,0.0,0.0,0.0,0.0,2781870.0,0.0,0.0,0.0,0.0,0.0,0.0,3556268.0,0.0,0.0,4057900.0,0.0,0.0,0.0,0.0,0.0,0.0
2022-12-23,932.56,10431042.0,10431974.56,3,0.0,0.0,0.0,0.0,0.0,2814478.0,0.0,0.0,0.0,0.0,0.0,0.0,3539624.0,0.0,0.0,4076940.0,0.0,0.0,0.0,0.0,0.0,0.0
2022-12-26,932.56,10414426.0,10415358.56,3,0.0,0.0,0.0,0.0,0.0,2873580.0,0.0,0.0,0.0,0.0,0.0,0.0,3492466.0,0.0,0.0,4048380.0,0.0,0.0,0.0,0.0,0.0,0.0
2022-12-27,932.56,10510198.0,10511130.56,3,0.0,0.0,0.0,0.0,0.0,2895998.0,0.0,0.0,0.0,0.0,0.0,0.0,3522980.0,0.0,0.0,4091220.0,0.0,0.0,0.0,0.0,0.0,0.0
2022-12-28,932.56,10457729.0,10458661.56,3,0.0,0.0,0.0,0.0,0.0,2869504.0,0.0,0.0,0.0,0.0,0.0,0.0,3516045.0,0.0,0.0,4072180.0,0.0,0.0,0.0,0.0,0.0,0.0
2022-12-29,932.56,10378029.0,10378961.56,3,0.0,0.0,0.0,0.0,0.0,2824668.0,0.0,0.0,0.0,0.0,0.0,0.0,3471661.0,0.0,0.0,4081700.0,0.0,0.0,0.0,0.0,0.0,0.0
2022-12-30,932.56,10526590.0,10527522.56,3,0.0,0.0,0.0,0.0,0.0,2855238.0,0.0,0.0,0.0,0.0,0.0,0.0,3489692.0,0.0,0.0,4181660.0,0.0,0.0,0.0,0.0,0.0,0.0
2023-01-03,1037.58,10591855.0,10592892.58,3,0.0,0.0,0.0,0.0,3532605.0,3555200.0,0.0,0.0,0.0,0.0,0.0,0.0,3504050.0,0.0,0.0,0.0,0.0,0.0,0.0,0.0,0.0,0.0
2023-01-04,1037.58,10565525.0,10566562.58,3,0.0,0.0,0.0,0.0,3497295.0,3476925.0,0.0,0.0,0.0,0.0,0.0,0.0,3591305.0,0.0,0.0,0.0,0.0,0.0,0.0,0.0,0.0,0.0
2023-01-05,1037.58,10662715.0,10663752.58,3,0.0,0.0,0.0,0.0,3481245.0,3494600.0,0.0,0.0,0.0,0.0,0.0,0.0,3686870.0,0.0,0.0,0.0,0.0,0.0,0.0,0.0,0.0,0.0
2023-01-06,1037.58,10766865.0,10767902.58,3,0.0,0.0,0.0,0.0,3482850.0,3608225.0,0.0,0.0,0.0,0.0,0.0,0.0,3675790.0,0.0,0.0,0.0,0.0,0.0,0.0,0.0,0.0,0.0
2023-01-09,1037.58,10815975.0,10817012.58,3,0.0,0.0,0.0,0.0,3494085.0,3646100.0,0.0,0.0,0.0,0.0,0.0,0.0,3675790.0,0.0,0.0,0.0,0.0,0.0,0.0,0.0,0.0,0.0
2023-01-10,1037.58,10754740.0,10755777.58,3,0.0,0.0,0.0,0.0,3460380.0,3615800.0,0.0,0.0,0.0,0.0,0.0,0.0,3678560.0,0.0,0.0,0.0,0.0,0.0,0.0,0.0,0.0,0.0
2023-01-11,1037.58,11084125.0,11085162.58,3,0.0,0.0,0.0,0.0,3635325.0,3737000.0,0.0,0.0,0.0,0.0,0.0,0.0,3711800.0,0.0,0.0,0.0,0.0,0.0,0.0,0.0,0.0,0.0
2023-01-12,1037.58,11052725.0,11053762.58,3,0.0,0.0,0.0,0.0,3632115.0,3742050.0,0.0,0.0,0.0,0.0,0.0,0.0,3678560.0,0.0,0.0,0.0,0.0,0.0,0.0,0.0,0.0,0.0
2023-01-13,1037.58,11123830.0,11124867.58,3,0.0,0.0,0.0,0.0,3654585.0,3754675.0,0.0,0.0,0.0,0.0,0.0,0.0,3714570.0,0.0,0.0,0.0,0.0,0.0,0.0,0.0,0.0,0.0
2023-01-16,1037.58,11169490.0,11170527.58,3,0.0,0.0,0.0,0.0,3609645.0,3734475.0,0.0,0.0,0.0,0.0,0.0,0.0,3825370.0,0.0,0.0,0.0,0.0,0.0,0.0,0.0,0.0,0.0
2023-01-17,1037.58,11205500.0,11206537.58,3,0.0,0.0,0.0,0.0,3614460.0,3769825.0,0.0,0.0,0.0,0.0,0.0,0.0,3821215.0,0.0,0.0,0.0,0.0,0.0,0.0,0.0,0.0,0.0
2023-01-18,1037.58,11168885.0,11169922.58,3,0.0,0.0,0.0,0.0,3595200.0,3777400.0,0.0,0.0,0.0,0.0,0.0,0.0,3796285.0,0.0,0.0,0.0,0.0,0.0,0.0,0.0,0.0,0.0
2023-01-19,1037.58,11172940.0,11173977.58,3,0.0,0.0,0.0,0.0,3601620.0,3787500.0,0.0,0.0,0.0,0.0,0.0,0.0,3783820.0,0.0,0.0,0.0,0.0,0.0,0.0,0.0,0.0,0.0
2023-01-20,1037.58,11209385.0,11210422.58,3,0.0,0.0,0.0,0.0,3620880.0,3810225.0,0.0,0.0,0.0,0.0,0.0,0.0,3778280.0,0.0,0.0,0.0,0.0,0.0,0.0,0.0,0.0,0.0
2023-01-30,1037.58,11039155.0,11040192.58,3,0.0,0.0,0.0,0.0,3539025.0,3721850.0,0.0,0.0,0.0,0.0,0.0,0.0,3778280.0,0.0,0.0,0.0,0.0,0.0,0.0,0.0,0.0,0.0
2023-01-31,1037.58,11036565.0,11037602.58,3,0.0,0.0,0.0,0.0,3580755.0,3721850.0,0.0,0.0,0.0,0.0,0.0,0.0,3733960.0,0.0,0.0,0.0,0.0,0.0,0.0,0.0,0.0,0.0
2023-02-01,1037.58,11035160.0,11036197.58,3,0.0,0.0,0.0,0.0,3566310.0,3701650.0,0.0,0.0,0.0,0.0,0.0,0.0,3767200.0,0.0,0.0,0.0,0.0,0.0,0.0,0.0,0.0,0.0
2023-02-02,1037.58,11088345.0,11089382.58,3,0.0,0.0,0.0,0.0,3593595.0,3734475.0,0.0,0.0,0.0,0.0,0.0,0.0,3760275.0,0.0,0.0,0.0,0.0,0.0,0.0,0.0,0.0,0.0
2023-02-03,1037.58,10970285.0,10971322.58,3,0.0,0.0,0.0,0.0,3563100.0,3666300.0,0.0,0.0,0.0,0.0,0.0,0.0,3740885.0,0.0,0.0,0.0,0.0,0.0,0.0,0.0,0.0,0.0
2023-02-06,1037.58,10828615.0,10829652.58,3,0.0,0.0,0.0,0.0,3547050.0,3633475.0,0.0,0.0,0.0,0.0,0.0,0.0,3648090.0,0.0,0.0,0.0,0.0,0.0,0.0,0.0,0.0,0.0
2023-02-07,1037.58,10896675.0,10897712.58,3,0.0,0.0,0.0,0.0,3550260.0,3636000.0,0.0,0.0,0.0,0.0,0.0,0.0,3710415.0,0.0,0.0,0.0,0.0,0.0,0.0,0.0,0.0,0.0
2023-02-08,1037.58,10832130.0,10833167.58,3,0.0,0.0,0.0,0.0,3519765.0,3615800.0,0.0,0.0,0.0,0.0,0.0,0.0,3696565.0,0.0,0.0,0.0,0.0,0.0,0.0,0.0,0.0,0.0
2023-02-09,1037.58,10882880.0,10883917.58,3,0.0,0.0,0.0,0.0,3535815.0,3643575.0,0.0,0.0,0.0,0.0,0.0,0.0,3703490.0,0.0,0.0,0.0,0.0,0.0,0.0,0.0,0.0,0.0
2023-02-10,1037.58,10769715.0,10770752.58,3,0.0,0.0,0.0,0.0,3494085.0,3580450.0,0.0,0.0,0.0,0.0,0.0,0.0,3695180.0,0.0,0.0,0.0,0.0,0.0,0.0,0.0,0.0,0.0
2023-02-13,1037.58,10753720.0,10754757.58,3,0.0,0.0,0.0,0.0,3458775.0,3552675.0,0.0,0.0,0.0,0.0,0.0,0.0,3742270.0,0.0,0.0,0.0,0.0,0.0,0.0,0.0,0.0,0.0
2023-02-14,1037.58,10803380.0,10804417.58,3,0.0,0.0,0.0,0.0,3471615.0,3572875.0,0.0,0.0,0.0,0.0,0.0,0.0,3758890.0,0.0,0.0,0.0,0.0,0.0,0.0,0.0,0.0,0.0
2023-02-15,1037.58,10685705.0,10686742.58,3,0.0,0.0,0.0,0.0,3431490.0,3529950.0,0.0,0.0,0.0,0.0,0.0,0.0,3724265.0,0.0,0.0,0.0,0.0,0.0,0.0,0.0,0.0,0.0
2023-02-16,1037.58,10573950.0,10574987.58,3,0.0,0.0,0.0,0.0,3392970.0,3499650.0,0.0,0.0,0.0,0.0,0.0,0.0,3681330.0,0.0,0.0,0.0,0.0,0.0,0.0,0.0,0.0,0.0
2023-02-17,1037.58,10593335.0,10594372.58,3,0.0,0.0,0.0,0.0,3409020.0,3522375.0,0.0,0.0,0.0,0.0,0.0,0.0,3661940.0,0.0,0.0,0.0,0.0,0.0,0.0,0.0,0.0,0.0
2023-02-20,1037.58,10913495.0,10914532.58,3,0.0,0.0,0.0,0.0,3478035.0,3646100.0,0.0,0.0,0.0,0.0,0.0,0.0,3789360.0,0.0,0.0,0.0,0.0,0.0,0.0,0.0,0.0,0.0
2023-02-21,1037.58,11125915.0,11126952.58,3,0.0,0.0,0.0,0.0,3518160.0,3711750.0,0.0,0.0,0.0,0.0,0.0,0.0,3896005.0,0.0,0.0,0.0,0.0,0.0,0.0,0.0,0.0,0.0
2023-02-22,1037.58,11131850.0,11132887.58,3,0.0,0.0,0.0,0.0,3513345.0,3729425.0,0.0,0.0,0.0,0.0,0.0,0.0,3889080.0,0.0,0.0,0.0,0.0,0.0,0.0,0.0,0.0,0.0
2023-02-23,1037.58,11288030.0,11289067.58,3,0.0,0.0,0.0,0.0,3534210.0,3762250.0,0.0,0.0,0.0,0.0,0.0,0.0,3991570.0,0.0,0.0,0.0,0.0,0.0,0.0,0.0,0.0,0.0
2023-02-24,1037.58,11209730.0,11210767.58,3,0.0,0.0,0.0,0.0,3513345.0,3754675.0,0.0,0.0,0.0,0.0,0.0,0.0,3941710.0,0.0,0.0,0.0,0.0,0.0,0.0,0.0,0.0,0.0
2023-02-27,1037.58,11254490.0,11255527.58,3,0.0,0.0,0.0,0.0,3526185.0,3825375.0,0.0,0.0,0.0,0.0,0.0,0.0,3902930.0,0.0,0.0,0.0,0.0,0.0,0.0,0.0,0.0,0.0
2023-02-28,1037.58,11276255.0,11277292.58,3,0.0,0.0,0.0,0.0,3531000.0,3807700.0,0.0,0.0,0.0,0.0,0.0,0.0,3937555.0,0.0,0.0,0.0,0.0,0.0,0.0,0.0,0.0,0.0
2023-03-01,1037.58,11386525.0,11387562.58,3,0.0,0.0,0.0,0.0,3539025.0,3810225.0,0.0,0.0,0.0,0.0,0.0,0.0,4037275.0,0.0,0.0,0.0,0.0,0.0,0.0,0.0,0.0,0.0
2023-03-02,1037.58,11419220.0,11420257.58,3,0.0,0.0,0.0,0.0,3553470.0,3807700.0,0.0,0.0,0.0,0.0,0.0,0.0,4058050.0,0.0,0.0,0.0,0.0,0.0,0.0,0.0,0.0,0.0
2023-03-03,1037.58,11487120.0,11488157.58,3,0.0,0.0,0.0,0.0,3588780.0,3800125.0,0.0,0.0,0.0,0.0,0.0,0.0,4098215.0,0.0,0.0,0.0,0.0,0.0,0.0,0.0,0.0,0.0
2023-03-06,1037.58,11328970.0,11330007.58,3,0.0,0.0,0.0,0.0,3548655.0,3689025.0,0.0,0.0,0.0,0.0,0.0,0.0,4091290.0,0.0,0.0,0.0,0.0,0.0,0.0,0.0,0.0,0.0
2023-03-07,1037.58,11405345.0,11406382.58,3,0.0,0.0,0.0,0.0,3641745.0,3747100.0,0.0,0.0,0.0,0.0,0.0,0.0,4016500.0,0.0,0.0,0.0,0.0,0.0,0.0,0.0,0.0,0.0
2023-03-08,1037.58,11363090.0,11364127.58,3,0.0,0.0,0.0,0.0,3591990.0,3726900.0,0.0,0.0,0.0,0.0,0.0,0.0,4044200.0,0.0,0.0,0.0,0.0,0.0,0.0,0.0,0.0,0.0
2023-03-09,1037.58,11423305.0,11424342.58,3,0.0,0.0,0.0,0.0,3601620.0,3762250.0,0.0,0.0,0.0,0.0,0.0,0.0,4059435.0,0.0,0.0,0.0,0.0,0.0,0.0,0.0,0.0,0.0
2023-03-10,1037.58,11175750.0,11176787.58,3,0.0,0.0,0.0,0.0,3547050.0,3681450.0,0.0,0.0,0.0,0.0,0.0,0.0,3947250.0,0.0,0.0,0.0,0.0,0.0,0.0,0.0,0.0,0.0
2023-03-13,1037.58,11519950.0,11520987.58,3,0.0,0.0,0.0,0.0,3659400.0,3747100.0,0.0,0.0,0.0,0.0,0.0,0.0,4113450.0,0.0,0.0,0.0,0.0,0.0,0.0,0.0,0.0,0.0
2023-03-14,1037.58,11409700.0,11410737.58,3,0.0,0.0,0.0,0.0,3624090.0,3691550.0,0.0,0.0,0.0,0.0,0.0,0.0,4094060.0,0.0,0.0,0.0,0.0,0.0,0.0,0.0,0.0,0.0
2023-03-15,1037.58,11489425.0,11490462.58,3,0.0,0.0,0.0,0.0,3636930.0,3701650.0,0.0,0.0,0.0,0.0,0.0,0.0,4150845.0,0.0,0.0,0.0,0.0,0.0,0.0,0.0,0.0,0.0
2023-03-16,1037.58,11247965.0,11249002.58,3,0.0,0.0,0.0,0.0,3535815.0,3577925.0,0.0,0.0,0.0,0.0,0.0,0.0,4134225.0,0.0,0.0,0.0,0.0,0.0,0.0,0.0,0.0,0.0
2023-03-17,1037.58,11369220.0,11370257.58,3,0.0,0.0,0.0,0.0,3603225.0,3608225.0,0.0,0.0,0.0,0.0,0.0,0.0,4157770.0,0.0,0.0,0.0,0.0,0.0,0.0,0.0,0.0,0.0
2023-03-20,1037.58,11329445.0,11330482.58,3,0.0,0.0,0.0,0.0,3636930.0,3580450.0,0.0,0.0,0.0,0.0,0.0,0.0,4112065.0,0.0,0.0,0.0,0.0,0.0,0.0,0.0,0.0,0.0
2023-03-21,1037.58,11321320.0,11322357.58,3,0.0,0.0,0.0,0.0,3598410.0,3552675.0,0.0,0.0,0.0,0.0,0.0,0.0,4170235.0,0.0,0.0,0.0,0.0,0.0,0.0,0.0,0.0,0.0
2023-03-22,1037.58,11422475.0,11423512.58,3,0.0,0.0,0.0,0.0,3641745.0,3656200.0,0.0,0.0,0.0,0.0,0.0,0.0,4124530.0,0.0,0.0,0.0,0.0,0.0,0.0,0.0,0.0,0.0
2023-03-23,1037.58,11493515.0,11494552.58,3,0.0,0.0,0.0,0.0,3705945.0,3671350.0,0.0,0.0,0.0,0.0,0.0,0.0,4116220.0,0.0,0.0,0.0,0.0,0.0,0.0,0.0,0.0,0.0
2023-03-24,1037.58,11396535.0,11397572.58,3,0.0,0.0,0.0,0.0,3654585.0,3656200.0,0.0,0.0,0.0,0.0,0.0,0.0,4085750.0,0.0,0.0,0.0,0.0,0.0,0.0,0.0,0.0,0.0
2023-03-27,1037.58,11246985.0,11248022.58,3,0.0,0.0,0.0,0.0,3490875.0,3724375.0,0.0,0.0,0.0,0.0,0.0,0.0,4031735.0,0.0,0.0,0.0,0.0,0.0,0.0,0.0,0.0,0.0
2023-03-28,1037.58,11174965.0,11176002.58,3,0.0,0.0,0.0,0.0,3453960.0,3686500.0,0.0,0.0,0.0,0.0,0.0,0.0,4034505.0,0.0,0.0,0.0,0.0,0.0,0.0,0.0,0.0,0.0
2023-03-29,1037.58,11092420.0,11093457.58,3,0.0,0.0,0.0,0.0,3439515.0,3646100.0,0.0,0.0,0.0,0.0,0.0,0.0,4006805.0,0.0,0.0,0.0,0.0,0.0,0.0,0.0,0.0,0.0
2023-03-30,1037.58,11552970.0,11554007.58,3,0.0,0.0,0.0,0.0,3548655.0,3878400.0,0.0,0.0,0.0,0.0,0.0,0.0,4125915.0,0.0,0.0,0.0,0.0,0.0,0.0,0.0,0.0,0.0
2023-03-31,1037.58,11497580.0,11498617.58,3,0.0,0.0,0.0,0.0,3553470.0,3870825.0,0.0,0.0,0.0,0.0,0.0,0.0,4073285.0,0.0,0.0,0.0,0.0,0.0,0.0,0.0,0.0,0.0
2023-04-03,1480.58,11457856.0,11459336.58,3,0.0,0.0,0.0,0.0,3768048.0,3795316.0,0.0,0.0,0.0,0.0,0.0,0.0,3894492.0,0.0,0.0,0.0,0.0,0.0,0.0,0.0,0.0,0.0
2023-04-04,1480.58,11500937.0,11502417.58,3,0.0,0.0,0.0,0.0,3811023.0,3820236.0,0.0,0.0,0.0,0.0,0.0,0.0,3869678.0,0.0,0.0,0.0,0.0,0.0,0.0,0.0,0.0,0.0
2023-04-06,1480.58,11372860.0,11374340.58,3,0.0,0.0,0.0,0.0,3771486.0,3760428.0,0.0,0.0,0.0,0.0,0.0,0.0,3840946.0,0.0,0.0,0.0,0.0,0.0,0.0,0.0,0.0,0.0
2023-04-07,1480.58,11370064.0,11371544.58,3,0.0,0.0,0.0,0.0,3747420.0,3725540.0,0.0,0.0,0.0,0.0,0.0,0.0,3897104.0,0.0,0.0,0.0,0.0,0.0,0.0,0.0,0.0,0.0
2023-04-10,1480.58,11333912.0,11335392.58,3,0.0,0.0,0.0,0.0,3730230.0,3658256.0,0.0,0.0,0.0,0.0,0.0,0.0,3945426.0,0.0,0.0,0.0,0.0,0.0,0.0,0.0,0.0,0.0
2023-04-11,1480.58,11476227.0,11477707.58,3,0.0,0.0,0.0,0.0,3725073.0,3633336.0,0.0,0.0,0.0,0.0,0.0,0.0,4117818.0,0.0,0.0,0.0,0.0,0.0,0.0,0.0,0.0,0.0
2023-04-12,1480.58,11528997.0,11530477.58,3,0.0,0.0,0.0,0.0,3762891.0,3648288.0,0.0,0.0,0.0,0.0,0.0,0.0,4117818.0,0.0,0.0,0.0,0.0,0.0,0.0,0.0,0.0,0.0
2023-04-13,1480.58,11495504.0,11496984.58,3,0.0,0.0,0.0,0.0,3805866.0,3663240.0,0.0,0.0,0.0,0.0,0.0,0.0,4026398.0,0.0,0.0,0.0,0.0,0.0,0.0,0.0,0.0,0.0
2023-04-14,1480.58,11476006.0,11477486.58,3,0.0,0.0,0.0,0.0,3836808.0,3625860.0,0.0,0.0,0.0,0.0,0.0,0.0,4013338.0,0.0,0.0,0.0,0.0,0.0,0.0,0.0,0.0,0.0
2023-04-17,1480.58,11898594.0,11900074.58,3,0.0,0.0,0.0,0.0,3922758.0,3767904.0,0.0,0.0,0.0,0.0,0.0,0.0,4207932.0,0.0,0.0,0.0,0.0,0.0,0.0,0.0,0.0,0.0
2023-04-18,1480.58,12037052.0,12038532.58,3,0.0,0.0,0.0,0.0,3967452.0,3827712.0,0.0,0.0,0.0,0.0,0.0,0.0,4241888.0,0.0,0.0,0.0,0.0,0.0,0.0,0.0,0.0,0.0
2023-04-19,1480.58,11955508.0,11956988.58,3,0.0,0.0,0.0,0.0,3957138.0,3815252.0,0.0,0.0,0.0,0.0,0.0,0.0,4183118.0,0.0,0.0,0.0,0.0,0.0,0.0,0.0,0.0,0.0
2023-04-20,1480.58,12094745.0,12096225.58,3,0.0,0.0,0.0,0.0,3951981.0,3772888.0,0.0,0.0,0.0,0.0,0.0,0.0,4369876.0,0.0,0.0,0.0,0.0,0.0,0.0,0.0,0.0,0.0
2023-04-21,1480.58,11909257.0,11910737.58,3,0.0,0.0,0.0,0.0,3921039.0,3700620.0,0.0,0.0,0.0,0.0,0.0,0.0,4287598.0,0.0,0.0,0.0,0.0,0.0,0.0,0.0,0.0,0.0
2023-04-24,1480.58,11873864.0,11875344.58,3,0.0,0.0,0.0,0.0,3905568.0,3653272.0,0.0,0.0,0.0,0.0,0.0,0.0,4315024.0,0.0,0.0,0.0,0.0,0.0,0.0,0.0,0.0,0.0
2023-04-25,1480.58,11792214.0,11793694.58,3,0.0,0.0,0.0,0.0,3888378.0,3635828.0,0.0,0.0,0.0,0.0,0.0,0.0,4268008.0,0.0,0.0,0.0,0.0,0.0,0.0,0.0,0.0,0.0
2023-04-26,1480.58,11687695.0,11689175.58,3,0.0,0.0,0.0,0.0,3876345.0,3630844.0,0.0,0.0,0.0,0.0,0.0,0.0,4180506.0,0.0,0.0,0.0,0.0,0.0,0.0,0.0,0.0,0.0
2023-04-27,1480.58,11655285.0,11656765.58,3,0.0,0.0,0.0,0.0,3879783.0,3615892.0,0.0,0.0,0.0,0.0,0.0,0.0,4159610.0,0.0,0.0,0.0,0.0,0.0,0.0,0.0,0.0,0.0
2023-04-28,1480.58,11714903.0,11716383.58,3,0.0,0.0,0.0,0.0,3927915.0,3675700.0,0.0,0.0,0.0,0.0,0.0,0.0,4111288.0,0.0,0.0,0.0,0.0,0.0,0.0,0.0,0.0,0.0
2023-05-04,1480.58,11378150.0,11379630.58,3,0.0,0.0,0.0,0.0,3994956.0,3680684.0,0.0,0.0,0.0,0.0,0.0,0.0,3702510.0,0.0,0.0,0.0,0.0,0.0,0.0,0.0,0.0,0.0
2023-05-05,1480.58,11434757.0,11436237.58,3,0.0,0.0,0.0,0.0,4037931.0,3723048.0,0.0,0.0,0.0,0.0,0.0,0.0,3673778.0,0.0,0.0,0.0,0.0,0.0,0.0,0.0,0.0,0.0
2023-05-08,1480.58,11825495.0,11826975.58,3,0.0,0.0,0.0,0.0,4285467.0,3922408.0,0.0,0.0,0.0,0.0,0.0,0.0,3617620.0,0.0,0.0,0.0,0.0,0.0,0.0,0.0,0.0,0.0
2023-05-09,1480.58,11827641.0,11829121.58,3,0.0,0.0,0.0,0.0,4278591.0,3924900.0,0.0,0.0,0.0,0.0,0.0,0.0,3624150.0,0.0,0.0,0.0,0.0,0.0,0.0,0.0,0.0,0.0
2023-05-10,1480.58,11690796.0,11692276.58,3,0.0,0.0,0.0,0.0,4235616.0,3840172.0,0.0,0.0,0.0,0.0,0.0,0.0,3615008.0,0.0,0.0,0.0,0.0,0.0,0.0,0.0,0.0,0.0
2023-05-11,1480.58,11581042.0,11582522.58,3,0.0,0.0,0.0,0.0,4190922.0,3835188.0,0.0,0.0,0.0,0.0,0.0,0.0,3554932.0,0.0,0.0,0.0,0.0,0.0,0.0,0.0,0.0,0.0
2023-05-12,1480.58,11530351.0,11531831.58,3,0.0,0.0,0.0,0.0,4165137.0,3782856.0,0.0,0.0,0.0,0.0,0.0,0.0,3582358.0,0.0,0.0,0.0,0.0,0.0,0.0,0.0,0.0,0.0
2023-05-15,1480.58,11620250.0,11621730.58,3,0.0,0.0,0.0,0.0,4166856.0,3850140.0,0.0,0.0,0.0,0.0,0.0,0.0,3603254.0,0.0,0.0,0.0,0.0,0.0,0.0,0.0,0.0,0.0
2023-05-16,1480.58,11604215.0,11605695.58,3,0.0,0.0,0.0,0.0,4209831.0,3855124.0,0.0,0.0,0.0,0.0,0.0,0.0,3539260.0,0.0,0.0,0.0,0.0,0.0,0.0,0.0,0.0,0.0
2023-05-17,1480.58,11500620.0,11502100.58,3,0.0,0.0,0.0,0.0,4156542.0,3787840.0,0.0,0.0,0.0,0.0,0.0,0.0,3556238.0,0.0,0.0,0.0,0.0,0.0,0.0,0.0,0.0,0.0
2023-05-18,1480.58,11616198.0,11617678.58,3,0.0,0.0,0.0,0.0,4177170.0,3850140.0,0.0,0.0,0.0,0.0,0.0,0.0,3588888.0,0.0,0.0,0.0,0.0,0.0,0.0,0.0,0.0,0.0
2023-05-19,1480.58,11631471.0,11632951.58,3,0.0,0.0,0.0,0.0,4178889.0,3812760.0,0.0,0.0,0.0,0.0,0.0,0.0,3639822.0,0.0,0.0,0.0,0.0,0.0,0.0,0.0,0.0,0.0
2023-05-22,1480.58,11614535.0,11616015.58,3,0.0,0.0,0.0,0.0,4165137.0,3770396.0,0.0,0.0,0.0,0.0,0.0,0.0,3679002.0,0.0,0.0,0.0,0.0,0.0,0.0,0.0,0.0,0.0
2023-05-23,1480.58,11546185.0,11547665.58,3,0.0,0.0,0.0,0.0,4154823.0,3728032.0,0.0,0.0,0.0,0.0,0.0,0.0,3663330.0,0.0,0.0,0.0,0.0,0.0,0.0,0.0,0.0,0.0
2023-05-24,1480.58,11305396.0,11306876.58,3,0.0,0.0,0.0,0.0,4077468.0,3623368.0,0.0,0.0,0.0,0.0,0.0,0.0,3604560.0,0.0,0.0,0.0,0.0,0.0,0.0,0.0,0.0,0.0
2023-05-25,1480.58,11171135.0,11172615.58,3,0.0,0.0,0.0,0.0,4058559.0,3523688.0,0.0,0.0,0.0,0.0,0.0,0.0,3588888.0,0.0,0.0,0.0,0.0,0.0,0.0,0.0,0.0,0.0
2023-05-26,1480.58,10921740.0,10923220.58,3,0.0,0.0,0.0,0.0,3957138.0,3369184.0,0.0,0.0,0.0,0.0,0.0,0.0,3595418.0,0.0,0.0,0.0,0.0,0.0,0.0,0.0,0.0,0.0
2023-05-29,1480.58,10835904.0,10837384.58,3,0.0,0.0,0.0,0.0,3977766.0,3301900.0,0.0,0.0,0.0,0.0,0.0,0.0,3556238.0,0.0,0.0,0.0,0.0,0.0,0.0,0.0,0.0,0.0
2023-05-30,1480.58,10715116.0,10716596.58,3,0.0,0.0,0.0,0.0,3939948.0,3262028.0,0.0,0.0,0.0,0.0,0.0,0.0,3513140.0,0.0,0.0,0.0,0.0,0.0,0.0,0.0,0.0,0.0
2023-05-31,1480.58,10409164.0,10410644.58,3,0.0,0.0,0.0,0.0,3812742.0,3149888.0,0.0,0.0,0.0,0.0,0.0,0.0,3446534.0,0.0,0.0,0.0,0.0,0.0,0.0,0.0,0.0,0.0
2023-06-01,1480.58,10322784.0,10324264.58,3,0.0,0.0,0.0,0.0,3778362.0,3144904.0,0.0,0.0,0.0,0.0,0.0,0.0,3399518.0,0.0,0.0,0.0,0.0,0.0,0.0,0.0,0.0,0.0
2023-06-02,1480.58,10572919.0,10574399.58,3,0.0,0.0,0.0,0.0,3817899.0,3192252.0,0.0,0.0,0.0,0.0,0.0,0.0,3562768.0,0.0,0.0,0.0,0.0,0.0,0.0,0.0,0.0,0.0
2023-06-05,1480.58,10693866.0,10695346.58,3,0.0,0.0,0.0,0.0,3857436.0,3264520.0,0.0,0.0,0.0,0.0,0.0,0.0,3571910.0,0.0,0.0,0.0,0.0,0.0,0.0,0.0,0.0,0.0
2023-06-06,1480.58,10853429.0,10854909.58,3,0.0,0.0,0.0,0.0,3958857.0,3331804.0,0.0,0.0,0.0,0.0,0.0,0.0,3562768.0,0.0,0.0,0.0,0.0,0.0,0.0,0.0,0.0,0.0
2023-06-07,1480.58,10868222.0,10869702.58,3,0.0,0.0,0.0,0.0,3960576.0,3304392.0,0.0,0.0,0.0,0.0,0.0,0.0,3603254.0,0.0,0.0,0.0,0.0,0.0,0.0,0.0,0.0,0.0
2023-06-08,1480.58,11054190.0,11055670.58,3,0.0,0.0,0.0,0.0,3998394.0,3346756.0,0.0,0.0,0.0,0.0,0.0,0.0,3709040.0,0.0,0.0,0.0,0.0,0.0,0.0,0.0,0.0,0.0
2023-06-09,1480.58,10991064.0,10992544.58,3,0.0,0.0,0.0,0.0,3977766.0,3334296.0,0.0,0.0,0.0,0.0,0.0,0.0,3679002.0,0.0,0.0,0.0,0.0,0.0,0.0,0.0,0.0,0.0
2023-06-12,1480.58,11171434.0,11172914.58,3,0.0,0.0,0.0,0.0,4029336.0,3371676.0,0.0,0.0,0.0,0.0,0.0,0.0,3770422.0,0.0,0.0,0.0,0.0,0.0,0.0,0.0,0.0,0.0
2023-06-13,1480.58,11116518.0,11117998.58,3,0.0,0.0,0.0,0.0,4001832.0,3344264.0,0.0,0.0,0.0,0.0,0.0,0.0,3770422.0,0.0,0.0,0.0,0.0,0.0,0.0,0.0,0.0,0.0
2023-06-14,1480.58,11231482.0,11232962.58,3,0.0,0.0,0.0,0.0,4056840.0,3346756.0,0.0,0.0,0.0,0.0,0.0,0.0,3827886.0,0.0,0.0,0.0,0.0,0.0,0.0,0.0,0.0,0.0
2023-06-15,1480.58,11286867.0,11288347.58,3,0.0,0.0,0.0,0.0,4051683.0,3364200.0,0.0,0.0,0.0,0.0,0.0,0.0,3870984.0,0.0,0.0,0.0,0.0,0.0,0.0,0.0,0.0,0.0
2023-06-16,1480.58,11300700.0,11302180.58,3,0.0,0.0,0.0,0.0,4046526.0,3376660.0,0.0,0.0,0.0,0.0,0.0,0.0,3877514.0,0.0,0.0,0.0,0.0,0.0,0.0,0.0,0.0,0.0
2023-06-19,1480.58,11155829.0,11157309.58,3,0.0,0.0,0.0,0.0,4027617.0,3361708.0,0.0,0.0,0.0,0.0,0.0,0.0,3766504.0,0.0,0.0,0.0,0.0,0.0,0.0,0.0,0.0,0.0
2023-06-20,1480.58,11171928.0,11173408.58,3,0.0,0.0,0.0,0.0,4025898.0,3344264.0,0.0,0.0,0.0,0.0,0.0,0.0,3801766.0,0.0,0.0,0.0,0.0,0.0,0.0,0.0,0.0,0.0
2023-06-21,1480.58,11126525.0,11128005.58,3,0.0,0.0,0.0,0.0,4027617.0,3319344.0,0.0,0.0,0.0,0.0,0.0,0.0,3779564.0,0.0,0.0,0.0,0.0,0.0,0.0,0.0,0.0,0.0
2023-06-26,1480.58,11042397.0,11043877.58,3,0.0,0.0,0.0,0.0,4010427.0,3271996.0,0.0,0.0,0.0,0.0,0.0,0.0,3759974.0,0.0,0.0,0.0,0.0,0.0,0.0,0.0,0.0,0.0
2023-06-27,1480.58,11228298.0,11229778.58,3,0.0,0.0,0.0,0.0,4049964.0,3324328.0,0.0,0.0,0.0,0.0,0.0,0.0,3854006.0,0.0,0.0,0.0,0.0,0.0,0.0,0.0,0.0,0.0
2023-06-28,1480.58,11403243.0,11404723.58,3,0.0,0.0,0.0,0.0,4103253.0,3401580.0,0.0,0.0,0.0,0.0,0.0,0.0,3898410.0,0.0,0.0,0.0,0.0,0.0,0.0,0.0,0.0,0.0
2023-06-29,1480.58,11281375.0,11282855.58,3,0.0,0.0,0.0,0.0,4072311.0,3364200.0,0.0,0.0,0.0,0.0,0.0,0.0,3844864.0,0.0,0.0,0.0,0.0,0.0,0.0,0.0,0.0,0.0
2023-06-30,1480.58,11385768.0,11387248.58,3,0.0,0.0,0.0,0.0,4153104.0,3416532.0,0.0,0.0,0.0,0.0,0.0,0.0,3816132.0,0.0,0.0,0.0,0.0,0.0,0.0,0.0,0.0,0.0
2023-07-03,2456.99,11621975.0,11624431.99,3,0.0,0.0,0.0,0.0,0.0,3866836.0,0.0,0.0,0.0,0.0,0.0,0.0,3848998.0,0.0,0.0,0.0,0.0,0.0,0.0,0.0,0.0,3906141.0
2023-07-04,2456.99,11624692.0,11627148.99,3,0.0,0.0,0.0,0.0,0.0,3913824.0,0.0,0.0,0.0,0.0,0.0,0.0,3794986.0,0.0,0.0,0.0,0.0,0.0,0.0,0.0,0.0,3915882.0
2023-07-05,2456.99,11682160.0,11684616.99,3,0.0,0.0,0.0,0.0,0.0,3963576.0,0.0,0.0,0.0,0.0,0.0,0.0,3802702.0,0.0,0.0,0.0,0.0,0.0,0.0,0.0,0.0,3915882.0
2023-07-06,2456.99,11619303.0,11621759.99,3,0.0,0.0,0.0,0.0,0.0,3982924.0,0.0,0.0,0.0,0.0,0.0,0.0,3775696.0,0.0,0.0,0.0,0.0,0.0,0.0,0.0,0.0,3860683.0
2023-07-07,2456.99,11687874.0,11690330.99,3,0.0,0.0,0.0,0.0,0.0,3985688.0,0.0,0.0,0.0,0.0,0.0,0.0,3753834.0,0.0,0.0,0.0,0.0,0.0,0.0,0.0,0.0,3948352.0
2023-07-10,2456.99,11741752.0,11744208.99,3,0.0,0.0,0.0,0.0,0.0,3999508.0,0.0,0.0,0.0,0.0,0.0,0.0,3774410.0,0.0,0.0,0.0,0.0,0.0,0.0,0.0,0.0,3967834.0
2023-07-11,2456.99,11741281.0,11743737.99,3,0.0,0.0,0.0,0.0,0.0,3966340.0,0.0,0.0,0.0,0.0,0.0,0.0,3816848.0,0.0,0.0,0.0,0.0,0.0,0.0,0.0,0.0,3958093.0
2023-07-12,2456.99,11770347.0,11772803.99,3,0.0,0.0,0.0,0.0,0.0,3955284.0,0.0,0.0,0.0,0.0,0.0,0.0,3830994.0,0.0,0.0,0.0,0.0,0.0,0.0,0.0,0.0,3984069.0
2023-07-13,2456.99,12026994.0,12029450.99,3,0.0,0.0,0.0,0.0,0.0,3935936.0,0.0,0.0,0.0,0.0,0.0,0.0,3830994.0,0.0,0.0,0.0,0.0,0.0,0.0,0.0,0.0,4260064.0
2023-07-14,2456.99,11897597.0,11900053.99,3,0.0,0.0,0.0,0.0,0.0,3924880.0,0.0,0.0,0.0,0.0,0.0,0.0,3780840.0,0.0,0.0,0.0,0.0,0.0,0.0,0.0,0.0,4191877.0
2023-07-17,2456.99,11774456.0,11776912.99,3,0.0,0.0,0.0,0.0,0.0,3855780.0,0.0,0.0,0.0,0.0,0.0,0.0,3794986.0,0.0,0.0,0.0,0.0,0.0,0.0,0.0,0.0,4123690.0
2023-07-18,2456.99,11780031.0,11782487.99,3,0.0,0.0,0.0,0.0,0.0,3814320.0,0.0,0.0,0.0,0.0,0.0,0.0,3832280.0,0.0,0.0,0.0,0.0,0.0,0.0,0.0,0.0,4133431.0
2023-07-19,2456.99,11854130.0,11856586.99,3,0.0,0.0,0.0,0.0,0.0,3830904.0,0.0,0.0,0.0,0.0,0.0,0.0,3860572.0,0.0,0.0,0.0,0.0,0.0,0.0,0.0,0.0,4162654.0
2023-07-20,2456.99,11897941.0,11900397.99,3,0.0,0.0,0.0,0.0,0.0,3853016.0,0.0,0.0,0.0,0.0,0.0,0.0,3833566.0,0.0,0.0,0.0,0.0,0.0,0.0,0.0,0.0,4211359.0
2023-07-21,2456.99,11739653.0,11742109.99,3,0.0,0.0,0.0,0.0,0.0,3808792.0,0.0,0.0,0.0,0.0,0.0,0.0,3810418.0,0.0,0.0,0.0,0.0,0.0,0.0,0.0,0.0,4120443.0
2023-07-24,2456.99,11653177.0,11655633.99,3,0.0,0.0,0.0,0.0,0.0,3789444.0,0.0,0.0,0.0,0.0,0.0,0.0,3769266.0,0.0,0.0,0.0,0.0,0.0,0.0,0.0,0.0,4094467.0
2023-07-25,2456.99,12280150.0,12282606.99,3,0.0,0.0,0.0,0.0,0.0,3894476.0,0.0,0.0,0.0,0.0,0.0,0.0,3982742.0,0.0,0.0,0.0,0.0,0.0,0.0,0.0,0.0,4402932.0
2023-07-26,2456.99,12283397.0,12285853.99,3,0.0,0.0,0.0,0.0,0.0,3897240.0,0.0,0.0,0.0,0.0,0.0,0.0,3999460.0,0.0,0.0,0.0,0.0,0.0,0.0,0.0,0.0,4386697.0
2023-07-27,2456.99,12159022.0,12161478.99,3,0.0,0.0,0.0,0.0,0.0,3858544.0,0.0,0.0,0.0,0.0,0.0,0.0,3930016.0,0.0,0.0,0.0,0.0,0.0,0.0,0.0,0.0,4370462.0
2023-07-28,2456.99,12372579.0,12375035.99,3,0.0,0.0,0.0,0.0,0.0,3888948.0,0.0,0.0,0.0,0.0,0.0,0.0,3993030.0,0.0,0.0,0.0,0.0,0.0,0.0,0.0,0.0,4490601.0
2023-07-31,2456.99,12386807.0,12389263.99,3,0.0,0.0,0.0,0.0,0.0,3822612.0,0.0,0.0,0.0,0.0,0.0,0.0,3989172.0,0.0,0.0,0.0,0.0,0.0,0.0,0.0,0.0,4575023.0
2023-08-01,2456.99,12366679.0,12369135.99,3,0.0,0.0,0.0,0.0,0.0,3828140.0,0.0,0.0,0.0,0.0,0.0,0.0,3957022.0,0.0,0.0,0.0,0.0,0.0,0.0,0.0,0.0,4581517.0
2023-08-02,2456.99,12251987.0,12254443.99,3,0.0,0.0,0.0,0.0,0.0,3775624.0,0.0,0.0,0.0,0.0,0.0,0.0,3940304.0,0.0,0.0,0.0,0.0,0.0,0.0,0.0,0.0,4536059.0
2023-08-03,2456.99,12198033.0,12200489.99,3,0.0,0.0,0.0,0.0,0.0,3806028.0,0.0,0.0,0.0,0.0,0.0,0.0,3933874.0,0.0,0.0,0.0,0.0,0.0,0.0,0.0,0.0,4458131.0
2023-08-04,2456.99,12162066.0,12164522.99,3,0.0,0.0,0.0,0.0,0.0,3783916.0,0.0,0.0,0.0,0.0,0.0,0.0,3955736.0,0.0,0.0,0.0,0.0,0.0,0.0,0.0,0.0,4422414.0
2023-08-07,2456.99,12129660.0,12132116.99,3,0.0,0.0,0.0,0.0,0.0,3778388.0,0.0,0.0,0.0,0.0,0.0,0.0,3915870.0,0.0,0.0,0.0,0.0,0.0,0.0,0.0,0.0,4435402.0
2023-08-08,2456.99,12110364.0,12112820.99,3,0.0,0.0,0.0,0.0,0.0,3800500.0,0.0,0.0,0.0,0.0,0.0,0.0,3900438.0,0.0,0.0,0.0,0.0,0.0,0.0,0.0,0.0,4409426.0
2023-08-09,2456.99,12106704.0,12109160.99,3,0.0,0.0,0.0,0.0,0.0,3783916.0,0.0,0.0,0.0,0.0,0.0,0.0,3906868.0,0.0,0.0,0.0,0.0,0.0,0.0,0.0,0.0,4415920.0
2023-08-10,2456.99,12188192.0,12190648.99,3,0.0,0.0,0.0,0.0,0.0,3922116.0,0.0,0.0,0.0,0.0,0.0,0.0,3863144.0,0.0,0.0,0.0,0.0,0.0,0.0,0.0,0.0,4402932.0
2023-08-11,2456.99,11947618.0,11950074.99,3,0.0,0.0,0.0,0.0,0.0,3819848.0,0.0,0.0,0.0,0.0,0.0,0.0,3796272.0,0.0,0.0,0.0,0.0,0.0,0.0,0.0,0.0,4331498.0
2023-08-14,2456.99,11949969.0,11952425.99,3,0.0,0.0,0.0,0.0,0.0,3803264.0,0.0,0.0,0.0,0.0,0.0,0.0,3785984.0,0.0,0.0,0.0,0.0,0.0,0.0,0.0,0.0,4360721.0
2023-08-15,2456.99,11893065.0,11895521.99,3,0.0,0.0,0.0,0.0,0.0,3806028.0,0.0,0.0,0.0,0.0,0.0,0.0,3778268.0,0.0,0.0,0.0,0.0,0.0,0.0,0.0,0.0,4308769.0
2023-08-16,2456.99,11856772.0,11859228.99,3,0.0,0.0,0.0,0.0,0.0,3797736.0,0.0,0.0,0.0,0.0,0.0,0.0,3785984.0,0.0,0.0,0.0,0.0,0.0,0.0,0.0,0.0,4273052.0
2023-08-17,2456.99,11833793.0,11836249.99,3,0.0,0.0,0.0,0.0,0.0,3775624.0,0.0,0.0,0.0,0.0,0.0,0.0,3807846.0,0.0,0.0,0.0,0.0,0.0,0.0,0.0,0.0,4250323.0
2023-08-18,2456.99,11685356.0,11687812.99,3,0.0,0.0,0.0,0.0,0.0,3792208.0,0.0,0.0,0.0,0.0,0.0,0.0,3749976.0,0.0,0.0,0.0,0.0,0.0,0.0,0.0,0.0,4143172.0
2023-08-21,2456.99,11528546.0,11531002.99,3,0.0,0.0,0.0,0.0,0.0,3739692.0,0.0,0.0,0.0,0.0,0.0,0.0,3658670.0,0.0,0.0,0.0,0.0,0.0,0.0,0.0,0.0,4130184.0
2023-08-22,2456.99,11751186.0,11753642.99,3,0.0,0.0,0.0,0.0,0.0,3811556.0,0.0,0.0,0.0,0.0,0.0,0.0,3647096.0,0.0,0.0,0.0,0.0,0.0,0.0,0.0,0.0,4292534.0
2023-08-23,2456.99,11717796.0,11720252.99,3,0.0,0.0,0.0,0.0,0.0,3877892.0,0.0,0.0,0.0,0.0,0.0,0.0,3618804.0,0.0,0.0,0.0,0.0,0.0,0.0,0.0,0.0,4221100.0
2023-08-24,2456.99,11900664.0,11903120.99,3,0.0,0.0,0.0,0.0,0.0,3861308.0,0.0,0.0,0.0,0.0,0.0,0.0,3675388.0,0.0,0.0,0.0,0.0,0.0,0.0,0.0,0.0,4363968.0
2023-08-25,2456.99,11865558.0,11868014.99,3,0.0,0.0,0.0,0.0,0.0,3858544.0,0.0,0.0,0.0,0.0,0.0,0.0,3662528.0,0.0,0.0,0.0,0.0,0.0,0.0,0.0,0.0,4344486.0
2023-08-28,2456.99,12124025.0,12126481.99,3,0.0,0.0,0.0,0.0,0.0,3996744.0,0.0,0.0,0.0,0.0,0.0,0.0,3649668.0,0.0,0.0,0.0,0.0,0.0,0.0,0.0,0.0,4477613.0
2023-08-29,2456.99,12253859.0,12256315.99,3,0.0,0.0,0.0,0.0,0.0,3935936.0,0.0,0.0,0.0,0.0,0.0,0.0,3677960.0,0.0,0.0,0.0,0.0,0.0,0.0,0.0,0.0,4639963.0
2023-08-30,2456.99,12259358.0,12261814.99,3,0.0,0.0,0.0,0.0,0.0,3935936.0,0.0,0.0,0.0,0.0,0.0,0.0,3712682.0,0.0,0.0,0.0,0.0,0.0,0.0,0.0,0.0,4610740.0
2023-08-31,2456.99,12320481.0,12322937.99,3,0.0,0.0,0.0,0.0,0.0,3916588.0,0.0,0.0,0.0,0.0,0.0,0.0,3783412.0,0.0,0.0,0.0,0.0,0.0,0.0,0.0,0.0,4620481.0
2023-09-01,2456.99,13009553.0,13012009.99,3,0.0,0.0,0.0,0.0,0.0,4159820.0,0.0,0.0,0.0,0.0,0.0,0.0,3878576.0,0.0,0.0,0.0,0.0,0.0,0.0,0.0,0.0,4971157.0
2023-09-04,2456.99,13234340.0,13236796.99,3,0.0,0.0,0.0,0.0,0.0,4267616.0,0.0,0.0,0.0,0.0,0.0,0.0,3933874.0,0.0,0.0,0.0,0.0,0.0,0.0,0.0,0.0,5032850.0
2023-09-05,2456.99,13153316.0,13155772.99,3,0.0,0.0,0.0,0.0,0.0,4298020.0,0.0,0.0,0.0,0.0,0.0,0.0,3906868.0,0.0,0.0,0.0,0.0,0.0,0.0,0.0,0.0,4948428.0
2023-09-06,2456.99,13157273.0,13159729.99,3,0.0,0.0,0.0,0.0,0.0,4284200.0,0.0,0.0,0.0,0.0,0.0,0.0,3882434.0,0.0,0.0,0.0,0.0,0.0,0.0,0.0,0.0,4990639.0
2023-09-07,2456.99,13079368.0,13081824.99,3,0.0,0.0,0.0,0.0,0.0,4314604.0,0.0,0.0,0.0,0.0,0.0,0.0,3868288.0,0.0,0.0,0.0,0.0,0.0,0.0,0.0,0.0,4896476.0
2023-09-08,2456.99,12949337.0,12951793.99,3,0.0,0.0,0.0,0.0,0.0,4270380.0,0.0,0.0,0.0,0.0,0.0,0.0,3811704.0,0.0,0.0,0.0,0.0,0.0,0.0,0.0,0.0,4867253.0
2023-09-11,2456.99,13066014.0,13068470.99,3,0.0,0.0,0.0,0.0,0.0,4237212.0,0.0,0.0,0.0,0.0,0.0,0.0,3828422.0,0.0,0.0,0.0,0.0,0.0,0.0,0.0,0.0,5000380.0
2023-09-12,2456.99,12932992.0,12935448.99,3,0.0,0.0,0.0,0.0,0.0,4212336.0,0.0,0.0,0.0,0.0,0.0,0.0,3863144.0,0.0,0.0,0.0,0.0,0.0,0.0,0.0,0.0,4857512.0
2023-09-13,2456.99,12985636.0,12988092.99,3,0.0,0.0,0.0,0.0,0.0,4262088.0,0.0,0.0,0.0,0.0,0.0,0.0,3833566.0,0.0,0.0,0.0,0.0,0.0,0.0,0.0,0.0,4889982.0
2023-09-14,2456.99,13180804.0,13183260.99,3,0.0,0.0,0.0,0.0,0.0,4397524.0,0.0,0.0,0.0,0.0,0.0,0.0,3834852.0,0.0,0.0,0.0,0.0,0.0,0.0,0.0,0.0,4948428.0
2023-09-15,2456.99,13106793.0,13109249.99,3,0.0,0.0,0.0,0.0,0.0,4295256.0,0.0,0.0,0.0,0.0,0.0,0.0,3801416.0,0.0,0.0,0.0,0.0,0.0,0.0,0.0,0.0,5010121.0
2023-09-18,2456.99,13215148.0,13217604.99,3,0.0,0.0,0.0,0.0,0.0,4361592.0,0.0,0.0,0.0,0.0,0.0,0.0,3820706.0,0.0,0.0,0.0,0.0,0.0,0.0,0.0,0.0,5032850.0
2023-09-19,2456.99,13283317.0,13285773.99,3,0.0,0.0,0.0,0.0,0.0,4425164.0,0.0,0.0,0.0,0.0,0.0,0.0,3815562.0,0.0,0.0,0.0,0.0,0.0,0.0,0.0,0.0,5042591.0
2023-09-20,2456.99,13278295.0,13280751.99,3,0.0,0.0,0.0,0.0,0.0,4458332.0,0.0,0.0,0.0,0.0,0.0,0.0,3868288.0,0.0,0.0,0.0,0.0,0.0,0.0,0.0,0.0,4951675.0
2023-09-21,2456.99,13225802.0,13228258.99,3,0.0,0.0,0.0,0.0,0.0,4430692.0,0.0,0.0,0.0,0.0,0.0,0.0,3820706.0,0.0,0.0,0.0,0.0,0.0,0.0,0.0,0.0,4974404.0
2023-09-22,2456.99,13110720.0,13113176.99,3,0.0,0.0,0.0,0.0,0.0,4405816.0,0.0,0.0,0.0,0.0,0.0,0.0,3879862.0,0.0,0.0,0.0,0.0,0.0,0.0,0.0,0.0,4825042.0
2023-09-25,2456.99,13148299.0,13150755.99,3,0.0,0.0,0.0,0.0,0.0,4414108.0,0.0,0.0,0.0,0.0,0.0,0.0,3873432.0,0.0,0.0,0.0,0.0,0.0,0.0,0.0,0.0,4860759.0
2023-09-26,2456.99,13189748.0,13192204.99,3,0.0,0.0,0.0,0.0,0.0,4378176.0,0.0,0.0,0.0,0.0,0.0,0.0,3863144.0,0.0,0.0,0.0,0.0,0.0,0.0,0.0,0.0,4948428.0
2023-09-27,2456.99,13160828.0,13163284.99,3,0.0,0.0,0.0,0.0,0.0,4328424.0,0.0,0.0,0.0,0.0,0.0,0.0,3858000.0,0.0,0.0,0.0,0.0,0.0,0.0,0.0,0.0,4974404.0
2023-09-28,2456.99,13153589.0,13156045.99,3,0.0,0.0,0.0,0.0,0.0,4345008.0,0.0,0.0,0.0,0.0,0.0,0.0,3837424.0,0.0,0.0,0.0,0.0,0.0,0.0,0.0,0.0,4971157.0
2023-10-09,1107.1,13295669.0,13296776.1,3,0.0,0.0,0.0,0.0,0.0,4434869.0,0.0,0.0,0.0,0.0,0.0,0.0,4376640.0,0.0,0.0,0.0,0.0,0.0,0.0,0.0,0.0,4484160.0
2023-10-10,1107.1,13041081.0,13042188.1,3,0.0,0.0,0.0,0.0,0.0,4382106.0,0.0,0.0,0.0,0.0,0.0,0.0,4215135.0,0.0,0.0,0.0,0.0,0.0,0.0,0.0,0.0,4443840.0
2023-10-11,1107.1,12925160.0,12926267.1,3,0.0,0.0,0.0,0.0,0.0,4318235.0,0.0,0.0,0.0,0.0,0.0,0.0,4194765.0,0.0,0.0,0.0,0.0,0.0,0.0,0.0,0.0,4412160.0
2023-10-12,1107.1,12932053.0,12933160.1,3,0.0,0.0,0.0,0.0,0.0,4329343.0,0.0,0.0,0.0,0.0,0.0,0.0,4204950.0,0.0,0.0,0.0,0.0,0.0,0.0,0.0,0.0,4397760.0
2023-10-13,1107.1,12873913.0,12875020.1,3,0.0,0.0,0.0,0.0,0.0,4370998.0,0.0,0.0,0.0,0.0,0.0,0.0,4162755.0,0.0,0.0,0.0,0.0,0.0,0.0,0.0,0.0,4340160.0
2023-10-16,1107.1,12827237.0,12828344.1,3,0.0,0.0,0.0,0.0,0.0,4418207.0,0.0,0.0,0.0,0.0,0.0,0.0,4135110.0,0.0,0.0,0.0,0.0,0.0,0.0,0.0,0.0,4273920.0
2023-10-17,1107.1,12896524.0,12897631.1,3,0.0,0.0,0.0,0.0,0.0,4420984.0,0.0,0.0,0.0,0.0,0.0,0.0,4161300.0,0.0,0.0,0.0,0.0,0.0,0.0,0.0,0.0,4314240.0
2023-10-18,1107.1,12851286.0,12852393.1,3,0.0,0.0,0.0,0.0,0.0,4423761.0,0.0,0.0,0.0,0.0,0.0,0.0,4113285.0,0.0,0.0,0.0,0.0,0.0,0.0,0.0,0.0,4314240.0
2023-10-19,1107.1,12608118.0,12609225.1,3,0.0,0.0,0.0,0.0,0.0,4357113.0,0.0,0.0,0.0,0.0,0.0,0.0,4031805.0,0.0,0.0,0.0,0.0,0.0,0.0,0.0,0.0,4219200.0
2023-10-20,1107.1,12490390.0,12491497.1,3,0.0,0.0,0.0,0.0,0.0,4304350.0,0.0,0.0,0.0,0.0,0.0,0.0,4015800.0,0.0,0.0,0.0,0.0,0.0,0.0,0.0,0.0,4170240.0
2023-10-23,1107.1,12334398.0,12335505.1,3,0.0,0.0,0.0,0.0,0.0,4273803.0,0.0,0.0,0.0,0.0,0.0,0.0,3999795.0,0.0,0.0,0.0,0.0,0.0,0.0,0.0,0.0,4060800.0
2023-10-24,1107.1,12439138.0,12440245.1,3,0.0,0.0,0.0,0.0,0.0,4287688.0,0.0,0.0,0.0,0.0,0.0,0.0,4012890.0,0.0,0.0,0.0,0.0,0.0,0.0,0.0,0.0,4138560.0
2023-10-25,1107.1,12630583.0,12631690.1,3,0.0,0.0,0.0,0.0,0.0,4287688.0,0.0,0.0,0.0,0.0,0.0,0.0,4005615.0,0.0,0.0,0.0,0.0,0.0,0.0,0.0,0.0,4337280.0
2023-10-26,1107.1,12500451.0,12501558.1,3,0.0,0.0,0.0,0.0,0.0,4298796.0,0.0,0.0,0.0,0.0,0.0,0.0,3993975.0,0.0,0.0,0.0,0.0,0.0,0.0,0.0,0.0,4207680.0
2023-10-27,1107.1,12475143.0,12476250.1,3,0.0,0.0,0.0,0.0,0.0,4232148.0,0.0,0.0,0.0,0.0,0.0,0.0,4092915.0,0.0,0.0,0.0,0.0,0.0,0.0,0.0,0.0,4150080.0
2023-10-30,1107.1,12417028.0,12418135.1,3,0.0,0.0,0.0,0.0,0.0,4162723.0,0.0,0.0,0.0,0.0,0.0,0.0,4072545.0,0.0,0.0,0.0,0.0,0.0,0.0,0.0,0.0,4181760.0
2023-10-31,1107.1,12568793.0,12569900.1,3,0.0,0.0,0.0,0.0,0.0,4259918.0,0.0,0.0,0.0,0.0,0.0,0.0,4057995.0,0.0,0.0,0.0,0.0,0.0,0.0,0.0,0.0,4250880.0
2023-11-01,1107.1,12530426.0,12531533.1,3,0.0,0.0,0.0,0.0,0.0,4243256.0,0.0,0.0,0.0,0.0,0.0,0.0,4047810.0,0.0,0.0,0.0,0.0,0.0,0.0,0.0,0.0,4239360.0
2023-11-02,1107.1,12508536.0,12509643.1,3,0.0,0.0,0.0,0.0,0.0,4257141.0,0.0,0.0,0.0,0.0,0.0,0.0,4069635.0,0.0,0.0,0.0,0.0,0.0,0.0,0.0,0.0,4181760.0
2023-11-03,1107.1,12407912.0,12409019.1,3,0.0,0.0,0.0,0.0,0.0,4251587.0,0.0,0.0,0.0,0.0,0.0,0.0,4066725.0,0.0,0.0,0.0,0.0,0.0,0.0,0.0,0.0,4089600.0
2023-11-06,1107.1,12113014.0,12114121.1,3,0.0,0.0,0.0,0.0,0.0,4129399.0,0.0,0.0,0.0,0.0,0.0,0.0,4075455.0,0.0,0.0,0.0,0.0,0.0,0.0,0.0,0.0,3908160.0
2023-11-07,1107.1,12156880.0,12157987.1,3,0.0,0.0,0.0,0.0,0.0,4179385.0,0.0,0.0,0.0,0.0,0.0,0.0,4040535.0,0.0,0.0,0.0,0.0,0.0,0.0,0.0,0.0,3936960.0
2023-11-08,1107.1,12103053.0,12104160.1,3,0.0,0.0,0.0,0.0,0.0,4190493.0,0.0,0.0,0.0,0.0,0.0,0.0,4027440.0,0.0,0.0,0.0,0.0,0.0,0.0,0.0,0.0,3885120.0
2023-11-09,1107.1,12268986.0,12270093.1,3,0.0,0.0,0.0,0.0,0.0,4298796.0,0.0,0.0,0.0,0.0,0.0,0.0,4030350.0,0.0,0.0,0.0,0.0,0.0,0.0,0.0,0.0,3939840.0
2023-11-10,1107.1,12340815.0,12341922.1,3,0.0,0.0,0.0,0.0,0.0,4373775.0,0.0,0.0,0.0,0.0,0.0,0.0,4004160.0,0.0,0.0,0.0,0.0,0.0,0.0,0.0,0.0,3962880.0
2023-11-13,1107.1,12171725.0,12172832.1,3,0.0,0.0,0.0,0.0,0.0,4359890.0,0.0,0.0,0.0,0.0,0.0,0.0,3895035.0,0.0,0.0,0.0,0.0,0.0,0.0,0.0,0.0,3916800.0
2023-11-14,1107.1,12195331.0,12196438.1,3,0.0,0.0,0.0,0.0,0.0,4312681.0,0.0,0.0,0.0,0.0,0.0,0.0,3919770.0,0.0,0.0,0.0,0.0,0.0,0.0,0.0,0.0,3962880.0
2023-11-15,1107.1,12312368.0,12313475.1,3,0.0,0.0,0.0,0.0,0.0,4343228.0,0.0,0.0,0.0,0.0,0.0,0.0,3928500.0,0.0,0.0,0.0,0.0,0.0,0.0,0.0,0.0,4040640.0
2023-11-16,1107.1,12300239.0,12301346.1,3,0.0,0.0,0.0,0.0,0.0,4351559.0,0.0,0.0,0.0,0.0,0.0,0.0,3899400.0,0.0,0.0,0.0,0.0,0.0,0.0,0.0,0.0,4049280.0
2023-11-17,1107.1,12266366.0,12267473.1,3,0.0,0.0,0.0,0.0,0.0,4368221.0,0.0,0.0,0.0,0.0,0.0,0.0,3886305.0,0.0,0.0,0.0,0.0,0.0,0.0,0.0,0.0,4011840.0
2023-11-20,1107.1,12361972.0,12363079.1,3,0.0,0.0,0.0,0.0,0.0,4362667.0,0.0,0.0,0.0,0.0,0.0,0.0,3921225.0,0.0,0.0,0.0,0.0,0.0,0.0,0.0,0.0,4078080.0
2023-11-21,1107.1,12371745.0,12372852.1,3,0.0,0.0,0.0,0.0,0.0,4373775.0,0.0,0.0,0.0,0.0,0.0,0.0,3931410.0,0.0,0.0,0.0,0.0,0.0,0.0,0.0,0.0,4066560.0
2023-11-22,1107.1,12369844.0,12370951.1,3,0.0,0.0,0.0,0.0,0.0,4420984.0,0.0,0.0,0.0,0.0,0.0,0.0,3916860.0,0.0,0.0,0.0,0.0,0.0,0.0,0.0,0.0,4032000.0
2023-11-23,1107.1,12538369.0,12539476.1,3,0.0,0.0,0.0,0.0,0.0,4504294.0,0.0,0.0,0.0,0.0,0.0,0.0,3941595.0,0.0,0.0,0.0,0.0,0.0,0.0,0.0,0.0,4092480.0
2023-11-24,1107.1,12610103.0,12611210.1,3,0.0,0.0,0.0,0.0,0.0,4551503.0,0.0,0.0,0.0,0.0,0.0,0.0,3945960.0,0.0,0.0,0.0,0.0,0.0,0.0,0.0,0.0,4112640.0
2023-11-27,1107.1,12569513.0,12570620.1,3,0.0,0.0,0.0,0.0,0.0,4551503.0,0.0,0.0,0.0,0.0,0.0,0.0,3919770.0,0.0,0.0,0.0,0.0,0.0,0.0,0.0,0.0,4098240.0
2023-11-28,1107.1,12596905.0,12598012.1,3,0.0,0.0,0.0,0.0,0.0,4554280.0,0.0,0.0,0.0,0.0,0.0,0.0,3932865.0,0.0,0.0,0.0,0.0,0.0,0.0,0.0,0.0,4109760.0
2023-11-29,1107.1,12677644.0,12678751.1,3,0.0,0.0,0.0,0.0,0.0,4629259.0,0.0,0.0,0.0,0.0,0.0,0.0,3932865.0,0.0,0.0,0.0,0.0,0.0,0.0,0.0,0.0,4115520.0
2023-11-30,1107.1,12616623.0,12617730.1,3,0.0,0.0,0.0,0.0,0.0,4607043.0,0.0,0.0,0.0,0.0,0.0,0.0,3940140.0,0.0,0.0,0.0,0.0,0.0,0.0,0.0,0.0,4069440.0
2023-12-01,1107.1,12519073.0,12520180.1,3,0.0,0.0,0.0,0.0,0.0,4620928.0,0.0,0.0,0.0,0.0,0.0,0.0,3886305.0,0.0,0.0,0.0,0.0,0.0,0.0,0.0,0.0,4011840.0
2023-12-04,1107.1,12567994.0,12569101.1,3,0.0,0.0,0.0,0.0,0.0,4670914.0,0.0,0.0,0.0,0.0,0.0,0.0,3922680.0,0.0,0.0,0.0,0.0,0.0,0.0,0.0,0.0,3974400.0
2023-12-05,1107.1,12423282.0,12424389.1,3,0.0,0.0,0.0,0.0,0.0,4640367.0,0.0,0.0,0.0,0.0,0.0,0.0,3883395.0,0.0,0.0,0.0,0.0,0.0,0.0,0.0,0.0,3899520.0
2023-12-06,1107.1,12398023.0,12399130.1,3,0.0,0.0,0.0,0.0,0.0,4620928.0,0.0,0.0,0.0,0.0,0.0,0.0,3877575.0,0.0,0.0,0.0,0.0,0.0,0.0,0.0,0.0,3899520.0
2023-12-07,1107.1,12348019.0,12349126.1,3,0.0,0.0,0.0,0.0,0.0,4545949.0,0.0,0.0,0.0,0.0,0.0,0.0,3925590.0,0.0,0.0,0.0,0.0,0.0,0.0,0.0,0.0,3876480.0
2023-12-08,1107.1,12355191.0,12356298.1,3,0.0,0.0,0.0,0.0,0.0,4548726.0,0.0,0.0,0.0,0.0,0.0,0.0,3932865.0,0.0,0.0,0.0,0.0,0.0,0.0,0.0,0.0,3873600.0
2023-12-11,1107.1,12524017.0,12525124.1,3,0.0,0.0,0.0,0.0,0.0,4654252.0,0.0,0.0,0.0,0.0,0.0,0.0,3927045.0,0.0,0.0,0.0,0.0,0.0,0.0,0.0,0.0,3942720.0
2023-12-12,1107.1,12670201.0,12671308.1,3,0.0,0.0,0.0,0.0,0.0,4687576.0,0.0,0.0,0.0,0.0,0.0,0.0,3979425.0,0.0,0.0,0.0,0.0,0.0,0.0,0.0,0.0,4003200.0
2023-12-13,1107.1,12429951.0,12431058.1,3,0.0,0.0,0.0,0.0,0.0,4632036.0,0.0,0.0,0.0,0.0,0.0,0.0,3941595.0,0.0,0.0,0.0,0.0,0.0,0.0,0.0,0.0,3856320.0
2023-12-14,1107.1,12458257.0,12459364.1,3,0.0,0.0,0.0,0.0,0.0,4612597.0,0.0,0.0,0.0,0.0,0.0,0.0,3963420.0,0.0,0.0,0.0,0.0,0.0,0.0,0.0,0.0,3882240.0
2023-12-15,1107.1,12480739.0,12481846.1,3,0.0,0.0,0.0,0.0,0.0,4587604.0,0.0,0.0,0.0,0.0,0.0,0.0,3959055.0,0.0,0.0,0.0,0.0,0.0,0.0,0.0,0.0,3934080.0
2023-12-18,1107.1,12523909.0,12525016.1,3,0.0,0.0,0.0,0.0,0.0,4629259.0,0.0,0.0,0.0,0.0,0.0,0.0,3966330.0,0.0,0.0,0.0,0.0,0.0,0.0,0.0,0.0,3928320.0
2023-12-19,1107.1,12544773.0,12545880.1,3,0.0,0.0,0.0,0.0,0.0,4648698.0,0.0,0.0,0.0,0.0,0.0,0.0,3964875.0,0.0,0.0,0.0,0.0,0.0,0.0,0.0,0.0,3931200.0
2023-12-20,1107.1,12457738.0,12458845.1,3,0.0,0.0,0.0,0.0,0.0,4704238.0,0.0,0.0,0.0,0.0,0.0,0.0,3684060.0,0.0,0.0,0.0,0.0,0.0,0.0,0.0,0.0,4069440.0
2023-12-21,1107.1,12589410.0,12590517.1,3,0.0,0.0,0.0,0.0,0.0,4748670.0,0.0,0.0,0.0,0.0,0.0,0.0,3765540.0,0.0,0.0,0.0,0.0,0.0,0.0,0.0,0.0,4075200.0
2023-12-22,1107.1,12874495.0,12875602.1,3,0.0,0.0,0.0,0.0,0.0,4845865.0,0.0,0.0,0.0,0.0,0.0,0.0,3832470.0,0.0,0.0,0.0,0.0,0.0,0.0,0.0,0.0,4196160.0
2023-12-25,1107.1,12956247.0,12957354.1,3,0.0,0.0,0.0,0.0,0.0,4890297.0,0.0,0.0,0.0,0.0,0.0,0.0,3820830.0,0.0,0.0,0.0,0.0,0.0,0.0,0.0,0.0,4245120.0
2023-12-26,1107.1,12834446.0,12835553.1,3,0.0,0.0,0.0,0.0,0.0,4868081.0,0.0,0.0,0.0,0.0,0.0,0.0,3799005.0,0.0,0.0,0.0,0.0,0.0,0.0,0.0,0.0,4167360.0
2023-12-27,1107.1,12941349.0,12942456.1,3,0.0,0.0,0.0,0.0,0.0,4906959.0,0.0,0.0,0.0,0.0,0.0,0.0,3832470.0,0.0,0.0,0.0,0.0,0.0,0.0,0.0,0.0,4201920.0
2023-12-28,1107.1,13024070.0,13025177.1,3,0.0,0.0,0.0,0.0,0.0,4859750.0,0.0,0.0,0.0,0.0,0.0,0.0,3864480.0,0.0,0.0,0.0,0.0,0.0,0.0,0.0,0.0,4299840.0
2023-12-29,1107.1,13124583.0,13125690.1,3,0.0,0.0,0.0,0.0,0.0,4940283.0,0.0,0.0,0.0,0.0,0.0,0.0,3847020.0,0.0,0.0,0.0,0.0,0.0,0.0,0.0,0.0,4337280.0
2024-01-02,1563.05,13215724.0,13217287.05,3,0.0,0.0,0.0,0.0,0.0,4492278.0,0.0,0.0,0.0,0.0,0.0,0.0,4302322.0,0.0,0.0,0.0,0.0,0.0,0.0,0.0,0.0,4421124.0
2024-01-03,1563.05,13211429.0,13212992.05,3,0.0,0.0,0.0,0.0,0.0,4521930.0,0.0,0.0,0.0,0.0,0.0,0.0,4271276.0,0.0,0.0,0.0,0.0,0.0,0.0,0.0,0.0,4418223.0
2024-01-04,1563.05,13385317.0,13386880.05,3,0.0,0.0,0.0,0.0,0.0,4635596.0,0.0,0.0,0.0,0.0,0.0,0.0,4290884.0,0.0,0.0,0.0,0.0,0.0,0.0,0.0,0.0,4458837.0
2024-01-05,1563.05,13553108.0,13554671.05,3,0.0,0.0,0.0,0.0,0.0,4652893.0,0.0,0.0,0.0,0.0,0.0,0.0,4429774.0,0.0,0.0,0.0,0.0,0.0,0.0,0.0,0.0,4470441.0
2024-01-08,1563.05,13568851.0,13570414.05,3,0.0,0.0,0.0,0.0,0.0,4680074.0,0.0,0.0,0.0,0.0,0.0,0.0,4418336.0,0.0,0.0,0.0,0.0,0.0,0.0,0.0,0.0,4470441.0
2024-01-09,1563.05,13683511.0,13685074.05,3,0.0,0.0,0.0,0.0,0.0,4714668.0,0.0,0.0,0.0,0.0,0.0,0.0,4498402.0,0.0,0.0,0.0,0.0,0.0,0.0,0.0,0.0,4470441.0
2024-01-10,1563.05,13702649.0,13704212.05,3,0.0,0.0,0.0,0.0,0.0,4712197.0,0.0,0.0,0.0,0.0,0.0,0.0,4522912.0,0.0,0.0,0.0,0.0,0.0,0.0,0.0,0.0,4467540.0
2024-01-11,1563.05,13601607.0,13603170.05,3,0.0,0.0,0.0,0.0,0.0,4660306.0,0.0,0.0,0.0,0.0,0.0,0.0,4511474.0,0.0,0.0,0.0,0.0,0.0,0.0,0.0,0.0,4429827.0
2024-01-12,1563.05,13745728.0,13747291.05,3,0.0,0.0,0.0,0.0,0.0,4734436.0,0.0,0.0,0.0,0.0,0.0,0.0,4514742.0,0.0,0.0,0.0,0.0,0.0,0.0,0.0,0.0,4496550.0
2024-01-15,1563.05,13852836.0,13854399.05,3,0.0,0.0,0.0,0.0,0.0,4830805.0,0.0,0.0,0.0,0.0,0.0,0.0,4545788.0,0.0,0.0,0.0,0.0,0.0,0.0,0.0,0.0,4476243.0
2024-01-16,1563.05,13814218.0,13815781.05,3,0.0,0.0,0.0,0.0,0.0,4825863.0,0.0,0.0,0.0,0.0,0.0,0.0,4581736.0,0.0,0.0,0.0,0.0,0.0,0.0,0.0,0.0,4406619.0
2024-01-17,1563.05,13643654.0,13645217.05,3,0.0,0.0,0.0,0.0,0.0,4801153.0,0.0,0.0,0.0,0.0,0.0,0.0,4522912.0,0.0,0.0,0.0,0.0,0.0,0.0,0.0,0.0,4319589.0
2024-01-18,1563.05,13587709.0,13589272.05,3,0.0,0.0,0.0,0.0,0.0,4877754.0,0.0,0.0,0.0,0.0,0.0,0.0,4518010.0,0.0,0.0,0.0,0.0,0.0,0.0,0.0,0.0,4191945.0
2024-01-19,1563.05,13416510.0,13418073.05,3,0.0,0.0,0.0,0.0,0.0,4778914.0,0.0,0.0,0.0,0.0,0.0,0.0,4506572.0,0.0,0.0,0.0,0.0,0.0,0.0,0.0,0.0,4131024.0
2024-01-22,1563.05,13100351.0,13101914.05,3,0.0,0.0,0.0,0.0,0.0,4746791.0,0.0,0.0,0.0,0.0,0.0,0.0,4431408.0,0.0,0.0,0.0,0.0,0.0,0.0,0.0,0.0,3922152.0
2024-01-23,1563.05,13254654.0,13256217.05,3,0.0,0.0,0.0,0.0,0.0,4806095.0,0.0,0.0,0.0,0.0,0.0,0.0,4424872.0,0.0,0.0,0.0,0.0,0.0,0.0,0.0,0.0,4023687.0
2024-01-24,1563.05,13558074.0,13559637.05,3,0.0,0.0,0.0,0.0,0.0,4907406.0,0.0,0.0,0.0,0.0,0.0,0.0,4519644.0,0.0,0.0,0.0,0.0,0.0,0.0,0.0,0.0,4131024.0
2024-01-25,1563.05,13882464.0,13884027.05,3,0.0,0.0,0.0,0.0,0.0,4986478.0,0.0,0.0,0.0,0.0,0.0,0.0,4521278.0,0.0,0.0,0.0,0.0,0.0,0.0,0.0,0.0,4374708.0
2024-01-26,1563.05,14031269.0,14032832.05,3,0.0,0.0,0.0,0.0,0.0,5048253.0,0.0,0.0,0.0,0.0,0.0,0.0,4521278.0,0.0,0.0,0.0,0.0,0.0,0.0,0.0,0.0,4461738.0
2024-01-29,1563.05,14157295.0,14158858.05,3,0.0,0.0,0.0,0.0,0.0,5003775.0,0.0,0.0,0.0,0.0,0.0,0.0,4709188.0,0.0,0.0,0.0,0.0,0.0,0.0,0.0,0.0,4444332.0
2024-01-30,1563.05,14035608.0,14037171.05,3,0.0,0.0,0.0,0.0,0.0,5018601.0,0.0,0.0,0.0,0.0,0.0,0.0,4720626.0,0.0,0.0,0.0,0.0,0.0,0.0,0.0,0.0,4296381.0
2024-01-31,1563.05,14138175.0,14139738.05,3,0.0,0.0,0.0,0.0,0.0,5087789.0,0.0,0.0,0.0,0.0,0.0,0.0,4733698.0,0.0,0.0,0.0,0.0,0.0,0.0,0.0,0.0,4316688.0
2024-02-01,1563.05,14013289.0,14014852.05,3,0.0,0.0,0.0,0.0,0.0,5033427.0,0.0,0.0,0.0,0.0,0.0,0.0,4738600.0,0.0,0.0,0.0,0.0,0.0,0.0,0.0,0.0,4241262.0
2024-02-02,1563.05,14062647.0,14064210.05,3,0.0,0.0,0.0,0.0,0.0,5060608.0,0.0,0.0,0.0,0.0,0.0,0.0,4781084.0,0.0,0.0,0.0,0.0,0.0,0.0,0.0,0.0,4220955.0
2024-02-05,1563.05,14291529.0,14293092.05,3,0.0,0.0,0.0,0.0,0.0,5154506.0,0.0,0.0,0.0,0.0,0.0,0.0,4846444.0,0.0,0.0,0.0,0.0,0.0,0.0,0.0,0.0,4290579.0
2024-02-06,1563.05,14442266.0,14443829.05,3,0.0,0.0,0.0,0.0,0.0,5097673.0,0.0,0.0,0.0,0.0,0.0,0.0,4821934.0,0.0,0.0,0.0,0.0,0.0,0.0,0.0,0.0,4522659.0
2024-02-07,1563.05,14742081.0,14743644.05,3,0.0,0.0,0.0,0.0,0.0,5053195.0,0.0,0.0,0.0,0.0,0.0,0.0,4942850.0,0.0,0.0,0.0,0.0,0.0,0.0,0.0,0.0,4746036.0
2024-02-08,1563.05,14618385.0,14619948.05,3,0.0,0.0,0.0,0.0,0.0,5090260.0,0.0,0.0,0.0,0.0,0.0,0.0,4854614.0,0.0,0.0,0.0,0.0,0.0,0.0,0.0,0.0,4673511.0
2024-02-19,1563.05,14995637.0,14997200.05,3,0.0,0.0,0.0,0.0,0.0,5337360.0,0.0,0.0,0.0,0.0,0.0,0.0,4967360.0,0.0,0.0,0.0,0.0,0.0,0.0,0.0,0.0,4690917.0
2024-02-20,1563.05,15227565.0,15229128.05,3,0.0,0.0,0.0,0.0,0.0,5389251.0,0.0,0.0,0.0,0.0,0.0,0.0,5098080.0,0.0,0.0,0.0,0.0,0.0,0.0,0.0,0.0,4740234.0
2024-02-21,1563.05,15191526.0,15193089.05,3,0.0,0.0,0.0,0.0,0.0,5347244.0,0.0,0.0,0.0,0.0,0.0,0.0,5086642.0,0.0,0.0,0.0,0.0,0.0,0.0,0.0,0.0,4757640.0
2024-02-22,1563.05,15640493.0,15642056.05,3,0.0,0.0,0.0,0.0,0.0,5661061.0,0.0,0.0,0.0,0.0,0.0,0.0,5140564.0,0.0,0.0,0.0,0.0,0.0,0.0,0.0,0.0,4838868.0
2024-02-23,1563.05,15535879.0,15537442.05,3,0.0,0.0,0.0,0.0,0.0,5606699.0,0.0,0.0,0.0,0.0,0.0,0.0,5119322.0,0.0,0.0,0.0,0.0,0.0,0.0,0.0,0.0,4809858.0
2024-02-26,1563.05,15531169.0,15532732.05,3,0.0,0.0,0.0,0.0,0.0,5525156.0,0.0,0.0,0.0,0.0,0.0,0.0,5222264.0,0.0,0.0,0.0,0.0,0.0,0.0,0.0,0.0,4783749.0
2024-02-27,1563.05,15529025.0,15530588.05,3,0.0,0.0,0.0,0.0,0.0,5470794.0,0.0,0.0,0.0,0.0,0.0,0.0,5222264.0,0.0,0.0,0.0,0.0,0.0,0.0,0.0,0.0,4835967.0
2024-02-28,1563.05,15459349.0,15460912.05,3,0.0,0.0,0.0,0.0,0.0,5505388.0,0.0,0.0,0.0,0.0,0.0,0.0,5210826.0,0.0,0.0,0.0,0.0,0.0,0.0,0.0,0.0,4743135.0
2024-02-29,1563.05,15477983.0,15479546.05,3,0.0,0.0,0.0,0.0,0.0,5428787.0,0.0,0.0,0.0,0.0,0.0,0.0,5245140.0,0.0,0.0,0.0,0.0,0.0,0.0,0.0,0.0,4804056.0
2024-03-01,1563.05,15675833.0,15677396.05,3,0.0,0.0,0.0,0.0,0.0,5433729.0,0.0,0.0,0.0,0.0,0.0,0.0,5374226.0,0.0,0.0,0.0,0.0,0.0,0.0,0.0,0.0,4867878.0
2024-03-04,1563.05,16011368.0,16012931.05,3,0.0,0.0,0.0,0.0,0.0,5636351.0,0.0,0.0,0.0,0.0,0.0,0.0,5382396.0,0.0,0.0,0.0,0.0,0.0,0.0,0.0,0.0,4992621.0
2024-03-05,1563.05,16079278.0,16080841.05,3,0.0,0.0,0.0,0.0,0.0,5673416.0,0.0,0.0,0.0,0.0,0.0,0.0,5398736.0,0.0,0.0,0.0,0.0,0.0,0.0,0.0,0.0,5007126.0
2024-03-06,1563.05,16099986.0,16101549.05,3,0.0,0.0,0.0,0.0,0.0,5698126.0,0.0,0.0,0.0,0.0,0.0,0.0,5388932.0,0.0,0.0,0.0,0.0,0.0,0.0,0.0,0.0,5012928.0
2024-03-07,1563.05,16451439.0,16453002.05,3,0.0,0.0,0.0,0.0,0.0,5834031.0,0.0,0.0,0.0,0.0,0.0,0.0,5500044.0,0.0,0.0,0.0,0.0,0.0,0.0,0.0,0.0,5117364.0
2024-03-08,1563.05,16517136.0,16518699.05,3,0.0,0.0,0.0,0.0,0.0,5792024.0,0.0,0.0,0.0,0.0,0.0,0.0,5503312.0,0.0,0.0,0.0,0.0,0.0,0.0,0.0,0.0,5221800.0
2024-03-11,1563.05,16070324.0,16071887.05,3,0.0,0.0,0.0,0.0,0.0,5564692.0,0.0,0.0,0.0,0.0,0.0,0.0,5434684.0,0.0,0.0,0.0,0.0,0.0,0.0,0.0,0.0,5070948.0
2024-03-12,1563.05,15520272.0,15521835.05,3,0.0,0.0,0.0,0.0,0.0,5362070.0,0.0,0.0,0.0,0.0,0.0,0.0,5272918.0,0.0,0.0,0.0,0.0,0.0,0.0,0.0,0.0,4885284.0
2024-03-13,1563.05,15561615.0,15563178.05,3,0.0,0.0,0.0,0.0,0.0,5310179.0,0.0,0.0,0.0,0.0,0.0,0.0,5302330.0,0.0,0.0,0.0,0.0,0.0,0.0,0.0,0.0,4949106.0
2024-03-14,1563.05,15609241.0,15610804.05,3,0.0,0.0,0.0,0.0,0.0,5292882.0,0.0,0.0,0.0,0.0,0.0,0.0,5312134.0,0.0,0.0,0.0,0.0,0.0,0.0,0.0,0.0,5004225.0
2024-03-15,1563.05,15411501.0,15413064.05,3,0.0,0.0,0.0,0.0,0.0,5198984.0,0.0,0.0,0.0,0.0,0.0,0.0,5214094.0,0.0,0.0,0.0,0.0,0.0,0.0,0.0,0.0,4998423.0
2024-03-18,1563.05,15285375.0,15286938.05,3,0.0,0.0,0.0,0.0,0.0,5119912.0,0.0,0.0,0.0,0.0,0.0,0.0,5143832.0,0.0,0.0,0.0,0.0,0.0,0.0,0.0,0.0,5021631.0
2024-03-19,1563.05,15363971.0,15365534.05,3,0.0,0.0,0.0,0.0,0.0,5216281.0,0.0,0.0,0.0,0.0,0.0,0.0,5140564.0,0.0,0.0,0.0,0.0,0.0,0.0,0.0,0.0,5007126.0
2024-03-20,1563.05,15364137.0,15365700.05,3,0.0,0.0,0.0,0.0,0.0,5263230.0,0.0,0.0,0.0,0.0,0.0,0.0,5137296.0,0.0,0.0,0.0,0.0,0.0,0.0,0.0,0.0,4963611.0
2024-03-21,1563.05,15493970.0,15495533.05,3,0.0,0.0,0.0,0.0,0.0,5280527.0,0.0,0.0,0.0,0.0,0.0,0.0,5093178.0,0.0,0.0,0.0,0.0,0.0,0.0,0.0,0.0,5120265.0
2024-03-22,1563.05,15542072.0,15543635.05,3,0.0,0.0,0.0,0.0,0.0,5339831.0,0.0,0.0,0.0,0.0,0.0,0.0,5122590.0,0.0,0.0,0.0,0.0,0.0,0.0,0.0,0.0,5079651.0
2024-03-25,1563.05,15804377.0,15805940.05,3,0.0,0.0,0.0,0.0,0.0,5468323.0,0.0,0.0,0.0,0.0,0.0,0.0,5125858.0,0.0,0.0,0.0,0.0,0.0,0.0,0.0,0.0,5210196.0
2024-03-26,1563.05,15564678.0,15566241.05,3,0.0,0.0,0.0,0.0,0.0,5315121.0,0.0,0.0,0.0,0.0,0.0,0.0,5117688.0,0.0,0.0,0.0,0.0,0.0,0.0,0.0,0.0,5131869.0
2024-03-27,1563.05,15422829.0,15424392.05,3,0.0,0.0,0.0,0.0,0.0,5287940.0,0.0,0.0,0.0,0.0,0.0,0.0,5194486.0,0.0,0.0,0.0,0.0,0.0,0.0,0.0,0.0,4940403.0
2024-03-28,1563.05,15559172.0,15560735.05,3,0.0,0.0,0.0,0.0,0.0,5258288.0,0.0,0.0,0.0,0.0,0.0,0.0,5264748.0,0.0,0.0,0.0,0.0,0.0,0.0,0.0,0.0,5036136.0
2024-03-29,1563.05,15729993.0,15731556.05,3,0.0,0.0,0.0,0.0,0.0,5278056.0,0.0,0.0,0.0,0.0,0.0,0.0,5279454.0,0.0,0.0,0.0,0.0,0.0,0.0,0.0,0.0,5172483.0
2024-04-01,1776.71,15679436.0,15681212.71,3,0.0,0.0,0.0,0.0,0.0,5247765.0,0.0,0.0,0.0,0.0,0.0,0.0,0.0,0.0,0.0,5142384.0,0.0,0.0,0.0,0.0,0.0,5289287.0
2024-04-02,1776.71,15855414.0,15857190.71,3,0.0,0.0,0.0,0.0,0.0,5359950.0,0.0,0.0,0.0,0.0,0.0,0.0,0.0,0.0,0.0,5185800.0,0.0,0.0,0.0,0.0,0.0,5309664.0
2024-04-03,1776.71,16521696.0,16523472.71,3,0.0,0.0,0.0,0.0,0.0,5462163.0,0.0,0.0,0.0,0.0,0.0,0.0,0.0,0.0,0.0,5217156.0,0.0,0.0,0.0,0.0,0.0,5842377.0
2024-04-08,1776.71,16383514.0,16385290.71,3,0.0,0.0,0.0,0.0,0.0,5404824.0,0.0,0.0,0.0,0.0,0.0,0.0,0.0,0.0,0.0,5185800.0,0.0,0.0,0.0,0.0,0.0,5792890.0
2024-04-09,1776.71,16318244.0,16320020.71,3,0.0,0.0,0.0,0.0,0.0,5382387.0,0.0,0.0,0.0,0.0,0.0,0.0,0.0,0.0,0.0,5209920.0,0.0,0.0,0.0,0.0,0.0,5725937.0
2024-04-10,1776.71,16631241.0,16633017.71,3,0.0,0.0,0.0,0.0,0.0,5452191.0,0.0,0.0,0.0,0.0,0.0,0.0,0.0,0.0,0.0,5188212.0,0.0,0.0,0.0,0.0,0.0,5990838.0
2024-04-11,1776.71,17040722.0,17042498.71,3,0.0,0.0,0.0,0.0,0.0,5517009.0,0.0,0.0,0.0,0.0,0.0,0.0,0.0,0.0,0.0,5238864.0,0.0,0.0,0.0,0.0,0.0,6284849.0
2024-04-12,1776.71,17200420.0,17202196.71,3,0.0,0.0,0.0,0.0,0.0,5507037.0,0.0,0.0,0.0,0.0,0.0,0.0,0.0,0.0,0.0,5262984.0,0.0,0.0,0.0,0.0,0.0,6430399.0
2024-04-15,1776.71,17604981.0,17606757.71,3,0.0,0.0,0.0,0.0,0.0,5684040.0,0.0,0.0,0.0,0.0,0.0,0.0,0.0,0.0,0.0,5344992.0,0.0,0.0,0.0,0.0,0.0,6575949.0
2024-04-16,1776.71,17233407.0,17235183.71,3,0.0,0.0,0.0,0.0,0.0,5738886.0,0.0,0.0,0.0,0.0,0.0,0.0,0.0,0.0,0.0,5337756.0,0.0,0.0,0.0,0.0,0.0,6156765.0
2024-04-17,1776.71,17516433.0,17518209.71,3,0.0,0.0,0.0,0.0,0.0,5746365.0,0.0,0.0,0.0,0.0,0.0,0.0,0.0,0.0,0.0,5342580.0,0.0,0.0,0.0,0.0,0.0,6427488.0
2024-04-18,1776.71,17374480.0,17376256.71,3,0.0,0.0,0.0,0.0,0.0,5723928.0,0.0,0.0,0.0,0.0,0.0,0.0,0.0,0.0,0.0,5455944.0,0.0,0.0,0.0,0.0,0.0,6194608.0
2024-04-19,1776.71,17261819.0,17263595.71,3,0.0,0.0,0.0,0.0,0.0,5778774.0,0.0,0.0,0.0,0.0,0.0,0.0,0.0,0.0,0.0,5477652.0,0.0,0.0,0.0,0.0,0.0,6005393.0
2024-04-22,1776.71,17004817.0,17006593.71,3,0.0,0.0,0.0,0.0,0.0,5492079.0,0.0,0.0,0.0,0.0,0.0,0.0,0.0,0.0,0.0,5545188.0,0.0,0.0,0.0,0.0,0.0,5967550.0
2024-04-23,1776.71,16443068.0,16444844.71,3,0.0,0.0,0.0,0.0,0.0,5402331.0,0.0,0.0,0.0,0.0,0.0,0.0,0.0,0.0,0.0,5279868.0,0.0,0.0,0.0,0.0,0.0,5760869.0
2024-04-24,1776.71,16258387.0,16260163.71,3,0.0,0.0,0.0,0.0,0.0,5352471.0,0.0,0.0,0.0,0.0,0.0,0.0,0.0,0.0,0.0,5270220.0,0.0,0.0,0.0,0.0,0.0,5635696.0
2024-04-25,1776.71,16330329.0,16332105.71,3,0.0,0.0,0.0,0.0,0.0,5352471.0,0.0,0.0,0.0,0.0,0.0,0.0,0.0,0.0,0.0,5161680.0,0.0,0.0,0.0,0.0,0.0,5816178.0
2024-04-26,1776.71,16385002.0,16386778.71,3,0.0,0.0,0.0,0.0,0.0,5320062.0,0.0,0.0,0.0,0.0,0.0,0.0,0.0,0.0,0.0,5289516.0,0.0,0.0,0.0,0.0,0.0,5775424.0
2024-04-29,1776.71,16168161.0,16169937.71,3,0.0,0.0,0.0,0.0,0.0,5143059.0,0.0,0.0,0.0,0.0,0.0,0.0,0.0,0.0,0.0,5383584.0,0.0,0.0,0.0,0.0,0.0,5641518.0
2024-04-30,1776.71,16229654.0,16231430.71,3,0.0,0.0,0.0,0.0,0.0,5205384.0,0.0,0.0,0.0,0.0,0.0,0.0,0.0,0.0,0.0,5359464.0,0.0,0.0,0.0,0.0,0.0,5664806.0
2024-05-06,1776.71,16341720.0,16343496.71,3,0.0,0.0,0.0,0.0,0.0,5070762.0,0.0,0.0,0.0,0.0,0.0,0.0,0.0,0.0,0.0,5489712.0,0.0,0.0,0.0,0.0,0.0,5781246.0
2024-05-07,1776.71,16545057.0,16546833.71,3,0.0,0.0,0.0,0.0,0.0,5090706.0,0.0,0.0,0.0,0.0,0.0,0.0,0.0,0.0,0.0,5489712.0,0.0,0.0,0.0,0.0,0.0,5964639.0
2024-05-08,1776.71,16718504.0,16720280.71,3,0.0,0.0,0.0,0.0,0.0,5340006.0,0.0,0.0,0.0,0.0,0.0,0.0,0.0,0.0,0.0,5434236.0,0.0,0.0,0.0,0.0,0.0,5944262.0
2024-05-09,1776.71,17045830.0,17047606.71,3,0.0,0.0,0.0,0.0,0.0,5287653.0,0.0,0.0,0.0,0.0,0.0,0.0,0.0,0.0,0.0,5554836.0,0.0,0.0,0.0,0.0,0.0,6203341.0
2024-05-10,1776.71,16990678.0,16992454.71,3,0.0,0.0,0.0,0.0,0.0,5297625.0,0.0,0.0,0.0,0.0,0.0,0.0,0.0,0.0,0.0,5489712.0,0.0,0.0,0.0,0.0,0.0,6203341.0
2024-05-13,1776.71,16767621.0,16769397.71,3,0.0,0.0,0.0,0.0,0.0,5190426.0,0.0,0.0,0.0,0.0,0.0,0.0,0.0,0.0,0.0,5472828.0,0.0,0.0,0.0,0.0,0.0,6104367.0
2024-05-14,1776.71,16714351.0,16716127.71,3,0.0,0.0,0.0,0.0,0.0,5140566.0,0.0,0.0,0.0,0.0,0.0,0.0,0.0,0.0,0.0,5475240.0,0.0,0.0,0.0,0.0,0.0,6098545.0
2024-05-15,1776.71,16559666.0,16561442.71,3,0.0,0.0,0.0,0.0,0.0,5220342.0,0.0,0.0,0.0,0.0,0.0,0.0,0.0,0.0,0.0,5412528.0,0.0,0.0,0.0,0.0,0.0,5926796.0
2024-05-16,1776.71,16355626.0,16357402.71,3,0.0,0.0,0.0,0.0,0.0,5145552.0,0.0,0.0,0.0,0.0,0.0,0.0,0.0,0.0,0.0,5277456.0,0.0,0.0,0.0,0.0,0.0,5932618.0
2024-05-17,1776.71,16521109.0,16522885.71,3,0.0,0.0,0.0,0.0,0.0,5177961.0,0.0,0.0,0.0,0.0,0.0,0.0,0.0,0.0,0.0,5253336.0,0.0,0.0,0.0,0.0,0.0,6089812.0
2024-05-20,1776.71,17282123.0,17283899.71,3,0.0,0.0,0.0,0.0,0.0,5377401.0,0.0,0.0,0.0,0.0,0.0,0.0,0.0,0.0,0.0,5296752.0,0.0,0.0,0.0,0.0,0.0,6607970.0
2024-05-21,1776.71,17193120.0,17194896.71,3,0.0,0.0,0.0,0.0,0.0,5484600.0,0.0,0.0,0.0,0.0,0.0,0.0,0.0,0.0,0.0,5246100.0,0.0,0.0,0.0,0.0,0.0,6462420.0
2024-05-22,1776.71,17358289.0,17360065.71,3,0.0,0.0,0.0,0.0,0.0,5497065.0,0.0,0.0,0.0,0.0,0.0,0.0,0.0,0.0,0.0,5352228.0,0.0,0.0,0.0,0.0,0.0,6508996.0
2024-05-23,1776.71,16904973.0,16906749.71,3,0.0,0.0,0.0,0.0,0.0,5434740.0,0.0,0.0,0.0,0.0,0.0,0.0,0.0,0.0,0.0,5173740.0,0.0,0.0,0.0,0.0,0.0,6296493.0
2024-05-24,1776.71,16905432.0,16907208.71,3,0.0,0.0,0.0,0.0,0.0,5384880.0,0.0,0.0,0.0,0.0,0.0,0.0,0.0,0.0,0.0,5197860.0,0.0,0.0,0.0,0.0,0.0,6322692.0
2024-05-27,1776.71,17268936.0,17270712.71,3,0.0,0.0,0.0,0.0,0.0,5526981.0,0.0,0.0,0.0,0.0,0.0,0.0,0.0,0.0,0.0,5253336.0,0.0,0.0,0.0,0.0,0.0,6488619.0
2024-05-28,1776.71,17146952.0,17148728.71,3,0.0,0.0,0.0,0.0,0.0,5589306.0,0.0,0.0,0.0,0.0,0.0,0.0,0.0,0.0,0.0,5159268.0,0.0,0.0,0.0,0.0,0.0,6398378.0
2024-05-29,1776.71,17269225.0,17271001.71,3,0.0,0.0,0.0,0.0,0.0,5576841.0,0.0,0.0,0.0,0.0,0.0,0.0,0.0,0.0,0.0,5183388.0,0.0,0.0,0.0,0.0,0.0,6508996.0
2024-05-30,1776.71,17011753.0,17013529.71,3,0.0,0.0,0.0,0.0,0.0,5449698.0,0.0,0.0,0.0,0.0,0.0,0.0,0.0,0.0,0.0,5236452.0,0.0,0.0,0.0,0.0,0.0,6325603.0
2024-05-31,1776.71,16992559.0,16994335.71,3,0.0,0.0,0.0,0.0,0.0,5524488.0,0.0,0.0,0.0,0.0,0.0,0.0,0.0,0.0,0.0,5212332.0,0.0,0.0,0.0,0.0,0.0,6255739.0
2024-06-03,1776.71,16778154.0,16779930.71,3,0.0,0.0,0.0,0.0,0.0,5606757.0,0.0,0.0,0.0,0.0,0.0,0.0,0.0,0.0,0.0,5084496.0,0.0,0.0,0.0,0.0,0.0,6086901.0
2024-06-04,1776.71,16730744.0,16732520.71,3,0.0,0.0,0.0,0.0,0.0,5417289.0,0.0,0.0,0.0,0.0,0.0,0.0,0.0,0.0,0.0,5185800.0,0.0,0.0,0.0,0.0,0.0,6127655.0
2024-06-05,1776.71,16587319.0,16589095.71,3,0.0,0.0,0.0,0.0,0.0,5459670.0,0.0,0.0,0.0,0.0,0.0,0.0,0.0,0.0,0.0,5098968.0,0.0,0.0,0.0,0.0,0.0,6028681.0
2024-06-06,1776.71,17008244.0,17010020.71,3,0.0,0.0,0.0,0.0,0.0,5659110.0,0.0,0.0,0.0,0.0,0.0,0.0,0.0,0.0,0.0,5055552.0,0.0,0.0,0.0,0.0,0.0,6293582.0
2024-06-07,1776.71,16917412.0,16919188.71,3,0.0,0.0,0.0,0.0,0.0,5669082.0,0.0,0.0,0.0,0.0,0.0,0.0,0.0,0.0,0.0,5036256.0,0.0,0.0,0.0,0.0,0.0,6212074.0
2024-06-11,1776.71,16760412.0,16762188.71,3,0.0,0.0,0.0,0.0,0.0,5636673.0,0.0,0.0,0.0,0.0,0.0,0.0,0.0,0.0,0.0,5019372.0,0.0,0.0,0.0,0.0,0.0,6104367.0
2024-06-12,1776.71,17186187.0,17187963.71,3,0.0,0.0,0.0,0.0,0.0,5903424.0,0.0,0.0,0.0,0.0,0.0,0.0,0.0,0.0,0.0,5038668.0,0.0,0.0,0.0,0.0,0.0,6244095.0
2024-06-13,1776.71,17001399.0,17003175.71,3,0.0,0.0,0.0,0.0,0.0,5880987.0,0.0,0.0,0.0,0.0,0.0,0.0,0.0,0.0,0.0,5007312.0,0.0,0.0,0.0,0.0,0.0,6113100.0
2024-06-14,1776.71,17001709.0,17003485.71,3,0.0,0.0,0.0,0.0,0.0,5811183.0,0.0,0.0,0.0,0.0,0.0,0.0,0.0,0.0,0.0,5048316.0,0.0,0.0,0.0,0.0,0.0,6142210.0
2024-06-17,1776.71,16721477.0,16723253.71,3,0.0,0.0,0.0,0.0,0.0,5746365.0,0.0,0.0,0.0,0.0,0.0,0.0,0.0,0.0,0.0,5048316.0,0.0,0.0,0.0,0.0,0.0,5926796.0
2024-06-18,1776.71,16726780.0,16728556.71,3,0.0,0.0,0.0,0.0,0.0,5768802.0,0.0,0.0,0.0,0.0,0.0,0.0,0.0,0.0,0.0,4990428.0,0.0,0.0,0.0,0.0,0.0,5967550.0
2024-06-19,1776.71,16522216.0,16523992.71,3,0.0,0.0,0.0,0.0,0.0,5723928.0,0.0,0.0,0.0,0.0,0.0,0.0,0.0,0.0,0.0,4918068.0,0.0,0.0,0.0,0.0,0.0,5880220.0
2024-06-20,1776.71,16601447.0,16603223.71,3,0.0,0.0,0.0,0.0,0.0,5856057.0,0.0,0.0,0.0,0.0,0.0,0.0,0.0,0.0,0.0,4836060.0,0.0,0.0,0.0,0.0,0.0,5909330.0
2024-06-21,1776.71,16444886.0,16446662.71,3,0.0,0.0,0.0,0.0,0.0,5796225.0,0.0,0.0,0.0,0.0,0.0,0.0,0.0,0.0,0.0,4782996.0,0.0,0.0,0.0,0.0,0.0,5865665.0
2024-06-24,1776.71,16141695.0,16143471.71,3,0.0,0.0,0.0,0.0,0.0,5733900.0,0.0,0.0,0.0,0.0,0.0,0.0,0.0,0.0,0.0,4652748.0,0.0,0.0,0.0,0.0,0.0,5755047.0
2024-06-25,1776.71,16116616.0,16118392.71,3,0.0,0.0,0.0,0.0,0.0,5689026.0,0.0,0.0,0.0,0.0,0.0,0.0,0.0,0.0,0.0,4669632.0,0.0,0.0,0.0,0.0,0.0,5757958.0
2024-06-26,1776.71,15986203.0,15987979.71,3,0.0,0.0,0.0,0.0,0.0,5689026.0,0.0,0.0,0.0,0.0,0.0,0.0,0.0,0.0,0.0,4652748.0,0.0,0.0,0.0,0.0,0.0,5644429.0
2024-06-27,1776.71,15680746.0,15682522.71,3,0.0,0.0,0.0,0.0,0.0,5651631.0,0.0,0.0,0.0,0.0,0.0,0.0,0.0,0.0,0.0,4611744.0,0.0,0.0,0.0,0.0,0.0,5417371.0
2024-06-28,1776.71,15852241.0,15854017.71,3,0.0,0.0,0.0,0.0,0.0,5753844.0,0.0,0.0,0.0,0.0,0.0,0.0,0.0,0.0,0.0,4628628.0,0.0,0.0,0.0,0.0,0.0,5469769.0
2024-07-01,1202.56,16160552.0,16161754.56,3,0.0,0.0,0.0,0.0,0.0,5492898.0,0.0,0.0,0.0,0.0,0.0,0.0,0.0,0.0,5254592.0,5413062.0,0.0,0.0,0.0,0.0,0.0,0.0
2024-07-02,1202.56,15966393.0,15967595.56,3,0.0,0.0,0.0,0.0,0.0,5479200.0,0.0,0.0,0.0,0.0,0.0,0.0,0.0,0.0,5212431.0,5274762.0,0.0,0.0,0.0,0.0,0.0,0.0
2024-07-03,1202.56,15832625.0,15833827.56,3,0.0,0.0,0.0,0.0,0.0,5355918.0,0.0,0.0,0.0,0.0,0.0,0.0,0.0,0.0,5221307.0,5255400.0,0.0,0.0,0.0,0.0,0.0,0.0
2024-07-04,1202.56,15736748.0,15737950.56,3,0.0,0.0,0.0,0.0,0.0,5371899.0,0.0,0.0,0.0,0.0,0.0,0.0,0.0,0.0,5181365.0,5183484.0,0.0,0.0,0.0,0.0,0.0,0.0
2024-07-05,1202.56,15726953.0,15728155.56,3,0.0,0.0,0.0,0.0,0.0,5326239.0,0.0,0.0,0.0,0.0,0.0,0.0,0.0,0.0,5148080.0,5252634.0,0.0,0.0,0.0,0.0,0.0,0.0
2024-07-08,1202.56,15685290.0,15686492.56,3,0.0,0.0,0.0,0.0,0.0,5397012.0,0.0,0.0,0.0,0.0,0.0,0.0,0.0,0.0,5099262.0,5189016.0,0.0,0.0,0.0,0.0,0.0,0.0
2024-07-09,1202.56,15736294.0,15737496.56,3,0.0,0.0,0.0,0.0,0.0,5440389.0,0.0,0.0,0.0,0.0,0.0,0.0,0.0,0.0,5057101.0,5238804.0,0.0,0.0,0.0,0.0,0.0,0.0
2024-07-10,1202.56,15527905.0,15529107.56,3,0.0,0.0,0.0,0.0,0.0,5191542.0,0.0,0.0,0.0,0.0,0.0,0.0,0.0,0.0,5083729.0,5252634.0,0.0,0.0,0.0,0.0,0.0,0.0
2024-07-11,1202.56,15709677.0,15710879.56,3,0.0,0.0,0.0,0.0,0.0,5191542.0,0.0,0.0,0.0,0.0,0.0,0.0,0.0,0.0,5199117.0,5319018.0,0.0,0.0,0.0,0.0,0.0,0.0
2024-07-12,1202.56,15587679.0,15588881.56,3,0.0,0.0,0.0,0.0,0.0,5095656.0,0.0,0.0,0.0,0.0,0.0,0.0,0.0,0.0,5159175.0,5332848.0,0.0,0.0,0.0,0.0,0.0,0.0
2024-07-15,1202.56,15713791.0,15714993.56,3,0.0,0.0,0.0,0.0,0.0,5221221.0,0.0,0.0,0.0,0.0,0.0,0.0,0.0,0.0,5156956.0,5335614.0,0.0,0.0,0.0,0.0,0.0,0.0
2024-07-16,1202.56,15684230.0,15685432.56,3,0.0,0.0,0.0,0.0,0.0,5230353.0,0.0,0.0,0.0,0.0,0.0,0.0,0.0,0.0,5168051.0,5285826.0,0.0,0.0,0.0,0.0,0.0,0.0
2024-07-17,1202.56,15735741.0,15736943.56,3,0.0,0.0,0.0,0.0,0.0,5116203.0,0.0,0.0,0.0,0.0,0.0,0.0,0.0,0.0,5259030.0,5360508.0,0.0,0.0,0.0,0.0,0.0,0.0
2024-07-18,1202.56,15838777.0,15839979.56,3,0.0,0.0,0.0,0.0,0.0,5152731.0,0.0,0.0,0.0,0.0,0.0,0.0,0.0,0.0,5303410.0,5382636.0,0.0,0.0,0.0,0.0,0.0,0.0
2024-07-19,1202.56,15920843.0,15922045.56,3,0.0,0.0,0.0,0.0,0.0,5191542.0,0.0,0.0,0.0,0.0,0.0,0.0,0.0,0.0,5341133.0,5388168.0,0.0,0.0,0.0,0.0,0.0,0.0
2024-07-22,1202.56,15545567.0,15546769.56,3,0.0,0.0,0.0,0.0,0.0,4956393.0,0.0,0.0,0.0,0.0,0.0,0.0,0.0,0.0,5281220.0,5307954.0,0.0,0.0,0.0,0.0,0.0,0.0
2024-07-23,1202.56,15156109.0,15157311.56,3,0.0,0.0,0.0,0.0,0.0,4878771.0,0.0,0.0,0.0,0.0,0.0,0.0,0.0,0.0,5143642.0,5133696.0,0.0,0.0,0.0,0.0,0.0,0.0
2024-07-24,1202.56,15053177.0,15054379.56,3,0.0,0.0,0.0,0.0,0.0,4956393.0,0.0,0.0,0.0,0.0,0.0,0.0,0.0,0.0,5068196.0,5028588.0,0.0,0.0,0.0,0.0,0.0,0.0
2024-07-25,1202.56,15017373.0,15018575.56,3,0.0,0.0,0.0,0.0,0.0,4853658.0,0.0,0.0,0.0,0.0,0.0,0.0,0.0,0.0,5065977.0,5097738.0,0.0,0.0,0.0,0.0,0.0,0.0
2024-07-26,1202.56,15080603.0,15081805.56,3,0.0,0.0,0.0,0.0,0.0,4858224.0,0.0,0.0,0.0,0.0,0.0,0.0,0.0,0.0,5074853.0,5147526.0,0.0,0.0,0.0,0.0,0.0,0.0
2024-07-29,1202.56,14890989.0,14892191.56,3,0.0,0.0,0.0,0.0,0.0,4814847.0,0.0,0.0,0.0,0.0,0.0,0.0,0.0,0.0,5006064.0,5070078.0,0.0,0.0,0.0,0.0,0.0,0.0
2024-07-30,1202.56,14641798.0,14643000.56,3,0.0,0.0,0.0,0.0,0.0,4686999.0,0.0,0.0,0.0,0.0,0.0,0.0,0.0,0.0,4937275.0,5017524.0,0.0,0.0,0.0,0.0,0.0,0.0
2024-07-31,1202.56,15132983.0,15134185.56,3,0.0,0.0,0.0,0.0,0.0,4780602.0,0.0,0.0,0.0,0.0,0.0,0.0,0.0,0.0,5074853.0,5277528.0,0.0,0.0,0.0,0.0,0.0,0.0
2024-08-01,1202.56,14795458.0,14796660.56,3,0.0,0.0,0.0,0.0,0.0,4734942.0,0.0,0.0,0.0,0.0,0.0,0.0,0.0,0.0,4957246.0,5103270.0,0.0,0.0,0.0,0.0,0.0,0.0
2024-08-02,1202.56,14883607.0,14884809.56,3,0.0,0.0,0.0,0.0,0.0,4778319.0,0.0,0.0,0.0,0.0,0.0,0.0,0.0,0.0,4943932.0,5161356.0,0.0,0.0,0.0,0.0,0.0,0.0
2024-08-05,1202.56,14806206.0,14807408.56,3,0.0,0.0,0.0,0.0,0.0,4728093.0,0.0,0.0,0.0,0.0,0.0,0.0,0.0,0.0,4919523.0,5158590.0,0.0,0.0,0.0,0.0,0.0,0.0
2024-08-06,1202.56,14731195.0,14732397.56,3,0.0,0.0,0.0,0.0,0.0,4627641.0,0.0,0.0,0.0,0.0,0.0,0.0,0.0,0.0,4917304.0,5186250.0,0.0,0.0,0.0,0.0,0.0,0.0
2024-08-07,1202.56,14763826.0,14765028.56,3,0.0,0.0,0.0,0.0,0.0,4702980.0,0.0,0.0,0.0,0.0,0.0,0.0,0.0,0.0,4877362.0,5183484.0,0.0,0.0,0.0,0.0,0.0,0.0
2024-08-08,1202.56,14883164.0,14884366.56,3,0.0,0.0,0.0,0.0,0.0,4620792.0,0.0,0.0,0.0,0.0,0.0,0.0,0.0,0.0,4935056.0,5327316.0,0.0,0.0,0.0,0.0,0.0,0.0
2024-08-09,1202.56,14859882.0,14861084.56,3,0.0,0.0,0.0,0.0,0.0,4623075.0,0.0,0.0,0.0,0.0,0.0,0.0,0.0,0.0,4892895.0,5343912.0,0.0,0.0,0.0,0.0,0.0,0.0
2024-08-12,1202.56,15060486.0,15061688.56,3,0.0,0.0,0.0,0.0,0.0,4721244.0,0.0,0.0,0.0,0.0,0.0,0.0,0.0,0.0,4926180.0,5413062.0,0.0,0.0,0.0,0.0,0.0,0.0
2024-08-13,1202.56,15024177.0,15025379.56,3,0.0,0.0,0.0,0.0,0.0,4732659.0,0.0,0.0,0.0,0.0,0.0,0.0,0.0,0.0,4872924.0,5418594.0,0.0,0.0,0.0,0.0,0.0,0.0
2024-08-14,1202.56,14858968.0,14860170.56,3,0.0,0.0,0.0,0.0,0.0,4707546.0,0.0,0.0,0.0,0.0,0.0,0.0,0.0,0.0,4824106.0,5327316.0,0.0,0.0,0.0,0.0,0.0,0.0
2024-08-15,1202.56,15167783.0,15168985.56,3,0.0,0.0,0.0,0.0,0.0,4869639.0,0.0,0.0,0.0,0.0,0.0,0.0,0.0,0.0,4868486.0,5429658.0,0.0,0.0,0.0,0.0,0.0,0.0
2024-08-16,1202.56,15253412.0,15254614.56,3,0.0,0.0,0.0,0.0,0.0,4956393.0,0.0,0.0,0.0,0.0,0.0,0.0,0.0,0.0,4861829.0,5435190.0,0.0,0.0,0.0,0.0,0.0,0.0
2024-08-19,1202.56,15240418.0,15241620.56,3,0.0,0.0,0.0,0.0,0.0,4967808.0,0.0,0.0,0.0,0.0,0.0,0.0,0.0,0.0,4837420.0,5435190.0,0.0,0.0,0.0,0.0,0.0,0.0
2024-08-20,1202.56,14967974.0,14969176.56,3,0.0,0.0,0.0,0.0,0.0,4839960.0,0.0,0.0,0.0,0.0,0.0,0.0,0.0,0.0,4761974.0,5366040.0,0.0,0.0,0.0,0.0,0.0,0.0
2024-08-21,1202.56,14869275.0,14870477.56,3,0.0,0.0,0.0,0.0,0.0,4817130.0,0.0,0.0,0.0,0.0,0.0,0.0,0.0,0.0,4733127.0,5319018.0,0.0,0.0,0.0,0.0,0.0,0.0
2024-08-22,1202.56,14737128.0,14738330.56,3,0.0,0.0,0.0,0.0,0.0,4807998.0,0.0,0.0,0.0,0.0,0.0,0.0,0.0,0.0,4659900.0,5269230.0,0.0,0.0,0.0,0.0,0.0,0.0
2024-08-23,1202.56,14787292.0,14788494.56,3,0.0,0.0,0.0,0.0,0.0,4835394.0,0.0,0.0,0.0,0.0,0.0,0.0,0.0,0.0,4690966.0,5260932.0,0.0,0.0,0.0,0.0,0.0,0.0
2024-08-26,1202.56,14249796.0,14250998.56,3,0.0,0.0,0.0,0.0,0.0,4830828.0,0.0,0.0,0.0,0.0,0.0,0.0,0.0,0.0,4619958.0,4799010.0,0.0,0.0,0.0,0.0,0.0,0.0
2024-08-27,1202.56,14198481.0,14199683.56,3,0.0,0.0,0.0,0.0,0.0,4910733.0,0.0,0.0,0.0,0.0,0.0,0.0,0.0,0.0,4580016.0,4707732.0,0.0,0.0,0.0,0.0,0.0,0.0
2024-08-28,1202.56,13885004.0,13886206.56,3,0.0,0.0,0.0,0.0,0.0,4887903.0,0.0,0.0,0.0,0.0,0.0,0.0,0.0,0.0,4502351.0,4494750.0,0.0,0.0,0.0,0.0,0.0,0.0
2024-08-29,1202.56,14070603.0,14071805.56,3,0.0,0.0,0.0,0.0,0.0,4885620.0,0.0,0.0,0.0,0.0,0.0,0.0,0.0,0.0,4626615.0,4558368.0,0.0,0.0,0.0,0.0,0.0,0.0
2024-08-30,1202.56,14246179.0,14247381.56,3,0.0,0.0,0.0,0.0,0.0,5040864.0,0.0,0.0,0.0,0.0,0.0,0.0,0.0,0.0,4577797.0,4627518.0,0.0,0.0,0.0,0.0,0.0,0.0
2024-09-02,1202.56,13998700.0,13999902.56,3,0.0,0.0,0.0,0.0,0.0,5070543.0,0.0,0.0,0.0,0.0,0.0,0.0,0.0,0.0,4378087.0,4550070.0,0.0,0.0,0.0,0.0,0.0,0.0
2024-09-03,1202.56,14096922.0,14098124.56,3,0.0,0.0,0.0,0.0,0.0,5034015.0,0.0,0.0,0.0,0.0,0.0,0.0,0.0,0.0,4493475.0,4569432.0,0.0,0.0,0.0,0.0,0.0,0.0
2024-09-04,1202.56,14049718.0,14050920.56,3,0.0,0.0,0.0,0.0,0.0,4992921.0,0.0,0.0,0.0,0.0,0.0,0.0,0.0,0.0,4484599.0,4572198.0,0.0,0.0,0.0,0.0,0.0,0.0
2024-09-05,1202.56,14089160.0,14090362.56,3,0.0,0.0,0.0,0.0,0.0,4919865.0,0.0,0.0,0.0,0.0,0.0,0.0,0.0,0.0,4555607.0,4613688.0,0.0,0.0,0.0,0.0,0.0,0.0
2024-09-06,1202.56,13730903.0,13732105.56,3,0.0,0.0,0.0,0.0,0.0,4661886.0,0.0,0.0,0.0,0.0,0.0,0.0,0.0,0.0,4502351.0,4566666.0,0.0,0.0,0.0,0.0,0.0,0.0
2024-09-09,1202.56,13488235.0,13489437.56,3,0.0,0.0,0.0,0.0,0.0,4545453.0,0.0,0.0,0.0,0.0,0.0,0.0,0.0,0.0,4464628.0,4478154.0,0.0,0.0,0.0,0.0,0.0,0.0
2024-09-10,1202.56,13529418.0,13530620.56,3,0.0,0.0,0.0,0.0,0.0,4627641.0,0.0,0.0,0.0,0.0,0.0,0.0,0.0,0.0,4440219.0,4461558.0,0.0,0.0,0.0,0.0,0.0,0.0
2024-09-11,1202.56,13571704.0,13572906.56,3,0.0,0.0,0.0,0.0,0.0,4504359.0,0.0,0.0,0.0,0.0,0.0,0.0,0.0,0.0,4497913.0,4569432.0,0.0,0.0,0.0,0.0,0.0,0.0
2024-09-12,1202.56,13462802.0,13464004.56,3,0.0,0.0,0.0,0.0,0.0,4531755.0,0.0,0.0,0.0,0.0,0.0,0.0,0.0,0.0,4422467.0,4508580.0,0.0,0.0,0.0,0.0,0.0,0.0
2024-09-13,1202.56,13500337.0,13501539.56,3,0.0,0.0,0.0,0.0,0.0,4552302.0,0.0,0.0,0.0,0.0,0.0,0.0,0.0,0.0,4364773.0,4583262.0,0.0,0.0,0.0,0.0,0.0,0.0
2024-09-18,1202.56,13775252.0,13776454.56,3,0.0,0.0,0.0,0.0,0.0,4753206.0,0.0,0.0,0.0,0.0,0.0,0.0,0.0,0.0,4322612.0,4699434.0,0.0,0.0,0.0,0.0,0.0,0.0
2024-09-19,1202.56,13867234.0,13868436.56,3,0.0,0.0,0.0,0.0,0.0,4709829.0,0.0,0.0,0.0,0.0,0.0,0.0,0.0,0.0,4457971.0,4699434.0,0.0,0.0,0.0,0.0,0.0,0.0
2024-09-20,1202.56,13892139.0,13893341.56,3,0.0,0.0,0.0,0.0,0.0,4801149.0,0.0,0.0,0.0,0.0,0.0,0.0,0.0,0.0,4446876.0,4644114.0,0.0,0.0,0.0,0.0,0.0,0.0
2024-09-23,1202.56,13950911.0,13952113.56,3,0.0,0.0,0.0,0.0,0.0,4897035.0,0.0,0.0,0.0,0.0,0.0,0.0,0.0,0.0,4429124.0,4624752.0,0.0,0.0,0.0,0.0,0.0,0.0
2024-09-24,1202.56,14696764.0,14697966.56,3,0.0,0.0,0.0,0.0,0.0,5182410.0,0.0,0.0,0.0,0.0,0.0,0.0,0.0,0.0,4704280.0,4810074.0,0.0,0.0,0.0,0.0,0.0,0.0
2024-09-25,1202.56,14837853.0,14839055.56,3,0.0,0.0,0.0,0.0,0.0,5196108.0,0.0,0.0,0.0,0.0,0.0,0.0,0.0,0.0,4759755.0,4881990.0,0.0,0.0,0.0,0.0,0.0,0.0
2024-09-26,1202.56,15751747.0,15752949.56,3,0.0,0.0,0.0,0.0,0.0,5465502.0,0.0,0.0,0.0,0.0,0.0,0.0,0.0,0.0,5163613.0,5122632.0,0.0,0.0,0.0,0.0,0.0,0.0
2024-09-27,1202.56,16380037.0,16381239.56,3,0.0,0.0,0.0,0.0,0.0,5458653.0,0.0,0.0,0.0,0.0,0.0,0.0,0.0,0.0,5583004.0,5338380.0,0.0,0.0,0.0,0.0,0.0,0.0
2024-09-30,1202.56,17292002.0,17293204.56,3,0.0,0.0,0.0,0.0,0.0,5639010.0,0.0,0.0,0.0,0.0,0.0,0.0,0.0,0.0,5880350.0,5772642.0,0.0,0.0,0.0,0.0,0.0,0.0
2024-10-08,1709.55,17445186.0,17446895.55,3,0.0,0.0,0.0,0.0,0.0,5590354.0,0.0,0.0,0.0,0.0,0.0,0.0,6123778.0,0.0,0.0,5731054.0,0.0,0.0,0.0,0.0,0.0,0.0
2024-10-09,1709.55,16282360.0,16284069.55,3,0.0,0.0,0.0,0.0,0.0,5275270.0,0.0,0.0,0.0,0.0,0.0,0.0,5698952.0,0.0,0.0,5308138.0,0.0,0.0,0.0,0.0,0.0,0.0
2024-10-10,1709.55,16748382.0,16750091.55,3,0.0,0.0,0.0,0.0,0.0,5468617.0,0.0,0.0,0.0,0.0,0.0,0.0,5903852.0,0.0,0.0,5375913.0,0.0,0.0,0.0,0.0,0.0,0.0
2024-10-11,1709.55,16552310.0,16554019.55,3,0.0,0.0,0.0,0.0,0.0,5428038.0,0.0,0.0,0.0,0.0,0.0,0.0,5778180.0,0.0,0.0,5346092.0,0.0,0.0,0.0,0.0,0.0,0.0
2024-10-14,1709.55,16804493.0,16806202.55,3,0.0,0.0,0.0,0.0,0.0,5525905.0,0.0,0.0,0.0,0.0,0.0,0.0,5927074.0,0.0,0.0,5351514.0,0.0,0.0,0.0,0.0,0.0,0.0
2024-10-15,1709.55,16322350.0,16324059.55,3,0.0,0.0,0.0,0.0,0.0,5344493.0,0.0,0.0,0.0,0.0,0.0,0.0,5775448.0,0.0,0.0,5202409.0,0.0,0.0,0.0,0.0,0.0,0.0
2024-10-16,1709.55,16320694.0,16322403.55,3,0.0,0.0,0.0,0.0,0.0,5349267.0,0.0,0.0,0.0,0.0,0.0,0.0,5644312.0,0.0,0.0,5327115.0,0.0,0.0,0.0,0.0,0.0,0.0
2024-10-17,1709.55,15993506.0,15995215.55,3,0.0,0.0,0.0,0.0,0.0,5337332.0,0.0,0.0,0.0,0.0,0.0,0.0,5543228.0,0.0,0.0,5112946.0,0.0,0.0,0.0,0.0,0.0,0.0
2024-10-18,1709.55,16273283.0,16274992.55,3,0.0,0.0,0.0,0.0,0.0,5377911.0,0.0,0.0,0.0,0.0,0.0,0.0,5625188.0,0.0,0.0,5270184.0,0.0,0.0,0.0,0.0,0.0,0.0
2024-10-21,1709.55,16148763.0,16150472.55,3,0.0,0.0,0.0,0.0,0.0,5344493.0,0.0,0.0,0.0,0.0,0.0,0.0,5588306.0,0.0,0.0,5215964.0,0.0,0.0,0.0,0.0,0.0,0.0
2024-10-22,1709.55,16354250.0,16355959.55,3,0.0,0.0,0.0,0.0,0.0,5413716.0,0.0,0.0,0.0,0.0,0.0,0.0,5681194.0,0.0,0.0,5259340.0,0.0,0.0,0.0,0.0,0.0,0.0
2024-10-23,1709.55,16365052.0,16366761.55,3,0.0,0.0,0.0,0.0,0.0,5385072.0,0.0,0.0,0.0,0.0,0.0,0.0,5698952.0,0.0,0.0,5281028.0,0.0,0.0,0.0,0.0,0.0,0.0
2024-10-24,1709.55,16286647.0,16288356.55,3,0.0,0.0,0.0,0.0,0.0,5389846.0,0.0,0.0,0.0,0.0,0.0,0.0,5634750.0,0.0,0.0,5262051.0,0.0,0.0,0.0,0.0,0.0,0.0
2024-10-25,1709.55,16319351.0,16321060.55,3,0.0,0.0,0.0,0.0,0.0,5365976.0,0.0,0.0,0.0,0.0,0.0,0.0,5588306.0,0.0,0.0,5365069.0,0.0,0.0,0.0,0.0,0.0,0.0
2024-10-28,1709.55,16149029.0,16150738.55,3,0.0,0.0,0.0,0.0,0.0,5420877.0,0.0,0.0,0.0,0.0,0.0,0.0,5560986.0,0.0,0.0,5167166.0,0.0,0.0,0.0,0.0,0.0,0.0
2024-10-29,1709.55,16019418.0,16021127.55,3,0.0,0.0,0.0,0.0,0.0,5365976.0,0.0,0.0,0.0,0.0,0.0,0.0,5540496.0,0.0,0.0,5112946.0,0.0,0.0,0.0,0.0,0.0,0.0
2024-10-30,1709.55,15879023.0,15880732.55,3,0.0,0.0,0.0,0.0,0.0,5306301.0,0.0,0.0,0.0,0.0,0.0,0.0,5443510.0,0.0,0.0,5129212.0,0.0,0.0,0.0,0.0,0.0,0.0
2024-10-31,1709.55,15528197.0,15529906.55,3,0.0,0.0,0.0,0.0,0.0,5299140.0,0.0,0.0,0.0,0.0,0.0,0.0,5173042.0,0.0,0.0,5056015.0,0.0,0.0,0.0,0.0,0.0,0.0
2024-11-01,1709.55,15638668.0,15640377.55,3,0.0,0.0,0.0,0.0,0.0,5404168.0,0.0,0.0,0.0,0.0,0.0,0.0,5175774.0,0.0,0.0,5058726.0,0.0,0.0,0.0,0.0,0.0,0.0
2024-11-04,1709.55,15699191.0,15700900.55,3,0.0,0.0,0.0,0.0,0.0,5416103.0,0.0,0.0,0.0,0.0,0.0,0.0,5148454.0,0.0,0.0,5134634.0,0.0,0.0,0.0,0.0,0.0,0.0
2024-11-05,1709.55,15792067.0,15793776.55,3,0.0,0.0,0.0,0.0,0.0,5385072.0,0.0,0.0,0.0,0.0,0.0,0.0,5220852.0,0.0,0.0,5186143.0,0.0,0.0,0.0,0.0,0.0,0.0
2024-11-06,1709.55,15437616.0,15439325.55,3,0.0,0.0,0.0,0.0,0.0,5163081.0,0.0,0.0,0.0,0.0,0.0,0.0,5093814.0,0.0,0.0,5180721.0,0.0,0.0,0.0,0.0,0.0,0.0
2024-11-07,1709.55,15854501.0,15856210.55,3,0.0,0.0,0.0,0.0,0.0,5237078.0,0.0,0.0,0.0,0.0,0.0,0.0,5263198.0,0.0,0.0,5354225.0,0.0,0.0,0.0,0.0,0.0,0.0
2024-11-08,1709.55,15769504.0,15771213.55,3,0.0,0.0,0.0,0.0,0.0,5194112.0,0.0,0.0,0.0,0.0,0.0,0.0,5261832.0,0.0,0.0,5313560.0,0.0,0.0,0.0,0.0,0.0,0.0
2024-11-11,1709.55,15427546.0,15429255.55,3,0.0,0.0,0.0,0.0,0.0,5043731.0,0.0,0.0,0.0,0.0,0.0,0.0,5203094.0,0.0,0.0,5180721.0,0.0,0.0,0.0,0.0,0.0,0.0
2024-11-12,1709.55,15373505.0,15375214.55,3,0.0,0.0,0.0,0.0,0.0,4972121.0,0.0,0.0,0.0,0.0,0.0,0.0,5196264.0,0.0,0.0,5205120.0,0.0,0.0,0.0,0.0,0.0,0.0
2024-11-13,1709.55,15505135.0,15506844.55,3,0.0,0.0,0.0,0.0,0.0,5072375.0,0.0,0.0,0.0,0.0,0.0,0.0,5222218.0,0.0,0.0,5210542.0,0.0,0.0,0.0,0.0,0.0,0.0
2024-11-14,1709.55,15387114.0,15388823.55,3,0.0,0.0,0.0,0.0,0.0,5031796.0,0.0,0.0,0.0,0.0,0.0,0.0,5198996.0,0.0,0.0,5156322.0,0.0,0.0,0.0,0.0,0.0,0.0
2024-11-15,1709.55,15337889.0,15339598.55,3,0.0,0.0,0.0,0.0,0.0,5050892.0,0.0,0.0,0.0,0.0,0.0,0.0,5127964.0,0.0,0.0,5159033.0,0.0,0.0,0.0,0.0,0.0,0.0
2024-11-18,1709.55,15376736.0,15378445.55,3,0.0,0.0,0.0,0.0,0.0,5122502.0,0.0,0.0,0.0,0.0,0.0,0.0,5097912.0,0.0,0.0,5156322.0,0.0,0.0,0.0,0.0,0.0,0.0
2024-11-19,1709.55,15377258.0,15378967.55,3,0.0,0.0,0.0,0.0,0.0,5089084.0,0.0,0.0,0.0,0.0,0.0,0.0,5104742.0,0.0,0.0,5183432.0,0.0,0.0,0.0,0.0,0.0,0.0
2024-11-20,1709.55,15362083.0,15363792.55,3,0.0,0.0,0.0,0.0,0.0,5129663.0,0.0,0.0,0.0,0.0,0.0,0.0,5081520.0,0.0,0.0,5150900.0,0.0,0.0,0.0,0.0,0.0,0.0
2024-11-21,1709.55,15361225.0,15362934.55,3,0.0,0.0,0.0,0.0,0.0,5163081.0,0.0,0.0,0.0,0.0,0.0,0.0,5030978.0,0.0,0.0,5167166.0,0.0,0.0,0.0,0.0,0.0,0.0
2024-11-22,1709.55,14999553.0,15001262.55,3,0.0,0.0,0.0,0.0,0.0,5024635.0,0.0,0.0,0.0,0.0,0.0,0.0,4910770.0,0.0,0.0,5064148.0,0.0,0.0,0.0,0.0,0.0,0.0
2024-11-25,1709.55,14897299.0,14899008.55,3,0.0,0.0,0.0,0.0,0.0,4976895.0,0.0,0.0,0.0,0.0,0.0,0.0,4872522.0,0.0,0.0,5047882.0,0.0,0.0,0.0,0.0,0.0,0.0
2024-11-26,1709.55,14948587.0,14950296.55,3,0.0,0.0,0.0,0.0,0.0,5019861.0,0.0,0.0,0.0,0.0,0.0,0.0,4897110.0,0.0,0.0,5031616.0,0.0,0.0,0.0,0.0,0.0,0.0
2024-11-27,1709.55,15196091.0,15197800.55,3,0.0,0.0,0.0,0.0,0.0,5069988.0,0.0,0.0,0.0,0.0,0.0,0.0,5005024.0,0.0,0.0,5121079.0,0.0,0.0,0.0,0.0,0.0,0.0
2024-11-28,1709.55,15047209.0,15048918.55,3,0.0,0.0,0.0,0.0,0.0,5015087.0,0.0,0.0,0.0,0.0,0.0,0.0,4946286.0,0.0,0.0,5085836.0,0.0,0.0,0.0,0.0,0.0,0.0
2024-11-29,1709.55,15259432.0,15261141.55,3,0.0,0.0,0.0,0.0,0.0,5012700.0,0.0,0.0,0.0,0.0,0.0,0.0,5003658.0,0.0,0.0,5243074.0,0.0,0.0,0.0,0.0,0.0,0.0
2024-12-02,1709.55,15304694.0,15306403.55,3,0.0,0.0,0.0,0.0,0.0,5048505.0,0.0,0.0,0.0,0.0,0.0,0.0,4999560.0,0.0,0.0,5256629.0,0.0,0.0,0.0,0.0,0.0,0.0
2024-12-03,1709.55,15460926.0,15462635.55,3,0.0,0.0,0.0,0.0,0.0,5167855.0,0.0,0.0,0.0,0.0,0.0,0.0,5036442.0,0.0,0.0,5256629.0,0.0,0.0,0.0,0.0,0.0,0.0
2024-12-04,1709.55,15707654.0,15709363.55,3,0.0,0.0,0.0,0.0,0.0,5349267.0,0.0,0.0,0.0,0.0,0.0,0.0,5069226.0,0.0,0.0,5289161.0,0.0,0.0,0.0,0.0,0.0,0.0
2024-12-05,1709.55,15591181.0,15592890.55,3,0.0,0.0,0.0,0.0,0.0,5356428.0,0.0,0.0,0.0,0.0,0.0,0.0,5032344.0,0.0,0.0,5202409.0,0.0,0.0,0.0,0.0,0.0,0.0
2024-12-06,1709.55,15577022.0,15578731.55,3,0.0,0.0,0.0,0.0,0.0,5320623.0,0.0,0.0,0.0,0.0,0.0,0.0,5026880.0,0.0,0.0,5229519.0,0.0,0.0,0.0,0.0,0.0,0.0
2024-12-09,1709.55,15549040.0,15550749.55,3,0.0,0.0,0.0,0.0,0.0,5277657.0,0.0,0.0,0.0,0.0,0.0,0.0,5036442.0,0.0,0.0,5234941.0,0.0,0.0,0.0,0.0,0.0,0.0
2024-12-10,1709.55,15723829.0,15725538.55,3,0.0,0.0,0.0,0.0,0.0,5282431.0,0.0,0.0,0.0,0.0,0.0,0.0,5111572.0,0.0,0.0,5329826.0,0.0,0.0,0.0,0.0,0.0,0.0
2024-12-11,1709.55,16036073.0,16037782.55,3,0.0,0.0,0.0,0.0,0.0,5420877.0,0.0,0.0,0.0,0.0,0.0,0.0,5149820.0,0.0,0.0,5465376.0,0.0,0.0,0.0,0.0,0.0,0.0
2024-12-12,1709.55,16313320.0,16315029.55,3,0.0,0.0,0.0,0.0,0.0,5406555.0,0.0,0.0,0.0,0.0,0.0,0.0,5167578.0,0.0,0.0,5739187.0,0.0,0.0,0.0,0.0,0.0,0.0
2024-12-13,1709.55,15947497.0,15949206.55,3,0.0,0.0,0.0,0.0,0.0,5282431.0,0.0,0.0,0.0,0.0,0.0,0.0,5112938.0,0.0,0.0,5552128.0,0.0,0.0,0.0,0.0,0.0,0.0
2024-12-16,1709.55,15902753.0,15904462.55,3,0.0,0.0,0.0,0.0,0.0,5351654.0,0.0,0.0,0.0,0.0,0.0,0.0,5099278.0,0.0,0.0,5451821.0,0.0,0.0,0.0,0.0,0.0,0.0
2024-12-17,1709.55,16030427.0,16032136.55,3,0.0,0.0,0.0,0.0,0.0,5430425.0,0.0,0.0,0.0,0.0,0.0,0.0,5112938.0,0.0,0.0,5487064.0,0.0,0.0,0.0,0.0,0.0,0.0
2024-12-18,1709.55,16114051.0,16115760.55,3,0.0,0.0,0.0,0.0,0.0,5406555.0,0.0,0.0,0.0,0.0,0.0,0.0,5166212.0,0.0,0.0,5541284.0,0.0,0.0,0.0,0.0,0.0,0.0
2024-12-19,1709.55,15959528.0,15961237.55,3,0.0,0.0,0.0,0.0,0.0,5268109.0,0.0,0.0,0.0,0.0,0.0,0.0,5190800.0,0.0,0.0,5500619.0,0.0,0.0,0.0,0.0,0.0,0.0
2024-12-20,1709.55,15757691.0,15759400.55,3,0.0,0.0,0.0,0.0,0.0,5074762.0,0.0,0.0,0.0,0.0,0.0,0.0,5144356.0,0.0,0.0,5538573.0,0.0,0.0,0.0,0.0,0.0,0.0
2024-12-23,1709.55,15821108.0,15822817.55,3,0.0,0.0,0.0,0.0,0.0,5065214.0,0.0,0.0,0.0,0.0,0.0,0.0,5290518.0,0.0,0.0,5465376.0,0.0,0.0,0.0,0.0,0.0,0.0
2024-12-24,1709.55,15984673.0,15986382.55,3,0.0,0.0,0.0,0.0,0.0,4995991.0,0.0,0.0,0.0,0.0,0.0,0.0,5420288.0,0.0,0.0,5568394.0,0.0,0.0,0.0,0.0,0.0,0.0
2024-12-25,1709.55,16057982.0,16059691.55,3,0.0,0.0,0.0,0.0,0.0,5034183.0,0.0,0.0,0.0,0.0,0.0,0.0,5403896.0,0.0,0.0,5619903.0,0.0,0.0,0.0,0.0,0.0,0.0
2024-12-26,1709.55,15874011.0,15875720.55,3,0.0,0.0,0.0,0.0,0.0,4931542.0,0.0,0.0,0.0,0.0,0.0,0.0,5403896.0,0.0,0.0,5538573.0,0.0,0.0,0.0,0.0,0.0,0.0
2024-12-27,1709.55,15807007.0,15808716.55,3,0.0,0.0,0.0,0.0,0.0,4893350.0,0.0,0.0,0.0,0.0,0.0,0.0,5358818.0,0.0,0.0,5554839.0,0.0,0.0,0.0,0.0,0.0,0.0
2024-12-30,1709.55,15984074.0,15985783.55,3,0.0,0.0,0.0,0.0,0.0,5010313.0,0.0,0.0,0.0,0.0,0.0,0.0,5418922.0,0.0,0.0,5554839.0,0.0,0.0,0.0,0.0,0.0,0.0
2024-12-31,1709.55,15983526.0,15985235.55,3,0.0,0.0,0.0,0.0,0.0,4993604.0,0.0,0.0,0.0,0.0,0.0,0.0,5405262.0,0.0,0.0,5584660.0,0.0,0.0,0.0,0.0,0.0,0.0
2025-01-02,4024.59,15958255.0,15962279.59,3,0.0,0.0,0.0,0.0,0.0,5291055.0,0.0,0.0,0.0,0.0,0.0,0.0,5292608.0,0.0,0.0,0.0,0.0,0.0,0.0,0.0,0.0,5374592.0
2025-01-03,4024.59,16217140.0,16221164.59,3,0.0,0.0,0.0,0.0,0.0,5385220.0,0.0,0.0,0.0,0.0,0.0,0.0,5224384.0,0.0,0.0,0.0,0.0,0.0,0.0,0.0,0.0,5607536.0
2025-01-06,4024.59,16120755.0,16124779.59,3,0.0,0.0,0.0,0.0,0.0,5301235.0,0.0,0.0,0.0,0.0,0.0,0.0,5255872.0,0.0,0.0,0.0,0.0,0.0,0.0,0.0,0.0,5563648.0
2025-01-07,4024.59,15983619.0,15987643.59,3,0.0,0.0,0.0,0.0,0.0,5179075.0,0.0,0.0,0.0,0.0,0.0,0.0,5213888.0,0.0,0.0,0.0,0.0,0.0,0.0,0.0,0.0,5590656.0
2025-01-08,4024.59,15975515.0,15979539.59,3,0.0,0.0,0.0,0.0,0.0,5158715.0,0.0,0.0,0.0,0.0,0.0,0.0,5394944.0,0.0,0.0,0.0,0.0,0.0,0.0,0.0,0.0,5421856.0
2025-01-09,4024.59,15930068.0,15934092.59,3,0.0,0.0,0.0,0.0,0.0,5059460.0,0.0,0.0,0.0,0.0,0.0,0.0,5425120.0,0.0,0.0,0.0,0.0,0.0,0.0,0.0,0.0,5445488.0
2025-01-10,4024.59,15891944.0,15895968.59,3,0.0,0.0,0.0,0.0,0.0,5069640.0,0.0,0.0,0.0,0.0,0.0,0.0,5299168.0,0.0,0.0,0.0,0.0,0.0,0.0,0.0,0.0,5523136.0
2025-01-13,4024.59,15900260.0,15904284.59,3,0.0,0.0,0.0,0.0,0.0,5059460.0,0.0,0.0,0.0,0.0,0.0,0.0,5128608.0,0.0,0.0,0.0,0.0,0.0,0.0,0.0,0.0,5712192.0
2025-01-14,4024.59,16073770.0,16077794.59,3,0.0,0.0,0.0,0.0,0.0,5074730.0,0.0,0.0,0.0,0.0,0.0,0.0,5212576.0,0.0,0.0,0.0,0.0,0.0,0.0,0.0,0.0,5786464.0
2025-01-15,4024.59,15915314.0,15919338.59,3,0.0,0.0,0.0,0.0,0.0,5013650.0,0.0,0.0,0.0,0.0,0.0,0.0,5263744.0,0.0,0.0,0.0,0.0,0.0,0.0,0.0,0.0,5637920.0
2025-01-16,4024.59,16458952.0,16462976.59,3,0.0,0.0,0.0,0.0,0.0,5110360.0,0.0,0.0,0.0,0.0,0.0,0.0,5288672.0,0.0,0.0,0.0,0.0,0.0,0.0,0.0,0.0,6059920.0
2025-01-17,4024.59,16286462.0,16290486.59,3,0.0,0.0,0.0,0.0,0.0,5044190.0,0.0,0.0,0.0,0.0,0.0,0.0,5253248.0,0.0,0.0,0.0,0.0,0.0,0.0,0.0,0.0,5989024.0
2025-01-20,4024.59,16033685.0,16037709.59,3,0.0,0.0,0.0,0.0,0.0,5021285.0,0.0,0.0,0.0,0.0,0.0,0.0,5148288.0,0.0,0.0,0.0,0.0,0.0,0.0,0.0,0.0,5864112.0
2025-01-21,4024.59,15991495.0,15995519.59,3,0.0,0.0,0.0,0.0,0.0,4944935.0,0.0,0.0,0.0,0.0,0.0,0.0,5111552.0,0.0,0.0,0.0,0.0,0.0,0.0,0.0,0.0,5935008.0
2025-01-22,4024.59,15743455.0,15747479.59,3,0.0,0.0,0.0,0.0,0.0,4843135.0,0.0,0.0,0.0,0.0,0.0,0.0,5032832.0,0.0,0.0,0.0,0.0,0.0,0.0,0.0,0.0,5867488.0
2025-01-23,4024.59,15704953.0,15708977.59,3,0.0,0.0,0.0,0.0,0.0,4909305.0,0.0,0.0,0.0,0.0,0.0,0.0,5056448.0,0.0,0.0,0.0,0.0,0.0,0.0,0.0,0.0,5739200.0
2025-01-24,4024.59,15813150.0,15817174.59,3,0.0,0.0,0.0,0.0,0.0,4962750.0,0.0,0.0,0.0,0.0,0.0,0.0,5077440.0,0.0,0.0,0.0,0.0,0.0,0.0,0.0,0.0,5772960.0
2025-01-27,4024.59,16022717.0,16026741.59,3,0.0,0.0,0.0,0.0,0.0,5000925.0,0.0,0.0,0.0,0.0,0.0,0.0,5127296.0,0.0,0.0,0.0,0.0,0.0,0.0,0.0,0.0,5894496.0
2025-02-05,4024.59,15492477.0,15496501.59,3,0.0,0.0,0.0,0.0,0.0,4797325.0,0.0,0.0,0.0,0.0,0.0,0.0,5006592.0,0.0,0.0,0.0,0.0,0.0,0.0,0.0,0.0,5688560.0
2025-02-06,4024.59,15420364.0,15424388.59,3,0.0,0.0,0.0,0.0,0.0,4794780.0,0.0,0.0,0.0,0.0,0.0,0.0,4984288.0,0.0,0.0,0.0,0.0,0.0,0.0,0.0,0.0,5641296.0
2025-02-07,4024.59,15663330.0,15667354.59,3,0.0,0.0,0.0,0.0,0.0,4891490.0,0.0,0.0,0.0,0.0,0.0,0.0,5039392.0,0.0,0.0,0.0,0.0,0.0,0.0,0.0,0.0,5732448.0
2025-02-10,4024.59,15614587.0,15618611.59,3,0.0,0.0,0.0,0.0,0.0,4873675.0,0.0,0.0,0.0,0.0,0.0,0.0,5011840.0,0.0,0.0,0.0,0.0,0.0,0.0,0.0,0.0,5729072.0
2025-02-11,4024.59,15731451.0,15735475.59,3,0.0,0.0,0.0,0.0,0.0,4873675.0,0.0,0.0,0.0,0.0,0.0,0.0,4986912.0,0.0,0.0,0.0,0.0,0.0,0.0,0.0,0.0,5870864.0
2025-02-12,4024.59,15578133.0,15582157.59,3,0.0,0.0,0.0,0.0,0.0,4858405.0,0.0,0.0,0.0,0.0,0.0,0.0,4997408.0,0.0,0.0,0.0,0.0,0.0,0.0,0.0,0.0,5722320.0
2025-02-13,4024.59,15540403.0,15544427.59,3,0.0,0.0,0.0,0.0,0.0,4853315.0,0.0,0.0,0.0,0.0,0.0,0.0,5005280.0,0.0,0.0,0.0,0.0,0.0,0.0,0.0,0.0,5681808.0
2025-02-14,4024.59,15600218.0,15604242.59,3,0.0,0.0,0.0,0.0,0.0,4871130.0,0.0,0.0,0.0,0.0,0.0,0.0,5023648.0,0.0,0.0,0.0,0.0,0.0,0.0,0.0,0.0,5705440.0
2025-02-17,4024.59,15266147.0,15270171.59,3,0.0,0.0,0.0,0.0,0.0,4731155.0,0.0,0.0,0.0,0.0,0.0,0.0,4988224.0,0.0,0.0,0.0,0.0,0.0,0.0,0.0,0.0,5546768.0
2025-02-18,4024.59,15011565.0,15015589.59,3,0.0,0.0,0.0,0.0,0.0,4634445.0,0.0,0.0,0.0,0.0,0.0,0.0,4914752.0,0.0,0.0,0.0,0.0,0.0,0.0,0.0,0.0,5462368.0
2025-02-19,4024.59,14810575.0,14814599.59,3,0.0,0.0,0.0,0.0,0.0,4558095.0,0.0,0.0,0.0,0.0,0.0,0.0,4790112.0,0.0,0.0,0.0,0.0,0.0,0.0,0.0,0.0,5462368.0
2025-02-20,4024.59,14849524.0,14853548.59,3,0.0,0.0,0.0,0.0,0.0,4489380.0,0.0,0.0,0.0,0.0,0.0,0.0,4779616.0,0.0,0.0,0.0,0.0,0.0,0.0,0.0,0.0,5580528.0
2025-02-21,4024.59,14833620.0,14837644.59,3,0.0,0.0,0.0,0.0,0.0,4489380.0,0.0,0.0,0.0,0.0,0.0,0.0,4723200.0,0.0,0.0,0.0,0.0,0.0,0.0,0.0,0.0,5621040.0
2025-02-24,4024.59,14940934.0,14944958.59,3,0.0,0.0,0.0,0.0,0.0,4494470.0,0.0,0.0,0.0,0.0,0.0,0.0,4714016.0,0.0,0.0,0.0,0.0,0.0,0.0,0.0,0.0,5732448.0
2025-02-25,4024.59,14767851.0,14771875.59,3,0.0,0.0,0.0,0.0,0.0,4507195.0,0.0,0.0,0.0,0.0,0.0,0.0,4626112.0,0.0,0.0,0.0,0.0,0.0,0.0,0.0,0.0,5634544.0
2025-02-26,4024.59,14855439.0,14859463.59,3,0.0,0.0,0.0,0.0,0.0,4476655.0,0.0,0.0,0.0,0.0,0.0,0.0,4673344.0,0.0,0.0,0.0,0.0,0.0,0.0,0.0,0.0,5705440.0
2025-02-27,4024.59,14884770.0,14888794.59,3,0.0,0.0,0.0,0.0,0.0,4443570.0,0.0,0.0,0.0,0.0,0.0,0.0,4732384.0,0.0,0.0,0.0,0.0,0.0,0.0,0.0,0.0,5708816.0
2025-02-28,4024.59,14771840.0,14775864.59,3,0.0,0.0,0.0,0.0,0.0,4357040.0,0.0,0.0,0.0,0.0,0.0,0.0,4665472.0,0.0,0.0,0.0,0.0,0.0,0.0,0.0,0.0,5749328.0
2025-03-03,4024.59,14948456.0,14952480.59,3,0.0,0.0,0.0,0.0,0.0,4377400.0,0.0,0.0,0.0,0.0,0.0,0.0,4632672.0,0.0,0.0,0.0,0.0,0.0,0.0,0.0,0.0,5938384.0
2025-03-04,4024.59,14993982.0,14998006.59,3,0.0,0.0,0.0,0.0,0.0,4311230.0,0.0,0.0,0.0,0.0,0.0,0.0,4761248.0,0.0,0.0,0.0,0.0,0.0,0.0,0.0,0.0,5921504.0
2025-03-05,4024.59,15153243.0,15157267.59,3,0.0,0.0,0.0,0.0,0.0,4303595.0,0.0,0.0,0.0,0.0,0.0,0.0,4803232.0,0.0,0.0,0.0,0.0,0.0,0.0,0.0,0.0,6046416.0
2025-03-06,4024.59,15230024.0,15234048.59,3,0.0,0.0,0.0,0.0,0.0,4336680.0,0.0,0.0,0.0,0.0,0.0,0.0,4809792.0,0.0,0.0,0.0,0.0,0.0,0.0,0.0,0.0,6083552.0
2025-03-07,4024.59,15602956.0,15606980.59,3,0.0,0.0,0.0,0.0,0.0,4346860.0,0.0,0.0,0.0,0.0,0.0,0.0,4780928.0,0.0,0.0,0.0,0.0,0.0,0.0,0.0,0.0,6475168.0
2025-03-10,4024.59,15875107.0,15879131.59,3,0.0,0.0,0.0,0.0,0.0,4446115.0,0.0,0.0,0.0,0.0,0.0,0.0,4825536.0,0.0,0.0,0.0,0.0,0.0,0.0,0.0,0.0,6603456.0
2025-03-11,4024.59,15778779.0,15782803.59,3,0.0,0.0,0.0,0.0,0.0,4425755.0,0.0,0.0,0.0,0.0,0.0,0.0,4837344.0,0.0,0.0,0.0,0.0,0.0,0.0,0.0,0.0,6515680.0
2025-03-12,4024.59,15655206.0,15659230.59,3,0.0,0.0,0.0,0.0,0.0,4372310.0,0.0,0.0,0.0,0.0,0.0,0.0,4811104.0,0.0,0.0,0.0,0.0,0.0,0.0,0.0,0.0,6471792.0
2025-03-13,4024.59,15936253.0,15940277.59,3,0.0,0.0,0.0,0.0,0.0,4634445.0,0.0,0.0,0.0,0.0,0.0,0.0,4857024.0,0.0,0.0,0.0,0.0,0.0,0.0,0.0,0.0,6444784.0
2025-03-14,4024.59,15865169.0,15869193.59,3,0.0,0.0,0.0,0.0,0.0,4644625.0,0.0,0.0,0.0,0.0,0.0,0.0,4934432.0,0.0,0.0,0.0,0.0,0.0,0.0,0.0,0.0,6286112.0
2025-03-17,4024.59,15868809.0,15872833.59,3,0.0,0.0,0.0,0.0,0.0,4624265.0,0.0,0.0,0.0,0.0,0.0,0.0,4944928.0,0.0,0.0,0.0,0.0,0.0,0.0,0.0,0.0,6299616.0
2025-03-18,4024.59,15757073.0,15761097.59,3,0.0,0.0,0.0,0.0,0.0,4603905.0,0.0,0.0,0.0,0.0,0.0,0.0,4998720.0,0.0,0.0,0.0,0.0,0.0,0.0,0.0,0.0,6154448.0
2025-03-19,4024.59,15655707.0,15659731.59,3,0.0,0.0,0.0,0.0,0.0,4547915.0,0.0,0.0,0.0,0.0,0.0,0.0,4980352.0,0.0,0.0,0.0,0.0,0.0,0.0,0.0,0.0,6127440.0
2025-03-20,4024.59,15604790.0,15608814.59,3,0.0,0.0,0.0,0.0,0.0,4535190.0,0.0,0.0,0.0,0.0,0.0,0.0,4878016.0,0.0,0.0,0.0,0.0,0.0,0.0,0.0,0.0,6191584.0
2025-03-21,4024.59,15618422.0,15622446.59,3,0.0,0.0,0.0,0.0,0.0,4575910.0,0.0,0.0,0.0,0.0,0.0,0.0,4996096.0,0.0,0.0,0.0,0.0,0.0,0.0,0.0,0.0,6046416.0
2025-03-24,4024.59,15998204.0,16002228.59,3,0.0,0.0,0.0,0.0,0.0,4591180.0,0.0,0.0,0.0,0.0,0.0,0.0,5137792.0,0.0,0.0,0.0,0.0,0.0,0.0,0.0,0.0,6269232.0
2025-03-25,4024.59,16017365.0,16021389.59,3,0.0,0.0,0.0,0.0,0.0,4654805.0,0.0,0.0,0.0,0.0,0.0,0.0,5157472.0,0.0,0.0,0.0,0.0,0.0,0.0,0.0,0.0,6205088.0
2025-03-26,4024.59,15792955.0,15796979.59,3,0.0,0.0,0.0,0.0,0.0,4670075.0,0.0,0.0,0.0,0.0,0.0,0.0,5133856.0,0.0,0.0,0.0,0.0,0.0,0.0,0.0,0.0,5989024.0
2025-03-27,4024.59,15820299.0,15824323.59,3,0.0,0.0,0.0,0.0,0.0,4629355.0,0.0,0.0,0.0,0.0,0.0,0.0,5161408.0,0.0,0.0,0.0,0.0,0.0,0.0,0.0,0.0,6029536.0
2025-03-28,4024.59,15712323.0,15716347.59,3,0.0,0.0,0.0,0.0,0.0,4568275.0,0.0,0.0,0.0,0.0,0.0,0.0,5171904.0,0.0,0.0,0.0,0.0,0.0,0.0,0.0,0.0,5972144.0
2025-03-31,4024.59,15736158.0,15740182.59,3,0.0,0.0,0.0,0.0,0.0,4555550.0,0.0,0.0,0.0,0.0,0.0,0.0,5191584.0,0.0,0.0,0.0,0.0,0.0,0.0,0.0,0.0,5989024.0
2025-04-01,879.13,15739735.0,15740614.13,3,0.0,0.0,0.0,0.0,0.0,5319342.0,0.0,0.0,0.0,0.0,0.0,0.0,5213783.0,0.0,0.0,0.0,0.0,0.0,0.0,0.0,0.0,5206610.0
2025-04-02,879.13,15723258.0,15724137.13,3,0.0,0.0,0.0,0.0,0.0,5357484.0,0.0,0.0,0.0,0.0,0.0,0.0,5217764.0,0.0,0.0,0.0,0.0,0.0,0.0,0.0,0.0,5148010.0
2025-04-03,879.13,15638954.0,15639833.13,3,0.0,0.0,0.0,0.0,0.0,5316408.0,0.0,0.0,0.0,0.0,0.0,0.0,5238996.0,0.0,0.0,0.0,0.0,0.0,0.0,0.0,0.0,5083550.0
2025-04-07,879.13,14621669.0,14622548.13,3,0.0,0.0,0.0,0.0,0.0,5043546.0,0.0,0.0,0.0,0.0,0.0,0.0,5001463.0,0.0,0.0,0.0,0.0,0.0,0.0,0.0,0.0,4576660.0
2025-04-08,879.13,14844822.0,14845701.13,3,0.0,0.0,0.0,0.0,0.0,5210784.0,0.0,0.0,0.0,0.0,0.0,0.0,5154068.0,0.0,0.0,0.0,0.0,0.0,0.0,0.0,0.0,4479970.0
2025-04-09,879.13,14871082.0,14871961.13,3,0.0,0.0,0.0,0.0,0.0,5207850.0,0.0,0.0,0.0,0.0,0.0,0.0,5183262.0,0.0,0.0,0.0,0.0,0.0,0.0,0.0,0.0,4479970.0
2025-04-10,879.13,14958119.0,14958998.13,3,0.0,0.0,0.0,0.0,0.0,5143302.0,0.0,0.0,0.0,0.0,0.0,0.0,5176627.0,0.0,0.0,0.0,0.0,0.0,0.0,0.0,0.0,4638190.0
2025-04-11,879.13,14838806.0,14839685.13,3,0.0,0.0,0.0,0.0,0.0,5049414.0,0.0,0.0,0.0,0.0,0.0,0.0,5209802.0,0.0,0.0,0.0,0.0,0.0,0.0,0.0,0.0,4579590.0
2025-04-14,879.13,15109979.0,15110858.13,3,0.0,0.0,0.0,0.0,0.0,5275332.0,0.0,0.0,0.0,0.0,0.0,0.0,5070467.0,0.0,0.0,0.0,0.0,0.0,0.0,0.0,0.0,4764180.0
2025-04-15,879.13,15245031.0,15245910.13,3,0.0,0.0,0.0,0.0,0.0,5380956.0,0.0,0.0,0.0,0.0,0.0,0.0,5181935.0,0.0,0.0,0.0,0.0,0.0,0.0,0.0,0.0,4682140.0
2025-04-16,879.13,15259042.0,15259921.13,3,0.0,0.0,0.0,0.0,0.0,5433768.0,0.0,0.0,0.0,0.0,0.0,0.0,5231034.0,0.0,0.0,0.0,0.0,0.0,0.0,0.0,0.0,4594240.0
2025-04-17,879.13,15230416.0,15231295.13,3,0.0,0.0,0.0,0.0,0.0,5445504.0,0.0,0.0,0.0,0.0,0.0,0.0,5196532.0,0.0,0.0,0.0,0.0,0.0,0.0,0.0,0.0,4588380.0
2025-04-18,879.13,15277873.0,15278752.13,3,0.0,0.0,0.0,0.0,0.0,5378022.0,0.0,0.0,0.0,0.0,0.0,0.0,5232361.0,0.0,0.0,0.0,0.0,0.0,0.0,0.0,0.0,4667490.0
2025-04-21,879.13,15192628.0,15193507.13,3,0.0,0.0,0.0,0.0,0.0,5339880.0,0.0,0.0,0.0,0.0,0.0,0.0,5220418.0,0.0,0.0,0.0,0.0,0.0,0.0,0.0,0.0,4632330.0
2025-04-22,879.13,15125403.0,15126282.13,3,0.0,0.0,0.0,0.0,0.0,5375088.0,0.0,0.0,0.0,0.0,0.0,0.0,5261555.0,0.0,0.0,0.0,0.0,0.0,0.0,0.0,0.0,4488760.0
2025-04-23,879.13,15192883.0,15193762.13,3,0.0,0.0,0.0,0.0,0.0,5363352.0,0.0,0.0,0.0,0.0,0.0,0.0,5232361.0,0.0,0.0,0.0,0.0,0.0,0.0,0.0,0.0,4597170.0
2025-04-24,879.13,15269382.0,15270261.13,3,0.0,0.0,0.0,0.0,0.0,5433768.0,0.0,0.0,0.0,0.0,0.0,0.0,5244304.0,0.0,0.0,0.0,0.0,0.0,0.0,0.0,0.0,4591310.0
2025-04-25,879.13,15176047.0,15176926.13,3,0.0,0.0,0.0,0.0,0.0,5301738.0,0.0,0.0,0.0,0.0,0.0,0.0,5224399.0,0.0,0.0,0.0,0.0,0.0,0.0,0.0,0.0,4649910.0
2025-04-28,879.13,15316848.0,15317727.13,3,0.0,0.0,0.0,0.0,0.0,5240124.0,0.0,0.0,0.0,0.0,0.0,0.0,5377004.0,0.0,0.0,0.0,0.0,0.0,0.0,0.0,0.0,4699720.0
2025-04-29,879.13,15238052.0,15238931.13,3,0.0,0.0,0.0,0.0,0.0,5190246.0,0.0,0.0,0.0,0.0,0.0,0.0,5345156.0,0.0,0.0,0.0,0.0,0.0,0.0,0.0,0.0,4702650.0
2025-04-30,879.13,15058940.0,15059819.13,3,0.0,0.0,0.0,0.0,0.0,5081688.0,0.0,0.0,0.0,0.0,0.0,0.0,5262882.0,0.0,0.0,0.0,0.0,0.0,0.0,0.0,0.0,4714370.0
2025-05-06,879.13,15045406.0,15046285.13,3,0.0,0.0,0.0,0.0,0.0,5090490.0,0.0,0.0,0.0,0.0,0.0,0.0,5252266.0,0.0,0.0,0.0,0.0,0.0,0.0,0.0,0.0,4702650.0
2025-05-07,879.13,15179957.0,15180836.13,3,0.0,0.0,0.0,0.0,0.0,5116896.0,0.0,0.0,0.0,0.0,0.0,0.0,5325251.0,0.0,0.0,0.0,0.0,0.0,0.0,0.0,0.0,4737810.0
2025-05-08,879.13,15202742.0,15203621.13,3,0.0,0.0,0.0,0.0,0.0,5157972.0,0.0,0.0,0.0,0.0,0.0,0.0,5374350.0,0.0,0.0,0.0,0.0,0.0,0.0,0.0,0.0,4670420.0
2025-05-09,879.13,15257189.0,15258068.13,3,0.0,0.0,0.0,0.0,0.0,5187312.0,0.0,0.0,0.0,0.0,0.0,0.0,5428757.0,0.0,0.0,0.0,0.0,0.0,0.0,0.0,0.0,4641120.0
2025-05-12,879.13,15346161.0,15347040.13,3,0.0,0.0,0.0,0.0,0.0,5163840.0,0.0,0.0,0.0,0.0,0.0,0.0,5418141.0,0.0,0.0,0.0,0.0,0.0,0.0,0.0,0.0,4764180.0
2025-05-13,879.13,15452152.0,15453031.13,3,0.0,0.0,0.0,0.0,0.0,5172642.0,0.0,0.0,0.0,0.0,0.0,0.0,5427430.0,0.0,0.0,0.0,0.0,0.0,0.0,0.0,0.0,4852080.0
2025-05-14,879.13,15586521.0,15587400.13,3,0.0,0.0,0.0,0.0,0.0,5237190.0,0.0,0.0,0.0,0.0,0.0,0.0,5418141.0,0.0,0.0,0.0,0.0,0.0,0.0,0.0,0.0,4931190.0
2025-05-15,879.13,15544911.0,15545790.13,3,0.0,0.0,0.0,0.0,0.0,5287068.0,0.0,0.0,0.0,0.0,0.0,0.0,5452643.0,0.0,0.0,0.0,0.0,0.0,0.0,0.0,0.0,4805200.0
2025-05-16,879.13,15518854.0,15519733.13,3,0.0,0.0,0.0,0.0,0.0,5322276.0,0.0,0.0,0.0,0.0,0.0,0.0,5379658.0,0.0,0.0,0.0,0.0,0.0,0.0,0.0,0.0,4816920.0
2025-05-19,879.13,15514312.0,15515191.13,3,0.0,0.0,0.0,0.0,0.0,5354550.0,0.0,0.0,0.0,0.0,0.0,0.0,5395582.0,0.0,0.0,0.0,0.0,0.0,0.0,0.0,0.0,4764180.0
2025-05-20,879.13,15725437.0,15726316.13,3,0.0,0.0,0.0,0.0,0.0,5295870.0,0.0,0.0,0.0,0.0,0.0,0.0,5548187.0,0.0,0.0,0.0,0.0,0.0,0.0,0.0,0.0,4881380.0
2025-05-21,879.13,16020429.0,16021308.13,3,0.0,0.0,0.0,0.0,0.0,5542326.0,0.0,0.0,0.0,0.0,0.0,0.0,5532263.0,0.0,0.0,0.0,0.0,0.0,0.0,0.0,0.0,4945840.0
2025-05-22,879.13,15957706.0,15958585.13,3,0.0,0.0,0.0,0.0,0.0,5515920.0,0.0,0.0,0.0,0.0,0.0,0.0,5557476.0,0.0,0.0,0.0,0.0,0.0,0.0,0.0,0.0,4884310.0
2025-05-23,879.13,15827951.0,15828830.13,3,0.0,0.0,0.0,0.0,0.0,5518854.0,0.0,0.0,0.0,0.0,0.0,0.0,5495107.0,0.0,0.0,0.0,0.0,0.0,0.0,0.0,0.0,4813990.0
2025-05-26,879.13,15758095.0,15758974.13,3,0.0,0.0,0.0,0.0,0.0,5501250.0,0.0,0.0,0.0,0.0,0.0,0.0,5434065.0,0.0,0.0,0.0,0.0,0.0,0.0,0.0,0.0,4822780.0
2025-05-27,879.13,15520328.0,15521207.13,3,0.0,0.0,0.0,0.0,0.0,5422032.0,0.0,0.0,0.0,0.0,0.0,0.0,5451316.0,0.0,0.0,0.0,0.0,0.0,0.0,0.0,0.0,4646980.0
2025-05-28,879.13,15728266.0,15729145.13,3,0.0,0.0,0.0,0.0,0.0,5510052.0,0.0,0.0,0.0,0.0,0.0,0.0,5509704.0,0.0,0.0,0.0,0.0,0.0,0.0,0.0,0.0,4708510.0
2025-05-29,879.13,15710971.0,15711850.13,3,0.0,0.0,0.0,0.0,0.0,5524722.0,0.0,0.0,0.0,0.0,0.0,0.0,5436719.0,0.0,0.0,0.0,0.0,0.0,0.0,0.0,0.0,4749530.0
2025-05-30,879.13,15718283.0,15719162.13,3,0.0,0.0,0.0,0.0,0.0,5530590.0,0.0,0.0,0.0,0.0,0.0,0.0,5479183.0,0.0,0.0,0.0,0.0,0.0,0.0,0.0,0.0,4708510.0
2025-06-03,879.13,15392989.0,15393868.13,3,0.0,0.0,0.0,0.0,0.0,5422032.0,0.0,0.0,0.0,0.0,0.0,0.0,5309327.0,0.0,0.0,0.0,0.0,0.0,0.0,0.0,0.0,4661630.0
2025-06-04,879.13,15391675.0,15392554.13,3,0.0,0.0,0.0,0.0,0.0,5345748.0,0.0,0.0,0.0,0.0,0.0,0.0,5349137.0,0.0,0.0,0.0,0.0,0.0,0.0,0.0,0.0,4696790.0
2025-06-05,879.13,15349451.0,15350330.13,3,0.0,0.0,0.0,0.0,0.0,5319342.0,0.0,0.0,0.0,0.0,0.0,0.0,5304019.0,0.0,0.0,0.0,0.0,0.0,0.0,0.0,0.0,4726090.0
2025-06-06,879.13,15315103.0,15315982.13,3,0.0,0.0,0.0,0.0,0.0,5307606.0,0.0,0.0,0.0,0.0,0.0,0.0,5296057.0,0.0,0.0,0.0,0.0,0.0,0.0,0.0,0.0,4711440.0
2025-06-09,879.13,15383073.0,15383952.13,3,0.0,0.0,0.0,0.0,0.0,5328144.0,0.0,0.0,0.0,0.0,0.0,0.0,5290749.0,0.0,0.0,0.0,0.0,0.0,0.0,0.0,0.0,4764180.0
2025-06-10,879.13,15368964.0,15369843.13,3,0.0,0.0,0.0,0.0,0.0,5281200.0,0.0,0.0,0.0,0.0,0.0,0.0,5270844.0,0.0,0.0,0.0,0.0,0.0,0.0,0.0,0.0,4816920.0
2025-06-11,879.13,15514160.0,15515039.13,3,0.0,0.0,0.0,0.0,0.0,5336946.0,0.0,0.0,0.0,0.0,0.0,0.0,5284114.0,0.0,0.0,0.0,0.0,0.0,0.0,0.0,0.0,4893100.0
2025-06-12,879.13,15413284.0,15414163.13,3,0.0,0.0,0.0,0.0,0.0,5225454.0,0.0,0.0,0.0,0.0,0.0,0.0,5294730.0,0.0,0.0,0.0,0.0,0.0,0.0,0.0,0.0,4893100.0
2025-06-13,879.13,15391974.0,15392853.13,3,0.0,0.0,0.0,0.0,0.0,5245992.0,0.0,0.0,0.0,0.0,0.0,0.0,5302692.0,0.0,0.0,0.0,0.0,0.0,0.0,0.0,0.0,4843290.0
2025-06-16,879.13,15362277.0,15363156.13,3,0.0,0.0,0.0,0.0,0.0,5243058.0,0.0,0.0,0.0,0.0,0.0,0.0,5264209.0,0.0,0.0,0.0,0.0,0.0,0.0,0.0,0.0,4855010.0
2025-06-17,879.13,15386178.0,15387057.13,3,0.0,0.0,0.0,0.0,0.0,5339880.0,0.0,0.0,0.0,0.0,0.0,0.0,5246958.0,0.0,0.0,0.0,0.0,0.0,0.0,0.0,0.0,4799340.0
2025-06-18,879.13,15315522.0,15316401.13,3,0.0,0.0,0.0,0.0,0.0,5295870.0,0.0,0.0,0.0,0.0,0.0,0.0,5249612.0,0.0,0.0,0.0,0.0,0.0,0.0,0.0,0.0,4770040.0
2025-06-19,879.13,15119575.0,15120454.13,3,0.0,0.0,0.0,0.0,0.0,5243058.0,0.0,0.0,0.0,0.0,0.0,0.0,5203167.0,0.0,0.0,0.0,0.0,0.0,0.0,0.0,0.0,4673350.0
2025-06-20,879.13,15159615.0,15160494.13,3,0.0,0.0,0.0,0.0,0.0,5287068.0,0.0,0.0,0.0,0.0,0.0,0.0,5269517.0,0.0,0.0,0.0,0.0,0.0,0.0,0.0,0.0,4603030.0
2025-06-23,879.13,15367795.0,15368674.13,3,0.0,0.0,0.0,0.0,0.0,5521788.0,0.0,0.0,0.0,0.0,0.0,0.0,5242977.0,0.0,0.0,0.0,0.0,0.0,0.0,0.0,0.0,4603030.0
2025-06-24,879.13,15503922.0,15504801.13,3,0.0,0.0,0.0,0.0,0.0,5489514.0,0.0,0.0,0.0,0.0,0.0,0.0,5300038.0,0.0,0.0,0.0,0.0,0.0,0.0,0.0,0.0,4714370.0
2025-06-25,879.13,15457002.0,15457881.13,3,0.0,0.0,0.0,0.0,0.0,5413230.0,0.0,0.0,0.0,0.0,0.0,0.0,5355772.0,0.0,0.0,0.0,0.0,0.0,0.0,0.0,0.0,4688000.0
2025-06-26,879.13,15371891.0,15372770.13,3,0.0,0.0,0.0,0.0,0.0,5348682.0,0.0,0.0,0.0,0.0,0.0,0.0,5370369.0,0.0,0.0,0.0,0.0,0.0,0.0,0.0,0.0,4652840.0
2025-06-27,879.13,15570274.0,15571153.13,3,0.0,0.0,0.0,0.0,0.0,5413230.0,0.0,0.0,0.0,0.0,0.0,0.0,5337194.0,0.0,0.0,0.0,0.0,0.0,0.0,0.0,0.0,4819850.0
2025-06-30,879.13,15444918.0,15445797.13,3,0.0,0.0,0.0,0.0,0.0,5395626.0,0.0,0.0,0.0,0.0,0.0,0.0,5302692.0,0.0,0.0,0.0,0.0,0.0,0.0,0.0,0.0,4746600.0
2025-07-01,1849.43,15541472.0,15543321.43,3,0.0,0.0,0.0,0.0,0.0,5168560.0,0.0,0.0,0.0,0.0,0.0,0.0,5203341.0,0.0,0.0,5169571.0,0.0,0.0,0.0,0.0,0.0,0.0
2025-07-02,1849.43,15752483.0,15754332.43,3,0.0,0.0,0.0,0.0,0.0,5275302.0,0.0,0.0,0.0,0.0,0.0,0.0,5312736.0,0.0,0.0,5164445.0,0.0,0.0,0.0,0.0,0.0,0.0
2025-07-03,1849.43,15683600.0,15685449.43,3,0.0,0.0,0.0,0.0,0.0,5205077.0,0.0,0.0,0.0,0.0,0.0,0.0,5326893.0,0.0,0.0,5151630.0,0.0,0.0,0.0,0.0,0.0,0.0
2025-07-04,1849.43,15675764.0,15677613.43,3,0.0,0.0,0.0,0.0,0.0,5202268.0,0.0,0.0,0.0,0.0,0.0,0.0,5350059.0,0.0,0.0,5123437.0,0.0,0.0,0.0,0.0,0.0,0.0
2025-07-07,1849.43,15518768.0,15520617.43,3,0.0,0.0,0.0,0.0,0.0,5137661.0,0.0,0.0,0.0,0.0,0.0,0.0,5321745.0,0.0,0.0,5059362.0,0.0,0.0,0.0,0.0,0.0,0.0
2025-07-08,1849.43,15585953.0,15587802.43,3,0.0,0.0,0.0,0.0,0.0,5143279.0,0.0,0.0,0.0,0.0,0.0,0.0,5334615.0,0.0,0.0,5108059.0,0.0,0.0,0.0,0.0,0.0,0.0
2025-07-09,1849.43,15553174.0,15555023.43,3,0.0,0.0,0.0,0.0,0.0,5151706.0,0.0,0.0,0.0,0.0,0.0,0.0,5288283.0,0.0,0.0,5113185.0,0.0,0.0,0.0,0.0,0.0,0.0
2025-07-10,1849.43,15651715.0,15653564.43,3,0.0,0.0,0.0,0.0,0.0,5207886.0,0.0,0.0,0.0,0.0,0.0,0.0,5305014.0,0.0,0.0,5138815.0,0.0,0.0,0.0,0.0,0.0,0.0
2025-07-11,1849.43,15730235.0,15732084.43,3,0.0,0.0,0.0,0.0,0.0,5193841.0,0.0,0.0,0.0,0.0,0.0,0.0,5374512.0,0.0,0.0,5161882.0,0.0,0.0,0.0,0.0,0.0,0.0
2025-07-14,1849.43,15795883.0,15797732.43,3,0.0,0.0,0.0,0.0,0.0,5224740.0,0.0,0.0,0.0,0.0,0.0,0.0,5409261.0,0.0,0.0,5161882.0,0.0,0.0,0.0,0.0,0.0,0.0
2025-07-15,1849.43,15768340.0,15770189.43,3,0.0,0.0,0.0,0.0,0.0,5140470.0,0.0,0.0,0.0,0.0,0.0,0.0,5489055.0,0.0,0.0,5138815.0,0.0,0.0,0.0,0.0,0.0,0.0
2025-07-16,1849.43,15694726.0,15696575.43,3,0.0,0.0,0.0,0.0,0.0,5092717.0,0.0,0.0,0.0,0.0,0.0,0.0,5435001.0,0.0,0.0,5167008.0,0.0,0.0,0.0,0.0,0.0,0.0
2025-07-17,1849.43,15785997.0,15787846.43,3,0.0,0.0,0.0,0.0,0.0,5095526.0,0.0,0.0,0.0,0.0,0.0,0.0,5444010.0,0.0,0.0,5246461.0,0.0,0.0,0.0,0.0,0.0,0.0
2025-07-18,1849.43,15878516.0,15880365.43,3,0.0,0.0,0.0,0.0,0.0,5140470.0,0.0,0.0,0.0,0.0,0.0,0.0,5481333.0,0.0,0.0,5256713.0,0.0,0.0,0.0,0.0,0.0,0.0
2025-07-21,1849.43,15943055.0,15944904.43,3,0.0,0.0,0.0,0.0,0.0,5250021.0,0.0,0.0,0.0,0.0,0.0,0.0,5444010.0,0.0,0.0,5249024.0,0.0,0.0,0.0,0.0,0.0,0.0
2025-07-22,1849.43,16443531.0,16445380.43,3,0.0,0.0,0.0,0.0,0.0,5665753.0,0.0,0.0,0.0,0.0,0.0,0.0,5482620.0,0.0,0.0,5295158.0,0.0,0.0,0.0,0.0,0.0,0.0
2025-07-23,1849.43,16499849.0,16501698.43,3,0.0,0.0,0.0,0.0,0.0,5648899.0,0.0,0.0,0.0,0.0,0.0,0.0,5512221.0,0.0,0.0,5338729.0,0.0,0.0,0.0,0.0,0.0,0.0
2025-07-24,1849.43,16541705.0,16543554.43,3,0.0,0.0,0.0,0.0,0.0,5719124.0,0.0,0.0,0.0,0.0,0.0,0.0,5471037.0,0.0,0.0,5351544.0,0.0,0.0,0.0,0.0,0.0,0.0
2025-07-25,1849.43,16300568.0,16302417.43,3,0.0,0.0,0.0,0.0,0.0,5575865.0,0.0,0.0,0.0,0.0,0.0,0.0,5357781.0,0.0,0.0,5366922.0,0.0,0.0,0.0,0.0,0.0,0.0
2025-07-28,1849.43,16155104.0,16156953.43,3,0.0,0.0,0.0,0.0,0.0,5452269.0,0.0,0.0,0.0,0.0,0.0,0.0,5338476.0,0.0,0.0,5364359.0,0.0,0.0,0.0,0.0,0.0,0.0
2025-07-29,1849.43,16149908.0,16151757.43,3,0.0,0.0,0.0,0.0,0.0,5542157.0,0.0,0.0,0.0,0.0,0.0,0.0,5279274.0,0.0,0.0,5328477.0,0.0,0.0,0.0,0.0,0.0,0.0
2025-07-30,1849.43,16129828.0,16131677.43,3,0.0,0.0,0.0,0.0,0.0,5530921.0,0.0,0.0,0.0,0.0,0.0,0.0,5308875.0,0.0,0.0,5290032.0,0.0,0.0,0.0,0.0,0.0,0.0
2025-07-31,1849.43,15774158.0,15776007.43,3,0.0,0.0,0.0,0.0,0.0,5410134.0,0.0,0.0,0.0,0.0,0.0,0.0,5222646.0,0.0,0.0,5141378.0,0.0,0.0,0.0,0.0,0.0,0.0
2025-08-01,1849.43,15789033.0,15790882.43,3,0.0,0.0,0.0,0.0,0.0,5373617.0,0.0,0.0,0.0,0.0,0.0,0.0,5253534.0,0.0,0.0,5161882.0,0.0,0.0,0.0,0.0,0.0,0.0
2025-08-04,1849.43,15861788.0,15863637.43,3,0.0,0.0,0.0,0.0,0.0,5412943.0,0.0,0.0,0.0,0.0,0.0,0.0,5279274.0,0.0,0.0,5169571.0,0.0,0.0,0.0,0.0,0.0,0.0
2025-08-05,1849.43,15967803.0,15969652.43,3,0.0,0.0,0.0,0.0,0.0,5449460.0,0.0,0.0,0.0,0.0,0.0,0.0,5348772.0,0.0,0.0,5169571.0,0.0,0.0,0.0,0.0,0.0,0.0
2025-08-06,1849.43,16327895.0,16329744.43,3,0.0,0.0,0.0,0.0,0.0,5755641.0,0.0,0.0,0.0,0.0,0.0,0.0,5369364.0,0.0,0.0,5202890.0,0.0,0.0,0.0,0.0,0.0,0.0
2025-08-07,1849.43,16484808.0,16486657.43,3,0.0,0.0,0.0,0.0,0.0,5893282.0,0.0,0.0,0.0,0.0,0.0,0.0,5380947.0,0.0,0.0,5210579.0,0.0,0.0,0.0,0.0,0.0,0.0
2025-08-08,1849.43,16518044.0,16519893.43,3,0.0,0.0,0.0,0.0,0.0,5904518.0,0.0,0.0,0.0,0.0,0.0,0.0,5431140.0,0.0,0.0,5182386.0,0.0,0.0,0.0,0.0,0.0,0.0
2025-08-11,1849.43,16375859.0,16377708.43,3,0.0,0.0,0.0,0.0,0.0,5789349.0,0.0,0.0,0.0,0.0,0.0,0.0,5406687.0,0.0,0.0,5179823.0,0.0,0.0,0.0,0.0,0.0,0.0
2025-08-12,1849.43,16542218.0,16544067.43,3,0.0,0.0,0.0,0.0,0.0,5870810.0,0.0,0.0,0.0,0.0,0.0,0.0,5481333.0,0.0,0.0,5190075.0,0.0,0.0,0.0,0.0,0.0,0.0
2025-08-13,1849.43,16447819.0,16449668.43,3,0.0,0.0,0.0,0.0,0.0,5803394.0,0.0,0.0,0.0,0.0,0.0,0.0,5464602.0,0.0,0.0,5179823.0,0.0,0.0,0.0,0.0,0.0,0.0
2025-08-14,1849.43,16408076.0,16409925.43,3,0.0,0.0,0.0,0.0,0.0,5803394.0,0.0,0.0,0.0,0.0,0.0,0.0,5460741.0,0.0,0.0,5143941.0,0.0,0.0,0.0,0.0,0.0,0.0
2025-08-15,1849.43,16437892.0,16439741.43,3,0.0,0.0,0.0,0.0,0.0,5792158.0,0.0,0.0,0.0,0.0,0.0,0.0,5471037.0,0.0,0.0,5174697.0,0.0,0.0,0.0,0.0,0.0,0.0
2025-08-18,1849.43,16340049.0,16341898.43,3,0.0,0.0,0.0,0.0,0.0,5685416.0,0.0,0.0,0.0,0.0,0.0,0.0,5454306.0,0.0,0.0,5200327.0,0.0,0.0,0.0,0.0,0.0,0.0
2025-08-19,1849.43,16347984.0,16349833.43,3,0.0,0.0,0.0,0.0,0.0,5750023.0,0.0,0.0,0.0,0.0,0.0,0.0,5387382.0,0.0,0.0,5210579.0,0.0,0.0,0.0,0.0,0.0,0.0
2025-08-20,1849.43,16512803.0,16514652.43,3,0.0,0.0,0.0,0.0,0.0,5831484.0,0.0,0.0,0.0,0.0,0.0,0.0,5401539.0,0.0,0.0,5279780.0,0.0,0.0,0.0,0.0,0.0,0.0
2025-08-21,1849.43,16543827.0,16545676.43,3,0.0,0.0,0.0,0.0,0.0,5896091.0,0.0,0.0,0.0,0.0,0.0,0.0,5339763.0,0.0,0.0,5307973.0,0.0,0.0,0.0,0.0,0.0,0.0
2025-08-22,1849.43,16640903.0,16642752.43,3,0.0,0.0,0.0,0.0,0.0,5904518.0,0.0,0.0,0.0,0.0,0.0,0.0,5392530.0,0.0,0.0,5343855.0,0.0,0.0,0.0,0.0,0.0,0.0
2025-08-25,1849.43,16766871.0,16768720.43,3,0.0,0.0,0.0,0.0,0.0,5932608.0,0.0,0.0,0.0,0.0,0.0,0.0,5505786.0,0.0,0.0,5328477.0,0.0,0.0,0.0,0.0,0.0,0.0
2025-08-26,1849.43,16563045.0,16564894.43,3,0.0,0.0,0.0,0.0,0.0,5873619.0,0.0,0.0,0.0,0.0,0.0,0.0,5499351.0,0.0,0.0,5190075.0,0.0,0.0,0.0,0.0,0.0,0.0
2025-08-27,1849.43,16332202.0,16334051.43,3,0.0,0.0,0.0,0.0,0.0,5744405.0,0.0,0.0,0.0,0.0,0.0,0.0,5407974.0,0.0,0.0,5179823.0,0.0,0.0,0.0,0.0,0.0,0.0
2025-08-28,1849.43,16034402.0,16036251.43,3,0.0,0.0,0.0,0.0,0.0,5460696.0,0.0,0.0,0.0,0.0,0.0,0.0,5409261.0,0.0,0.0,5164445.0,0.0,0.0,0.0,0.0,0.0,0.0
2025-08-29,1849.43,15730312.0,15732161.43,3,0.0,0.0,0.0,0.0,0.0,5471932.0,0.0,0.0,0.0,0.0,0.0,0.0,5091372.0,0.0,0.0,5167008.0,0.0,0.0,0.0,0.0,0.0,0.0
2025-09-01,1849.43,15701806.0,15703655.43,3,0.0,0.0,0.0,0.0,0.0,5460696.0,0.0,0.0,0.0,0.0,0.0,0.0,4948515.0,0.0,0.0,5292595.0,0.0,0.0,0.0,0.0,0.0,0.0
2025-09-02,1849.43,15619021.0,15620870.43,3,0.0,0.0,0.0,0.0,0.0,5407325.0,0.0,0.0,0.0,0.0,0.0,0.0,4962672.0,0.0,0.0,5249024.0,0.0,0.0,0.0,0.0,0.0,0.0
2025-09-03,1849.43,15533126.0,15534975.43,3,0.0,0.0,0.0,0.0,0.0,5348336.0,0.0,0.0,0.0,0.0,0.0,0.0,4963959.0,0.0,0.0,5220831.0,0.0,0.0,0.0,0.0,0.0,0.0
2025-09-04,1849.43,15551423.0,15553272.43,3,0.0,0.0,0.0,0.0,0.0,5412943.0,0.0,0.0,0.0,0.0,0.0,0.0,4922775.0,0.0,0.0,5215705.0,0.0,0.0,0.0,0.0,0.0,0.0
2025-09-05,1849.43,15693357.0,15695206.43,3,0.0,0.0,0.0,0.0,0.0,5452269.0,0.0,0.0,0.0,0.0,0.0,0.0,4943367.0,0.0,0.0,5297721.0,0.0,0.0,0.0,0.0,0.0,0.0
2025-09-08,1849.43,15780578.0,15782427.43,3,0.0,0.0,0.0,0.0,0.0,5438224.0,0.0,0.0,0.0,0.0,0.0,0.0,4949802.0,0.0,0.0,5392552.0,0.0,0.0,0.0,0.0,0.0,0.0
2025-09-09,1849.43,15751803.0,15753652.43,3,0.0,0.0,0.0,0.0,0.0,5446651.0,0.0,0.0,0.0,0.0,0.0,0.0,4940793.0,0.0,0.0,5364359.0,0.0,0.0,0.0,0.0,0.0,0.0
2025-09-10,1849.43,15618937.0,15620786.43,3,0.0,0.0,0.0,0.0,0.0,5379235.0,0.0,0.0,0.0,0.0,0.0,0.0,4918914.0,0.0,0.0,5320788.0,0.0,0.0,0.0,0.0,0.0,0.0
2025-09-11,1849.43,15784206.0,15786055.43,3,0.0,0.0,0.0,0.0,0.0,5421370.0,0.0,0.0,0.0,0.0,0.0,0.0,4944654.0,0.0,0.0,5418182.0,0.0,0.0,0.0,0.0,0.0,0.0
2025-09-12,1849.43,15677379.0,15679228.43,3,0.0,0.0,0.0,0.0,0.0,5432606.0,0.0,0.0,0.0,0.0,0.0,0.0,4906044.0,0.0,0.0,5338729.0,0.0,0.0,0.0,0.0,0.0,0.0
2025-09-15,1849.43,15637443.0,15639292.43,3,0.0,0.0,0.0,0.0,0.0,5474741.0,0.0,0.0,0.0,0.0,0.0,0.0,4893174.0,0.0,0.0,5269528.0,0.0,0.0,0.0,0.0,0.0,0.0
2025-09-16,1849.43,15538399.0,15540248.43,3,0.0,0.0,0.0,0.0,0.0,5443842.0,0.0,0.0,0.0,0.0,0.0,0.0,4840407.0,0.0,0.0,5254150.0,0.0,0.0,0.0,0.0,0.0,0.0
2025-09-17,1849.43,15742037.0,15743886.43,3,0.0,0.0,0.0,0.0,0.0,5587101.0,0.0,0.0,0.0,0.0,0.0,0.0,4875156.0,0.0,0.0,5279780.0,0.0,0.0,0.0,0.0,0.0,0.0
2025-09-18,1849.43,15440170.0,15442019.43,3,0.0,0.0,0.0,0.0,0.0,5421370.0,0.0,0.0,0.0,0.0,0.0,0.0,4805658.0,0.0,0.0,5213142.0,0.0,0.0,0.0,0.0,0.0,0.0
2025-09-19,1849.43,15654027.0,15655876.43,3,0.0,0.0,0.0,0.0,0.0,5564629.0,0.0,0.0,0.0,0.0,0.0,0.0,4832685.0,0.0,0.0,5256713.0,0.0,0.0,0.0,0.0,0.0,0.0
2025-09-22,1849.43,15481220.0,15483069.43,3,0.0,0.0,0.0,0.0,0.0,5497213.0,0.0,0.0,0.0,0.0,0.0,0.0,4760613.0,0.0,0.0,5223394.0,0.0,0.0,0.0,0.0,0.0,0.0
2025-09-23,1849.43,15516305.0,15518154.43,3,0.0,0.0,0.0,0.0,0.0,5547775.0,0.0,0.0,0.0,0.0,0.0,0.0,4737447.0,0.0,0.0,5231083.0,0.0,0.0,0.0,0.0,0.0,0.0
2025-09-24,1849.43,16052251.0,16054100.43,3,0.0,0.0,0.0,0.0,0.0,5519685.0,0.0,0.0,0.0,0.0,0.0,0.0,4778631.0,0.0,0.0,5753935.0,0.0,0.0,0.0,0.0,0.0,0.0
2025-09-25,1849.43,16545730.0,16547579.43,3,0.0,0.0,0.0,0.0,0.0,5494404.0,0.0,0.0,0.0,0.0,0.0,0.0,4720716.0,0.0,0.0,6330610.0,0.0,0.0,0.0,0.0,0.0,0.0
2025-09-26,1849.43,17191885.0,17193734.43,3,0.0,0.0,0.0,0.0,0.0,5466314.0,0.0,0.0,0.0,0.0,0.0,0.0,4761900.0,0.0,0.0,6963671.0,0.0,0.0,0.0,0.0,0.0,0.0
2025-09-29,1849.43,17669156.0,17671005.43,3,0.0,0.0,0.0,0.0,0.0,5398898.0,0.0,0.0,0.0,0.0,0.0,0.0,4773483.0,0.0,0.0,7496775.0,0.0,0.0,0.0,0.0,0.0,0.0
2025-09-30,1849.43,17420235.0,17422084.43,3,0.0,0.0,0.0,0.0,0.0,5382044.0,0.0,0.0,0.0,0.0,0.0,0.0,4746456.0,0.0,0.0,7291735.0,0.0,0.0,0.0,0.0,0.0,0.0
2025-10-09,1099.03,17983425.0,17984524.03,3,0.0,0.0,0.0,0.0,0.0,5983404.0,0.0,0.0,0.0,0.0,0.0,0.0,5955000.0,0.0,0.0,6045021.0,0.0,0.0,0.0,0.0,0.0,0.0
2025-10-10,1099.03,18664319.0,18665418.03,3,0.0,0.0,0.0,0.0,0.0,6056820.0,0.0,0.0,0.0,0.0,0.0,0.0,5958176.0,0.0,0.0,6649323.0,0.0,0.0,0.0,0.0,0.0,0.0
2025-10-13,1099.03,18024716.0,18025815.03,3,0.0,0.0,0.0,0.0,0.0,6023171.0,0.0,0.0,0.0,0.0,0.0,0.0,5964528.0,0.0,0.0,6037017.0,0.0,0.0,0.0,0.0,0.0,0.0
2025-10-14,1099.03,18146076.0,18147175.03,3,0.0,0.0,0.0,0.0,0.0,6249537.0,0.0,0.0,0.0,0.0,0.0,0.0,5983584.0,0.0,0.0,5912955.0,0.0,0.0,0.0,0.0,0.0,0.0
2025-10-15,1099.03,18089312.0,18090411.03,3,0.0,0.0,0.0,0.0,0.0,6396369.0,0.0,0.0,0.0,0.0,0.0,0.0,6020108.0,0.0,0.0,5672835.0,0.0,0.0,0.0,0.0,0.0,0.0
2025-10-16,1099.03,18223351.0,18224450.03,3,0.0,0.0,0.0,0.0,0.0,6604381.0,0.0,0.0,0.0,0.0,0.0,0.0,6012168.0,0.0,0.0,5606802.0,0.0,0.0,0.0,0.0,0.0,0.0
2025-10-17,1099.03,18056803.0,18057902.03,3,0.0,0.0,0.0,0.0,0.0,6576850.0,0.0,0.0,0.0,0.0,0.0,0.0,5931180.0,0.0,0.0,5548773.0,0.0,0.0,0.0,0.0,0.0,0.0
2025-10-20,1099.03,18460481.0,18461580.03,3,0.0,0.0,0.0,0.0,0.0,6711446.0,0.0,0.0,0.0,0.0,0.0,0.0,6012168.0,0.0,0.0,5736867.0,0.0,0.0,0.0,0.0,0.0,0.0
2025-10-21,1099.03,18334594.0,18335693.03,3,0.0,0.0,0.0,0.0,0.0,6598263.0,0.0,0.0,0.0,0.0,0.0,0.0,5999464.0,0.0,0.0,5736867.0,0.0,0.0,0.0,0.0,0.0,0.0
2025-10-22,1099.03,18563617.0,18564716.03,3,0.0,0.0,0.0,0.0,0.0,6564614.0,0.0,0.0,0.0,0.0,0.0,0.0,5981996.0,0.0,0.0,6017007.0,0.0,0.0,0.0,0.0,0.0,0.0
2025-10-23,1099.03,18323632.0,18324731.03,3,0.0,0.0,0.0,0.0,0.0,6665561.0,0.0,0.0,0.0,0.0,0.0,0.0,5977232.0,0.0,0.0,5680839.0,0.0,0.0,0.0,0.0,0.0,0.0
2025-10-24,1099.03,18341937.0,18343036.03,3,0.0,0.0,0.0,0.0,0.0,6668620.0,0.0,0.0,0.0,0.0,0.0,0.0,5972468.0,0.0,0.0,5700849.0,0.0,0.0,0.0,0.0,0.0,0.0
2025-10-27,1099.03,18523795.0,18524894.03,3,0.0,0.0,0.0,0.0,0.0,6696151.0,0.0,0.0,0.0,0.0,0.0,0.0,6040752.0,0.0,0.0,5786892.0,0.0,0.0,0.0,0.0,0.0,0.0
2025-10-28,1099.03,18200921.0,18202020.03,3,0.0,0.0,0.0,0.0,0.0,6631912.0,0.0,0.0,0.0,0.0,0.0,0.0,6004228.0,0.0,0.0,5564781.0,0.0,0.0,0.0,0.0,0.0,0.0
2025-10-29,1099.03,18114484.0,18115583.03,3,0.0,0.0,0.0,0.0,0.0,6598263.0,0.0,0.0,0.0,0.0,0.0,0.0,5999464.0,0.0,0.0,5516757.0,0.0,0.0,0.0,0.0,0.0,0.0
2025-10-30,1099.03,18114924.0,18116023.03,3,0.0,0.0,0.0,0.0,0.0,6714505.0,0.0,0.0,0.0,0.0,0.0,0.0,5967704.0,0.0,0.0,5432715.0,0.0,0.0,0.0,0.0,0.0,0.0
2025-10-31,1099.03,17946290.0,17947389.03,3,0.0,0.0,0.0,0.0,0.0,6650266.0,0.0,0.0,0.0,0.0,0.0,0.0,5861308.0,0.0,0.0,5434716.0,0.0,0.0,0.0,0.0,0.0,0.0
2025-11-03,1099.03,18194370.0,18195469.03,3,0.0,0.0,0.0,0.0,0.0,6931694.0,0.0,0.0,0.0,0.0,0.0,0.0,5827960.0,0.0,0.0,5434716.0,0.0,0.0,0.0,0.0,0.0,0.0
2025-11-04,1099.03,18040701.0,18041800.03,3,0.0,0.0,0.0,0.0,0.0,6901104.0,0.0,0.0,0.0,0.0,0.0,0.0,5854956.0,0.0,0.0,5284641.0,0.0,0.0,0.0,0.0,0.0,0.0
2025-11-05,1099.03,18135807.0,18136906.03,3,0.0,0.0,0.0,0.0,0.0,7032641.0,0.0,0.0,0.0,0.0,0.0,0.0,5856544.0,0.0,0.0,5246622.0,0.0,0.0,0.0,0.0,0.0,0.0
2025-11-06,1099.03,18268013.0,18269112.03,3,0.0,0.0,0.0,0.0,0.0,7057113.0,0.0,0.0,0.0,0.0,0.0,0.0,5896244.0,0.0,0.0,5314656.0,0.0,0.0,0.0,0.0,0.0,0.0
2025-11-07,1099.03,18206974.0,18208073.03,3,0.0,0.0,0.0,0.0,0.0,7069349.0,0.0,0.0,0.0,0.0,0.0,0.0,5901008.0,0.0,0.0,5236617.0,0.0,0.0,0.0,0.0,0.0,0.0
2025-11-10,1099.03,18635036.0,18636135.03,3,0.0,0.0,0.0,0.0,0.0,7231476.0,0.0,0.0,0.0,0.0,0.0,0.0,6024872.0,0.0,0.0,5378688.0,0.0,0.0,0.0,0.0,0.0,0.0
2025-11-11,1099.03,18409343.0,18410442.03,3,0.0,0.0,0.0,0.0,0.0,7066290.0,0.0,0.0,0.0,0.0,0.0,0.0,6034400.0,0.0,0.0,5308653.0,0.0,0.0,0.0,0.0,0.0,0.0
2025-11-12,1099.03,18393517.0,18394616.03,3,0.0,0.0,0.0,0.0,0.0,7005110.0,0.0,0.0,0.0,0.0,0.0,0.0,6067748.0,0.0,0.0,5320659.0,0.0,0.0,0.0,0.0,0.0,0.0
2025-11-13,1099.03,18437295.0,18438394.03,3,0.0,0.0,0.0,0.0,0.0,7057113.0,0.0,0.0,0.0,0.0,0.0,0.0,6045516.0,0.0,0.0,5334666.0,0.0,0.0,0.0,0.0,0.0,0.0
2025-11-14,1099.03,18251121.0,18252220.03,3,0.0,0.0,0.0,0.0,0.0,6922517.0,0.0,0.0,0.0,0.0,0.0,0.0,5989936.0,0.0,0.0,5338668.0,0.0,0.0,0.0,0.0,0.0,0.0
2025-11-17,1099.03,18270884.0,18271983.03,3,0.0,0.0,0.0,0.0,0.0,7041818.0,0.0,0.0,0.0,0.0,0.0,0.0,5926416.0,0.0,0.0,5302650.0,0.0,0.0,0.0,0.0,0.0,0.0
2025-11-18,1099.03,18186973.0,18188072.03,3,0.0,0.0,0.0,0.0,0.0,6894986.0,0.0,0.0,0.0,0.0,0.0,0.0,5915300.0,0.0,0.0,5376687.0,0.0,0.0,0.0,0.0,0.0,0.0
2025-11-19,1099.03,18344665.0,18345764.03,3,0.0,0.0,0.0,0.0,0.0,6962284.0,0.0,0.0,0.0,0.0,0.0,0.0,5921652.0,0.0,0.0,5460729.0,0.0,0.0,0.0,0.0,0.0,0.0
2025-11-20,1099.03,18026800.0,18027899.03,3,0.0,0.0,0.0,0.0,0.0,6787921.0,0.0,0.0,0.0,0.0,0.0,0.0,5950236.0,0.0,0.0,5288643.0,0.0,0.0,0.0,0.0,0.0,0.0
2025-11-21,1099.03,17797964.0,17799063.03,3,0.0,0.0,0.0,0.0,0.0,6711446.0,0.0,0.0,0.0,0.0,0.0,0.0,5935944.0,0.0,0.0,5150574.0,0.0,0.0,0.0,0.0,0.0,0.0
2025-11-24,1099.03,17694727.0,17695826.03,3,0.0,0.0,0.0,0.0,0.0,6628853.0,0.0,0.0,0.0,0.0,0.0,0.0,5915300.0,0.0,0.0,5150574.0,0.0,0.0,0.0,0.0,0.0,0.0
2025-11-25,1099.03,17671769.0,17672868.03,3,0.0,0.0,0.0,0.0,0.0,6650266.0,0.0,0.0,0.0,0.0,0.0,0.0,5908948.0,0.0,0.0,5112555.0,0.0,0.0,0.0,0.0,0.0,0.0
2025-11-26,1099.03,17671655.0,17672754.03,3,0.0,0.0,0.0,0.0,0.0,6586027.0,0.0,0.0,0.0,0.0,0.0,0.0,5947060.0,0.0,0.0,5138568.0,0.0,0.0,0.0,0.0,0.0,0.0
2025-11-27,1099.03,17860853.0,17861952.03,3,0.0,0.0,0.0,0.0,0.0,6751213.0,0.0,0.0,0.0,0.0,0.0,0.0,5947060.0,0.0,0.0,5162580.0,0.0,0.0,0.0,0.0,0.0,0.0
2025-11-28,1099.03,17850598.0,17851697.03,3,0.0,0.0,0.0,0.0,0.0,6644148.0,0.0,0.0,0.0,0.0,0.0,0.0,5951824.0,0.0,0.0,5254626.0,0.0,0.0,0.0,0.0,0.0,0.0
2025-12-01,1099.03,18066337.0,18067436.03,3,0.0,0.0,0.0,0.0,0.0,6708387.0,0.0,0.0,0.0,0.0,0.0,0.0,6023284.0,0.0,0.0,5334666.0,0.0,0.0,0.0,0.0,0.0,0.0
2025-12-02,1099.03,18060868.0,18061967.03,3,0.0,0.0,0.0,0.0,0.0,6686974.0,0.0,0.0,0.0,0.0,0.0,0.0,6031224.0,0.0,0.0,5342670.0,0.0,0.0,0.0,0.0,0.0,0.0
2025-12-03,1099.03,17924010.0,17925109.03,3,0.0,0.0,0.0,0.0,0.0,6628853.0,0.0,0.0,0.0,0.0,0.0,0.0,6018520.0,0.0,0.0,5276637.0,0.0,0.0,0.0,0.0,0.0,0.0
2025-12-04,1099.03,17993321.0,17994420.03,3,0.0,0.0,0.0,0.0,0.0,6641089.0,0.0,0.0,0.0,0.0,0.0,0.0,6037576.0,0.0,0.0,5314656.0,0.0,0.0,0.0,0.0,0.0,0.0
2025-12-05,1099.03,18009989.0,18011088.03,3,0.0,0.0,0.0,0.0,0.0,6628853.0,0.0,0.0,0.0,0.0,0.0,0.0,6026460.0,0.0,0.0,5354676.0,0.0,0.0,0.0,0.0,0.0,0.0
2025-12-08,1099.03,17903114.0,17904213.03,3,0.0,0.0,0.0,0.0,0.0,6530965.0,0.0,0.0,0.0,0.0,0.0,0.0,5999464.0,0.0,0.0,5372685.0,0.0,0.0,0.0,0.0,0.0,0.0
2025-12-09,1099.03,17794247.0,17795346.03,3,0.0,0.0,0.0,0.0,0.0,6445313.0,0.0,0.0,0.0,0.0,0.0,0.0,5950236.0,0.0,0.0,5398698.0,0.0,0.0,0.0,0.0,0.0,0.0
2025-12-10,1099.03,17632766.0,17633865.03,3,0.0,0.0,0.0,0.0,0.0,6414723.0,0.0,0.0,0.0,0.0,0.0,0.0,5953412.0,0.0,0.0,5264631.0,0.0,0.0,0.0,0.0,0.0,0.0
2025-12-11,1099.03,17375215.0,17376314.03,3,0.0,0.0,0.0,0.0,0.0,6378015.0,0.0,0.0,0.0,0.0,0.0,0.0,5994700.0,0.0,0.0,5002500.0,0.0,0.0,0.0,0.0,0.0,0.0
2025-12-12,1099.03,17419039.0,17420138.03,3,0.0,0.0,0.0,0.0,0.0,6405546.0,0.0,0.0,0.0,0.0,0.0,0.0,6008992.0,0.0,0.0,5004501.0,0.0,0.0,0.0,0.0,0.0,0.0
2025-12-15,1099.03,17363804.0,17364903.03,3,0.0,0.0,0.0,0.0,0.0,6316835.0,0.0,0.0,0.0,0.0,0.0,0.0,6026460.0,0.0,0.0,5020509.0,0.0,0.0,0.0,0.0,0.0,0.0
2025-12-16,1099.03,17294940.0,17296039.03,3,0.0,0.0,0.0,0.0,0.0,6335189.0,0.0,0.0,0.0,0.0,0.0,0.0,6023284.0,0.0,0.0,4936467.0,0.0,0.0,0.0,0.0,0.0,0.0
2025-12-17,1099.03,17303658.0,17304757.03,3,0.0,0.0,0.0,0.0,0.0,6261773.0,0.0,0.0,0.0,0.0,0.0,0.0,6061396.0,0.0,0.0,4980489.0,0.0,0.0,0.0,0.0,0.0,0.0
2025-12-18,1099.03,17474535.0,17475634.03,3,0.0,0.0,0.0,0.0,0.0,6497316.0,0.0,0.0,0.0,0.0,0.0,0.0,6040752.0,0.0,0.0,4936467.0,0.0,0.0,0.0,0.0,0.0,0.0
2025-12-19,1099.03,17483866.0,17484965.03,3,0.0,0.0,0.0,0.0,0.0,6387192.0,0.0,0.0,0.0,0.0,0.0,0.0,6066160.0,0.0,0.0,5030514.0,0.0,0.0,0.0,0.0,0.0,0.0
2025-12-22,1099.03,17526829.0,17527928.03,3,0.0,0.0,0.0,0.0,0.0,6442254.0,0.0,0.0,0.0,0.0,0.0,0.0,6028048.0,0.0,0.0,5056527.0,0.0,0.0,0.0,0.0,0.0,0.0
2025-12-23,1099.03,17440926.0,17442025.03,3,0.0,0.0,0.0,0.0,0.0,6387192.0,0.0,0.0,0.0,0.0,0.0,0.0,6031224.0,0.0,0.0,5022510.0,0.0,0.0,0.0,0.0,0.0,0.0
2025-12-24,1099.03,17572956.0,17574055.03,3,0.0,0.0,0.0,0.0,0.0,6365779.0,0.0,0.0,0.0,0.0,0.0,0.0,6010580.0,0.0,0.0,5196597.0,0.0,0.0,0.0,0.0,0.0,0.0
2025-12-25,1099.03,17629688.0,17630787.03,3,0.0,0.0,0.0,0.0,0.0,6338248.0,0.0,0.0,0.0,0.0,0.0,0.0,6032812.0,0.0,0.0,5258628.0,0.0,0.0,0.0,0.0,0.0,0.0
2025-12-26,1099.03,17472101.0,17473200.03,3,0.0,0.0,0.0,0.0,0.0,6322953.0,0.0,0.0,0.0,0.0,0.0,0.0,6010580.0,0.0,0.0,5138568.0,0.0,0.0,0.0,0.0,0.0,0.0
2025-12-29,1099.03,17408295.0,17409394.03,3,0.0,0.0,0.0,0.0,0.0,6353543.0,0.0,0.0,0.0,0.0,0.0,0.0,6004228.0,0.0,0.0,5050524.0,0.0,0.0,0.0,0.0,0.0,0.0
2025-12-30,1099.03,17344591.0,17345690.03,3,0.0,0.0,0.0,0.0,0.0,6316835.0,0.0,0.0,0.0,0.0,0.0,0.0,5977232.0,0.0,0.0,5050524.0,0.0,0.0,0.0,0.0,0.0,0.0
2025-12-31,1099.03,17732434.0,17733533.03,3,0.0,0.0,0.0,0.0,0.0,6246478.0,0.0,0.0,0.0,0.0,0.0,0.0,5931180.0,0.0,0.0,5554776.0,0.0,0.0,0.0,0.0,0.0,0.0
2026-01-05,1925.67,17699996.0,17701921.67,3,0.0,0.0,0.0,0.0,0.0,5914776.0,0.0,0.0,0.0,0.0,0.0,0.0,5999225.0,0.0,0.0,5785995.0,0.0,0.0,0.0,0.0,0.0,0.0
2026-01-06,1925.67,17970668.0,17972593.67,3,0.0,0.0,0.0,0.0,0.0,6060432.0,0.0,0.0,0.0,0.0,0.0,0.0,6008735.0,0.0,0.0,5901501.0,0.0,0.0,0.0,0.0,0.0,0.0
2026-01-07,1925.67,18510497.0,18512422.67,3,0.0,0.0,0.0,0.0,0.0,6137544.0,0.0,0.0,0.0,0.0,0.0,0.0,5951675.0,0.0,0.0,6421278.0,0.0,0.0,0.0,0.0,0.0,0.0
2026-01-08,1925.67,18573257.0,18575182.67,3,0.0,0.0,0.0,0.0,0.0,6148968.0,0.0,0.0,0.0,0.0,0.0,0.0,5951675.0,0.0,0.0,6472614.0,0.0,0.0,0.0,0.0,0.0,0.0
2026-01-09,1925.67,18953253.0,18955178.67,3,0.0,0.0,0.0,0.0,0.0,6180384.0,0.0,0.0,0.0,0.0,0.0,0.0,5958015.0,0.0,0.0,6814854.0,0.0,0.0,0.0,0.0,0.0,0.0
2026-01-12,1925.67,18959039.0,18960964.67,3,0.0,0.0,0.0,0.0,0.0,6180384.0,0.0,0.0,0.0,0.0,0.0,0.0,5965940.0,0.0,0.0,6812715.0,0.0,0.0,0.0,0.0,0.0,0.0
2026-01-13,1925.67,18826216.0,18828141.67,3,0.0,0.0,0.0,0.0,0.0,6154680.0,0.0,0.0,0.0,0.0,0.0,0.0,5935825.0,0.0,0.0,6735711.0,0.0,0.0,0.0,0.0,0.0,0.0
2026-01-14,1925.67,18887008.0,18888933.67,3,0.0,0.0,0.0,0.0,0.0,6123264.0,0.0,0.0,0.0,0.0,0.0,0.0,5916805.0,0.0,0.0,6846939.0,0.0,0.0,0.0,0.0,0.0,0.0
2026-01-15,1925.67,18612039.0,18613964.67,3,0.0,0.0,0.0,0.0,0.0,6077568.0,0.0,0.0,0.0,0.0,0.0,0.0,5905710.0,0.0,0.0,6628761.0,0.0,0.0,0.0,0.0,0.0,0.0
2026-01-16,1925.67,18926859.0,18928784.67,3,0.0,0.0,0.0,0.0,0.0,6006168.0,0.0,0.0,0.0,0.0,0.0,0.0,5938995.0,0.0,0.0,6981696.0,0.0,0.0,0.0,0.0,0.0,0.0
2026-01-19,1925.67,18961631.0,18963556.67,3,0.0,0.0,0.0,0.0,0.0,5994744.0,0.0,0.0,0.0,0.0,0.0,0.0,5965940.0,0.0,0.0,7000947.0,0.0,0.0,0.0,0.0,0.0,0.0
2026-01-20,1925.67,19258619.0,19260544.67,3,0.0,0.0,0.0,0.0,0.0,6069000.0,0.0,0.0,0.0,0.0,0.0,0.0,6075305.0,0.0,0.0,7114314.0,0.0,0.0,0.0,0.0,0.0,0.0
2026-01-21,1925.67,19009884.0,19011809.67,3,0.0,0.0,0.0,0.0,0.0,5877648.0,0.0,0.0,0.0,0.0,0.0,0.0,6000810.0,0.0,0.0,7131426.0,0.0,0.0,0.0,0.0,0.0,0.0
2026-01-22,1925.67,18860710.0,18862635.67,3,0.0,0.0,0.0,0.0,0.0,5989032.0,0.0,0.0,0.0,0.0,0.0,0.0,6011905.0,0.0,0.0,6859773.0,0.0,0.0,0.0,0.0,0.0,0.0
2026-01-23,1925.67,18798552.0,18800477.67,3,0.0,0.0,0.0,0.0,0.0,5857656.0,0.0,0.0,0.0,0.0,0.0,0.0,5948505.0,0.0,0.0,6992391.0,0.0,0.0,0.0,0.0,0.0,0.0
2026-01-26,1925.67,18625787.0,18627712.67,3,0.0,0.0,0.0,0.0,0.0,5997600.0,0.0,0.0,0.0,0.0,0.0,0.0,5894615.0,0.0,0.0,6733572.0,0.0,0.0,0.0,0.0,0.0,0.0
2026-01-27,1925.67,18303041.0,18304966.67,3,0.0,0.0,0.0,0.0,0.0,5837664.0,0.0,0.0,0.0,0.0,0.0,0.0,5870840.0,0.0,0.0,6594537.0,0.0,0.0,0.0,0.0,0.0,0.0
2026-01-28,1925.67,18248872.0,18250797.67,3,0.0,0.0,0.0,0.0,0.0,5986176.0,0.0,0.0,0.0,0.0,0.0,0.0,5783665.0,0.0,0.0,6479031.0,0.0,0.0,0.0,0.0,0.0,0.0
2026-01-29,1925.67,18293627.0,18295552.67,3,0.0,0.0,0.0,0.0,0.0,6074712.0,0.0,0.0,0.0,0.0,0.0,0.0,5866085.0,0.0,0.0,6352830.0,0.0,0.0,0.0,0.0,0.0,0.0
2026-01-30,1925.67,18474906.0,18476831.67,3,0.0,0.0,0.0,0.0,0.0,6094704.0,0.0,0.0,0.0,0.0,0.0,0.0,5839140.0,0.0,0.0,6541062.0,0.0,0.0,0.0,0.0,0.0,0.0
2026-02-02,1925.67,17704104.0,17706029.67,3,0.0,0.0,0.0,0.0,0.0,5726280.0,0.0,0.0,0.0,0.0,0.0,0.0,5815365.0,0.0,0.0,6162459.0,0.0,0.0,0.0,0.0,0.0,0.0
2026-02-03,1925.67,17759676.0,17761601.67,3,0.0,0.0,0.0,0.0,0.0,5703432.0,0.0,0.0,0.0,0.0,0.0,0.0,5786835.0,0.0,0.0,6269409.0,0.0,0.0,0.0,0.0,0.0,0.0
2026-02-04,1925.67,18366533.0,18368458.67,3,0.0,0.0,0.0,0.0,0.0,6203232.0,0.0,0.0,0.0,0.0,0.0,0.0,5866085.0,0.0,0.0,6297216.0,0.0,0.0,0.0,0.0,0.0,0.0
2026-02-05,1925.67,18176550.0,18178475.67,3,0.0,0.0,0.0,0.0,0.0,6026160.0,0.0,0.0,0.0,0.0,0.0,0.0,5872425.0,0.0,0.0,6277965.0,0.0,0.0,0.0,0.0,0.0,0.0
2026-02-06,1925.67,18106994.0,18108919.67,3,0.0,0.0,0.0,0.0,0.0,6040440.0,0.0,0.0,0.0,0.0,0.0,0.0,5818535.0,0.0,0.0,6248019.0,0.0,0.0,0.0,0.0,0.0,0.0
2026-02-09,1925.67,18317635.0,18319560.67,3,0.0,0.0,0.0,0.0,0.0,6200376.0,0.0,0.0,0.0,0.0,0.0,0.0,5826460.0,0.0,0.0,6290799.0,0.0,0.0,0.0,0.0,0.0,0.0
2026-02-10,1925.67,18401772.0,18403697.67,3,0.0,0.0,0.0,0.0,0.0,6308904.0,0.0,0.0,0.0,0.0,0.0,0.0,5853405.0,0.0,0.0,6239463.0,0.0,0.0,0.0,0.0,0.0,0.0
2026-02-11,1925.67,18475604.0,18477529.67,3,0.0,0.0,0.0,0.0,0.0,6366024.0,0.0,0.0,0.0,0.0,0.0,0.0,5842310.0,0.0,0.0,6267270.0,0.0,0.0,0.0,0.0,0.0,0.0
2026-02-12,1925.67,18535366.0,18537291.67,3,0.0,0.0,0.0,0.0,0.0,6397440.0,0.0,0.0,0.0,0.0,0.0,0.0,5797930.0,0.0,0.0,6339996.0,0.0,0.0,0.0,0.0,0.0,0.0
2026-02-13,1925.67,18507082.0,18509007.67,3,0.0,0.0,0.0,0.0,0.0,6228936.0,0.0,0.0,0.0,0.0,0.0,0.0,5788420.0,0.0,0.0,6489726.0,0.0,0.0,0.0,0.0,0.0,0.0
2026-02-24,1925.67,18366421.0,18368346.67,3,0.0,0.0,0.0,0.0,0.0,6423144.0,0.0,0.0,0.0,0.0,0.0,0.0,5797930.0,0.0,0.0,6145347.0,0.0,0.0,0.0,0.0,0.0,0.0
2026-02-25,1925.67,18348757.0,18350682.67,3,0.0,0.0,0.0,0.0,0.0,6366024.0,0.0,0.0,0.0,0.0,0.0,0.0,5807440.0,0.0,0.0,6175293.0,0.0,0.0,0.0,0.0,0.0,0.0
2026-02-26,1925.67,18266615.0,18268540.67,3,0.0,0.0,0.0,0.0,0.0,6351744.0,0.0,0.0,0.0,0.0,0.0,0.0,5671130.0,0.0,0.0,6243741.0,0.0,0.0,0.0,0.0,0.0,0.0
2026-02-27,1925.67,18396637.0,18398562.67,3,0.0,0.0,0.0,0.0,0.0,6483120.0,0.0,0.0,0.0,0.0,0.0,0.0,5650525.0,0.0,0.0,6262992.0,0.0,0.0,0.0,0.0,0.0,0.0
2026-03-02,1925.67,18777556.0,18779481.67,3,0.0,0.0,0.0,0.0,0.0,6788712.0,0.0,0.0,0.0,0.0,0.0,0.0,5612485.0,0.0,0.0,6376359.0,0.0,0.0,0.0,0.0,0.0,0.0
2026-03-03,1925.67,18704850.0,18706775.67,3,0.0,0.0,0.0,0.0,0.0,6920088.0,0.0,0.0,0.0,0.0,0.0,0.0,5596635.0,0.0,0.0,6188127.0,0.0,0.0,0.0,0.0,0.0,0.0
2026-03-04,1925.67,18672584.0,18674509.67,3,0.0,0.0,0.0,0.0,0.0,6911520.0,0.0,0.0,0.0,0.0,0.0,0.0,5566520.0,0.0,0.0,6194544.0,0.0,0.0,0.0,0.0,0.0,0.0
2026-03-05,1925.67,18655531.0,18657456.67,3,0.0,0.0,0.0,0.0,0.0,6891528.0,0.0,0.0,0.0,0.0,0.0,0.0,5588710.0,0.0,0.0,6175293.0,0.0,0.0,0.0,0.0,0.0,0.0
2026-03-06,1925.67,18923942.0,18925867.67,3,0.0,0.0,0.0,0.0,0.0,6825840.0,0.0,0.0,0.0,0.0,0.0,0.0,5642600.0,0.0,0.0,6455502.0,0.0,0.0,0.0,0.0,0.0,0.0
2026-03-09,1925.67,18791104.0,18793029.67,3,0.0,0.0,0.0,0.0,0.0,6954360.0,0.0,0.0,0.0,0.0,0.0,0.0,5631505.0,0.0,0.0,6205239.0,0.0,0.0,0.0,0.0,0.0,0.0
2026-03-10,1925.67,18959737.0,18961662.67,3,0.0,0.0,0.0,0.0,0.0,6860112.0,0.0,0.0,0.0,0.0,0.0,0.0,5693320.0,0.0,0.0,6406305.0,0.0,0.0,0.0,0.0,0.0,0.0
2026-03-11,1925.67,19018576.0,19020501.67,3,0.0,0.0,0.0,0.0,0.0,6954360.0,0.0,0.0,0.0,0.0,0.0,0.0,5702830.0,0.0,0.0,6361386.0,0.0,0.0,0.0,0.0,0.0,0.0
2026-03-12,1925.67,19498050.0,19499975.67,3,0.0,0.0,0.0,0.0,0.0,7305648.0,0.0,0.0,0.0,0.0,0.0,0.0,5715510.0,0.0,0.0,6476892.0,0.0,0.0,0.0,0.0,0.0,0.0
2026-03-13,1925.67,19321880.0,19323805.67,3,0.0,0.0,0.0,0.0,0.0,7179984.0,0.0,0.0,0.0,0.0,0.0,0.0,5823290.0,0.0,0.0,6318606.0,0.0,0.0,0.0,0.0,0.0,0.0
2026-03-16,1925.67,19226770.0,19228695.67,3,0.0,0.0,0.0,0.0,0.0,7085736.0,0.0,0.0,0.0,0.0,0.0,0.0,5850235.0,0.0,0.0,6290799.0,0.0,0.0,0.0,0.0,0.0,0.0
2026-03-17,1925.67,19271954.0,19273879.67,3,0.0,0.0,0.0,0.0,0.0,6985776.0,0.0,0.0,0.0,0.0,0.0,0.0,5875595.0,0.0,0.0,6410583.0,0.0,0.0,0.0,0.0,0.0,0.0
2026-03-18,1925.67,19447071.0,19448996.67,3,0.0,0.0,0.0,0.0,0.0,7008624.0,0.0,0.0,0.0,0.0,0.0,0.0,5886690.0,0.0,0.0,6551757.0,0.0,0.0,0.0,0.0,0.0,0.0
2026-03-19,1925.67,19745069.0,19746994.67,3,0.0,0.0,0.0,0.0,0.0,7282800.0,0.0,0.0,0.0,0.0,0.0,0.0,5818535.0,0.0,0.0,6643734.0,0.0,0.0,0.0,0.0,0.0,0.0
2026-03-20,1925.67,19556789.0,19558714.67,3,0.0,0.0,0.0,0.0,0.0,7431312.0,0.0,0.0,0.0,0.0,0.0,0.0,5766230.0,0.0,0.0,6359247.0,0.0,0.0,0.0,0.0,0.0,0.0
2026-03-23,1925.67,18976284.0,18978209.67,3,0.0,0.0,0.0,0.0,0.0,7448448.0,0.0,0.0,0.0,0.0,0.0,0.0,5572860.0,0.0,0.0,5954976.0,0.0,0.0,0.0,0.0,0.0,0.0
2026-03-24,1925.67,18978915.0,18980840.67,3,0.0,0.0,0.0,0.0,0.0,7265664.0,0.0,0.0,0.0,0.0,0.0,0.0,5672715.0,0.0,0.0,6040536.0,0.0,0.0,0.0,0.0,0.0,0.0
2026-03-25,1925.67,18914703.0,18916628.67,3,0.0,0.0,0.0,0.0,0.0,7045752.0,0.0,0.0,0.0,0.0,0.0,0.0,5753550.0,0.0,0.0,6115401.0,0.0,0.0,0.0,0.0,0.0,0.0
2026-03-26,1925.67,18999015.0,19000940.67,3,0.0,0.0,0.0,0.0,0.0,7179984.0,0.0,0.0,0.0,0.0,0.0,0.0,5725020.0,0.0,0.0,6094011.0,0.0,0.0,0.0,0.0,0.0,0.0
2026-03-27,1925.67,19038654.0,19040579.67,3,0.0,0.0,0.0,0.0,0.0,7145712.0,0.0,0.0,0.0,0.0,0.0,0.0,5715510.0,0.0,0.0,6177432.0,0.0,0.0,0.0,0.0,0.0,0.0
2026-03-30,1925.67,19157135.0,19159060.67,3,0.0,0.0,0.0,0.0,0.0,7185696.0,0.0,0.0,0.0,0.0,0.0,0.0,5680640.0,0.0,0.0,6290799.0,0.0,0.0,0.0,0.0,0.0,0.0
2026-03-31,1925.67,18894183.0,18896108.67,3,0.0,0.0,0.0,0.0,0.0,7000056.0,0.0,0.0,0.0,0.0,0.0,0.0,5706000.0,0.0,0.0,6188127.0,0.0,0.0,0.0,0.0,0.0,0.0
2026-04-01,1554.32,18995859.0,18997413.32,3,0.0,0.0,6310128.0,0.0,0.0,0.0,0.0,0.0,0.0,0.0,0.0,0.0,6304298.0,0.0,0.0,6381433.0,0.0,0.0,0.0,0.0,0.0,0.0
2026-04-02,1554.32,18934448.0,18936002.32,3,0.0,0.0,6300360.0,0.0,0.0,0.0,0.0,0.0,0.0,0.0,0.0,0.0,6276426.0,0.0,0.0,6357662.0,0.0,0.0,0.0,0.0,0.0,0.0
2026-04-03,1554.32,18695901.0,18697455.32,3,0.0,0.0,6243380.0,0.0,0.0,0.0,0.0,0.0,0.0,0.0,0.0,0.0,6213714.0,0.0,0.0,6238807.0,0.0,0.0,0.0,0.0,0.0,0.0
2026-04-07,1554.32,18617198.0,18618752.32,3,0.0,0.0,6178260.0,0.0,0.0,0.0,0.0,0.0,0.0,0.0,0.0,0.0,6189326.0,0.0,0.0,6249612.0,0.0,0.0,0.0,0.0,0.0,0.0
2026-04-08,1554.32,19207647.0,19209201.32,3,0.0,0.0,6277568.0,0.0,0.0,0.0,0.0,0.0,0.0,0.0,0.0,0.0,6267716.0,0.0,0.0,6662363.0,0.0,0.0,0.0,0.0,0.0,0.0
2026-04-09,1554.32,18856596.0,18858150.32,3,0.0,0.0,6220588.0,0.0,0.0,0.0,0.0,0.0,0.0,0.0,0.0,0.0,6187584.0,0.0,0.0,6448424.0,0.0,0.0,0.0,0.0,0.0,0.0
2026-04-10,1554.32,18736874.0,18738428.32,3,0.0,0.0,6214076.0,0.0,0.0,0.0,0.0,0.0,0.0,0.0,0.0,0.0,6191068.0,0.0,0.0,6331730.0,0.0,0.0,0.0,0.0,0.0,0.0
2026-04-13,1554.32,18663333.0,18664887.32,3,0.0,0.0,6176632.0,0.0,0.0,0.0,0.0,0.0,0.0,0.0,0.0,0.0,6161454.0,0.0,0.0,6325247.0,0.0,0.0,0.0,0.0,0.0,0.0
2026-04-14,1554.32,18993909.0,18995463.32,3,0.0,0.0,6201052.0,0.0,0.0,0.0,0.0,0.0,0.0,0.0,0.0,0.0,6182358.0,0.0,0.0,6610499.0,0.0,0.0,0.0,0.0,0.0,0.0
2026-04-15,1554.32,19066438.0,19067992.32,3,0.0,0.0,6323152.0,0.0,0.0,0.0,0.0,0.0,0.0,0.0,0.0,0.0,6199778.0,0.0,0.0,6543508.0,0.0,0.0,0.0,0.0,0.0,0.0
2026-04-16,1554.32,19107736.0,19109290.32,3,0.0,0.0,6324780.0,0.0,0.0,0.0,0.0,0.0,0.0,0.0,0.0,0.0,6187584.0,0.0,0.0,6595372.0,0.0,0.0,0.0,0.0,0.0,0.0
2026-04-17,1554.32,19082147.0,19083701.32,3,0.0,0.0,6262916.0,0.0,0.0,0.0,0.0,0.0,0.0,0.0,0.0,0.0,6126614.0,0.0,0.0,6692617.0,0.0,0.0,0.0,0.0,0.0,0.0
2026-04-20,1554.32,19096859.0,19098413.32,3,0.0,0.0,6318268.0,0.0,0.0,0.0,0.0,0.0,0.0,0.0,0.0,0.0,6124872.0,0.0,0.0,6653719.0,0.0,0.0,0.0,0.0,0.0,0.0
2026-04-21,1554.32,19389851.0,19391405.32,3,0.0,0.0,6318268.0,0.0,0.0,0.0,0.0,0.0,0.0,0.0,0.0,0.0,6119646.0,0.0,0.0,6951937.0,0.0,0.0,0.0,0.0,0.0,0.0
2026-04-22,1554.32,19423616.0,19425170.32,3,0.0,0.0,6297104.0,0.0,0.0,0.0,0.0,0.0,0.0,0.0,0.0,0.0,6124872.0,0.0,0.0,7001640.0,0.0,0.0,0.0,0.0,0.0,0.0
2026-04-23,1554.32,19375827.0,19377381.32,3,0.0,0.0,6308500.0,0.0,0.0,0.0,0.0,0.0,0.0,0.0,0.0,0.0,6128356.0,0.0,0.0,6938971.0,0.0,0.0,0.0,0.0,0.0,0.0
2026-04-24,1554.32,19141252.0,19142806.32,3,0.0,0.0,6240124.0,0.0,0.0,0.0,0.0,0.0,0.0,0.0,0.0,0.0,6154486.0,0.0,0.0,6746642.0,0.0,0.0,0.0,0.0,0.0,0.0
2026-04-27,1554.32,19663419.0,19664973.32,3,0.0,0.0,6240124.0,0.0,0.0,0.0,0.0,0.0,0.0,0.0,0.0,0.0,6220682.0,0.0,0.0,7202613.0,0.0,0.0,0.0,0.0,0.0,0.0
2026-04-28,1554.32,19789862.0,19791416.32,3,0.0,0.0,6275940.0,0.0,0.0,0.0,0.0,0.0,0.0,0.0,0.0,0.0,6373978.0,0.0,0.0,7139944.0,0.0,0.0,0.0,0.0,0.0,0.0
2026-04-29,1554.32,20287360.0,20288914.32,3,0.0,0.0,6100116.0,0.0,0.0,0.0,0.0,0.0,0.0,0.0,0.0,0.0,6710184.0,0.0,0.0,7477060.0,0.0,0.0,0.0,0.0,0.0,0.0
2026-04-30,1554.32,20538429.0,20539983.32,3,0.0,0.0,6064300.0,0.0,0.0,0.0,0.0,0.0,0.0,0.0,0.0,0.0,6640504.0,0.0,0.0,7833625.0,0.0,0.0,0.0,0.0,0.0,0.0
2026-05-06,1554.32,21264866.0,21266420.32,3,0.0,0.0,6021972.0,0.0,0.0,0.0,0.0,0.0,0.0,0.0,0.0,0.0,6624826.0,0.0,0.0,8618068.0,0.0,0.0,0.0,0.0,0.0,0.0
2026-05-07,1554.32,21285172.0,21286726.32,3,0.0,0.0,6013832.0,0.0,0.0,0.0,0.0,0.0,0.0,0.0,0.0,0.0,6614374.0,0.0,0.0,8656966.0,0.0,0.0,0.0,0.0,0.0,0.0
2026-05-08,1554.32,21137919.0,21139473.32,3,0.0,0.0,6012204.0,0.0,0.0,0.0,0.0,0.0,0.0,0.0,0.0,0.0,6617858.0,0.0,0.0,8507857.0,0.0,0.0,0.0,0.0,0.0,0.0
2026-05-11,1554.32,21615884.0,21617438.32,3,0.0,0.0,6017088.0,0.0,0.0,0.0,0.0,0.0,0.0,0.0,0.0,0.0,6708442.0,0.0,0.0,8890354.0,0.0,0.0,0.0,0.0,0.0,0.0
2026-05-12,1554.32,21671766.0,21673320.32,3,0.0,0.0,6005692.0,0.0,0.0,0.0,0.0,0.0,0.0,0.0,0.0,0.0,6689280.0,0.0,0.0,8976794.0,0.0,0.0,0.0,0.0,0.0,0.0
2026-05-13,1554.32,22558357.0,22559911.32,3,0.0,0.0,6002436.0,0.0,0.0,0.0,0.0,0.0,0.0,0.0,0.0,0.0,6682312.0,0.0,0.0,9873609.0,0.0,0.0,0.0,0.0,0.0,0.0
2026-05-14,1554.32,22536928.0,22538482.32,3,0.0,0.0,5991040.0,0.0,0.0,0.0,0.0,0.0,0.0,0.0,0.0,0.0,6670118.0,0.0,0.0,9875770.0,0.0,0.0,0.0,0.0,0.0,0.0
2026-05-15,1554.32,22406685.0,22408239.32,3,0.0,0.0,5966620.0,0.0,0.0,0.0,0.0,0.0,0.0,0.0,0.0,0.0,6678828.0,0.0,0.0,9761237.0,0.0,0.0,0.0,0.0,0.0,0.0
2026-05-18,1554.32,23257924.0,23259478.32,3,0.0,0.0,5937316.0,0.0,0.0,0.0,0.0,0.0,0.0,0.0,0.0,0.0,6584760.0,0.0,0.0,10735848.0,0.0,0.0,0.0,0.0,0.0,0.0
2026-05-19,1554.32,22571117.0,22572671.32,3,0.0,0.0,5921036.0,0.0,0.0,0.0,0.0,0.0,0.0,0.0,0.0,0.0,6560372.0,0.0,0.0,10089709.0,0.0,0.0,0.0,0.0,0.0,0.0
2026-05-20,1554.32,22676262.0,22677816.32,3,0.0,0.0,5890104.0,0.0,0.0,0.0,0.0,0.0,0.0,0.0,0.0,0.0,6551662.0,0.0,0.0,10234496.0,0.0,0.0,0.0,0.0,0.0,0.0
2026-05-21,1554.32,21542849.0,21544403.32,3,0.0,0.0,5886848.0,0.0,0.0,0.0,0.0,0.0,0.0,0.0,0.0,0.0,6443658.0,0.0,0.0,9212343.0,0.0,0.0,0.0,0.0,0.0,0.0
2026-05-22,1554.32,21632183.0,21633737.32,3,0.0,0.0,5865684.0,0.0,0.0,0.0,0.0,0.0,0.0,0.0,0.0,0.0,6424496.0,0.0,0.0,9342003.0,0.0,0.0,0.0,0.0,0.0,0.0
2026-05-25,1554.32,21634040.0,21635594.32,3,0.0,0.0,5854288.0,0.0,0.0,0.0,0.0,0.0,0.0,0.0,0.0,0.0,6405334.0,0.0,0.0,9374418.0,0.0,0.0,0.0,0.0,0.0,0.0
2026-05-26,1554.32,21519752.0,21521306.32,3,0.0,0.0,5862428.0,0.0,0.0,0.0,0.0,0.0,0.0,0.0,0.0,0.0,6447142.0,0.0,0.0,9210182.0,0.0,0.0,0.0,0.0,0.0,0.0
2026-05-27,1554.32,21437723.0,21439277.32,3,0.0,0.0,5862428.0,0.0,0.0,0.0,0.0,0.0,0.0,0.0,0.0,0.0,6401850.0,0.0,0.0,9173445.0,0.0,0.0,0.0,0.0,0.0,0.0
2026-05-28,1554.32,21287358.0,21288912.32,3,0.0,0.0,5881964.0,0.0,0.0,0.0,0.0,0.0,0.0,0.0,0.0,0.0,6281652.0,0.0,0.0,9123742.0,0.0,0.0,0.0,0.0,0.0,0.0
2026-05-29,1554.32,21435804.0,21437358.32,3,0.0,0.0,6023600.0,0.0,0.0,0.0,0.0,0.0,0.0,0.0,0.0,0.0,6495918.0,0.0,0.0,8916286.0,0.0,0.0,0.0,0.0,0.0,0.0
2026-06-01,1554.32,21282614.0,21284168.32,3,0.0,0.0,6052904.0,0.0,0.0,0.0,0.0,0.0,0.0,0.0,0.0,0.0,6481982.0,0.0,0.0,8747728.0,0.0,0.0,0.0,0.0,0.0,0.0
2026-06-02,1554.32,21484664.0,21486218.32,3,0.0,0.0,6148956.0,0.0,0.0,0.0,0.0,0.0,0.0,0.0,0.0,0.0,6553404.0,0.0,0.0,8782304.0,0.0,0.0,0.0,0.0,0.0,0.0
2026-06-03,1554.32,21449628.0,21451182.32,3,0.0,0.0,6100116.0,0.0,0.0,0.0,0.0,0.0,0.0,0.0,0.0,0.0,6549920.0,0.0,0.0,8799592.0,0.0,0.0,0.0,0.0,0.0,0.0
2026-06-04,1554.32,21328206.0,21329760.32,3,0.0,0.0,6038252.0,0.0,0.0,0.0,0.0,0.0,0.0,0.0,0.0,0.0,6447142.0,0.0,0.0,8842812.0,0.0,0.0,0.0,0.0,0.0,0.0
2026-06-05,1554.32,21143246.0,21144800.32,3,0.0,0.0,6113140.0,0.0,0.0,0.0,0.0,0.0,0.0,0.0,0.0,0.0,6377462.0,0.0,0.0,8652644.0,0.0,0.0,0.0,0.0,0.0,0.0
2026-06-08,1554.32,20733459.0,20735013.32,3,0.0,0.0,6100116.0,0.0,0.0,0.0,0.0,0.0,0.0,0.0,0.0,0.0,6319976.0,0.0,0.0,8313367.0,0.0,0.0,0.0,0.0,0.0,0.0
2026-06-09,1554.32,20743210.0,20744764.32,3,0.0,0.0,6098488.0,0.0,0.0,0.0,0.0,0.0,0.0,0.0,0.0,0.0,6281652.0,0.0,0.0,8363070.0,0.0,0.0,0.0,0.0,0.0,0.0
2026-06-10,1554.32,20990250.0,20991804.32,3,0.0,0.0,6163608.0,0.0,0.0,0.0,0.0,0.0,0.0,0.0,0.0,0.0,6333912.0,0.0,0.0,8492730.0,0.0,0.0,0.0,0.0,0.0,0.0
2026-06-11,1554.32,21241625.0,21243179.32,3,0.0,0.0,6137560.0,0.0,0.0,0.0,0.0,0.0,0.0,0.0,0.0,0.0,6384430.0,0.0,0.0,8719635.0,0.0,0.0,0.0,0.0,0.0,0.0
2026-06-12,1554.32,21463919.0,21465473.32,3,0.0,0.0,6233612.0,0.0,0.0,0.0,0.0,0.0,0.0,0.0,0.0,0.0,6389656.0,0.0,0.0,8840651.0,0.0,0.0,0.0,0.0,0.0,0.0
2026-06-15,1554.32,21517472.0,21519026.32,3,0.0,0.0,6171748.0,0.0,0.0,0.0,0.0,0.0,0.0,0.0,0.0,0.0,6278168.0,0.0,0.0,9067556.0,0.0,0.0,0.0,0.0,0.0,0.0
2026-06-16,1554.32,21328592.0,21330146.32,3,0.0,0.0,6111512.0,0.0,0.0,0.0,0.0,0.0,0.0,0.0,0.0,0.0,6184100.0,0.0,0.0,9032980.0,0.0,0.0,0.0,0.0,0.0,0.0
2026-06-17,1554.32,21598401.0,21599955.32,3,0.0,0.0,6057788.0,0.0,0.0,0.0,0.0,0.0,0.0,0.0,0.0,0.0,6159712.0,0.0,0.0,9380901.0,0.0,0.0,0.0,0.0,0.0,0.0
2026-06-18,1554.32,21756444.0,21757998.32,3,0.0,0.0,5904756.0,0.0,0.0,0.0,0.0,0.0,0.0,0.0,0.0,0.0,6088290.0,0.0,0.0,9763398.0,0.0,0.0,0.0,0.0,0.0,0.0
2026-06-22,1554.32,22006226.0,22007780.32,3,0.0,0.0,5966620.0,0.0,0.0,0.0,0.0,0.0,0.0,0.0,0.0,0.0,6133582.0,0.0,0.0,9906024.0,0.0,0.0,0.0,0.0,0.0,0.0
2026-06-23,1554.32,21850066.0,21851620.32,3,0.0,0.0,5925920.0,0.0,0.0,0.0,0.0,0.0,0.0,0.0,0.0,0.0,6182358.0,0.0,0.0,9741788.0,0.0,0.0,0.0,0.0,0.0,0.0
2026-06-24,1554.32,21907104.0,21908658.32,3,0.0,0.0,5824984.0,0.0,0.0,0.0,0.0,0.0,0.0,0.0,0.0,0.0,6154486.0,0.0,0.0,9927634.0,0.0,0.0,0.0,0.0,0.0,0.0
2026-06-25,1554.32,21684096.0,21685650.32,3,0.0,0.0,5741956.0,0.0,0.0,0.0,0.0,0.0,0.0,0.0,0.0,0.0,6161454.0,0.0,0.0,9780686.0,0.0,0.0,0.0,0.0,0.0,0.0
2026-06-26,1554.32,21822818.0,21824372.32,3,0.0,0.0,5704512.0,0.0,0.0,0.0,0.0,0.0,0.0,0.0,0.0,0.0,6138808.0,0.0,0.0,9979498.0,0.0,0.0,0.0,0.0,0.0,0.0
2026-06-29,1554.32,22570984.0,22572538.32,3,0.0,0.0,5771260.0,0.0,0.0,0.0,0.0,0.0,0.0,0.0,0.0,0.0,6288620.0,0.0,0.0,10511104.0,0.0,0.0,0.0,0.0,0.0,0.0
2026-06-30,1554.32,22331013.0,22332567.32,3,0.0,0.0,5624740.0,0.0,0.0,0.0,0.0,0.0,0.0,0.0,0.0,0.0,6218940.0,0.0,0.0,10487333.0,0.0,0.0,0.0,0.0,0.0,0.0
2026-07-01,2788.59,22336677.0,22339465.59,3,0.0,0.0,7433865.0,0.0,0.0,0.0,0.0,0.0,0.0,0.0,0.0,0.0,7395884.0,0.0,7506928.0,0.0,0.0,0.0,0.0,0.0,0.0,0.0
2026-07-02,2788.59,22630319.0,22633107.59,3,0.0,0.0,7578501.0,0.0,0.0,0.0,0.0,0.0,0.0,0.0,0.0,0.0,7501658.0,0.0,7550160.0,0.0,0.0,0.0,0.0,0.0,0.0,0.0
2026-07-03,2788.59,22789801.0,22792589.59,3,0.0,0.0,7625295.0,0.0,0.0,0.0,0.0,0.0,0.0,0.0,0.0,0.0,7568026.0,0.0,7596480.0,0.0,0.0,0.0,0.0,0.0,0.0,0.0
2026-07-06,2788.59,23252775.0,23255563.59,3,0.0,0.0,7812471.0,0.0,0.0,0.0,0.0,0.0,0.0,0.0,0.0,0.0,7698688.0,0.0,7741616.0,0.0,0.0,0.0,0.0,0.0,0.0,0.0
2026-07-07,2788.59,23096271.0,23099059.59,3,0.0,0.0,7774185.0,0.0,0.0,0.0,0.0,0.0,0.0,0.0,0.0,0.0,7580470.0,0.0,7741616.0,0.0,0.0,0.0,0.0,0.0,0.0,0.0
2026-07-08,2788.59,23252453.0,23255241.59,3,0.0,0.0,7855011.0,0.0,0.0,0.0,0.0,0.0,0.0,0.0,0.0,0.0,7609506.0,0.0,7787936.0,0.0,0.0,0.0,0.0,0.0,0.0,0.0
2026-07-09,2788.59,22997225.0,23000013.59,3,0.0,0.0,7774185.0,0.0,0.0,0.0,0.0,0.0,0.0,0.0,0.0,0.0,7549360.0,0.0,7673680.0,0.0,0.0,0.0,0.0,0.0,0.0,0.0
2026-07-10,2788.59,23078754.0,23081542.59,3,0.0,0.0,7844376.0,0.0,0.0,0.0,0.0,0.0,0.0,0.0,0.0,0.0,7551434.0,0.0,7682944.0,0.0,0.0,0.0,0.0,0.0,0.0,0.0
2026-07-13,2788.59,23295029.0,23297817.59,3,0.0,0.0,7923075.0,0.0,0.0,0.0,0.0,0.0,0.0,0.0,0.0,0.0,7642690.0,0.0,7729264.0,0.0,0.0,0.0,0.0,0.0,0.0,0.0
2026-07-14,2788.59,23450670.0,23453458.59,3,0.0,0.0,7908186.0,0.0,0.0,0.0,0.0,0.0,0.0,0.0,0.0,0.0,7736020.0,0.0,7806464.0,0.0,0.0,0.0,0.0,0.0,0.0,0.0
2026-07-15,2788.59,23901270.0,23904058.59,3,0.0,0.0,8031552.0,0.0,0.0,0.0,0.0,0.0,0.0,0.0,0.0,0.0,7862534.0,0.0,8007184.0,0.0,0.0,0.0,0.0,0.0,0.0,0.0
2026-07-16,2788.59,23913007.0,23915795.59,3,0.0,0.0,8012409.0,0.0,0.0,0.0,0.0,0.0,0.0,0.0,0.0,0.0,7862534.0,0.0,8038064.0,0.0,0.0,0.0,0.0,0.0,0.0,0.0
2026-07-17,2788.59,24037044.0,24039832.59,3,0.0,0.0,8086854.0,0.0,0.0,0.0,0.0,0.0,0.0,0.0,0.0,0.0,7887422.0,0.0,8062768.0,0.0,0.0,0.0,0.0,0.0,0.0,0.0
2026-07-20,2788.59,24625619.0,24628407.59,3,0.0,0.0,8276157.0,0.0,0.0,0.0,0.0,0.0,0.0,0.0,0.0,0.0,8011862.0,0.0,8337600.0,0.0,0.0,0.0,0.0,0.0,0.0,0.0
2026-07-21,2788.59,24453625.0,24456413.59,3,0.0,0.0,8080473.0,0.0,0.0,0.0,0.0,0.0,0.0,0.0,0.0,0.0,8013936.0,0.0,8359216.0,0.0,0.0,0.0,0.0,0.0,0.0,0.0
2026-07-22,2788.59,24754347.0,24757135.59,3,0.0,0.0,8233617.0,0.0,0.0,0.0,0.0,0.0,0.0,0.0,0.0,0.0,8065786.0,0.0,8454944.0,0.0,0.0,0.0,0.0,0.0,0.0,0.0
2026-07-23,2788.59,24694569.0,24697357.59,3,0.0,0.0,8276157.0,0.0,0.0,0.0,0.0,0.0,0.0,0.0,0.0,0.0,8009788.0,0.0,8408624.0,0.0,0.0,0.0,0.0,0.0,0.0,0.0
2026-07-24,2788.59,24674766.0,24677554.59,3,0.0,0.0,8337840.0,0.0,0.0,0.0,0.0,0.0,0.0,0.0,0.0,0.0,7986974.0,0.0,8349952.0,0.0,0.0,0.0,0.0,0.0,0.0,0.0
2026-07-27,2788.59,24317158.0,24319946.59,3,0.0,0.0,8295300.0,0.0,0.0,0.0,0.0,0.0,0.0,0.0,0.0,0.0,7974530.0,0.0,8047328.0,0.0,0.0,0.0,0.0,0.0,0.0,0.0
2026-07-28,2788.59,24684113.0,24686901.59,3,0.0,0.0,8420793.0,0.0,0.0,0.0,0.0,0.0,0.0,0.0,0.0,0.0,8055416.0,0.0,8207904.0,0.0,0.0,0.0,0.0,0.0,0.0,0.0
2026-07-29,2788.59,25092420.0,25095208.59,3,0.0,0.0,8435682.0,0.0,0.0,0.0,0.0,0.0,0.0,0.0,0.0,0.0,8223410.0,0.0,8433328.0,0.0,0.0,0.0,0.0,0.0,0.0,0.0
2026-07-30,2788.59,25560839.0,25563627.59,3,0.0,0.0,8624985.0,0.0,0.0,0.0,0.0,0.0,0.0,0.0,0.0,0.0,8385182.0,0.0,8550672.0,0.0,0.0,0.0,0.0,0.0,0.0,0.0
2026-07-31,2788.59,25147652.0,25150440.59,3,0.0,0.0,8427174.0,0.0,0.0,0.0,0.0,0.0,0.0,0.0,0.0,0.0,8351998.0,0.0,8368480.0,0.0,0.0,0.0,0.0,0.0,0.0,0.0
2026-08-03,2788.59,25045754.0,25048542.59,3,0.0,0.0,8584572.0,0.0,0.0,0.0,0.0,0.0,0.0,0.0,0.0,0.0,8086526.0,0.0,8374656.0,0.0,0.0,0.0,0.0,0.0,0.0,0.0
2026-08-04,2788.59,24497330.0,24500118.59,3,0.0,0.0,8354856.0,0.0,0.0,0.0,0.0,0.0,0.0,0.0,0.0,0.0,7999418.0,0.0,8143056.0,0.0,0.0,0.0,0.0,0.0,0.0,0.0
2026-08-05,2788.59,24375236.0,24378024.59,3,0.0,0.0,8282538.0,0.0,0.0,0.0,0.0,0.0,0.0,0.0,0.0,0.0,7949642.0,0.0,8143056.0,0.0,0.0,0.0,0.0,0.0,0.0,0.0
2026-08-06,2788.59,24362029.0,24364817.59,3,0.0,0.0,8288919.0,0.0,0.0,0.0,0.0,0.0,0.0,0.0,0.0,0.0,7945494.0,0.0,8127616.0,0.0,0.0,0.0,0.0,0.0,0.0,0.0
2026-08-07,2788.59,24262866.0,24265654.59,3,0.0,0.0,8252760.0,0.0,0.0,0.0,0.0,0.0,0.0,0.0,0.0,0.0,7916458.0,0.0,8093648.0,0.0,0.0,0.0,0.0,0.0,0.0,0.0
2026-08-10,2788.59,24413699.0,24416487.59,3,0.0,0.0,8276157.0,0.0,0.0,0.0,0.0,0.0,0.0,0.0,0.0,0.0,8028454.0,0.0,8109088.0,0.0,0.0,0.0,0.0,0.0,0.0,0.0
2026-08-11,2788.59,24347911.0,24350699.59,3,0.0,0.0,8284665.0,0.0,0.0,0.0,0.0,0.0,0.0,0.0,0.0,0.0,8003566.0,0.0,8059680.0,0.0,0.0,0.0,0.0,0.0,0.0,0.0
2026-08-12,2788.59,24173844.0,24176632.59,3,0.0,0.0,8231490.0,0.0,0.0,0.0,0.0,0.0,0.0,0.0,0.0,0.0,7941346.0,0.0,8001008.0,0.0,0.0,0.0,0.0,0.0,0.0,0.0
2026-08-13,2788.59,24184631.0,24187419.59,3,0.0,0.0,8246379.0,0.0,0.0,0.0,0.0,0.0,0.0,0.0,0.0,0.0,7943420.0,0.0,7994832.0,0.0,0.0,0.0,0.0,0.0,0.0,0.0
2026-08-14,2788.59,23934982.0,23937770.59,3,0.0,0.0,8180442.0,0.0,0.0,0.0,0.0,0.0,0.0,0.0,0.0,0.0,7877052.0,0.0,7877488.0,0.0,0.0,0.0,0.0,0.0,0.0,0.0
2026-08-17,2788.59,23791142.0,23793930.59,3,0.0,0.0,8125140.0,0.0,0.0,0.0,0.0,0.0,0.0,0.0,0.0,0.0,7874978.0,0.0,7791024.0,0.0,0.0,0.0,0.0,0.0,0.0,0.0
2026-08-18,2788.59,23818765.0,23821553.59,3,0.0,0.0,8144283.0,0.0,0.0,0.0,0.0,0.0,0.0,0.0,0.0,0.0,7908162.0,0.0,7766320.0,0.0,0.0,0.0,0.0,0.0,0.0,0.0
2026-08-19,2788.59,24275271.0,24278059.59,3,0.0,0.0,8327205.0,0.0,0.0,0.0,0.0,0.0,0.0,0.0,0.0,0.0,8157042.0,0.0,7791024.0,0.0,0.0,0.0,0.0,0.0,0.0,0.0
2026-08-20,2788.59,24323880.0,24326668.59,3,0.0,0.0,8265522.0,0.0,0.0,0.0,0.0,0.0,0.0,0.0,0.0,0.0,8177782.0,0.0,7880576.0,0.0,0.0,0.0,0.0,0.0,0.0,0.0
2026-08-21,2788.59,24260074.0,24262862.59,3,0.0,0.0,8274030.0,0.0,0.0,0.0,0.0,0.0,0.0,0.0,0.0,0.0,8142524.0,0.0,7843520.0,0.0,0.0,0.0,0.0,0.0,0.0,0.0
2026-08-24,2788.59,24582062.0,24584850.59,3,0.0,0.0,8418666.0,0.0,0.0,0.0,0.0,0.0,0.0,0.0,0.0,0.0,8184004.0,0.0,7979392.0,0.0,0.0,0.0,0.0,0.0,0.0,0.0
2026-08-25,2788.59,24616758.0,24619546.59,3,0.0,0.0,8401650.0,0.0,0.0,0.0,0.0,0.0,0.0,0.0,0.0,0.0,8217188.0,0.0,7997920.0,0.0,0.0,0.0,0.0,0.0,0.0,0.0
2026-08-26,2788.59,24734032.0,24736820.59,3,0.0,0.0,8465460.0,0.0,0.0,0.0,0.0,0.0,0.0,0.0,0.0,0.0,8208892.0,0.0,8059680.0,0.0,0.0,0.0,0.0,0.0,0.0,0.0
2026-08-27,2788.59,24731024.0,24733812.59,3,0.0,0.0,8418666.0,0.0,0.0,0.0,0.0,0.0,0.0,0.0,0.0,0.0,8144598.0,0.0,8167760.0,0.0,0.0,0.0,0.0,0.0,0.0,0.0
2026-08-28,2788.59,24752713.0,24755501.59,3,0.0,0.0,8369745.0,0.0,0.0,0.0,0.0,0.0,0.0,0.0,0.0,0.0,8088600.0,0.0,8294368.0,0.0,0.0,0.0,0.0,0.0,0.0,0.0
2026-08-31,2788.59,24794954.0,24797742.59,3,0.0,0.0,8533524.0,0.0,0.0,0.0,0.0,0.0,0.0,0.0,0.0,0.0,8078230.0,0.0,8183200.0,0.0,0.0,0.0,0.0,0.0,0.0,0.0
2026-09-01,2788.59,24869392.0,24872180.59,3,0.0,0.0,8690922.0,0.0,0.0,0.0,0.0,0.0,0.0,0.0,0.0,0.0,7995270.0,0.0,8183200.0,0.0,0.0,0.0,0.0,0.0,0.0,0.0
2026-09-02,2788.59,24878617.0,24881405.59,3,0.0,0.0,8693049.0,0.0,0.0,0.0,0.0,0.0,0.0,0.0,0.0,0.0,7980752.0,0.0,8204816.0,0.0,0.0,0.0,0.0,0.0,0.0,0.0
2026-09-03,2788.59,24971993.0,24974781.59,3,0.0,0.0,8735589.0,0.0,0.0,0.0,0.0,0.0,0.0,0.0,0.0,0.0,8034676.0,0.0,8201728.0,0.0,0.0,0.0,0.0,0.0,0.0,0.0
2026-09-04,2788.59,25246283.0,25249071.59,3,0.0,0.0,8867463.0,0.0,0.0,0.0,0.0,0.0,0.0,0.0,0.0,0.0,8084452.0,0.0,8294368.0,0.0,0.0,0.0,0.0,0.0,0.0,0.0
2026-09-07,2788.59,25020617.0,25023405.59,3,0.0,0.0,8735589.0,0.0,0.0,0.0,0.0,0.0,0.0,0.0,0.0,0.0,8067860.0,0.0,8217168.0,0.0,0.0,0.0,0.0,0.0,0.0,0.0
2026-09-08,2788.59,24833240.0,24836028.59,3,0.0,0.0,8699430.0,0.0,0.0,0.0,0.0,0.0,0.0,0.0,0.0,0.0,7941346.0,0.0,8192464.0,0.0,0.0,0.0,0.0,0.0,0.0,0.0
2026-09-09,2788.59,24950098.0,24952886.59,3,0.0,0.0,8720700.0,0.0,0.0,0.0,0.0,0.0,0.0,0.0,0.0,0.0,8061638.0,0.0,8167760.0,0.0,0.0,0.0,0.0,0.0,0.0,0.0
2026-09-10,2788.59,25115721.0,25118509.59,3,0.0,0.0,8841939.0,0.0,0.0,0.0,0.0,0.0,0.0,0.0,0.0,0.0,8078230.0,0.0,8195552.0,0.0,0.0,0.0,0.0,0.0,0.0,0.0
2026-09-11,2788.59,25062429.0,25065217.59,3,0.0,0.0,8795145.0,0.0,0.0,0.0,0.0,0.0,0.0,0.0,0.0,0.0,8034676.0,0.0,8232608.0,0.0,0.0,0.0,0.0,0.0,0.0,0.0
2026-09-14,2788.59,25216975.0,25219763.59,3,0.0,0.0,8897241.0,0.0,0.0,0.0,0.0,0.0,0.0,0.0,0.0,0.0,8028454.0,0.0,8291280.0,0.0,0.0,0.0,0.0,0.0,0.0,0.0
2026-09-15,2788.59,24797566.0,24800354.59,3,0.0,0.0,8741970.0,0.0,0.0,0.0,0.0,0.0,0.0,0.0,0.0,0.0,7943420.0,0.0,8112176.0,0.0,0.0,0.0,0.0,0.0,0.0,0.0
2026-09-16,2788.59,24665304.0,24668092.59,3,0.0,0.0,8703684.0,0.0,0.0,0.0,0.0,0.0,0.0,0.0,0.0,0.0,7901940.0,0.0,8059680.0,0.0,0.0,0.0,0.0,0.0,0.0,0.0
2026-09-17,2788.59,24714400.0,24717188.59,3,0.0,0.0,8635620.0,0.0,0.0,0.0,0.0,0.0,0.0,0.0,0.0,0.0,7877052.0,0.0,8201728.0,0.0,0.0,0.0,0.0,0.0,0.0,0.0
2026-09-18,2788.59,24844917.0,24847705.59,3,0.0,0.0,8633493.0,0.0,0.0,0.0,0.0,0.0,0.0,0.0,0.0,0.0,7997344.0,0.0,8214080.0,0.0,0.0,0.0,0.0,0.0,0.0,0.0
2026-09-21,2788.59,24839928.0,24842716.59,3,0.0,0.0,8729208.0,0.0,0.0,0.0,0.0,0.0,0.0,0.0,0.0,0.0,7881200.0,0.0,8229520.0,0.0,0.0,0.0,0.0,0.0,0.0,0.0
2026-09-22,2788.59,24867522.0,24870310.59,3,0.0,0.0,8682414.0,0.0,0.0,0.0,0.0,0.0,0.0,0.0,0.0,0.0,7918532.0,0.0,8266576.0,0.0,0.0,0.0,0.0,0.0,0.0,0.0
2026-09-23,2788.59,24904380.0,24907168.59,3,0.0,0.0,8635620.0,0.0,0.0,0.0,0.0,0.0,0.0,0.0,0.0,0.0,7955864.0,0.0,8312896.0,0.0,0.0,0.0,0.0,0.0,0.0,0.0
2026-09-24,2788.59,24946383.0,24949171.59,3,0.0,0.0,8654763.0,0.0,0.0,0.0,0.0,0.0,0.0,0.0,0.0,0.0,7984900.0,0.0,8306720.0,0.0,0.0,0.0,0.0,0.0,0.0,0.0
