date,159985.SZ_shares,518880.SH_shares,159980.SZ_shares,159981.SZ_shares,161226.SZ_shares,501018.SH_shares,165513.SZ_shares,159985.SZ_value,518880.SH_value,159980.SZ_value,159981.SZ_value,161226.SZ_value,501018.SH_value,165513.SZ_value,cash,total_value
2019-12-30,0.0,0.0,0.0,0.0,0.0,0.0,0.0,0.0,0.0,0.0,0.0,0.0,0.0,0.0,10000000.0,10000000.0
2019-12-31,0.0,0.0,0.0,0.0,0.0,0.0,0.0,0.0,0.0,0.0,0.0,0.0,0.0,0.0,10000000.0,10000000.0
2020-01-02,0.0,0.0,0.0,0.0,0.0,0.0,0.0,0.0,0.0,0.0,0.0,0.0,0.0,0.0,10000000.0,10000000.0
2020-01-03,0.0,0.0,0.0,0.0,0.0,0.0,0.0,0.0,0.0,0.0,0.0,0.0,0.0,0.0,10000000.0,10000000.0
2020-01-06,0.0,0.0,0.0,0.0,0.0,0.0,0.0,0.0,0.0,0.0,0.0,0.0,0.0,0.0,10000000.0,10000000.0
2020-01-07,0.0,0.0,0.0,0.0,0.0,0.0,0.0,0.0,0.0,0.0,0.0,0.0,0.0,0.0,10000000.0,10000000.0
2020-01-08,0.0,0.0,0.0,0.0,0.0,0.0,0.0,0.0,0.0,0.0,0.0,0.0,0.0,0.0,10000000.0,10000000.0
2020-01-09,0.0,0.0,0.0,0.0,0.0,0.0,0.0,0.0,0.0,0.0,0.0,0.0,0.0,0.0,10000000.0,10000000.0
2020-01-10,0.0,0.0,0.0,0.0,0.0,0.0,0.0,0.0,0.0,0.0,0.0,0.0,0.0,0.0,10000000.0,10000000.0
2020-01-13,0.0,0.0,0.0,0.0,0.0,0.0,0.0,0.0,0.0,0.0,0.0,0.0,0.0,0.0,10000000.0,10000000.0
2020-01-14,0.0,0.0,0.0,0.0,0.0,0.0,0.0,0.0,0.0,0.0,0.0,0.0,0.0,0.0,10000000.0,10000000.0
2020-01-15,0.0,0.0,0.0,0.0,0.0,0.0,0.0,0.0,0.0,0.0,0.0,0.0,0.0,0.0,10000000.0,10000000.0
2020-01-16,0.0,0.0,0.0,0.0,0.0,0.0,0.0,0.0,0.0,0.0,0.0,0.0,0.0,0.0,10000000.0,10000000.0
2020-01-17,0.0,0.0,0.0,0.0,0.0,0.0,0.0,0.0,0.0,0.0,0.0,0.0,0.0,0.0,10000000.0,10000000.0
2020-01-20,0.0,0.0,0.0,0.0,0.0,0.0,0.0,0.0,0.0,0.0,0.0,0.0,0.0,0.0,10000000.0,10000000.0
2020-01-21,0.0,0.0,0.0,0.0,0.0,0.0,0.0,0.0,0.0,0.0,0.0,0.0,0.0,0.0,10000000.0,10000000.0
2020-01-22,0.0,0.0,0.0,0.0,0.0,0.0,0.0,0.0,0.0,0.0,0.0,0.0,0.0,0.0,10000000.0,10000000.0
2020-01-23,0.0,2571000.0,0.0,0.0,0.0,0.0,0.0,0.0,3333301.5,0.0,0.0,0.0,0.0,0.0,6663127.51,9996429.00955
2020-02-03,0.0,2571000.0,0.0,0.0,0.0,0.0,0.0,0.0,3411842.979,0.0,0.0,0.0,0.0,0.0,6663127.51,10074970.48855
2020-02-04,0.0,2571000.0,0.0,0.0,0.0,0.0,0.0,0.0,3392038.5659999996,0.0,0.0,0.0,0.0,0.0,6663127.51,10055166.07555
2020-02-05,0.0,2571000.0,0.0,0.0,0.0,0.0,0.0,0.0,3369318.639,0.0,0.0,0.0,0.0,0.0,6663127.51,10032446.14855
2020-02-06,0.0,2571000.0,0.0,0.0,0.0,0.0,0.0,0.0,3347184.9000000004,0.0,0.0,0.0,0.0,0.0,6663127.51,10010312.40955
2020-02-07,0.0,2571000.0,0.0,0.0,0.0,0.0,0.0,0.0,3370290.477,0.0,0.0,0.0,0.0,0.0,6663127.51,10033417.98655
2020-02-10,0.0,2571000.0,0.0,0.0,0.0,0.0,0.0,0.0,3381551.457,0.0,0.0,0.0,0.0,0.0,6663127.51,10044678.96655
2020-02-11,0.0,2571000.0,0.0,0.0,0.0,0.0,0.0,0.0,3376018.665,0.0,0.0,0.0,0.0,0.0,6663127.51,10039146.17455
2020-02-12,0.0,2571000.0,0.0,0.0,0.0,0.0,0.0,0.0,3361358.823,0.0,0.0,0.0,0.0,0.0,6663127.51,10024486.33255
2020-02-13,0.0,2571000.0,0.0,0.0,0.0,0.0,0.0,0.0,3385824.4590000003,0.0,0.0,0.0,0.0,0.0,6663127.51,10048951.96855
2020-02-14,0.0,2571000.0,0.0,0.0,0.0,0.0,0.0,0.0,3389125.623,0.0,0.0,0.0,0.0,0.0,6663127.51,10052253.13255
2020-02-17,0.0,2571000.0,0.0,0.0,0.0,0.0,0.0,0.0,3403299.546,0.0,0.0,0.0,0.0,0.0,6663127.51,10066427.05555
2020-02-18,0.0,2571000.0,0.0,0.0,0.0,0.0,0.0,0.0,3421746.471,0.0,0.0,0.0,0.0,0.0,6663127.51,10084873.980549999
2020-02-19,0.0,2571000.0,0.0,0.0,0.0,0.0,0.0,0.0,3458830.575,0.0,0.0,0.0,0.0,0.0,6663127.51,10121958.08455
2020-02-20,0.0,2571000.0,0.0,0.0,0.0,0.0,0.0,0.0,3470094.126,0.0,0.0,0.0,0.0,0.0,6663127.51,10133221.63555
2020-02-21,0.0,2571000.0,0.0,0.0,0.0,0.0,0.0,0.0,3541547.3579999995,0.0,0.0,0.0,0.0,0.0,6663127.51,10204674.867549999
2020-02-24,0.0,2571000.0,0.0,0.0,0.0,0.0,0.0,0.0,3609604.299,0.0,0.0,0.0,0.0,0.0,6663127.51,10272731.80855
2020-02-25,0.0,2571000.0,0.0,0.0,0.0,0.0,0.0,0.0,3539022.6360000004,0.0,0.0,0.0,0.0,0.0,6663127.51,10202150.14555
2020-02-26,0.0,2571000.0,0.0,0.0,0.0,0.0,0.0,0.0,3560187.108,0.0,0.0,0.0,0.0,0.0,6663127.51,10223314.61755
2020-02-27,0.0,2571000.0,0.0,0.0,0.0,0.0,0.0,0.0,3555721.281,0.0,0.0,0.0,0.0,0.0,6663127.51,10218848.79055
2020-02-28,3581400.0,2489100.0,0.0,0.0,3906900.0,0.0,0.0,3377618.3400000003,3387373.8753,0.0,0.0,3387282.3,0.0,0.0,50.08,10152324.595462691
2020-03-02,3581400.0,2489100.0,0.0,0.0,3906900.0,0.0,0.0,3435278.8800000004,3328441.9437,0.0,0.0,3273982.1999999997,0.0,0.0,50.08,10037753.103862692
2020-03-03,3581400.0,2489100.0,0.0,0.0,3906900.0,0.0,0.0,3471451.02,3324586.3278,0.0,0.0,3270075.3,0.0,0.0,50.08,10066162.727962688
2020-03-04,3581400.0,2489100.0,0.0,0.0,3906900.0,0.0,0.0,3466795.1999999997,3383615.3342999998,0.0,0.0,3324771.9,0.0,0.0,50.08,10175232.51446269
2020-03-05,3581400.0,2489100.0,0.0,0.0,3906900.0,0.0,0.0,3464288.22,3397337.7426,0.0,0.0,3313051.1999999997,0.0,0.0,50.08,10174727.242762689
2020-03-06,3581400.0,2489100.0,0.0,0.0,3906900.0,0.0,0.0,3444590.52,3452227.3758,0.0,0.0,3348213.3,0.0,0.0,50.08,10245081.275962688
2020-03-09,3581400.0,2489100.0,0.0,0.0,3906900.0,0.0,0.0,3397674.18,3461909.9748,0.0,0.0,3238820.0999999996,0.0,0.0,50.08,10098454.334962688
2020-03-10,3581400.0,2489100.0,0.0,0.0,3906900.0,0.0,0.0,3418804.44,3402131.7492,0.0,0.0,3254447.6999999997,0.0,0.0,50.08,10075433.969362691
2020-03-11,3581400.0,2489100.0,0.0,0.0,3906900.0,0.0,0.0,3416297.46,3429671.1516000004,0.0,0.0,3277889.1,0.0,0.0,50.08,10123907.791762691
2020-03-12,3581400.0,2489100.0,0.0,0.0,3906900.0,0.0,0.0,3386571.84,3397056.4743,0.0,0.0,3199751.0999999996,0.0,0.0,50.08,9983429.494462688
2020-03-13,3581400.0,2489100.0,0.0,0.0,3906900.0,0.0,0.0,3401613.7199999997,3299772.4899,0.0,0.0,3020033.7,0.0,0.0,50.08,9721469.990062688
2020-03-16,3581400.0,2489100.0,0.0,0.0,3906900.0,0.0,0.0,3454260.3000000003,3197510.3055,0.0,0.0,2832502.5,0.0,0.0,50.08,9484323.18566269
2020-03-17,3581400.0,2489100.0,0.0,0.0,3906900.0,0.0,0.0,3432055.62,3068084.5727999997,0.0,0.0,2531671.2,0.0,0.0,50.08,9031861.472962689
2020-03-18,3581400.0,2489100.0,0.0,0.0,3906900.0,0.0,0.0,3443157.96,3135852.8093999997,0.0,0.0,2402743.5,0.0,0.0,50.08,8981804.34956269
2020-03-19,3581400.0,2489100.0,0.0,0.0,3906900.0,0.0,0.0,3408418.38,3114702.9266999997,0.0,0.0,2308977.9,0.0,0.0,50.08,8832149.28686269
2020-03-20,3581400.0,2489100.0,0.0,0.0,3906900.0,0.0,0.0,3488283.6,3150608.1942000003,0.0,0.0,2410557.3,0.0,0.0,50.08,9049499.17436269
2020-03-23,3581400.0,2489100.0,0.0,0.0,3906900.0,0.0,0.0,3609334.92,3143088.6230999995,0.0,0.0,2445719.4,0.0,0.0,50.08,9198193.02326269
2020-03-24,3581400.0,2489100.0,0.0,0.0,3906900.0,0.0,0.0,3629032.62,3305601.9621,0.0,0.0,2586367.8000000003,0.0,0.0,50.08,9521052.46226269
2020-03-25,3581400.0,2489100.0,0.0,0.0,3906900.0,0.0,0.0,3679172.22,3364158.0396,0.0,0.0,2723109.3,0.0,0.0,50.08,9766489.639762688
2020-03-26,3581400.0,2489100.0,0.0,0.0,3906900.0,0.0,0.0,3629390.7600000002,3354853.7838,0.0,0.0,2734830.0,0.0,0.0,50.08,9719124.62396269
2020-03-27,3581400.0,2489100.0,0.0,0.0,3906900.0,0.0,0.0,3643358.22,3386903.4354000003,0.0,0.0,2773899.0,0.0,0.0,50.08,9804210.73556269
2020-03-30,3581400.0,2489100.0,0.0,0.0,3906900.0,0.0,0.0,3704600.16,3372899.7588,0.0,0.0,2637157.5,0.0,0.0,50.08,9714707.49896269
2020-03-31,3167900.0,0.0,0.0,0.0,0.0,0.0,0.0,3232841.9499999997,0.0,0.0,0.0,0.0,0.0,0.0,6465127.0,9697968.9548907
2020-04-01,3167900.0,0.0,0.0,0.0,0.0,0.0,0.0,3176770.1199999996,0.0,0.0,0.0,0.0,0.0,0.0,6465127.0,9641897.1248907
2020-04-02,3167900.0,0.0,0.0,0.0,0.0,0.0,0.0,3129568.41,0.0,0.0,0.0,0.0,0.0,0.0,6465127.0,9594695.4148907
2020-04-03,3167900.0,0.0,0.0,0.0,0.0,0.0,0.0,3098839.78,0.0,0.0,0.0,0.0,0.0,0.0,6465127.0,9563966.7848907
2020-04-07,3167900.0,0.0,0.0,0.0,0.0,0.0,0.0,3095988.67,0.0,0.0,0.0,0.0,0.0,0.0,6465127.0,9561115.6748907
2020-04-08,3167900.0,0.0,0.0,0.0,0.0,0.0,0.0,3096939.04,0.0,0.0,0.0,0.0,0.0,0.0,6465127.0,9562066.0448907
2020-04-09,3167900.0,0.0,0.0,0.0,0.0,0.0,0.0,3107076.32,0.0,0.0,0.0,0.0,0.0,0.0,6465127.0,9572203.3248907
2020-04-10,3167900.0,0.0,0.0,0.0,0.0,0.0,0.0,3120381.5,0.0,0.0,0.0,0.0,0.0,0.0,6465127.0,9585508.504890699
2020-04-13,3167900.0,0.0,0.0,0.0,0.0,0.0,0.0,3110877.8,0.0,0.0,0.0,0.0,0.0,0.0,6465127.0,9576004.8048907
2020-04-14,3167900.0,0.0,0.0,0.0,0.0,0.0,0.0,3081099.54,0.0,0.0,0.0,0.0,0.0,0.0,6465127.0,9546226.5448907
2020-04-15,3167900.0,0.0,0.0,0.0,0.0,0.0,0.0,3094404.72,0.0,0.0,0.0,0.0,0.0,0.0,6465127.0,9559531.7248907
2020-04-16,3167900.0,0.0,0.0,0.0,0.0,0.0,0.0,3065893.62,0.0,0.0,0.0,0.0,0.0,0.0,6465127.0,9531020.6248907
2020-04-17,3167900.0,0.0,0.0,0.0,0.0,0.0,0.0,3049420.54,0.0,0.0,0.0,0.0,0.0,0.0,6465127.0,9514547.5448907
2020-04-20,3167900.0,0.0,0.0,0.0,0.0,0.0,0.0,3019959.0700000003,0.0,0.0,0.0,0.0,0.0,0.0,6465127.0,9485086.0748907
2020-04-21,3167900.0,0.0,0.0,0.0,0.0,0.0,0.0,3003485.99,0.0,0.0,0.0,0.0,0.0,0.0,6465127.0,9468612.994890701
2020-04-22,3167900.0,0.0,0.0,0.0,0.0,0.0,0.0,3030096.35,0.0,0.0,0.0,0.0,0.0,0.0,6465127.0,9495223.3548907
2020-04-23,3167900.0,0.0,0.0,0.0,0.0,0.0,0.0,3047836.59,0.0,0.0,0.0,0.0,0.0,0.0,6465127.0,9512963.594890699
2020-04-24,3167900.0,0.0,0.0,0.0,0.0,0.0,0.0,3042451.16,0.0,0.0,0.0,0.0,0.0,0.0,6465127.0,9507578.1648907
2020-04-27,3167900.0,0.0,0.0,0.0,0.0,0.0,0.0,3046886.2199999997,0.0,0.0,0.0,0.0,0.0,0.0,6465127.0,9512013.2248907
2020-04-28,3167900.0,0.0,0.0,0.0,0.0,0.0,0.0,3030729.93,0.0,0.0,0.0,0.0,0.0,0.0,6465127.0,9495856.9348907
2020-04-29,3167900.0,0.0,0.0,0.0,0.0,0.0,0.0,3000951.67,0.0,0.0,0.0,0.0,0.0,0.0,6465127.0,9466078.6748907
2020-04-30,0.0,2225500.0,3545100.0,0.0,4292000.0,0.0,0.0,0.0,3154786.4565,3154784.49,0.0,3141744.0,0.0,0.0,14.41,9451329.359646749
2020-05-06,0.0,2225500.0,3545100.0,0.0,4292000.0,0.0,0.0,0.0,3149240.5105,3152302.92,0.0,3124576.0,0.0,0.0,14.41,9426133.84364675
2020-05-07,0.0,2225500.0,3545100.0,0.0,4292000.0,0.0,0.0,0.0,3145541.7295,3173573.52,0.0,3115992.0,0.0,0.0,14.41,9435121.662646748
2020-05-08,0.0,2225500.0,3545100.0,0.0,4292000.0,0.0,0.0,0.0,3175628.264,3195907.65,0.0,3188956.0,0.0,0.0,14.41,9560506.32714675
2020-05-11,0.0,2225500.0,3545100.0,0.0,4292000.0,0.0,0.0,0.0,3157056.4664999996,3212924.13,0.0,3219000.0,0.0,0.0,14.41,9588995.009646751
2020-05-12,0.0,2225500.0,3545100.0,0.0,4292000.0,0.0,0.0,0.0,3154701.8874999997,3203352.36,0.0,3206124.0,0.0,0.0,14.41,9564192.660646748
2020-05-13,0.0,2225500.0,3545100.0,0.0,4292000.0,0.0,0.0,0.0,3155627.6955,3177827.64,0.0,3219000.0,0.0,0.0,14.41,9552469.748646751
2020-05-14,0.0,2225500.0,3545100.0,0.0,4292000.0,0.0,0.0,0.0,3175374.557,3173573.52,0.0,3223292.0,0.0,0.0,14.41,9572254.490146749
2020-05-15,0.0,2225500.0,3545100.0,0.0,4292000.0,0.0,0.0,0.0,3219410.5255,3168964.89,0.0,3317716.0,0.0,0.0,14.41,9706105.82864675
2020-05-18,0.0,2225500.0,3545100.0,0.0,4292000.0,0.0,0.0,0.0,3297062.6714999997,3179245.68,0.0,3450768.0,0.0,0.0,14.41,9927090.76464675
2020-05-19,0.0,2225500.0,3545100.0,0.0,4292000.0,0.0,0.0,0.0,3248909.528,3226750.02,0.0,3489395.9999999995,0.0,0.0,14.41,9965069.96114675
2020-05-20,0.0,2225500.0,3545100.0,0.0,4292000.0,0.0,0.0,0.0,3284708.921,3240221.4,0.0,3566652.0,0.0,0.0,14.41,10091596.734146751
2020-05-21,0.0,2225500.0,3545100.0,0.0,4292000.0,0.0,0.0,0.0,3245631.3665,3265391.6100000003,0.0,3540900.0,0.0,0.0,14.41,10051937.38964675
2020-05-22,0.0,2225500.0,3545100.0,0.0,4292000.0,0.0,0.0,0.0,3245464.454,3235258.26,0.0,3446476.0,0.0,0.0,14.41,9927213.12714675
2020-05-25,0.0,2225500.0,3545100.0,0.0,4292000.0,0.0,0.0,0.0,3239664.801,3220368.84,0.0,3493688.0,0.0,0.0,14.41,9953736.054146748
2020-05-26,0.0,2225500.0,3545100.0,0.0,4292000.0,0.0,0.0,0.0,3254791.5245,3231713.1599999997,0.0,3545192.0,0.0,0.0,14.41,10031711.09764675
2020-05-27,0.0,2225500.0,3545100.0,0.0,4292000.0,0.0,0.0,0.0,3228403.771,3232776.69,0.0,3532316.0,0.0,0.0,14.41,9993510.874146748
2020-05-28,0.0,2225500.0,3545100.0,0.0,4292000.0,0.0,0.0,0.0,3248319.7705,3222850.41,0.0,3532316.0,0.0,0.0,14.41,10003500.59364675
2020-05-29,0.0,0.0,0.0,0.0,4017700.0,6820100.0,11927800.0,0.0,0.0,0.0,0.0,3350761.8,3350715.13,3101228.0,228435.38,10031140.312143698
2020-06-01,0.0,0.0,0.0,0.0,4017700.0,6820100.0,11927800.0,0.0,0.0,0.0,0.0,3455222.0,3445514.52,3160867.0,228435.38,10290038.902143698
2020-06-02,0.0,0.0,0.0,0.0,4017700.0,6820100.0,11927800.0,0.0,0.0,0.0,0.0,3479328.2,3541677.9299999997,3232433.8000000003,228435.38,10481875.312143698
2020-06-03,0.0,0.0,0.0,0.0,4017700.0,6820100.0,11927800.0,0.0,0.0,0.0,0.0,3431115.8,3579188.4800000004,3232433.8000000003,228435.38,10471173.462143699
2020-06-04,0.0,0.0,0.0,0.0,4017700.0,6820100.0,11927800.0,0.0,0.0,0.0,0.0,3354779.5,3568958.33,3256289.4000000004,228435.38,10408462.6121437
2020-06-05,0.0,0.0,0.0,0.0,4017700.0,6820100.0,11927800.0,0.0,0.0,0.0,0.0,3366832.6,3749690.9799999995,3399422.9999999995,228435.38,10744381.962143699
2020-06-08,0.0,0.0,0.0,0.0,4017700.0,6820100.0,11927800.0,0.0,0.0,0.0,0.0,3302549.4,3701268.2699999996,3327856.2,228435.38,10560109.2521437
2020-06-09,0.0,0.0,0.0,0.0,4017700.0,6820100.0,11927800.0,0.0,0.0,0.0,0.0,3326655.5999999996,3663757.72,3339784.0000000005,228435.38,10558632.702143699
2020-06-10,0.0,0.0,0.0,0.0,4017700.0,6820100.0,11927800.0,0.0,0.0,0.0,0.0,3350761.8,3678079.93,3351711.8000000003,228435.38,10608988.9121437
2020-06-11,0.0,0.0,0.0,0.0,4017700.0,6820100.0,11927800.0,0.0,0.0,0.0,0.0,3370850.3,3495983.26,3160867.0,228435.38,10256135.942143697
2020-06-12,0.0,0.0,0.0,0.0,4017700.0,6820100.0,11927800.0,0.0,0.0,0.0,0.0,3350761.8,3487799.1399999997,3196650.4000000004,228435.38,10263646.722143698
2020-06-15,0.0,0.0,0.0,0.0,4017700.0,6820100.0,11927800.0,0.0,0.0,0.0,0.0,3294514.0,3506895.42,3232433.8000000003,228435.38,10262278.6021437
2020-06-16,0.0,0.0,0.0,0.0,4017700.0,6820100.0,11927800.0,0.0,0.0,0.0,0.0,3242283.9000000004,3619427.07,3304000.6,228435.38,10394146.952143699
2020-06-17,0.0,0.0,0.0,0.0,4017700.0,6820100.0,11927800.0,0.0,0.0,0.0,0.0,3278443.1999999997,3625565.1599999997,3280145.0000000005,228435.38,10412588.742143698
2020-06-18,0.0,0.0,0.0,0.0,4017700.0,6820100.0,11927800.0,0.0,0.0,0.0,0.0,3290496.3,3680125.96,3351711.8000000003,228435.38,10550769.4421437
2020-06-19,0.0,0.0,0.0,0.0,4017700.0,6820100.0,11927800.0,0.0,0.0,0.0,0.0,3278443.1999999997,3760603.14,3399422.9999999995,228435.38,10666904.722143698
2020-06-22,0.0,0.0,0.0,0.0,4017700.0,6820100.0,11927800.0,0.0,0.0,0.0,0.0,3342726.4,3796749.67,3459061.9999999995,228435.38,10826973.452143699
2020-06-23,0.0,0.0,0.0,0.0,4017700.0,6820100.0,11927800.0,0.0,0.0,0.0,0.0,3342726.4,3821984.04,3447134.1999999997,228435.38,10840280.022143697
2020-06-24,0.0,0.0,0.0,0.0,4017700.0,6820100.0,11927800.0,0.0,0.0,0.0,0.0,3350761.8,3637159.33,3280145.0000000005,228435.38,10496501.5121437
2020-06-29,0.0,0.0,0.0,0.0,4017700.0,6820100.0,11927800.0,0.0,0.0,0.0,0.0,3350761.8,3686264.05,3375567.4,228435.38,10641028.632143699
2020-06-30,0.0,0.0,3620500.0,0.0,0.0,6519500.0,12511900.0,0.0,0.0,3546641.8000000003,0.0,0.0,3546608.0000000005,3540867.6999999997,8.24,10634125.739603698
2020-07-01,0.0,0.0,3620500.0,0.0,0.0,6519500.0,12511900.0,0.0,0.0,3568002.75,0.0,0.0,3573337.95,3565891.4999999995,8.24,10707240.439603698
2020-07-02,0.0,0.0,3620500.0,0.0,0.0,6519500.0,12511900.0,0.0,0.0,3574157.6,0.0,0.0,3606587.4000000004,3603427.1999999997,8.24,10784180.439603698
2020-07-03,0.0,0.0,3620500.0,0.0,0.0,6519500.0,12511900.0,0.0,0.0,3579226.3000000003,0.0,0.0,3618322.5000000005,3603427.1999999997,8.24,10800984.239603698
2020-07-06,0.0,0.0,3620500.0,0.0,0.0,6519500.0,12511900.0,0.0,0.0,3580674.5,0.0,0.0,3660699.25,3640962.9,8.24,10882344.889603699
2020-07-07,0.0,0.0,3620500.0,0.0,0.0,6519500.0,12511900.0,0.0,0.0,3606380.05,0.0,0.0,3624842.0000000005,3603427.1999999997,8.24,10834657.489603698
2020-07-08,0.0,0.0,3620500.0,0.0,0.0,6519500.0,12511900.0,0.0,0.0,3617241.55,0.0,0.0,3631361.5000000005,3628450.9999999995,8.24,10877062.289603699
2020-07-09,0.0,0.0,3620500.0,0.0,0.0,6519500.0,12511900.0,0.0,0.0,3667204.4499999997,0.0,0.0,3571382.0999999996,3540867.6999999997,8.24,10779462.489603696
2020-07-10,0.0,0.0,3620500.0,0.0,0.0,6519500.0,12511900.0,0.0,0.0,3676979.8000000003,0.0,0.0,3590288.65,3590915.3,8.24,10858191.989603698
2020-07-13,0.0,0.0,3620500.0,0.0,0.0,6519500.0,12511900.0,0.0,0.0,3775457.4,0.0,0.0,3590940.5999999996,3553379.5999999996,8.24,10919785.839603698
2020-07-14,0.0,0.0,3620500.0,0.0,0.0,6519500.0,12511900.0,0.0,0.0,3789215.3,0.0,0.0,3598112.05,3590915.3,8.24,10978250.889603697
2020-07-15,0.0,0.0,3620500.0,0.0,0.0,6519500.0,12511900.0,0.0,0.0,3778353.8000000003,0.0,0.0,3639836.85,3628450.9999999995,8.24,11046649.889603699
2020-07-16,0.0,0.0,3620500.0,0.0,0.0,6519500.0,12511900.0,0.0,0.0,3708116.1,0.0,0.0,3635925.15,3615939.0999999996,8.24,10959988.589603698
2020-07-17,0.0,0.0,3620500.0,0.0,0.0,6519500.0,12511900.0,0.0,0.0,3713546.85,0.0,0.0,3620930.3,3603427.1999999997,8.24,10937912.589603698
2020-07-20,0.0,0.0,3620500.0,0.0,0.0,6519500.0,12511900.0,0.0,0.0,3699426.9000000004,0.0,0.0,3615062.75,3603427.1999999997,8.24,10917925.089603698
2020-07-21,0.0,0.0,3620500.0,0.0,0.0,6519500.0,12511900.0,0.0,0.0,3731649.3499999996,0.0,0.0,3699816.25,3678498.5999999996,8.24,11109972.439603698
2020-07-22,0.0,0.0,3620500.0,0.0,0.0,6519500.0,12511900.0,0.0,0.0,3779077.9000000004,0.0,0.0,3673086.3000000003,3665986.6999999997,8.24,11118159.139603699
2020-07-23,0.0,0.0,3620500.0,0.0,0.0,6519500.0,12511900.0,0.0,0.0,3729115.0,0.0,0.0,3675694.0999999996,3653474.8,8.24,11058292.139603697
2020-07-24,0.0,0.0,3620500.0,0.0,0.0,6519500.0,12511900.0,0.0,0.0,3749027.7500000005,0.0,0.0,3650268.05,3640962.9,8.24,11040266.9396037
2020-07-27,0.0,0.0,3620500.0,0.0,0.0,6519500.0,12511900.0,0.0,0.0,3761699.4999999995,0.0,0.0,3652223.9000000004,3678498.5999999996,8.24,11092430.239603698
2020-07-28,0.0,0.0,3620500.0,0.0,0.0,6519500.0,12511900.0,0.0,0.0,3780526.1,0.0,0.0,3652875.85,3640962.9,8.24,11074373.089603698
2020-07-29,0.0,0.0,3620500.0,0.0,0.0,6519500.0,12511900.0,0.0,0.0,3792473.7500000005,0.0,0.0,3680909.6999999997,3678498.5999999996,8.24,11151890.289603699
2020-07-30,0.0,0.0,3620500.0,0.0,0.0,6519500.0,12511900.0,0.0,0.0,3818903.4,0.0,0.0,3608543.25,3603427.1999999997,8.24,11030882.089603698
2020-07-31,0.0,2208300.0,3486300.0,0.0,3586500.0,0.0,0.0,0.0,3519829.2447,3668982.12,0.0,3668989.4999999995,0.0,0.0,141059.62,10998860.48550129
2020-08-03,0.0,2208300.0,3486300.0,0.0,3586500.0,0.0,0.0,0.0,3509322.1533,3649807.4699999997,0.0,3747892.4999999995,0.0,0.0,141059.62,11048081.744101288
2020-08-04,0.0,2208300.0,3486300.0,0.0,3586500.0,0.0,0.0,0.0,3512572.7709,3683624.58,0.0,3765825.0,0.0,0.0,141059.62,11103081.971701289
2020-08-05,0.0,2208300.0,3486300.0,0.0,3586500.0,0.0,0.0,0.0,3606469.6869,3679441.0199999996,0.0,3963082.5,0.0,0.0,141059.62,11390052.82770129
2020-08-06,0.0,2208300.0,3486300.0,0.0,3586500.0,0.0,0.0,0.0,3634822.0506,3713606.76,0.0,4160339.9999999995,0.0,0.0,141059.62,11649828.431401288
2020-08-07,0.0,2208300.0,3486300.0,0.0,3586500.0,0.0,0.0,0.0,3659753.7576,3720579.36,0.0,4357597.5,0.0,0.0,141059.62,11878990.238401288
2020-08-10,0.0,2208300.0,3486300.0,0.0,3586500.0,0.0,0.0,0.0,3625648.7724,3664101.3,0.0,4285867.5,0.0,0.0,141059.62,11716677.193201289
2020-08-11,0.0,2208300.0,3486300.0,0.0,3586500.0,0.0,0.0,0.0,3552684.3320999998,3671771.1599999997,0.0,4393462.5,0.0,0.0,141059.62,11758977.612901289
2020-08-12,0.0,2208300.0,3486300.0,0.0,3586500.0,0.0,0.0,0.0,3339042.3486,3635165.01,0.0,4077850.5,0.0,0.0,141059.62,11193117.479401289
2020-08-13,0.0,2208300.0,3486300.0,0.0,3586500.0,0.0,0.0,0.0,3384405.2472,3650853.36,0.0,3823209.0,0.0,0.0,141059.62,10999527.22800129
2020-08-14,0.0,2208300.0,3486300.0,0.0,3586500.0,0.0,0.0,0.0,3414926.1615,3636908.1599999997,0.0,3984601.5,0.0,0.0,141059.62,11177495.442301288
2020-08-17,0.0,2208300.0,3486300.0,0.0,3586500.0,0.0,0.0,0.0,3450866.244,3667238.97,0.0,3905698.5,0.0,0.0,141059.62,11164863.334801288
2020-08-18,0.0,2208300.0,3486300.0,0.0,3586500.0,0.0,0.0,0.0,3527500.8789,3707331.4199999995,0.0,4024053.0000000005,0.0,0.0,141059.62,11399944.919701288
2020-08-19,0.0,2208300.0,3486300.0,0.0,3586500.0,0.0,0.0,0.0,3478218.2478,3746029.35,0.0,4024053.0000000005,0.0,0.0,141059.62,11389360.218601288
2020-08-20,0.0,2208300.0,3486300.0,0.0,3586500.0,0.0,0.0,0.0,3409171.3317,3765552.6300000004,0.0,3916458.0000000005,0.0,0.0,141059.62,11232241.582501289
2020-08-21,0.0,2208300.0,3486300.0,0.0,3586500.0,0.0,0.0,0.0,3404502.9855,3751607.43,0.0,3873420.0000000005,0.0,0.0,141059.62,11170590.036301289
2020-08-24,0.0,2208300.0,3486300.0,0.0,3586500.0,0.0,0.0,0.0,3408756.1713,3717093.06,0.0,3697681.4999999995,0.0,0.0,141059.62,10964590.352101289
2020-08-25,0.0,2208300.0,3486300.0,0.0,3586500.0,0.0,0.0,0.0,3387907.611,3722322.5100000002,0.0,3722787.0,0.0,0.0,141059.62,10974076.741801288
2020-08-26,0.0,2208300.0,3486300.0,0.0,3586500.0,0.0,0.0,0.0,3384405.2472,3731386.89,0.0,3694095.0,0.0,0.0,141059.62,10950946.758001288
2020-08-27,0.0,2208300.0,3486300.0,0.0,3586500.0,0.0,0.0,0.0,3425265.4221,3744983.46,0.0,3798103.5,0.0,0.0,141059.62,11109412.00290129
2020-08-28,0.0,2208300.0,3486300.0,0.0,3586500.0,0.0,0.0,0.0,3429768.1458,3754047.84,0.0,3830382.0,0.0,0.0,141059.62,11155257.606601289
2020-08-31,3602100.0,0.0,3464800.0,4229100.0,0.0,0.0,0.0,3739340.0100000002,0.0,3749606.56,3749520.06,0.0,0.0,0.0,86.02,11238552.64525441
2020-09-01,3602100.0,0.0,3464800.0,4229100.0,0.0,0.0,0.0,3706921.11,0.0,3777671.44,3768128.1,0.0,0.0,0.0,86.02,11252806.66525441
2020-09-02,3602100.0,0.0,3464800.0,4229100.0,0.0,0.0,0.0,3700797.5400000005,0.0,3774206.6399999997,3792656.8800000004,0.0,0.0,0.0,86.02,11267747.07525441
2020-09-03,3602100.0,0.0,3464800.0,4229100.0,0.0,0.0,0.0,3702238.3800000004,0.0,3761386.8799999994,3786313.23,0.0,0.0,0.0,86.02,11250024.50525441
2020-09-04,3602100.0,0.0,3464800.0,4229100.0,0.0,0.0,0.0,3709802.79,0.0,3713572.64,3736832.7600000002,0.0,0.0,0.0,86.02,11160294.20525441
2020-09-07,3602100.0,0.0,3464800.0,4229100.0,0.0,0.0,0.0,3759151.5600000005,0.0,3745102.32,3758401.1700000004,0.0,0.0,0.0,86.02,11262741.06525441
2020-09-08,3602100.0,0.0,3464800.0,4229100.0,0.0,0.0,0.0,3770678.28,0.0,3755843.2,3754594.98,0.0,0.0,0.0,86.02,11281202.47525441
2020-09-09,3602100.0,0.0,3464800.0,4229100.0,0.0,0.0,0.0,3746904.42,0.0,3698673.9999999995,3702999.96,0.0,0.0,0.0,86.02,11148664.395254409
2020-09-10,3602100.0,0.0,3464800.0,4229100.0,0.0,0.0,0.0,3778242.69,0.0,3694516.24,3705114.51,0.0,0.0,0.0,86.02,11177959.45525441
2020-09-11,3602100.0,0.0,3464800.0,4229100.0,0.0,0.0,0.0,3818586.21,0.0,3673034.48,3683123.19,0.0,0.0,0.0,86.02,11174829.895254409
2020-09-14,3602100.0,0.0,3464800.0,4229100.0,0.0,0.0,0.0,3915842.9099999997,0.0,3708375.44,3690735.5700000003,0.0,0.0,0.0,86.02,11315039.93525441
2020-09-15,3602100.0,0.0,3464800.0,4229100.0,0.0,0.0,0.0,3924848.1599999997,0.0,3725699.44,3715687.2600000002,0.0,0.0,0.0,86.02,11366320.87525441
2020-09-16,3602100.0,0.0,3464800.0,4229100.0,0.0,0.0,0.0,3869736.0300000003,0.0,3715998.0,3724145.4600000004,0.0,0.0,0.0,86.02,11309965.50525441
2020-09-17,3602100.0,0.0,3464800.0,4229100.0,0.0,0.0,0.0,3889907.7900000005,0.0,3691051.4399999995,3715687.2600000002,0.0,0.0,0.0,86.02,11296732.50525441
2020-09-18,3602100.0,0.0,3464800.0,4229100.0,0.0,0.0,0.0,3943939.29,0.0,3712879.68,3713149.8,0.0,0.0,0.0,86.02,11370054.78525441
2020-09-21,3602100.0,0.0,3464800.0,4229100.0,0.0,0.0,0.0,3954385.3800000004,0.0,3723620.56,3697502.13,0.0,0.0,0.0,86.02,11375594.08525441
2020-09-22,3602100.0,0.0,3464800.0,4229100.0,0.0,0.0,0.0,3916923.5399999996,0.0,3682389.44,3667898.4299999997,0.0,0.0,0.0,86.02,11267297.42525441
2020-09-23,3602100.0,0.0,3464800.0,4229100.0,0.0,0.0,0.0,3908278.5,0.0,3670955.6000000006,3653942.4,0.0,0.0,0.0,86.02,11233262.51525441
2020-09-24,3602100.0,0.0,3464800.0,4229100.0,0.0,0.0,0.0,3900714.09,0.0,3620023.04,3655634.0399999996,0.0,0.0,0.0,86.02,11176457.18525441
2020-09-25,3602100.0,0.0,3464800.0,4229100.0,0.0,0.0,0.0,3879461.6999999997,0.0,3594383.5200000005,3669590.0700000003,0.0,0.0,0.0,86.02,11143521.305254411
2020-09-28,3602100.0,0.0,3464800.0,4229100.0,0.0,0.0,0.0,3892429.2600000002,0.0,3605817.36,3672550.44,0.0,0.0,0.0,86.02,11170883.07525441
2020-09-29,3602100.0,0.0,3464800.0,4229100.0,0.0,0.0,0.0,3874778.97,0.0,3642197.76,3656479.8600000003,0.0,0.0,0.0,86.02,11173542.60525441
2020-09-30,3451700.0,0.0,0.0,0.0,0.0,0.0,0.0,3713338.8600000003,0.0,0.0,0.0,0.0,0.0,0.0,7426535.69,11139874.54777541
2020-10-09,3451700.0,0.0,0.0,0.0,0.0,0.0,0.0,3925273.2399999998,0.0,0.0,0.0,0.0,0.0,0.0,7426535.69,11351808.92777541
2020-10-12,3451700.0,0.0,0.0,0.0,0.0,0.0,0.0,3950815.8200000003,0.0,0.0,0.0,0.0,0.0,0.0,7426535.69,11377351.507775411
2020-10-13,3451700.0,0.0,0.0,0.0,0.0,0.0,0.0,3911121.27,0.0,0.0,0.0,0.0,0.0,0.0,7426535.69,11337656.95777541
2020-10-14,3451700.0,0.0,0.0,0.0,0.0,0.0,0.0,3899385.4899999998,0.0,0.0,0.0,0.0,0.0,0.0,7426535.69,11325921.17777541
2020-10-15,3451700.0,0.0,0.0,0.0,0.0,0.0,0.0,3904217.87,0.0,0.0,0.0,0.0,0.0,0.0,7426535.69,11330753.55777541
2020-10-16,3451700.0,0.0,0.0,0.0,0.0,0.0,0.0,3915263.3100000005,0.0,0.0,0.0,0.0,0.0,0.0,7426535.69,11341798.99777541
2020-10-19,3451700.0,0.0,0.0,0.0,0.0,0.0,0.0,3939770.38,0.0,0.0,0.0,0.0,0.0,0.0,7426535.69,11366306.06777541
2020-10-20,3451700.0,0.0,0.0,0.0,0.0,0.0,0.0,3951851.33,0.0,0.0,0.0,0.0,0.0,0.0,7426535.69,11378387.017775409
2020-10-21,3451700.0,0.0,0.0,0.0,0.0,0.0,0.0,3974977.7199999997,0.0,0.0,0.0,0.0,0.0,0.0,7426535.69,11401513.40777541
2020-10-22,3451700.0,0.0,0.0,0.0,0.0,0.0,0.0,3966693.64,0.0,0.0,0.0,0.0,0.0,0.0,7426535.69,11393229.32777541
2020-10-23,3451700.0,0.0,0.0,0.0,0.0,0.0,0.0,3940460.7199999997,0.0,0.0,0.0,0.0,0.0,0.0,7426535.69,11366996.40777541
2020-10-26,3451700.0,0.0,0.0,0.0,0.0,0.0,0.0,3938389.7,0.0,0.0,0.0,0.0,0.0,0.0,7426535.69,11364925.38777541
2020-10-27,3451700.0,0.0,0.0,0.0,0.0,0.0,0.0,3926308.75,0.0,0.0,0.0,0.0,0.0,0.0,7426535.69,11352844.43777541
2020-10-28,3451700.0,0.0,0.0,0.0,0.0,0.0,0.0,3918024.67,0.0,0.0,0.0,0.0,0.0,0.0,7426535.69,11344560.357775409
2020-10-29,3451700.0,0.0,0.0,0.0,0.0,0.0,0.0,3867629.85,0.0,0.0,0.0,0.0,0.0,0.0,7426535.69,11294165.53777541
2020-10-30,3363200.0,0.0,3538400.0,0.0,4333200.0,0.0,0.0,3762748.16,0.0,3762734.5599999996,0.0,3752551.2,0.0,0.0,19.34,11278053.25790741
2020-11-02,3363200.0,0.0,3538400.0,0.0,4333200.0,0.0,0.0,3759384.9599999995,0.0,3755657.76,0.0,3834882.0,0.0,0.0,19.34,11349944.057907408
2020-11-03,3363200.0,0.0,3538400.0,0.0,4333200.0,0.0,0.0,3754003.8400000003,0.0,3780426.56,0.0,3899880.0,0.0,0.0,19.34,11434329.73790741
2020-11-04,3363200.0,0.0,3538400.0,0.0,4333200.0,0.0,0.0,3778218.88,0.0,3788564.88,0.0,3912879.6,0.0,0.0,19.34,11479682.697907409
2020-11-05,3363200.0,0.0,3538400.0,0.0,4333200.0,0.0,0.0,3849182.4000000004,0.0,3789980.2399999998,0.0,3895546.8000000003,0.0,0.0,19.34,11534728.77790741
2020-11-06,3363200.0,0.0,3538400.0,0.0,4333200.0,0.0,0.0,3886513.92,0.0,3789626.4,0.0,4016876.4000000004,0.0,0.0,19.34,11693036.05790741
2020-11-09,3363200.0,0.0,3538400.0,0.0,4333200.0,0.0,0.0,3838756.48,0.0,3821472.0000000005,0.0,4094874.0,0.0,0.0,19.34,11755121.81790741
2020-11-10,3363200.0,0.0,3538400.0,0.0,4333200.0,0.0,0.0,3830348.48,0.0,3835271.7600000002,0.0,3865214.4,0.0,0.0,19.34,11530853.97790741
2020-11-11,3363200.0,0.0,3538400.0,0.0,4333200.0,0.0,0.0,3918800.64,0.0,3824302.7199999997,0.0,3865214.4,0.0,0.0,19.34,11608337.09790741
2020-11-12,3363200.0,0.0,3538400.0,0.0,4333200.0,0.0,0.0,3932589.7600000002,0.0,3825718.0799999996,0.0,3839215.2,0.0,0.0,19.34,11597542.377907408
2020-11-13,3363200.0,0.0,3538400.0,0.0,4333200.0,0.0,0.0,3893240.32,0.0,3843056.24,0.0,3860881.2,0.0,0.0,19.34,11597197.097907411
2020-11-16,3363200.0,0.0,3538400.0,0.0,4333200.0,0.0,0.0,3887522.88,0.0,3889409.28,0.0,3951878.4000000004,0.0,0.0,19.34,11728829.89790741
2020-11-17,3363200.0,0.0,3538400.0,0.0,4333200.0,0.0,0.0,3876424.3200000003,0.0,3886224.72,0.0,3912879.6,0.0,0.0,19.34,11675547.97790741
2020-11-18,3363200.0,0.0,3538400.0,0.0,4333200.0,0.0,0.0,3906020.48,0.0,3878086.4000000004,0.0,3891213.6,0.0,0.0,19.34,11675339.81790741
2020-11-19,3363200.0,0.0,3538400.0,0.0,4333200.0,0.0,0.0,3910056.3200000003,0.0,3884101.6799999997,0.0,3852214.8000000003,0.0,0.0,19.34,11646392.13790741
2020-11-20,3363200.0,0.0,3538400.0,0.0,4333200.0,0.0,0.0,3926199.68,0.0,3910285.84,0.0,3795883.2,0.0,0.0,19.34,11632388.057907408
2020-11-23,3363200.0,0.0,3538400.0,0.0,4333200.0,0.0,0.0,4001535.36,0.0,3964423.3600000003,0.0,3839215.2,0.0,0.0,19.34,11805193.257907411
2020-11-24,3363200.0,0.0,3538400.0,0.0,4333200.0,0.0,0.0,3996490.5599999996,0.0,3962654.1599999997,0.0,3730885.1999999997,0.0,0.0,19.34,11690049.257907407
2020-11-25,3363200.0,0.0,3538400.0,0.0,4333200.0,0.0,0.0,3976984.0000000005,0.0,3986361.44,0.0,3678886.8,0.0,0.0,19.34,11642251.57790741
2020-11-26,3363200.0,0.0,3538400.0,0.0,4333200.0,0.0,0.0,3963531.2,0.0,3989899.84,0.0,3696219.6,0.0,0.0,19.34,11649669.97790741
2020-11-27,3363200.0,0.0,3538400.0,0.0,4333200.0,0.0,0.0,3957813.7600000002,0.0,4031652.96,0.0,3687553.1999999997,0.0,0.0,19.34,11677039.25790741
2020-11-30,0.0,0.0,0.0,4129100.0,0.0,7018600.0,13780000.0,0.0,0.0,0.0,3843779.19,0.0,3872161.6199999996,3872180.0000000005,42.13,11588162.940088408
2020-12-01,0.0,0.0,0.0,4129100.0,0.0,7018600.0,13780000.0,0.0,0.0,0.0,3869379.6100000003,0.0,3865844.88,3844620.0000000005,42.13,11579886.620088408
2020-12-02,0.0,0.0,0.0,4129100.0,0.0,7018600.0,13780000.0,0.0,0.0,0.0,3909431.88,0.0,3877776.5,3872180.0000000005,42.13,11659430.510088408
2020-12-03,0.0,0.0,0.0,4129100.0,0.0,7018600.0,13780000.0,0.0,0.0,0.0,3901999.5,0.0,3907956.4799999995,3899739.9999999995,42.13,11709738.110088406
2020-12-04,0.0,0.0,0.0,4129100.0,0.0,7018600.0,13780000.0,0.0,0.0,0.0,3913973.8899999997,0.0,3951471.8,3927299.9999999995,42.13,11792787.820088407
2020-12-07,0.0,0.0,0.0,4129100.0,0.0,7018600.0,13780000.0,0.0,0.0,0.0,3999859.17,0.0,3929012.28,3913519.9999999995,42.13,11842433.580088407
2020-12-08,0.0,0.0,0.0,4129100.0,0.0,7018600.0,13780000.0,0.0,0.0,0.0,4016788.48,0.0,3916378.8000000003,3899739.9999999995,42.13,11832949.410088407
2020-12-09,0.0,0.0,0.0,4129100.0,0.0,7018600.0,13780000.0,0.0,0.0,0.0,4056427.8400000003,0.0,3907956.4799999995,3899739.9999999995,42.13,11864166.450088408
2020-12-10,0.0,0.0,0.0,4129100.0,0.0,7018600.0,13780000.0,0.0,0.0,0.0,4129925.82,0.0,4019552.2199999997,4009979.9999999995,42.13,12159500.170088407
2020-12-11,0.0,0.0,0.0,4129100.0,0.0,7018600.0,13780000.0,0.0,0.0,0.0,4193101.0500000003,0.0,3994285.2600000002,3982419.9999999995,42.13,12169848.440088408
2020-12-14,0.0,0.0,0.0,4129100.0,0.0,7018600.0,13780000.0,0.0,0.0,0.0,4206314.17,0.0,3994285.2600000002,3996199.9999999995,42.13,12196841.560088407
2020-12-15,0.0,0.0,0.0,4129100.0,0.0,7018600.0,13780000.0,0.0,0.0,0.0,4177410.47,0.0,4044117.3200000003,4037539.9999999995,42.13,12259109.920088409
2020-12-16,0.0,0.0,0.0,4129100.0,0.0,7018600.0,13780000.0,0.0,0.0,0.0,4208791.630000001,0.0,4059558.24,4065100.0,42.13,12333492.000088409
2020-12-17,0.0,0.0,0.0,4129100.0,0.0,7018600.0,13780000.0,0.0,0.0,0.0,4207965.81,0.0,4112899.5999999996,4106440.0,42.13,12427347.540088408
2020-12-18,0.0,0.0,0.0,4129100.0,0.0,7018600.0,13780000.0,0.0,0.0,0.0,4287657.44,0.0,4145185.16,4147780.0,42.13,12580664.730088409
2020-12-21,0.0,0.0,0.0,4129100.0,0.0,7018600.0,13780000.0,0.0,0.0,0.0,4293851.09,0.0,4058856.3800000004,4051320.0,42.13,12404069.600088408
2020-12-22,0.0,0.0,0.0,4129100.0,0.0,7018600.0,13780000.0,0.0,0.0,0.0,4259579.5600000005,0.0,4013235.48,3996199.9999999995,42.13,12269057.170088409
2020-12-23,0.0,0.0,0.0,4129100.0,0.0,7018600.0,13780000.0,0.0,0.0,0.0,4155113.33,0.0,4070787.9999999995,4078880.0,42.13,12304823.460088408
2020-12-24,0.0,0.0,0.0,4129100.0,0.0,7018600.0,13780000.0,0.0,0.0,0.0,4204662.53,0.0,4086930.7800000003,4078880.0,42.13,12370515.440088408
2020-12-25,0.0,0.0,0.0,4129100.0,0.0,7018600.0,13780000.0,0.0,0.0,0.0,4207139.989999999,0.0,4079210.3200000003,4078880.0,42.13,12365272.440088406
2020-12-28,0.0,0.0,0.0,4129100.0,0.0,7018600.0,13780000.0,0.0,0.0,0.0,4172042.6399999997,0.0,4053241.5,4037539.9999999995,42.13,12262866.270088406
2020-12-29,0.0,0.0,0.0,4129100.0,0.0,7018600.0,13780000.0,0.0,0.0,0.0,4104325.4,0.0,4086228.9200000004,4065100.0,42.13,12255696.450088408
2020-12-30,0.0,0.0,0.0,4129100.0,0.0,7018600.0,13780000.0,0.0,0.0,0.0,4087396.09,0.0,4086930.7800000003,4078880.0,42.13,12253249.000088409
2020-12-31,3251100.0,0.0,0.0,0.0,4277700.0,7016900.0,0.0,4074278.5200000005,0.0,0.0,0.0,4085203.5,4085239.18,0.0,1012.42,12245733.621894408
2021-01-04,3251100.0,0.0,0.0,0.0,4277700.0,7016900.0,0.0,4162383.33,0.0,0.0,0.0,4175035.1999999997,4065591.8600000003,0.0,1012.42,12404022.811894407
2021-01-05,3251100.0,0.0,0.0,0.0,4277700.0,7016900.0,0.0,4128246.7800000003,0.0,0.0,0.0,4183590.6,4149092.97,0.0,1012.42,12461942.771894408
2021-01-06,3251100.0,0.0,0.0,0.0,4277700.0,7016900.0,0.0,4182865.26,0.0,0.0,0.0,4183590.6,4213648.45,0.0,1012.42,12581116.731894406
2021-01-07,3251100.0,0.0,0.0,0.0,4277700.0,7016900.0,0.0,4192618.56,0.0,0.0,0.0,4123702.8,4251539.71,0.0,1012.42,12568873.491894407
2021-01-08,3251100.0,0.0,0.0,0.0,4277700.0,7016900.0,0.0,4177338.3899999997,0.0,0.0,0.0,4119425.0999999996,4331532.37,0.0,1012.42,12629308.281894406
2021-01-11,3251100.0,0.0,0.0,0.0,4277700.0,7016900.0,0.0,4271620.29,0.0,0.0,0.0,3862763.1,4322410.4,0.0,1012.42,12457806.211894408
2021-01-12,3251100.0,0.0,0.0,0.0,4277700.0,7016900.0,0.0,4317135.69,0.0,0.0,0.0,3760098.3,4406613.2,0.0,1012.42,12484859.611894408
2021-01-13,3251100.0,0.0,0.0,0.0,4277700.0,7016900.0,0.0,4440677.489999999,0.0,0.0,0.0,3798597.6,4394684.47,0.0,1012.42,12634971.981894406
2021-01-14,3251100.0,0.0,0.0,0.0,4277700.0,7016900.0,0.0,4448155.0200000005,0.0,0.0,0.0,3794319.9,4403806.44,0.0,1012.42,12647293.781894406
2021-01-15,3251100.0,0.0,0.0,0.0,4277700.0,7016900.0,0.0,4448155.0200000005,0.0,0.0,0.0,3832819.2,4332234.06,0.0,1012.42,12614220.701894408
2021-01-18,3251100.0,0.0,0.0,0.0,4277700.0,7016900.0,0.0,4393861.649999999,0.0,0.0,0.0,3738709.8,4330830.68,0.0,1012.42,12464414.551894406
2021-01-19,3251100.0,0.0,0.0,0.0,4277700.0,7016900.0,0.0,4371429.0600000005,0.0,0.0,0.0,3785764.5,4384860.8100000005,0.0,1012.42,12543066.791894408
2021-01-20,3251100.0,0.0,0.0,0.0,4277700.0,7016900.0,0.0,4245611.49,0.0,0.0,0.0,3802875.3000000003,4395386.16,0.0,1012.42,12444885.371894408
2021-01-21,3251100.0,0.0,0.0,0.0,4277700.0,7016900.0,0.0,4230006.21,0.0,0.0,0.0,3845652.3000000003,4378545.6,0.0,1012.42,12455216.531894406
2021-01-22,3251100.0,0.0,0.0,0.0,4277700.0,7016900.0,0.0,4188717.2399999998,0.0,0.0,0.0,3845652.3000000003,4320305.33,0.0,1012.42,12355687.291894408
2021-01-25,3251100.0,0.0,0.0,0.0,4277700.0,7016900.0,0.0,4103538.42,0.0,0.0,0.0,3807153.0,4349776.31,0.0,1012.42,12261480.151894407
2021-01-26,3251100.0,0.0,0.0,0.0,4277700.0,7016900.0,0.0,4105814.19,0.0,0.0,0.0,3815708.4,4351179.6899999995,0.0,1012.42,12273714.701894406
2021-01-27,3251100.0,0.0,0.0,0.0,4277700.0,7016900.0,0.0,4166609.7600000002,0.0,0.0,0.0,3807153.0,4358196.59,0.0,1012.42,12332971.771894407
2021-01-28,3251100.0,0.0,0.0,0.0,4277700.0,7016900.0,0.0,4166934.87,0.0,0.0,0.0,3755820.6,4338549.27,0.0,1012.42,12262317.161894407
2021-01-29,0.0,0.0,3494500.0,0.0,0.0,6678300.0,13229900.0,0.0,0.0,4094855.0999999996,0.0,0.0,4114500.63,4114498.9,99.26,12323953.885645406
2021-02-01,0.0,0.0,3494500.0,0.0,0.0,6678300.0,13229900.0,0.0,0.0,4097650.7,0.0,0.0,4169262.69,4193878.3000000003,99.26,12460890.945645409
2021-02-02,0.0,0.0,3494500.0,0.0,0.0,6678300.0,13229900.0,0.0,0.0,4074237.55,0.0,0.0,4270772.85,4286487.600000001,99.26,12631597.255645407
2021-02-03,0.0,0.0,3494500.0,0.0,0.0,6678300.0,13229900.0,0.0,0.0,4041738.7,0.0,0.0,4325534.91,4352637.100000001,99.26,12720009.965645408
2021-02-04,0.0,0.0,3494500.0,0.0,0.0,6678300.0,13229900.0,0.0,0.0,4066549.65,0.0,0.0,4356255.09,4379096.9,99.26,12802000.895645408
2021-02-05,0.0,0.0,3494500.0,0.0,0.0,6678300.0,13229900.0,0.0,0.0,4096602.3499999996,0.0,0.0,4409681.49,4432016.5,99.26,12938399.595645407
2021-02-08,0.0,0.0,3494500.0,0.0,0.0,6678300.0,13229900.0,0.0,0.0,4143778.1,0.0,0.0,4471789.68,4511395.9,99.26,13127062.935645407
2021-02-09,0.0,0.0,3494500.0,0.0,0.0,6678300.0,13229900.0,0.0,0.0,4173131.9,0.0,0.0,4497167.22,4524625.800000001,99.26,13195024.175645407
2021-02-10,0.0,0.0,3494500.0,0.0,0.0,6678300.0,13229900.0,0.0,0.0,4213668.1,0.0,0.0,4503845.52,4524625.800000001,99.26,13242238.675645407
2021-02-18,0.0,0.0,3494500.0,0.0,0.0,6678300.0,13229900.0,0.0,0.0,4358340.4,0.0,0.0,4664124.72,4656924.8,99.26,13679489.17564541
2021-02-19,0.0,0.0,3494500.0,0.0,0.0,6678300.0,13229900.0,0.0,0.0,4437665.55,0.0,0.0,4596006.0600000005,4604005.199999999,99.26,13637776.065645406
2021-02-22,0.0,0.0,3494500.0,0.0,0.0,6678300.0,13229900.0,0.0,0.0,4570456.55,0.0,0.0,4706865.84,4749534.1,99.26,14026955.745645408
2021-02-23,0.0,0.0,3494500.0,0.0,0.0,6678300.0,13229900.0,0.0,0.0,4628465.25,0.0,0.0,4745599.98,4789223.8,99.26,14163388.285645409
2021-02-24,0.0,0.0,3494500.0,0.0,0.0,6678300.0,13229900.0,0.0,0.0,4602256.5,0.0,0.0,4839096.18,4895063.0,99.26,14336514.935645407
2021-02-25,0.0,0.0,3494500.0,0.0,0.0,6678300.0,13229900.0,0.0,0.0,4710586.0,0.0,0.0,4857795.42,4881833.1,99.26,14450313.775645407
2021-02-26,0.0,0.0,3547000.0,0.0,0.0,6638100.0,13114800.0,0.0,0.0,4747304.8,0.0,0.0,4747569.12,4747557.6,0.49,14242432.010673407
2021-03-01,0.0,0.0,3547000.0,0.0,0.0,6638100.0,13114800.0,0.0,0.0,4649052.9,0.0,0.0,4702430.04,4668868.8,0.49,14020352.23067341
2021-03-02,0.0,0.0,3547000.0,0.0,0.0,6638100.0,13114800.0,0.0,0.0,4573856.5,0.0,0.0,4612151.88,4616409.6,0.49,13802418.470673406
2021-03-03,0.0,0.0,3547000.0,0.0,0.0,6638100.0,13114800.0,0.0,0.0,4650826.399999999,0.0,0.0,4677869.07,4708213.2,0.49,14036909.160673406
2021-03-04,0.0,0.0,3547000.0,0.0,0.0,6638100.0,13114800.0,0.0,0.0,4573856.5,0.0,0.0,4877675.88,4904935.2,0.49,14356468.070673406
2021-03-05,0.0,0.0,3547000.0,0.0,0.0,6638100.0,13114800.0,0.0,0.0,4449711.5,0.0,0.0,5031015.99,5049198.0,0.49,14529925.980673408
2021-03-08,0.0,0.0,3547000.0,0.0,0.0,6638100.0,13114800.0,0.0,0.0,4500433.6,0.0,0.0,5001144.54,4957394.4,0.49,14458973.030673409
2021-03-09,0.0,0.0,3547000.0,0.0,0.0,6638100.0,13114800.0,0.0,0.0,4488728.5,0.0,0.0,4984549.29,4957394.4,0.49,14430672.680673407
2021-03-10,0.0,0.0,3547000.0,0.0,0.0,6638100.0,13114800.0,0.0,0.0,4440489.3,0.0,0.0,4973928.33,4983624.0,0.49,14398042.120673407
2021-03-11,0.0,0.0,3547000.0,0.0,0.0,6638100.0,13114800.0,0.0,0.0,4490856.7,0.0,0.0,5068189.35,5062312.8,0.49,14621359.34067341
2021-03-12,0.0,0.0,3547000.0,0.0,0.0,6638100.0,13114800.0,0.0,0.0,4527390.8,0.0,0.0,5054913.149999999,5036083.2,0.49,14618387.640673406
2021-03-15,0.0,0.0,3547000.0,0.0,0.0,6638100.0,13114800.0,0.0,0.0,4537677.100000001,0.0,0.0,5042964.57,5036083.2,0.49,14616725.360673409
2021-03-16,0.0,0.0,3547000.0,0.0,0.0,6638100.0,13114800.0,0.0,0.0,4549027.5,0.0,0.0,5005127.4,4996738.8,0.49,14550894.190673407
2021-03-17,0.0,0.0,3547000.0,0.0,0.0,6638100.0,13114800.0,0.0,0.0,4506818.2,0.0,0.0,4999153.11,4996738.8,0.49,14502710.600673407
2021-03-18,0.0,0.0,3547000.0,0.0,0.0,6638100.0,13114800.0,0.0,0.0,4527745.5,0.0,0.0,4726327.2,4708213.2,0.49,13962286.390673406
2021-03-19,0.0,0.0,3547000.0,0.0,0.0,6638100.0,13114800.0,0.0,0.0,4498305.4,0.0,0.0,4780095.81,4813131.6,0.49,14091533.300673408
2021-03-22,0.0,0.0,3547000.0,0.0,0.0,6638100.0,13114800.0,0.0,0.0,4537677.100000001,0.0,0.0,4796027.25,4813131.6,0.49,14146836.440673409
2021-03-23,0.0,0.0,3547000.0,0.0,0.0,6638100.0,13114800.0,0.0,0.0,4545835.2,0.0,0.0,4599539.489999999,4616409.6,0.49,13761784.780673407
2021-03-24,0.0,0.0,3547000.0,0.0,0.0,6638100.0,13114800.0,0.0,0.0,4505399.4,0.0,0.0,4761509.13,4800016.8,0.49,14066925.82067341
2021-03-25,0.0,0.0,3547000.0,0.0,0.0,6638100.0,13114800.0,0.0,0.0,4479506.3,0.0,0.0,4633393.8,4655754.0,0.49,13768654.590673408
2021-03-26,0.0,0.0,3547000.0,0.0,0.0,6638100.0,13114800.0,0.0,0.0,4466737.100000001,0.0,0.0,4803329.16,4813131.6,0.49,14083198.35067341
2021-03-29,0.0,0.0,3547000.0,0.0,0.0,6638100.0,13114800.0,0.0,0.0,4522070.3,0.0,0.0,4809967.26,4839361.2,0.49,14171399.250673406
2021-03-30,0.0,0.0,3547000.0,0.0,0.0,6638100.0,13114800.0,0.0,0.0,4528809.6,0.0,0.0,4796691.0600000005,4800016.8,0.49,14125517.950673409
2021-03-31,0.0,3522500.0,0.0,0.0,0.0,0.0,0.0,0.0,4653247.1575,0.0,0.0,0.0,0.0,0.0,9301447.47,13954694.623934157
2021-04-01,0.0,3522500.0,0.0,0.0,0.0,0.0,0.0,0.0,4753141.735,0.0,0.0,0.0,0.0,0.0,9301447.47,14054589.201434158
2021-04-02,0.0,3522500.0,0.0,0.0,0.0,0.0,0.0,0.0,4799297.052499999,0.0,0.0,0.0,0.0,0.0,9301447.47,14100744.518934157
2021-04-06,0.0,3522500.0,0.0,0.0,0.0,0.0,0.0,0.0,4777084.1675,0.0,0.0,0.0,0.0,0.0,9301447.47,14078531.633934159
2021-04-07,0.0,3522500.0,0.0,0.0,0.0,0.0,0.0,0.0,4799828.95,0.0,0.0,0.0,0.0,0.0,9301447.47,14101276.416434158
2021-04-08,0.0,3522500.0,0.0,0.0,0.0,0.0,0.0,0.0,4813661.8075,0.0,0.0,0.0,0.0,0.0,9301447.47,14115109.27393416
2021-04-09,0.0,3522500.0,0.0,0.0,0.0,0.0,0.0,0.0,4826166.682499999,0.0,0.0,0.0,0.0,0.0,9301447.47,14127614.148934158
2021-04-12,0.0,3522500.0,0.0,0.0,0.0,0.0,0.0,0.0,4805813.6775,0.0,0.0,0.0,0.0,0.0,9301447.47,14107261.143934159
2021-04-13,0.0,3522500.0,0.0,0.0,0.0,0.0,0.0,0.0,4766308.84,0.0,0.0,0.0,0.0,0.0,9301447.47,14067756.306434158
2021-04-14,0.0,3522500.0,0.0,0.0,0.0,0.0,0.0,0.0,4805683.345,0.0,0.0,0.0,0.0,0.0,9301447.47,14107130.811434157
2021-04-15,0.0,3522500.0,0.0,0.0,0.0,0.0,0.0,0.0,4804351.84,0.0,0.0,0.0,0.0,0.0,9301447.47,14105799.306434158
2021-04-16,0.0,3522500.0,0.0,0.0,0.0,0.0,0.0,0.0,4847048.0625,0.0,0.0,0.0,0.0,0.0,9301447.47,14148495.528934158
2021-04-19,0.0,3522500.0,0.0,0.0,0.0,0.0,0.0,0.0,4884693.02,0.0,0.0,0.0,0.0,0.0,9301447.47,14186140.486434158
2021-04-20,0.0,3522500.0,0.0,0.0,0.0,0.0,0.0,0.0,4842127.13,0.0,0.0,0.0,0.0,0.0,9301447.47,14143574.596434157
2021-04-21,0.0,3522500.0,0.0,0.0,0.0,0.0,0.0,0.0,4883893.4125,0.0,0.0,0.0,0.0,0.0,9301447.47,14185340.878934158
2021-04-22,0.0,3522500.0,0.0,0.0,0.0,0.0,0.0,0.0,4891075.79,0.0,0.0,0.0,0.0,0.0,9301447.47,14192523.256434157
2021-04-23,0.0,3522500.0,0.0,0.0,0.0,0.0,0.0,0.0,4872720.0425,0.0,0.0,0.0,0.0,0.0,9301447.47,14174167.508934159
2021-04-26,0.0,3522500.0,0.0,0.0,0.0,0.0,0.0,0.0,4859552.9375,0.0,0.0,0.0,0.0,0.0,9301447.47,14161000.403934158
2021-04-27,0.0,3522500.0,0.0,0.0,0.0,0.0,0.0,0.0,4861416.34,0.0,0.0,0.0,0.0,0.0,9301447.47,14162863.806434158
2021-04-28,0.0,3522500.0,0.0,0.0,0.0,0.0,0.0,0.0,4822707.5875,0.0,0.0,0.0,0.0,0.0,9301447.47,14124155.053934159
2021-04-29,0.0,3522500.0,0.0,0.0,0.0,0.0,0.0,0.0,4854364.295,0.0,0.0,0.0,0.0,0.0,9301447.47,14155811.761434158
2021-04-30,0.0,0.0,3471200.0,3883600.0,5364100.0,0.0,0.0,0.0,0.0,4710418.4,4710418.44,4693587.5,0.0,0.0,41.67,14114466.008206408
2021-05-06,0.0,0.0,3471200.0,3883600.0,5364100.0,0.0,0.0,0.0,0.0,4780536.64,4880131.76,4795505.4,0.0,0.0,41.67,14456215.468206406
2021-05-07,0.0,0.0,3471200.0,3883600.0,5364100.0,0.0,0.0,0.0,0.0,4846836.5600000005,4953143.44,4918879.7,0.0,0.0,41.67,14718901.368206408
2021-05-10,0.0,0.0,3471200.0,3883600.0,5364100.0,0.0,0.0,0.0,0.0,4949236.96,5002465.16,4945700.2,0.0,0.0,41.67,14897443.988206409
2021-05-11,0.0,0.0,3471200.0,3883600.0,5364100.0,0.0,0.0,0.0,0.0,4888490.96,5066544.56,4929607.9,0.0,0.0,41.67,14884685.088206407
2021-05-12,0.0,0.0,3471200.0,3883600.0,5364100.0,0.0,0.0,0.0,0.0,4915219.2,5191596.4799999995,4913515.600000001,0.0,0.0,41.67,15020372.94820641
2021-05-13,0.0,0.0,3471200.0,3883600.0,5364100.0,0.0,0.0,0.0,0.0,4862804.08,5227325.600000001,4902787.4,0.0,0.0,41.67,14992958.748206407
2021-05-14,0.0,0.0,3471200.0,3883600.0,5364100.0,0.0,0.0,0.0,0.0,4791297.36,5054893.760000001,4843782.3,0.0,0.0,41.67,14690015.08820641
2021-05-17,0.0,0.0,3471200.0,3883600.0,5364100.0,0.0,0.0,0.0,0.0,4822538.16,5018387.92,4934972.0,0.0,0.0,41.67,14775939.748206407
2021-05-18,0.0,0.0,3471200.0,3883600.0,5364100.0,0.0,0.0,0.0,0.0,4899598.8,4982270.4399999995,5058346.3,0.0,0.0,41.67,14940257.208206408
2021-05-19,0.0,0.0,3471200.0,3883600.0,5364100.0,0.0,0.0,0.0,0.0,4875994.640000001,4979163.5600000005,5058346.3,0.0,0.0,41.67,14913546.168206409
2021-05-20,0.0,0.0,3471200.0,3883600.0,5364100.0,0.0,0.0,0.0,0.0,4750337.2,4749254.44,4972520.7,0.0,0.0,41.67,14472154.008206408
2021-05-21,0.0,0.0,3471200.0,3883600.0,5364100.0,0.0,0.0,0.0,0.0,4721526.24,4633911.5200000005,4945700.2,0.0,0.0,41.67,14301179.62820641
2021-05-24,0.0,0.0,3471200.0,3883600.0,5364100.0,0.0,0.0,0.0,0.0,4662515.84,4595075.5200000005,4908151.5,0.0,0.0,41.67,14165784.528206408
2021-05-25,0.0,0.0,3471200.0,3883600.0,5364100.0,0.0,0.0,0.0,0.0,4686814.24,4690223.72,4908151.5,0.0,0.0,41.67,14285231.12820641
2021-05-26,0.0,0.0,3471200.0,3883600.0,5364100.0,0.0,0.0,0.0,0.0,4677789.12,4680903.08,4956428.4,0.0,0.0,41.67,14315162.268206406
2021-05-27,0.0,0.0,3471200.0,3883600.0,5364100.0,0.0,0.0,0.0,0.0,4687161.36,4697602.56,4897423.3,0.0,0.0,41.67,14282228.888206407
2021-05-28,0.0,0.0,3471200.0,3883600.0,5364100.0,0.0,0.0,0.0,0.0,4798586.88,4718574.0,4875966.9,0.0,0.0,41.67,14393169.448206406
2021-05-31,0.0,3341300.0,0.0,0.0,5293000.0,0.0,12503000.0,0.0,4832518.8487,0.0,0.0,4832509.0,0.0,4813655.0,7.35,14478690.1942098
2021-06-01,0.0,3341300.0,0.0,0.0,5293000.0,0.0,12503000.0,0.0,4862045.9168,0.0,0.0,4885439.0,0.0,4888673.0,7.35,14636165.262309797
2021-06-02,0.0,3341300.0,0.0,0.0,5293000.0,0.0,12503000.0,0.0,4793786.4991,0.0,0.0,4880146.0,0.0,4951188.0,7.35,14625127.844609797
2021-06-03,0.0,3341300.0,0.0,0.0,5293000.0,0.0,12503000.0,0.0,4762495.2246,0.0,0.0,4858974.0,0.0,4963691.0,7.35,14585167.5701098
2021-06-04,0.0,3341300.0,0.0,0.0,5293000.0,0.0,12503000.0,0.0,4725904.6483,0.0,0.0,4716063.0,0.0,5013703.0,7.35,14455677.993809797
2021-06-07,0.0,3341300.0,0.0,0.0,5293000.0,0.0,12503000.0,0.0,4747983.958699999,0.0,0.0,4768993.0,0.0,5001200.0,7.35,14518184.304209799
2021-06-08,0.0,3341300.0,0.0,0.0,5293000.0,0.0,12503000.0,0.0,4760477.0794,0.0,0.0,4800751.0,0.0,5051212.0,7.35,14612447.424909797
2021-06-09,0.0,3341300.0,0.0,0.0,5293000.0,0.0,12503000.0,0.0,4768930.5684,0.0,0.0,4768993.0,0.0,5026206.0,7.35,14564136.913909797
2021-06-10,0.0,3341300.0,0.0,0.0,5293000.0,0.0,12503000.0,0.0,4753283.2605,0.0,0.0,4779579.0,0.0,5051212.0,7.35,14584081.606009796
2021-06-11,0.0,3341300.0,0.0,0.0,5293000.0,0.0,12503000.0,0.0,4793659.5297,0.0,0.0,4816630.0,0.0,5063715.0,7.35,14674011.875209797
2021-06-15,0.0,3341300.0,0.0,0.0,5293000.0,0.0,12503000.0,0.0,4718964.7682,0.0,0.0,4784872.0,0.0,5163739.0,7.35,14667583.113709796
2021-06-16,0.0,3341300.0,0.0,0.0,5293000.0,0.0,12503000.0,0.0,4707861.6283,0.0,0.0,4768993.0,0.0,5151236.0,7.35,14628097.973809797
2021-06-17,0.0,3341300.0,0.0,0.0,5293000.0,0.0,12503000.0,0.0,4620423.1486,0.0,0.0,4721356.0,0.0,5088721.0,7.35,14430507.494109798
2021-06-18,0.0,3341300.0,0.0,0.0,5293000.0,0.0,12503000.0,0.0,4582950.4691,0.0,0.0,4514929.0,0.0,5113727.0,7.35,14211613.8146098
2021-06-21,0.0,3341300.0,0.0,0.0,5293000.0,0.0,12503000.0,0.0,4577651.1673,0.0,0.0,4499050.0,0.0,5213751.0,7.35,14290459.512809798
2021-06-22,0.0,3341300.0,0.0,0.0,5293000.0,0.0,12503000.0,0.0,4589763.379799999,0.0,0.0,4514929.0,0.0,5226254.0,7.35,14330953.725309797
2021-06-23,0.0,3341300.0,0.0,0.0,5293000.0,0.0,12503000.0,0.0,4594307.5478,0.0,0.0,4514929.0,0.0,5263763.0,7.35,14373006.893309798
2021-06-24,0.0,3341300.0,0.0,0.0,5293000.0,0.0,12503000.0,0.0,4574750.9189,0.0,0.0,4546687.0,0.0,5288769.0,7.35,14410214.2644098
2021-06-25,0.0,3341300.0,0.0,0.0,5293000.0,0.0,12503000.0,0.0,4579164.7762,0.0,0.0,4546687.0,0.0,5326278.0,7.35,14452137.121709798
2021-06-28,0.0,3341300.0,0.0,0.0,5293000.0,0.0,12503000.0,0.0,4584213.4805,0.0,0.0,4541394.0,0.0,5251260.0,7.35,14376874.826009799
2021-06-29,0.0,3341300.0,0.0,0.0,5293000.0,0.0,12503000.0,0.0,4561125.0975,0.0,0.0,4541394.0,0.0,5276266.0,7.35,14378792.443009797
2021-06-30,0.0,0.0,0.0,3736400.0,0.0,5661800.0,11264500.0,0.0,0.0,0.0,4739997.04,0.0,4753647.28,4753619.0,12.52,14247275.842360578
2021-07-01,0.0,0.0,0.0,3736400.0,0.0,5661800.0,11264500.0,0.0,0.0,0.0,4742612.5200000005,0.0,4821588.88,4821206.0,12.52,14385419.922360579
2021-07-02,0.0,0.0,0.0,3736400.0,0.0,5661800.0,11264500.0,0.0,0.0,0.0,4745228.0,0.0,4850464.0600000005,4843735.0,12.52,14439439.582360579
2021-07-05,0.0,0.0,0.0,3736400.0,0.0,5661800.0,11264500.0,0.0,0.0,0.0,4849847.2,0.0,4859522.9399999995,4843735.0,12.52,14553117.662360579
2021-07-06,0.0,0.0,0.0,3736400.0,0.0,5661800.0,11264500.0,0.0,0.0,0.0,4935410.76,0.0,4754213.46,4742354.5,12.52,14431991.242360577
2021-07-07,0.0,0.0,0.0,3736400.0,0.0,5661800.0,11264500.0,0.0,0.0,0.0,4854330.88,0.0,4654565.78,4652238.5,12.52,14161147.682360578
2021-07-08,0.0,0.0,0.0,3736400.0,0.0,5661800.0,11264500.0,0.0,0.0,0.0,4816219.6,0.0,4714580.86,4719825.5,12.52,14250638.48236058
2021-07-09,0.0,0.0,0.0,3736400.0,0.0,5661800.0,11264500.0,0.0,0.0,0.0,4848352.640000001,0.0,4811397.64,4798677.0,12.52,14458439.80236058
2021-07-12,0.0,0.0,0.0,3736400.0,0.0,5661800.0,11264500.0,0.0,0.0,0.0,4929806.159999999,0.0,4795544.6,4787412.5,12.52,14512775.782360576
2021-07-13,0.0,0.0,0.0,3736400.0,0.0,5661800.0,11264500.0,0.0,0.0,0.0,4997061.359999999,0.0,4864052.38,4854999.5,12.52,14716125.762360577
2021-07-14,0.0,0.0,0.0,3736400.0,0.0,5661800.0,11264500.0,0.0,0.0,0.0,5083372.2,0.0,4781956.28,4753619.0,12.52,14618960.002360579
2021-07-15,0.0,0.0,0.0,3736400.0,0.0,5661800.0,11264500.0,0.0,0.0,0.0,5028820.760000001,0.0,4699294.0,4686032.0,12.52,14414159.28236058
2021-07-16,0.0,0.0,0.0,3736400.0,0.0,5661800.0,11264500.0,0.0,0.0,0.0,5078888.52,0.0,4701558.72,4686032.0,12.52,14466491.762360577
2021-07-19,0.0,0.0,0.0,3736400.0,0.0,5661800.0,11264500.0,0.0,0.0,0.0,5154363.8,0.0,4415637.82,4415684.0,12.52,13985698.14236058
2021-07-20,0.0,0.0,0.0,3736400.0,0.0,5661800.0,11264500.0,0.0,0.0,0.0,5115878.88,0.0,4465461.66,4472006.5,12.52,14053359.562360577
2021-07-21,0.0,0.0,0.0,3736400.0,0.0,5661800.0,11264500.0,0.0,0.0,0.0,5139044.56,0.0,4625124.42,4618445.0,12.52,14382626.502360579
2021-07-22,0.0,0.0,0.0,3736400.0,0.0,5661800.0,11264500.0,0.0,0.0,0.0,5191727.8,0.0,4682308.6,4663503.0,12.52,14537551.922360577
2021-07-23,0.0,0.0,0.0,3736400.0,0.0,5661800.0,11264500.0,0.0,0.0,0.0,5211904.36,0.0,4718544.12,4697296.5,12.52,14627757.502360579
2021-07-26,0.0,0.0,0.0,3736400.0,0.0,5661800.0,11264500.0,0.0,0.0,0.0,5136802.72,0.0,4744022.22,4719825.5,12.52,14600662.962360578
2021-07-27,0.0,0.0,0.0,3736400.0,0.0,5661800.0,11264500.0,0.0,0.0,0.0,5147264.64,0.0,4731566.26,4708561.0,12.52,14587404.422360577
2021-07-28,0.0,0.0,0.0,3736400.0,0.0,5661800.0,11264500.0,0.0,0.0,0.0,5134187.24,0.0,4760441.44,4742354.5,12.52,14636995.702360578
2021-07-29,0.0,0.0,0.0,3736400.0,0.0,5661800.0,11264500.0,0.0,0.0,0.0,5182386.8,0.0,4840839.0,4809941.5,12.52,14833179.822360579
2021-07-30,0.0,3506300.0,3469700.0,3507100.0,0.0,0.0,0.0,0.0,4934387.9396,4944669.47,4944660.29,0.0,0.0,0.0,83.31,14823801.0062567
2021-08-02,0.0,3506300.0,3469700.0,3507100.0,0.0,0.0,0.0,0.0,4874142.693,4944322.5,4821210.37,0.0,0.0,0.0,83.31,14639758.8696567
2021-08-03,0.0,3506300.0,3469700.0,3507100.0,0.0,0.0,0.0,0.0,4882484.1807,4892970.9399999995,4740196.359999999,0.0,0.0,0.0,83.31,14515734.787356699
2021-08-04,0.0,3506300.0,3469700.0,3507100.0,0.0,0.0,0.0,0.0,4889503.7933,4843701.199999999,4752471.21,0.0,0.0,0.0,83.31,14485759.509956699
2021-08-05,0.0,3506300.0,3469700.0,3507100.0,0.0,0.0,0.0,0.0,4880366.3755,4828434.52,4746158.43,0.0,0.0,0.0,83.31,14455042.6321567
2021-08-06,0.0,3506300.0,3469700.0,3507100.0,0.0,0.0,0.0,0.0,4854149.770400001,4862437.58,4702319.68,0.0,0.0,0.0,83.31,14418990.3370567
2021-08-09,0.0,3506300.0,3469700.0,3507100.0,0.0,0.0,0.0,0.0,4733796.022899999,4841619.38,4696357.609999999,0.0,0.0,0.0,83.31,14271856.319556698
2021-08-10,0.0,3506300.0,3469700.0,3507100.0,0.0,0.0,0.0,0.0,4708508.5873,4808657.2299999995,4746509.14,0.0,0.0,0.0,83.31,14263758.2639567
2021-08-11,0.0,3506300.0,3469700.0,3507100.0,0.0,0.0,0.0,0.0,4693943.4171,4859314.850000001,4820158.24,0.0,0.0,0.0,83.31,14373499.8137567
2021-08-12,0.0,3506300.0,3469700.0,3507100.0,0.0,0.0,0.0,0.0,4751141.689,4910319.44,4783684.4,0.0,0.0,0.0,83.31,14445228.8356567
2021-08-13,0.0,3506300.0,3469700.0,3507100.0,0.0,0.0,0.0,0.0,4762659.8845,4888807.3,4730376.48,0.0,0.0,0.0,83.31,14381926.9711567
2021-08-16,0.0,3506300.0,3469700.0,3507100.0,0.0,0.0,0.0,0.0,4807147.8189,4909278.53,4747210.56,0.0,0.0,0.0,83.31,14463720.2155567
2021-08-17,0.0,3506300.0,3469700.0,3507100.0,0.0,0.0,0.0,0.0,4853224.1072,4910666.41,4704423.9399999995,0.0,0.0,0.0,83.31,14468397.7638567
2021-08-18,0.0,3506300.0,3469700.0,3507100.0,0.0,0.0,0.0,0.0,4846737.452199999,4866948.19,4729675.0600000005,0.0,0.0,0.0,83.31,14443444.0088567
2021-08-19,0.0,3506300.0,3469700.0,3507100.0,0.0,0.0,0.0,0.0,4829525.0255,4795125.399999999,4672158.62,0.0,0.0,0.0,83.31,14296892.352156699
2021-08-20,0.0,3506300.0,3469700.0,3507100.0,0.0,0.0,0.0,0.0,4849121.7362,4723996.55,4661637.319999999,0.0,0.0,0.0,83.31,14234838.912856698
2021-08-23,0.0,3506300.0,3469700.0,3507100.0,0.0,0.0,0.0,0.0,4839454.8671,4776735.99,4802622.74,0.0,0.0,0.0,83.31,14418896.9037567
2021-08-24,0.0,3506300.0,3469700.0,3507100.0,0.0,0.0,0.0,0.0,4875334.835,4822189.06,4884688.88,0.0,0.0,0.0,83.31,14582296.081656698
2021-08-25,0.0,3506300.0,3469700.0,3507100.0,0.0,0.0,0.0,0.0,4848722.018,4873887.59,4910992.13,0.0,0.0,0.0,83.31,14633685.044656698
2021-08-26,0.0,3506300.0,3469700.0,3507100.0,0.0,0.0,0.0,0.0,4834027.1147,4877704.26,4882935.33,0.0,0.0,0.0,83.31,14594750.011356698
2021-08-27,0.0,3506300.0,3469700.0,3507100.0,0.0,0.0,0.0,0.0,4874142.693,4854457.2700000005,4798063.510000001,0.0,0.0,0.0,83.31,14526746.7796567
2021-08-30,0.0,3506300.0,3469700.0,3507100.0,0.0,0.0,0.0,0.0,4888311.6513,4923504.3,4848565.75,0.0,0.0,0.0,83.31,14660465.007956699
2021-08-31,0.0,3506300.0,3422900.0,3507100.0,0.0,0.0,0.0,0.0,4888974.341999999,4897827.61,4839798.0,0.0,0.0,0.0,66982.54,14693582.4888207
2021-09-01,0.0,3506300.0,3422900.0,3507100.0,0.0,0.0,0.0,0.0,4886590.057999999,4867363.8,4852072.85,0.0,0.0,0.0,66982.54,14673009.2448207
2021-09-02,0.0,3506300.0,3422900.0,3507100.0,0.0,0.0,0.0,0.0,4885397.915999999,4839638.31,4917655.619999999,0.0,0.0,0.0,66982.54,14709674.3828207
2021-09-03,0.0,3506300.0,3422900.0,3507100.0,0.0,0.0,0.0,0.0,4881029.0662,4854356.779999999,4922565.56,0.0,0.0,0.0,66982.54,14724933.9430207
2021-09-06,0.0,3506300.0,3422900.0,3507100.0,0.0,0.0,0.0,0.0,4912806.6631000005,4885847.46,5023570.04,0.0,0.0,0.0,66982.54,14889206.6999207
2021-09-07,0.0,3506300.0,3422900.0,3507100.0,0.0,0.0,0.0,0.0,4900755.51,4875578.760000001,5152631.32,0.0,0.0,0.0,66982.54,14995948.1268207
2021-09-08,0.0,3506300.0,3422900.0,3507100.0,0.0,0.0,0.0,0.0,4853620.3191,4876605.63,5111948.96,0.0,0.0,0.0,66982.54,14909157.4459207
2021-09-09,0.0,3506300.0,3422900.0,3507100.0,0.0,0.0,0.0,0.0,4831776.070099999,4909123.18,5173323.21,0.0,0.0,0.0,66982.54,14981204.9969207
2021-09-10,0.0,3506300.0,3422900.0,3507100.0,0.0,0.0,0.0,0.0,4843560.7444,4980319.5,5096517.72,0.0,0.0,0.0,66982.54,14987380.501220701
2021-09-13,0.0,3506300.0,3422900.0,3507100.0,0.0,0.0,0.0,0.0,4828595.856,5067945.739999999,5155787.71,0.0,0.0,0.0,66982.54,15119311.842820698
2021-09-14,0.0,3506300.0,3422900.0,3507100.0,0.0,0.0,0.0,0.0,4829258.5467,4969366.22,5124925.23,0.0,0.0,0.0,66982.54,14990532.5335207
2021-09-15,0.0,3506300.0,3422900.0,3507100.0,0.0,0.0,0.0,0.0,4843427.505,4923499.359999999,5181389.54,0.0,0.0,0.0,66982.54,15015298.941820698
2021-09-16,0.0,3506300.0,3422900.0,3507100.0,0.0,0.0,0.0,0.0,4804500.562399999,4958755.23,5344820.4,0.0,0.0,0.0,66982.54,15175058.7292207
2021-09-17,0.0,3506300.0,3422900.0,3507100.0,0.0,0.0,0.0,0.0,4760938.2912,4925210.8100000005,5280289.76,0.0,0.0,0.0,66982.54,15033421.3980207
2021-09-22,0.0,3506300.0,3422900.0,3507100.0,0.0,0.0,0.0,0.0,4818799.2538,4909465.47,5418820.21,0.0,0.0,0.0,66982.54,15214067.470620701
2021-09-23,0.0,3506300.0,3422900.0,3507100.0,0.0,0.0,0.0,0.0,4771134.6116,4946775.08,5672383.54,0.0,0.0,0.0,66982.54,15457275.768420702
2021-09-24,0.0,3506300.0,3422900.0,3507100.0,0.0,0.0,0.0,0.0,4746772.8392,4971077.67,5668175.0200000005,0.0,0.0,0.0,66982.54,15453008.0660207
2021-09-27,0.0,3506300.0,3422900.0,3507100.0,0.0,0.0,0.0,0.0,4760012.6280000005,4988192.17,5829150.91,0.0,0.0,0.0,66982.54,15644338.244820701
2021-09-28,0.0,3506300.0,3422900.0,3507100.0,0.0,0.0,0.0,0.0,4719763.8103,4921787.91,5992581.7700000005,0.0,0.0,0.0,66982.54,15701116.0271207
2021-09-29,0.0,3506300.0,3422900.0,3507100.0,0.0,0.0,0.0,0.0,4706920.233399999,4910150.050000001,6097794.77,0.0,0.0,0.0,66982.54,15781847.5902207
2021-09-30,0.0,0.0,0.0,3014100.0,0.0,5885900.0,12099500.0,0.0,0.0,0.0,5236697.34,0.0,5236685.23,5214884.5,28.91,15688295.98218325
2021-10-08,0.0,0.0,0.0,3014100.0,0.0,5885900.0,12099500.0,0.0,0.0,0.0,5313858.3,0.0,5494487.65,5456874.5,28.91,16265249.362183249
2021-10-11,0.0,0.0,0.0,3014100.0,0.0,5885900.0,12099500.0,0.0,0.0,0.0,5534189.01,0.0,5544517.8,5505272.5,28.91,16584008.222183248
2021-10-12,0.0,0.0,0.0,3014100.0,0.0,5885900.0,12099500.0,0.0,0.0,0.0,5808472.11,0.0,5528037.28,5493173.0,28.91,16829711.302183248
2021-10-13,0.0,0.0,0.0,3014100.0,0.0,5885900.0,12099500.0,0.0,0.0,0.0,5875987.95,0.0,5542752.03,5517372.0,28.91,16936140.89218325
2021-10-14,0.0,0.0,0.0,3014100.0,0.0,5885900.0,12099500.0,0.0,0.0,0.0,5811486.21,0.0,5567472.81,5541571.0,28.91,16920558.93218325
2021-10-15,0.0,0.0,0.0,3014100.0,0.0,5885900.0,12099500.0,0.0,0.0,0.0,5942298.15,0.0,5613971.42,5577869.5,28.91,17134167.982183248
2021-10-18,0.0,0.0,0.0,3014100.0,0.0,5885900.0,12099500.0,0.0,0.0,0.0,6131885.040000001,0.0,5583364.74,5553670.5,28.91,17268949.19218325
2021-10-19,0.0,0.0,0.0,3014100.0,0.0,5885900.0,12099500.0,0.0,0.0,0.0,6422745.69,0.0,5622800.2700000005,5589969.0,28.91,17635543.87218325
2021-10-20,0.0,0.0,0.0,3014100.0,0.0,5885900.0,12099500.0,0.0,0.0,0.0,6133392.09,0.0,5651052.59,5614168.0,28.91,17398641.592183247
2021-10-21,0.0,0.0,0.0,3014100.0,0.0,5885900.0,12099500.0,0.0,0.0,0.0,5826255.3,0.0,5560409.7299999995,5541571.0,28.91,16928264.94218325
2021-10-22,0.0,0.0,0.0,3014100.0,0.0,5885900.0,12099500.0,0.0,0.0,0.0,5518515.6899999995,0.0,5633983.48,5602068.5,28.91,16754596.58218325
2021-10-25,0.0,0.0,0.0,3014100.0,0.0,5885900.0,12099500.0,0.0,0.0,0.0,5398253.1,0.0,5636337.84,5589969.0,28.91,16624588.852183249
2021-10-26,0.0,0.0,0.0,3014100.0,0.0,5885900.0,12099500.0,0.0,0.0,0.0,5277689.1,0.0,5671064.65,5626267.5,28.91,16575050.16218325
2021-10-27,0.0,0.0,0.0,3014100.0,0.0,5885900.0,12099500.0,0.0,0.0,0.0,5077552.86,0.0,5542163.44,5505272.5,28.91,16125017.71218325
2021-10-28,0.0,0.0,0.0,3014100.0,0.0,5885900.0,12099500.0,0.0,0.0,0.0,4730931.36,0.0,5563352.680000001,5541571.0,28.91,15835883.95218325
2021-10-29,0.0,0.0,0.0,0.0,6927600.0,5578000.0,11536500.0,0.0,0.0,0.0,0.0,5251120.8,5260611.8,5260644.0,19.87,15772396.472177248
2021-11-01,0.0,0.0,0.0,0.0,6927600.0,5578000.0,11536500.0,0.0,0.0,0.0,0.0,5202627.6,5324758.8,5318326.5,19.87,15845732.772177247
2021-11-02,0.0,0.0,0.0,0.0,6927600.0,5578000.0,11536500.0,0.0,0.0,0.0,0.0,5251120.8,5306351.4,5306790.0,19.87,15864282.072177248
2021-11-03,0.0,0.0,0.0,0.0,6927600.0,5578000.0,11536500.0,0.0,0.0,0.0,0.0,5161062.0,5133433.4,5133742.5,19.87,15428257.77217725
2021-11-04,0.0,0.0,0.0,0.0,6927600.0,5578000.0,11536500.0,0.0,0.0,0.0,0.0,5119496.4,5094387.4,5099133.0,19.87,15313036.67217725
2021-11-05,0.0,0.0,0.0,0.0,6927600.0,5578000.0,11536500.0,0.0,0.0,0.0,0.0,5223410.4,5210967.600000001,5226034.5,19.87,15660432.372177249
2021-11-08,0.0,0.0,0.0,0.0,6927600.0,5578000.0,11536500.0,0.0,0.0,0.0,0.0,5285758.8,5257822.8,5272180.5,19.87,15815781.972177248
2021-11-09,0.0,0.0,0.0,0.0,6927600.0,5578000.0,11536500.0,0.0,0.0,0.0,0.0,5334252.0,5313602.8,5329863.0,19.87,15977737.67217725
2021-11-10,0.0,0.0,0.0,0.0,6927600.0,5578000.0,11536500.0,0.0,0.0,0.0,0.0,5306541.600000001,5212083.2,5214498.0,19.87,15733142.67217725
2021-11-11,0.0,0.0,0.0,0.0,6927600.0,5578000.0,11536500.0,0.0,0.0,0.0,0.0,5438166.0,5199253.8,5214498.0,19.87,15851937.67217725
2021-11-12,0.0,0.0,0.0,0.0,6927600.0,5578000.0,11536500.0,0.0,0.0,0.0,0.0,5521297.2,5174710.6,5191425.0,19.87,15887452.67217725
2021-11-15,0.0,0.0,0.0,0.0,6927600.0,5578000.0,11536500.0,0.0,0.0,0.0,0.0,5500514.4,5151283.0,5168352.0,19.87,15820169.27217725
2021-11-16,0.0,0.0,0.0,0.0,6927600.0,5578000.0,11536500.0,0.0,0.0,0.0,0.0,5465876.4,5175268.399999999,5191425.0,19.87,15832589.67217725
2021-11-17,0.0,0.0,0.0,0.0,6927600.0,5578000.0,11536500.0,0.0,0.0,0.0,0.0,5472804.0,5083231.4,5099133.0,19.87,15655188.27217725
2021-11-18,0.0,0.0,0.0,0.0,6927600.0,5578000.0,11536500.0,0.0,0.0,0.0,0.0,5472804.0,5097734.2,5122206.0,19.87,15692764.072177248
2021-11-19,0.0,0.0,0.0,0.0,6927600.0,5578000.0,11536500.0,0.0,0.0,0.0,0.0,5417383.2,4955495.2,4983768.0,19.87,15356666.27217725
2021-11-22,0.0,0.0,0.0,0.0,6927600.0,5578000.0,11536500.0,0.0,0.0,0.0,0.0,5403528.0,5028009.2,5041450.5,19.87,15473007.572177248
2021-11-23,0.0,0.0,0.0,0.0,6927600.0,5578000.0,11536500.0,0.0,0.0,0.0,0.0,5327324.4,5166901.4,5168352.0,19.87,15662597.67217725
2021-11-24,0.0,0.0,0.0,0.0,6927600.0,5578000.0,11536500.0,0.0,0.0,0.0,0.0,5112568.8,5154629.8,5145279.0,19.87,15412497.472177248
2021-11-25,0.0,0.0,0.0,0.0,6927600.0,5578000.0,11536500.0,0.0,0.0,0.0,0.0,5119496.4,5148494.0,5145279.0,19.87,15413289.27217725
2021-11-26,0.0,0.0,0.0,0.0,6927600.0,5578000.0,11536500.0,0.0,0.0,0.0,0.0,5119496.4,4628624.399999999,4649209.5,19.87,14397350.17217725
2021-11-29,0.0,0.0,0.0,0.0,6927600.0,5578000.0,11536500.0,0.0,0.0,0.0,0.0,5077930.8,4680499.8,4683819.0,19.87,14442269.472177248
2021-11-30,3964900.0,3413400.0,3208900.0,0.0,0.0,0.0,0.0,4654792.6,4640083.7982,4654830.34,0.0,0.0,0.0,0.0,49.4,13949756.13566579
2021-12-01,3964900.0,3413400.0,3208900.0,0.0,0.0,0.0,0.0,4615540.09,4625003.397,4649054.32,0.0,0.0,0.0,0.0,49.4,13889647.204465788
2021-12-02,3964900.0,3413400.0,3208900.0,0.0,0.0,0.0,0.0,4618712.01,4602833.364,4625308.46,0.0,0.0,0.0,0.0,49.4,13846903.231465787
2021-12-03,3964900.0,3413400.0,3208900.0,0.0,0.0,0.0,0.0,4687304.779999999,4597805.425799999,4628838.25,0.0,0.0,0.0,0.0,49.4,13913997.853265788
2021-12-06,3964900.0,3413400.0,3208900.0,0.0,0.0,0.0,0.0,4701578.42,4633250.1714,4613114.64,0.0,0.0,0.0,0.0,49.4,13947992.62886579
2021-12-07,3964900.0,3413400.0,3208900.0,0.0,0.0,0.0,0.0,4646862.8,4626675.963,4602525.27,0.0,0.0,0.0,0.0,49.4,13876113.430465788
2021-12-08,3964900.0,3413400.0,3208900.0,0.0,0.0,0.0,0.0,4611971.68,4629771.9168,4640390.29,0.0,0.0,0.0,0.0,49.4,13882183.284265786
2021-12-09,3964900.0,3413400.0,3208900.0,0.0,0.0,0.0,0.0,4677392.53,4616367.495,4650016.99,0.0,0.0,0.0,0.0,49.4,13943826.412465788
2021-12-10,3964900.0,3413400.0,3208900.0,0.0,0.0,0.0,0.0,4732504.64,4606055.6136,4632047.15,0.0,0.0,0.0,0.0,49.4,13970656.801065788
2021-12-13,3964900.0,3413400.0,3208900.0,0.0,0.0,0.0,0.0,4767792.25,4626935.3814,4635576.94,0.0,0.0,0.0,0.0,49.4,14030353.96886579
2021-12-14,3964900.0,3413400.0,3208900.0,0.0,0.0,0.0,0.0,4709904.71,4628225.6466,4624987.57,0.0,0.0,0.0,0.0,49.4,13963167.32406579
2021-12-15,3964900.0,3413400.0,3208900.0,0.0,0.0,0.0,0.0,4746778.28,4581694.177800001,4589689.67,0.0,0.0,0.0,0.0,49.4,13918211.52526579
2021-12-16,3964900.0,3413400.0,3208900.0,0.0,0.0,0.0,0.0,4789599.2,4624487.973599999,4551182.87,0.0,0.0,0.0,0.0,49.4,13965319.441065788
2021-12-17,3964900.0,3413400.0,3208900.0,0.0,0.0,0.0,0.0,4815371.05,4682874.180600001,4657076.57,0.0,0.0,0.0,0.0,49.4,14155371.198065788
2021-12-20,3964900.0,3413400.0,3208900.0,0.0,0.0,0.0,0.0,4806648.27,4670374.3098,4648412.54,0.0,0.0,0.0,0.0,49.4,14125484.517265785
2021-12-21,3964900.0,3413400.0,3208900.0,0.0,0.0,0.0,0.0,4814578.069999999,4643821.4712000005,4633972.49,0.0,0.0,0.0,0.0,49.4,14092421.42866579
2021-12-22,3964900.0,3413400.0,3208900.0,0.0,0.0,0.0,0.0,4826869.26,4630027.921800001,4678576.2,0.0,0.0,0.0,0.0,49.4,14135522.779265787
2021-12-23,3964900.0,3413400.0,3208900.0,0.0,0.0,0.0,0.0,4893876.069999999,4680297.0636,4737940.85,0.0,0.0,0.0,0.0,49.4,14312163.38106579
2021-12-24,3964900.0,3413400.0,3208900.0,0.0,0.0,0.0,0.0,4942644.34,4690868.363399999,4738261.739999999,0.0,0.0,0.0,0.0,49.4,14371823.840865787
2021-12-27,3964900.0,3413400.0,3208900.0,0.0,0.0,0.0,0.0,4932732.09,4685454.711,4726388.8100000005,0.0,0.0,0.0,0.0,49.4,14344625.00846579
2021-12-28,3964900.0,3413400.0,3208900.0,0.0,0.0,0.0,0.0,4960089.899999999,4701436.2498,4738582.63,0.0,0.0,0.0,0.0,49.4,14400158.177265786
2021-12-29,3964900.0,3413400.0,3208900.0,0.0,0.0,0.0,0.0,4914493.55,4677074.813999999,4737299.069999999,0.0,0.0,0.0,0.0,49.4,14328916.831465788
2021-12-30,3964900.0,3413400.0,3208900.0,0.0,0.0,0.0,0.0,4902598.85,4654133.3526,4758156.92,0.0,0.0,0.0,0.0,49.4,14314938.520065788
2021-12-31,3899000.0,0.0,0.0,0.0,0.0,5364800.0,11222300.0,4777834.600000001,0.0,0.0,0.0,0.0,4777890.88,4758255.2,31.37,14314012.047121707
2022-01-04,3899000.0,0.0,0.0,0.0,0.0,5364800.0,11222300.0,4860883.3,0.0,0.0,0.0,0.0,4886796.32,4848033.6,31.37,14595744.58712171
2022-01-05,3899000.0,0.0,0.0,0.0,0.0,5364800.0,11222300.0,4901432.9,0.0,0.0,0.0,0.0,4896452.96,4848033.6,31.37,14645950.827121709
2022-01-06,3899000.0,0.0,0.0,0.0,0.0,5364800.0,11222300.0,4861273.199999999,0.0,0.0,0.0,0.0,4988191.04,4926589.7,31.37,14776085.307121705
2022-01-07,3899000.0,0.0,0.0,0.0,0.0,5364800.0,11222300.0,4834370.1,0.0,0.0,0.0,0.0,4974779.04,4915367.4,31.37,14724547.90712171
2022-01-10,3899000.0,0.0,0.0,0.0,0.0,5364800.0,11222300.0,4854255.0,0.0,0.0,0.0,0.0,4923276.96,4870478.2,31.37,14648041.527121708
2022-01-11,3899000.0,0.0,0.0,0.0,0.0,5364800.0,11222300.0,4849966.1,0.0,0.0,0.0,0.0,5067590.08,5005145.8,31.37,14922733.347121708
2022-01-12,3899000.0,0.0,0.0,0.0,0.0,5364800.0,11222300.0,4833590.3,0.0,0.0,0.0,0.0,5122311.04,5061257.3,31.37,15017190.007121708
2022-01-13,3899000.0,0.0,0.0,0.0,0.0,5364800.0,11222300.0,4838269.1,0.0,0.0,0.0,0.0,5079929.12,5016368.100000001,31.37,14934597.687121708
2022-01-14,3899000.0,0.0,0.0,0.0,0.0,5364800.0,11222300.0,4793430.600000001,0.0,0.0,0.0,0.0,5196881.76,5128591.100000001,31.37,15118934.827121709
2022-01-17,3899000.0,0.0,0.0,0.0,0.0,5364800.0,11222300.0,4752101.2,0.0,0.0,0.0,0.0,5200637.12,5128591.100000001,31.37,15081360.78712171
2022-01-18,3899000.0,0.0,0.0,0.0,0.0,5364800.0,11222300.0,4734165.8,0.0,0.0,0.0,0.0,5259649.92,5184702.600000001,31.37,15178549.687121708
2022-01-19,3899000.0,0.0,0.0,0.0,0.0,5364800.0,11222300.0,4722468.8,0.0,0.0,0.0,0.0,5303104.8,5218369.5,31.37,15243974.46712171
2022-01-20,3899000.0,0.0,0.0,0.0,0.0,5364800.0,11222300.0,4824232.7,0.0,0.0,0.0,0.0,5275207.84,5184702.600000001,31.37,15284174.507121708
2022-01-21,3899000.0,0.0,0.0,0.0,0.0,5364800.0,11222300.0,4878038.9,0.0,0.0,0.0,0.0,5262332.32,5184702.600000001,31.37,15325105.187121708
2022-01-24,3899000.0,0.0,0.0,0.0,0.0,5364800.0,11222300.0,4887786.4,0.0,0.0,0.0,0.0,5179177.92,5128591.100000001,31.37,15195586.78712171
2022-01-25,3899000.0,0.0,0.0,0.0,0.0,5364800.0,11222300.0,4844507.5,0.0,0.0,0.0,0.0,5251602.72,5184702.600000001,31.37,15280844.187121708
2022-01-26,3899000.0,0.0,0.0,0.0,0.0,5364800.0,11222300.0,4869851.0,0.0,0.0,0.0,0.0,5313297.92,5218369.5,31.37,15401549.78712171
2022-01-27,3899000.0,0.0,0.0,0.0,0.0,5364800.0,11222300.0,4977853.3,0.0,0.0,0.0,0.0,5327782.88,5240814.100000001,31.37,15546481.647121709
2022-01-28,0.0,0.0,0.0,3028700.0,0.0,5222100.0,11123100.0,0.0,0.0,0.0,5033699.399999999,0.0,5227844.3100000005,5227857.0,189309.66,15678710.36909071
2022-02-07,0.0,0.0,0.0,3028700.0,0.0,5222100.0,11123100.0,0.0,0.0,0.0,5240256.74,0.0,5420017.59,5394703.5,189309.66,16244287.489090709
2022-02-08,0.0,0.0,0.0,3028700.0,0.0,5222100.0,11123100.0,0.0,0.0,0.0,5240256.74,0.0,5309309.069999999,5316841.8,189309.66,16055717.269090708
2022-02-09,0.0,0.0,0.0,3028700.0,0.0,5222100.0,11123100.0,0.0,0.0,0.0,5124863.27,0.0,5376674.16,5372457.3,189309.66,16063304.38909071
2022-02-10,0.0,0.0,0.0,3028700.0,0.0,5222100.0,11123100.0,0.0,0.0,0.0,5096999.23,0.0,5373540.899999999,5350211.1,189309.66,16010060.889090708
2022-02-11,0.0,0.0,0.0,3028700.0,0.0,5222100.0,11123100.0,0.0,0.0,0.0,5059746.220000001,0.0,5477982.899999999,5461442.1,189309.66,16188480.87909071
2022-02-14,0.0,0.0,0.0,3028700.0,0.0,5222100.0,11123100.0,0.0,0.0,0.0,5030064.96,0.0,5527592.85,5505934.5,189309.66,16252901.969090708
2022-02-15,0.0,0.0,0.0,3028700.0,0.0,5222100.0,11123100.0,0.0,0.0,0.0,4984331.59,0.0,5374063.109999999,5372457.3,189309.66,15920161.659090709
2022-02-16,0.0,0.0,0.0,3028700.0,0.0,5222100.0,11123100.0,0.0,0.0,0.0,4935569.52,0.0,5366229.96,5339088.0,189309.66,15830197.13909071
2022-02-17,0.0,0.0,0.0,3028700.0,0.0,5222100.0,11123100.0,0.0,0.0,0.0,4822599.01,0.0,5343774.930000001,5350211.1,189309.66,15705894.69909071
2022-02-18,0.0,0.0,0.0,3028700.0,0.0,5222100.0,11123100.0,0.0,0.0,0.0,4808061.25,0.0,5382418.47,5383580.399999999,189309.66,15763369.779090706
2022-02-21,0.0,0.0,0.0,3028700.0,0.0,5222100.0,11123100.0,0.0,0.0,0.0,4820781.79,0.0,5410617.8100000005,5394703.5,189309.66,15815412.75909071
2022-02-22,0.0,0.0,0.0,3028700.0,0.0,5222100.0,11123100.0,0.0,0.0,0.0,4906191.13,0.0,5484249.42,5450319.0,189309.66,16030069.20909071
2022-02-23,0.0,0.0,0.0,3028700.0,0.0,5222100.0,11123100.0,0.0,0.0,0.0,4891350.5,0.0,5514015.390000001,5472565.2,189309.66,16067240.749090709
2022-02-24,0.0,0.0,0.0,3028700.0,0.0,5222100.0,11123100.0,0.0,0.0,0.0,4947684.319999999,0.0,5593391.31,5494811.4,189309.66,16225196.689090708
2022-02-25,0.0,0.0,0.0,3028700.0,0.0,5222100.0,11123100.0,0.0,0.0,0.0,4949804.41,0.0,5473283.01,5439195.899999999,189309.66,16051592.97909071
2022-02-28,3464000.0,0.0,0.0,0.0,0.0,5040400.0,10874400.0,5091387.2,0.0,0.0,0.0,0.0,5415405.76,5415451.2,318616.6,16240860.75876971
2022-03-01,3464000.0,0.0,0.0,0.0,0.0,5040400.0,10874400.0,5175216.0,0.0,0.0,0.0,0.0,5736983.28,5687311.2,318616.6,16918127.07876971
2022-03-02,3464000.0,0.0,0.0,0.0,0.0,5040400.0,10874400.0,5212280.8,0.0,0.0,0.0,0.0,5992027.5200000005,5904799.2,318616.6,17427724.11876971
2022-03-03,3464000.0,0.0,0.0,0.0,0.0,5040400.0,10874400.0,5171405.6,0.0,0.0,0.0,0.0,5973882.08,5872176.0,318616.6,17336080.27876971
2022-03-04,3464000.0,0.0,0.0,0.0,0.0,5040400.0,10874400.0,5195653.6,0.0,0.0,0.0,0.0,6278322.24,6198407.999999999,318616.6,17991000.43876971
2022-03-07,3464000.0,0.0,0.0,0.0,0.0,5040400.0,10874400.0,5338024.0,0.0,0.0,0.0,0.0,6603428.04,6350649.6,318616.6,18610718.23876971
2022-03-08,3464000.0,0.0,0.0,0.0,0.0,5040400.0,10874400.0,5437787.2,0.0,0.0,0.0,0.0,6821677.359999999,6459393.6,318616.6,19037474.758769706
2022-03-09,3464000.0,0.0,0.0,0.0,0.0,5040400.0,10874400.0,5586739.2,0.0,0.0,0.0,0.0,6114509.24,5959171.2,318616.6,17979036.23876971
2022-03-10,3464000.0,0.0,0.0,0.0,0.0,5040400.0,10874400.0,5503256.8,0.0,0.0,0.0,0.0,5954224.5200000005,5991794.4,318616.6,17767892.31876971
2022-03-11,3464000.0,0.0,0.0,0.0,0.0,5040400.0,10874400.0,5573922.4,0.0,0.0,0.0,0.0,6077714.32,6067915.2,318616.6,18038168.51876971
2022-03-14,3464000.0,0.0,0.0,0.0,0.0,5040400.0,10874400.0,5546210.399999999,0.0,0.0,0.0,0.0,5819141.800000001,5926548.0,318616.6,17610516.79876971
2022-03-15,3464000.0,0.0,0.0,0.0,0.0,5040400.0,10874400.0,5562491.199999999,0.0,0.0,0.0,0.0,5578714.72,5774306.4,318616.6,17234128.91876971
2022-03-16,3464000.0,0.0,0.0,0.0,0.0,5040400.0,10874400.0,5497714.399999999,0.0,0.0,0.0,0.0,5544440.0,5752557.600000001,318616.6,17113328.59876971
2022-03-17,3464000.0,0.0,0.0,0.0,0.0,5040400.0,10874400.0,5580157.6,0.0,0.0,0.0,0.0,5879122.5600000005,6002668.800000001,318616.6,17780565.55876971
2022-03-18,3464000.0,0.0,0.0,0.0,0.0,5040400.0,10874400.0,5626575.2,0.0,0.0,0.0,0.0,5944143.72,6067915.2,318616.6,17957250.71876971
2022-03-21,3464000.0,0.0,0.0,0.0,0.0,5040400.0,10874400.0,5680267.2,0.0,0.0,0.0,0.0,6326710.08,6394147.199999999,318616.6,18719741.07876971
2022-03-22,3464000.0,0.0,0.0,0.0,0.0,5040400.0,10874400.0,5802892.8,0.0,0.0,0.0,0.0,6267737.4,6339775.199999999,318616.6,18729021.998769708
2022-03-23,3464000.0,0.0,0.0,0.0,0.0,5040400.0,10874400.0,5834761.6,0.0,0.0,0.0,0.0,6512196.8,6546388.8,318616.6,19211963.79876971
2022-03-24,3464000.0,0.0,0.0,0.0,0.0,5040400.0,10874400.0,5898845.600000001,0.0,0.0,0.0,0.0,6393243.359999999,6426770.399999999,318616.6,19037475.95876971
2022-03-25,3464000.0,0.0,0.0,0.0,0.0,5040400.0,10874400.0,5846885.6,0.0,0.0,0.0,0.0,6463808.96,6481142.399999999,318616.6,19110453.558769707
2022-03-28,3464000.0,0.0,0.0,0.0,0.0,5040400.0,10874400.0,5753011.2,0.0,0.0,0.0,0.0,6050496.159999999,6133161.6,318616.6,18255285.55876971
2022-03-29,3464000.0,0.0,0.0,0.0,0.0,5040400.0,10874400.0,5634888.8,0.0,0.0,0.0,0.0,6079730.4799999995,6241905.6,318616.6,18275141.47876971
2022-03-30,3464000.0,0.0,0.0,0.0,0.0,5040400.0,10874400.0,5474159.2,0.0,0.0,0.0,0.0,6235478.840000001,6328900.8,318616.6,18357155.43876971
2022-03-31,3771100.0,0.0,3502300.0,0.0,0.0,0.0,10560300.0,6008870.739999999,0.0,6002591.97,0.0,0.0,0.0,6008810.699999999,99.76,18020373.168538705
2022-04-01,3771100.0,0.0,3502300.0,0.0,0.0,0.0,10560300.0,5813904.87,0.0,5979827.0200000005,0.0,0.0,0.0,6019370.999999999,99.76,17813202.64853871
2022-04-06,3771100.0,0.0,3502300.0,0.0,0.0,0.0,10560300.0,5747533.51,0.0,6008896.11,0.0,0.0,0.0,5987690.1,99.76,17744219.478538707
2022-04-07,3771100.0,0.0,3502300.0,0.0,0.0,0.0,10560300.0,5703034.53,0.0,5962665.75,0.0,0.0,0.0,5977129.8,99.76,17642929.83853871
2022-04-08,3771100.0,0.0,3502300.0,0.0,0.0,0.0,10560300.0,5747910.62,0.0,5924840.91,0.0,0.0,0.0,6029931.3,99.76,17702782.58853871
2022-04-11,3771100.0,0.0,3502300.0,0.0,0.0,0.0,10560300.0,5845205.0,0.0,5888767.22,0.0,0.0,0.0,5945448.899999999,99.76,17679520.878538705
2022-04-12,3771100.0,0.0,3502300.0,0.0,0.0,0.0,10560300.0,5810887.99,0.0,5850241.92,0.0,0.0,0.0,6135534.3,99.76,17796763.96853871
2022-04-13,3771100.0,0.0,3502300.0,0.0,0.0,0.0,10560300.0,5824463.95,0.0,5947605.859999999,0.0,0.0,0.0,6251697.6,99.76,18023867.168538705
2022-04-14,3771100.0,0.0,3502300.0,0.0,0.0,0.0,10560300.0,5823332.62,0.0,5974573.57,0.0,0.0,0.0,6283378.5,99.76,18081384.44853871
2022-04-15,3771100.0,0.0,3502300.0,0.0,0.0,0.0,10560300.0,5826349.5,0.0,6037264.74,0.0,0.0,0.0,6315059.399999999,99.76,18178773.39853871
2022-04-18,3771100.0,0.0,3502300.0,0.0,0.0,0.0,10560300.0,5849353.21,0.0,6074739.35,0.0,0.0,0.0,6336180.0,99.76,18260372.318538707
2022-04-19,3771100.0,0.0,3502300.0,0.0,0.0,0.0,10560300.0,5919118.5600000005,0.0,6170702.37,0.0,0.0,0.0,6135534.3,99.76,18225454.98853871
2022-04-20,3771100.0,0.0,3502300.0,0.0,0.0,0.0,10560300.0,6023578.029999999,0.0,6116766.95,0.0,0.0,0.0,6188335.8,99.76,18328780.53853871
2022-04-21,3771100.0,0.0,3502300.0,0.0,0.0,0.0,10560300.0,6087686.73,0.0,6093651.77,0.0,0.0,0.0,6241137.3,99.76,18422575.55853871
2022-04-22,3771100.0,0.0,3502300.0,0.0,0.0,0.0,10560300.0,6096737.37,0.0,6129725.46,0.0,0.0,0.0,6167215.199999999,99.76,18393777.78853871
2022-04-25,3771100.0,0.0,3502300.0,0.0,0.0,0.0,10560300.0,5982850.15,0.0,5982628.859999999,0.0,0.0,0.0,6072172.499999999,99.76,18037751.268538706
2022-04-26,3771100.0,0.0,3502300.0,0.0,0.0,0.0,10560300.0,5926660.760000001,0.0,5864601.350000001,0.0,0.0,0.0,6230577.0,99.76,18021938.868538707
2022-04-27,3771100.0,0.0,3502300.0,0.0,0.0,0.0,10560300.0,5960977.77,0.0,5930444.59,0.0,0.0,0.0,6220016.699999999,99.76,18111538.818538707
2022-04-28,3771100.0,0.0,3502300.0,0.0,0.0,0.0,10560300.0,5998311.66,0.0,5952509.08,0.0,0.0,0.0,6304499.1,99.76,18255419.598538708
2022-04-29,0.0,4082300.0,0.0,0.0,0.0,4786700.0,10201000.0,0.0,6087207.340600001,0.0,0.0,0.0,6100170.4799999995,6100198.0,54.22,18287630.039130528
2022-05-05,0.0,4082300.0,0.0,0.0,0.0,4786700.0,10201000.0,0.0,6049286.8559,0.0,0.0,0.0,6256216.899999999,6232811.0,54.22,18538368.974430528
2022-05-06,0.0,4082300.0,0.0,0.0,0.0,4786700.0,10201000.0,0.0,6053756.9744,0.0,0.0,0.0,6429016.77,6375625.0,54.22,18858452.962930527
2022-05-09,0.0,4082300.0,0.0,0.0,0.0,4786700.0,10201000.0,0.0,6065628.3028,0.0,0.0,0.0,6097298.46,6110399.0,54.22,18273379.98133053
2022-05-10,0.0,4082300.0,0.0,0.0,0.0,4786700.0,10201000.0,0.0,6043890.055299999,0.0,0.0,0.0,5975716.279999999,6008389.0,54.22,18028049.553830527
2022-05-11,0.0,4082300.0,0.0,0.0,0.0,4786700.0,10201000.0,0.0,6013676.953,0.0,0.0,0.0,6227496.699999999,6222610.0,54.22,18463837.871530525
2022-05-12,0.0,4082300.0,0.0,0.0,0.0,4786700.0,10201000.0,0.0,6048670.4286,0.0,0.0,0.0,6283022.42,6253213.0,54.22,18584960.06713053
2022-05-13,0.0,4082300.0,0.0,0.0,0.0,4786700.0,10201000.0,0.0,5992710.260199999,0.0,0.0,0.0,6480234.459999999,6406228.0,54.22,18879226.938730527
2022-05-16,0.0,4082300.0,0.0,0.0,0.0,4786700.0,10201000.0,0.0,5952013.8115,0.0,0.0,0.0,6577883.140000001,6498037.0,54.22,19027988.170030527
2022-05-17,0.0,4082300.0,0.0,0.0,0.0,4786700.0,10201000.0,0.0,5965734.4218,0.0,0.0,0.0,6519485.4,6396027.0,54.22,18881301.04033053
2022-05-18,0.0,4082300.0,0.0,0.0,0.0,4786700.0,10201000.0,0.0,5929663.2190000005,0.0,0.0,0.0,6291638.48,6253213.0,54.22,18474568.91753053
2022-05-19,0.0,4082300.0,0.0,0.0,0.0,4786700.0,10201000.0,0.0,5930896.0736,0.0,0.0,0.0,6369183.0200000005,6334821.0,54.22,18634954.31213053
2022-05-20,0.0,4082300.0,0.0,0.0,0.0,4786700.0,10201000.0,0.0,5957104.4396,0.0,0.0,0.0,6445291.55,6385826.0,54.22,18788276.208130527
2022-05-23,0.0,4082300.0,0.0,0.0,0.0,4786700.0,10201000.0,0.0,5981149.1866,0.0,0.0,0.0,6399817.899999999,6355223.0,54.22,18736244.305130526
2022-05-24,0.0,4082300.0,0.0,0.0,0.0,4786700.0,10201000.0,0.0,5997184.461,0.0,0.0,0.0,6383543.119999999,6355223.0,54.22,18736004.79953053
2022-05-25,0.0,4082300.0,0.0,0.0,0.0,4786700.0,10201000.0,0.0,5997645.760899999,0.0,0.0,0.0,6410827.31,6375625.0,54.22,18784152.28943053
2022-05-26,0.0,4082300.0,0.0,0.0,0.0,4786700.0,10201000.0,0.0,6020151.4808,0.0,0.0,0.0,6586499.199999999,6498037.0,54.22,19104741.899330527
2022-05-27,0.0,4082300.0,0.0,0.0,0.0,4786700.0,10201000.0,0.0,6044506.4826,0.0,0.0,0.0,6691327.93,6589846.0,54.22,19325734.631130528
2022-05-30,0.0,4082300.0,0.0,0.0,0.0,4786700.0,10201000.0,0.0,5993326.6875,0.0,0.0,0.0,6700422.659999999,6569444.0,54.22,19263247.56603053
2022-05-31,3847700.0,0.0,0.0,0.0,0.0,4584700.0,9982000.0,6392184.01,0.0,0.0,0.0,0.0,6398407.319999999,6398462.0,46.31,19189099.64220692
2022-06-01,3847700.0,0.0,0.0,0.0,0.0,4584700.0,9982000.0,6299839.21,0.0,0.0,0.0,0.0,6396114.97,6408444.0,46.31,19104444.49220692
2022-06-02,3847700.0,0.0,0.0,0.0,0.0,4584700.0,9982000.0,6284833.18,0.0,0.0,0.0,0.0,6513024.82,6528228.0,46.31,19326132.31220692
2022-06-06,3847700.0,0.0,0.0,0.0,0.0,4584700.0,9982000.0,6334083.74,0.0,0.0,0.0,0.0,6563914.99,6548192.0,46.31,19446237.04220692
2022-06-07,3847700.0,0.0,0.0,0.0,0.0,4584700.0,9982000.0,6277907.319999999,0.0,0.0,0.0,0.0,6651941.23,6638030.0,46.31,19567924.86220692
2022-06-08,3847700.0,0.0,0.0,0.0,0.0,4584700.0,9982000.0,6315999.55,0.0,0.0,0.0,0.0,6783980.59,6747832.0,46.31,19847858.45220692
2022-06-09,3847700.0,0.0,0.0,0.0,0.0,4584700.0,9982000.0,6399879.41,0.0,0.0,0.0,0.0,6776645.07,6727868.0,46.31,19904438.79220692
2022-06-10,3847700.0,0.0,0.0,0.0,0.0,4584700.0,9982000.0,6445667.04,0.0,0.0,0.0,0.0,6699163.640000001,6687940.0,46.31,19832816.99220692
2022-06-13,3847700.0,0.0,0.0,0.0,0.0,4584700.0,9982000.0,6402188.029999999,0.0,0.0,0.0,0.0,6713834.68,6687940.0,46.31,19804009.02220692
2022-06-14,3847700.0,0.0,0.0,0.0,0.0,4584700.0,9982000.0,6282139.79,0.0,0.0,0.0,0.0,6735382.7700000005,6648012.0,46.31,19665580.872206923
2022-06-15,3847700.0,0.0,0.0,0.0,0.0,4584700.0,9982000.0,6262901.29,0.0,0.0,0.0,0.0,6589130.84,6568156.0,46.31,19420234.44220692
2022-06-16,3847700.0,0.0,0.0,0.0,0.0,4584700.0,9982000.0,6258284.05,0.0,0.0,0.0,0.0,6529529.739999999,6558174.0,46.31,19346034.10220692
2022-06-17,3847700.0,0.0,0.0,0.0,0.0,4584700.0,9982000.0,6313306.16,0.0,0.0,0.0,0.0,6254906.21,6338570.0,46.31,18906828.68220692
2022-06-20,3847700.0,0.0,0.0,0.0,0.0,4584700.0,9982000.0,6322925.41,0.0,0.0,0.0,0.0,6267284.9,6348552.0,46.31,18938808.622206923
2022-06-21,3847700.0,0.0,0.0,0.0,0.0,4584700.0,9982000.0,6244047.5600000005,0.0,0.0,0.0,0.0,6286540.64,6358534.0,46.31,18889168.51220692
2022-06-22,3847700.0,0.0,0.0,0.0,0.0,4584700.0,9982000.0,6200183.779999999,0.0,0.0,0.0,0.0,6095358.649999999,6228768.0,46.31,18524356.74220692
2022-06-23,3847700.0,0.0,0.0,0.0,0.0,4584700.0,9982000.0,5918916.91,0.0,0.0,0.0,0.0,5999996.89,6099002.0,46.31,18017962.11220692
2022-06-24,3847700.0,0.0,0.0,0.0,0.0,4584700.0,9982000.0,5760776.44,0.0,0.0,0.0,0.0,6129743.899999999,6198822.0,46.31,18089388.65220692
2022-06-27,3847700.0,0.0,0.0,0.0,0.0,4584700.0,9982000.0,5788864.649999999,0.0,0.0,0.0,0.0,6201723.69,6268696.0,46.31,18259330.65220692
2022-06-28,3847700.0,0.0,0.0,0.0,0.0,4584700.0,9982000.0,5881594.22,0.0,0.0,0.0,0.0,6336513.87,6398462.0,46.31,18616616.40220692
2022-06-29,3847700.0,0.0,0.0,0.0,0.0,4584700.0,9982000.0,5913914.899999999,0.0,0.0,0.0,0.0,6298460.859999999,6328588.0,46.31,18541010.07220692
2022-06-30,0.0,0.0,0.0,0.0,0.0,0.0,0.0,0.0,0.0,0.0,0.0,0.0,0.0,0.0,18188701.98,18188701.98205792
2022-07-01,0.0,0.0,0.0,0.0,0.0,0.0,0.0,0.0,0.0,0.0,0.0,0.0,0.0,0.0,18188701.98,18188701.98205792
2022-07-04,0.0,0.0,0.0,0.0,0.0,0.0,0.0,0.0,0.0,0.0,0.0,0.0,0.0,0.0,18188701.98,18188701.98205792
2022-07-05,0.0,0.0,0.0,0.0,0.0,0.0,0.0,0.0,0.0,0.0,0.0,0.0,0.0,0.0,18188701.98,18188701.98205792
2022-07-06,0.0,0.0,0.0,0.0,0.0,0.0,0.0,0.0,0.0,0.0,0.0,0.0,0.0,0.0,18188701.98,18188701.98205792
2022-07-07,0.0,0.0,0.0,0.0,0.0,0.0,0.0,0.0,0.0,0.0,0.0,0.0,0.0,0.0,18188701.98,18188701.98205792
2022-07-08,0.0,0.0,0.0,0.0,0.0,0.0,0.0,0.0,0.0,0.0,0.0,0.0,0.0,0.0,18188701.98,18188701.98205792
2022-07-11,0.0,0.0,0.0,0.0,0.0,0.0,0.0,0.0,0.0,0.0,0.0,0.0,0.0,0.0,18188701.98,18188701.98205792
2022-07-12,0.0,0.0,0.0,0.0,0.0,0.0,0.0,0.0,0.0,0.0,0.0,0.0,0.0,0.0,18188701.98,18188701.98205792
2022-07-13,0.0,0.0,0.0,0.0,0.0,0.0,0.0,0.0,0.0,0.0,0.0,0.0,0.0,0.0,18188701.98,18188701.98205792
2022-07-14,0.0,0.0,0.0,0.0,0.0,0.0,0.0,0.0,0.0,0.0,0.0,0.0,0.0,0.0,18188701.98,18188701.98205792
2022-07-15,0.0,0.0,0.0,0.0,0.0,0.0,0.0,0.0,0.0,0.0,0.0,0.0,0.0,0.0,18188701.98,18188701.98205792
2022-07-18,0.0,0.0,0.0,0.0,0.0,0.0,0.0,0.0,0.0,0.0,0.0,0.0,0.0,0.0,18188701.98,18188701.98205792
2022-07-19,0.0,0.0,0.0,0.0,0.0,0.0,0.0,0.0,0.0,0.0,0.0,0.0,0.0,0.0,18188701.98,18188701.98205792
2022-07-20,0.0,0.0,0.0,0.0,0.0,0.0,0.0,0.0,0.0,0.0,0.0,0.0,0.0,0.0,18188701.98,18188701.98205792
2022-07-21,0.0,0.0,0.0,0.0,0.0,0.0,0.0,0.0,0.0,0.0,0.0,0.0,0.0,0.0,18188701.98,18188701.98205792
2022-07-22,0.0,0.0,0.0,0.0,0.0,0.0,0.0,0.0,0.0,0.0,0.0,0.0,0.0,0.0,18188701.98,18188701.98205792
2022-07-25,0.0,0.0,0.0,0.0,0.0,0.0,0.0,0.0,0.0,0.0,0.0,0.0,0.0,0.0,18188701.98,18188701.98205792
2022-07-26,0.0,0.0,0.0,0.0,0.0,0.0,0.0,0.0,0.0,0.0,0.0,0.0,0.0,0.0,18188701.98,18188701.98205792
2022-07-27,0.0,0.0,0.0,0.0,0.0,0.0,0.0,0.0,0.0,0.0,0.0,0.0,0.0,0.0,18188701.98,18188701.98205792
2022-07-28,0.0,0.0,0.0,0.0,0.0,0.0,0.0,0.0,0.0,0.0,0.0,0.0,0.0,0.0,18188701.98,18188701.98205792
2022-07-29,3865900.0,0.0,0.0,0.0,0.0,4615800.0,0.0,6062890.97,0.0,0.0,0.0,0.0,6062853.3,0.0,6050838.29,18176582.558776923
2022-08-01,3865900.0,0.0,0.0,0.0,0.0,4615800.0,0.0,6159538.47,0.0,0.0,0.0,0.0,5812676.94,0.0,6050838.29,18023053.698776923
2022-08-02,3865900.0,0.0,0.0,0.0,0.0,4615800.0,0.0,6037762.62,0.0,0.0,0.0,0.0,5871759.18,0.0,6050838.29,17960360.088776924
2022-08-03,3865900.0,0.0,0.0,0.0,0.0,4615800.0,0.0,6016886.76,0.0,0.0,0.0,0.0,5773442.64,0.0,6050838.29,17841167.688776918
2022-08-04,3865900.0,0.0,0.0,0.0,0.0,4615800.0,0.0,5985572.97,0.0,0.0,0.0,0.0,5569424.279999999,0.0,6050838.29,17605835.53877692
2022-08-05,3865900.0,0.0,0.0,0.0,0.0,4615800.0,0.0,6133250.35,0.0,0.0,0.0,0.0,5586502.739999999,0.0,6050838.29,17770591.378776923
2022-08-08,3865900.0,0.0,0.0,0.0,0.0,4615800.0,0.0,6152193.26,0.0,0.0,0.0,0.0,5709744.600000001,0.0,6050838.29,17912776.14877692
2022-08-09,3865900.0,0.0,0.0,0.0,0.0,4615800.0,0.0,6165723.91,0.0,0.0,0.0,0.0,5715745.14,0.0,6050838.29,17932307.338776924
2022-08-10,3865900.0,0.0,0.0,0.0,0.0,4615800.0,0.0,6236083.29,0.0,0.0,0.0,0.0,5730515.7,0.0,6050838.29,18017437.27877692
2022-08-11,3865900.0,0.0,0.0,0.0,0.0,4615800.0,0.0,6251160.3,0.0,0.0,0.0,0.0,5854680.72,0.0,6050838.29,18156679.308776923
2022-08-12,3865900.0,0.0,0.0,0.0,0.0,4615800.0,0.0,6278221.600000001,0.0,0.0,0.0,0.0,5796060.0600000005,0.0,6050838.29,18125119.948776923
2022-08-15,3865900.0,0.0,0.0,0.0,0.0,4615800.0,0.0,6223712.41,0.0,0.0,0.0,0.0,5618351.760000001,0.0,6050838.29,17892902.45877692
2022-08-16,3865900.0,0.0,0.0,0.0,0.0,4615800.0,0.0,6136729.66,0.0,0.0,0.0,0.0,5547730.02,0.0,6050838.29,17735297.96877692
2022-08-17,3865900.0,0.0,0.0,0.0,0.0,4615800.0,0.0,6127064.91,0.0,0.0,0.0,0.0,5602658.04,0.0,6050838.29,17780561.238776922
2022-08-18,3865900.0,0.0,0.0,0.0,0.0,4615800.0,0.0,6122039.239999999,0.0,0.0,0.0,0.0,5762364.72,0.0,6050838.29,17935242.24877692
2022-08-19,3865900.0,0.0,0.0,0.0,0.0,4615800.0,0.0,6134023.53,0.0,0.0,0.0,0.0,5792367.42,0.0,6050838.29,17977229.238776922
2022-08-22,3865900.0,0.0,0.0,0.0,0.0,4615800.0,0.0,6166497.09,0.0,0.0,0.0,0.0,5785443.720000001,0.0,6050838.29,18002779.09877692
2022-08-23,3865900.0,0.0,0.0,0.0,0.0,4615800.0,0.0,6375642.28,0.0,0.0,0.0,0.0,6003309.4799999995,0.0,6050838.29,18429790.04877692
2022-08-24,3865900.0,0.0,0.0,0.0,0.0,4615800.0,0.0,6472676.369999999,0.0,0.0,0.0,0.0,6049467.4799999995,0.0,6050838.29,18572982.13877692
2022-08-25,3865900.0,0.0,0.0,0.0,0.0,4615800.0,0.0,6442908.94,0.0,0.0,0.0,0.0,6024542.159999999,0.0,6050838.29,18518289.38877692
2022-08-26,3865900.0,0.0,0.0,0.0,0.0,4615800.0,0.0,6339302.819999999,0.0,0.0,0.0,0.0,5937765.12,0.0,6050838.29,18327906.22877692
2022-08-29,3865900.0,0.0,0.0,0.0,0.0,4615800.0,0.0,6348194.39,0.0,0.0,0.0,0.0,6087317.04,0.0,6050838.29,18486349.71877692
2022-08-30,3865900.0,0.0,0.0,0.0,0.0,4615800.0,0.0,6311468.34,0.0,0.0,0.0,0.0,5944688.82,0.0,6050838.29,18306995.448776923
2022-08-31,3711100.0,0.0,4268400.0,0.0,0.0,4815000.0,0.0,6052804.1,0.0,6046188.600000001,0.0,0.0,6052936.500000001,0.0,127.04,18152056.24426092
2022-09-01,3711100.0,0.0,4268400.0,0.0,0.0,4815000.0,0.0,6059112.97,0.0,5947161.72,0.0,0.0,5865633.0,0.0,127.04,17872034.734260917
2022-09-02,3711100.0,0.0,4268400.0,0.0,0.0,4815000.0,0.0,6082121.79,0.0,5789230.92,0.0,0.0,5932080.0,0.0,127.04,17803559.75426092
2022-09-05,3711100.0,0.0,4268400.0,0.0,0.0,4815000.0,0.0,6183805.93,0.0,5846854.319999999,0.0,0.0,5961451.5,0.0,127.04,17992238.79426092
2022-09-06,3711100.0,0.0,4268400.0,0.0,0.0,4815000.0,0.0,6165992.65,0.0,5974052.64,0.0,0.0,5931598.5,0.0,127.04,18071770.83426092
2022-09-07,3711100.0,0.0,4268400.0,0.0,0.0,4815000.0,0.0,6137417.18,0.0,5944173.84,0.0,0.0,5655699.0,0.0,127.04,17737417.06426092
2022-09-08,3711100.0,0.0,4268400.0,0.0,0.0,4815000.0,0.0,6224256.92,0.0,5960393.760000001,0.0,0.0,5671588.5,0.0,127.04,17856366.22426092
2022-09-09,3711100.0,0.0,4268400.0,0.0,0.0,4815000.0,0.0,6176383.7299999995,0.0,6101677.8,0.0,0.0,5869003.5,0.0,127.04,18147192.07426092
2022-09-13,3711100.0,0.0,4268400.0,0.0,0.0,4815000.0,0.0,6512609.39,0.0,6238693.44,0.0,0.0,5921005.5,0.0,127.04,18672435.374260917
2022-09-14,3711100.0,0.0,4268400.0,0.0,0.0,4815000.0,0.0,6514464.94,0.0,6170399.04,0.0,0.0,6004786.500000001,0.0,127.04,18689777.52426092
2022-09-15,3711100.0,0.0,4268400.0,0.0,0.0,4815000.0,0.0,6430965.19,0.0,6172106.399999999,0.0,0.0,5788593.0,0.0,127.04,18391791.63426092
2022-09-16,3711100.0,0.0,4268400.0,0.0,0.0,4815000.0,0.0,6423171.88,0.0,6114483.0,0.0,0.0,5830002.000000001,0.0,127.04,18367783.924260918
2022-09-19,3711100.0,0.0,4268400.0,0.0,0.0,4815000.0,0.0,6430222.97,0.0,6185338.44,0.0,0.0,5844447.0,0.0,127.04,18460135.45426092
2022-09-20,3711100.0,0.0,4268400.0,0.0,0.0,4815000.0,0.0,6449891.8,0.0,6182350.56,0.0,0.0,5764518.0,0.0,127.04,18396887.40426092
2022-09-21,3711100.0,0.0,4268400.0,0.0,0.0,4815000.0,0.0,6482178.37,0.0,6218631.96,0.0,0.0,5739961.5,0.0,127.04,18440898.874260917
2022-09-22,3711100.0,0.0,4268400.0,0.0,0.0,4815000.0,0.0,6544895.96,0.0,6217351.4399999995,0.0,0.0,5795815.5,0.0,127.04,18558189.944260918
2022-09-23,3711100.0,0.0,4268400.0,0.0,0.0,4815000.0,0.0,6530422.67,0.0,6232717.68,0.0,0.0,5532435.0,0.0,127.04,18295702.39426092
2022-09-26,3711100.0,0.0,4268400.0,0.0,0.0,4815000.0,0.0,6463622.87,0.0,6058140.12,0.0,0.0,5427468.0,0.0,127.04,17949358.03426092
2022-09-27,3711100.0,0.0,4268400.0,0.0,0.0,4815000.0,0.0,6486260.58,0.0,6036798.119999999,0.0,0.0,5530990.5,0.0,127.04,18054176.24426092
2022-09-28,3711100.0,0.0,4268400.0,0.0,0.0,4815000.0,0.0,6525227.13,0.0,5980882.08,0.0,0.0,5737072.5,0.0,127.04,18243308.75426092
2022-09-29,3711100.0,0.0,4268400.0,0.0,0.0,4815000.0,0.0,6602418.01,0.0,6024846.6,0.0,0.0,5737072.5,0.0,127.04,18364464.15426092
2022-09-30,3428200.0,0.0,4276700.0,0.0,9922400.0,0.0,0.0,6102196.0,0.0,6090020.8,0.0,6102276.0,0.0,0.0,106.23,18294599.02791092
2022-10-10,3428200.0,0.0,4276700.0,0.0,9922400.0,0.0,0.0,6115908.8,0.0,6066926.62,0.0,6330491.2,0.0,0.0,106.23,18513432.847910922
2022-10-11,3428200.0,0.0,4276700.0,0.0,9922400.0,0.0,0.0,6047687.62,0.0,6154598.97,0.0,6310646.4,0.0,0.0,106.23,18513039.217910923
2022-10-12,3428200.0,0.0,4276700.0,0.0,9922400.0,0.0,0.0,6021290.4799999995,0.0,6113542.65,0.0,6251112.0,0.0,0.0,106.23,18386051.35791092
2022-10-13,3428200.0,0.0,4276700.0,0.0,9922400.0,0.0,0.0,6080941.16,0.0,6132360.13,0.0,6191577.6,0.0,0.0,106.23,18404985.11791092
2022-10-14,3428200.0,0.0,4276700.0,0.0,9922400.0,0.0,0.0,6133049.8,0.0,6158448.0,0.0,6141965.6,0.0,0.0,106.23,18433569.62791092
2022-10-17,3428200.0,0.0,4276700.0,0.0,9922400.0,0.0,0.0,6115565.98,0.0,6158020.33,0.0,6092353.6,0.0,0.0,106.23,18366046.13791092
2022-10-18,3428200.0,0.0,4276700.0,0.0,9922400.0,0.0,0.0,5998664.36,0.0,6126372.75,0.0,6132043.2,0.0,0.0,106.23,18257186.53791092
2022-10-19,3428200.0,0.0,4276700.0,0.0,9922400.0,0.0,0.0,5939356.5,0.0,6124234.399999999,0.0,6122120.8,0.0,0.0,106.23,18185817.92791092
2022-10-20,3428200.0,0.0,4276700.0,0.0,9922400.0,0.0,0.0,5964725.18,0.0,6149039.26,0.0,6092353.6,0.0,0.0,106.23,18206224.26791092
2022-10-21,3428200.0,0.0,4276700.0,0.0,9922400.0,0.0,0.0,6024375.86,0.0,6193089.27,0.0,6132043.2,0.0,0.0,106.23,18349614.55791092
2022-10-24,3428200.0,0.0,4276700.0,0.0,9922400.0,0.0,0.0,6007234.86,0.0,6213189.760000001,0.0,6241189.6,0.0,0.0,106.23,18461720.44791092
2022-10-25,3428200.0,0.0,4276700.0,0.0,9922400.0,0.0,0.0,6008606.14,0.0,6236283.9399999995,0.0,6330491.2,0.0,0.0,106.23,18575487.50791092
2022-10-26,3428200.0,0.0,4276700.0,0.0,9922400.0,0.0,0.0,6068256.82,0.0,6241843.65,0.0,6380103.2,0.0,0.0,106.23,18690309.897910923
2022-10-27,3428200.0,0.0,4276700.0,0.0,9922400.0,0.0,0.0,6068599.64,0.0,6262371.81,0.0,6370180.8,0.0,0.0,106.23,18701258.47791092
2022-10-28,3428200.0,0.0,4276700.0,0.0,9922400.0,0.0,0.0,6044945.0600000005,0.0,6217038.79,0.0,6380103.2,0.0,0.0,106.23,18642193.27791092
2022-10-31,0.0,0.0,4297400.0,0.0,0.0,4772600.0,10413900.0,0.0,0.0,6125084.22,0.0,0.0,6144245.24,6144201.0,113.04,18413643.49808992
2022-11-01,0.0,0.0,4297400.0,0.0,0.0,4772600.0,10413900.0,0.0,0.0,6116919.16,0.0,0.0,6298400.220000001,6269167.8,113.04,18684600.21808992
2022-11-02,0.0,0.0,4297400.0,0.0,0.0,4772600.0,10413900.0,0.0,0.0,6214040.399999999,0.0,0.0,6393852.22,6331651.2,113.04,18939656.85808992
2022-11-03,0.0,0.0,4297400.0,0.0,0.0,4772600.0,10413900.0,0.0,0.0,6213180.92,0.0,0.0,6350421.56,6300409.5,113.04,18864125.01808992
2022-11-04,0.0,0.0,4297400.0,0.0,0.0,4772600.0,10413900.0,0.0,0.0,6224354.159999999,0.0,0.0,6596687.720000001,6529515.3,113.04,19350670.21808992
2022-11-07,0.0,0.0,4297400.0,0.0,0.0,4772600.0,10413900.0,0.0,0.0,6365738.62,0.0,0.0,6593346.899999999,6498273.6,113.04,19457472.158089917
2022-11-08,0.0,0.0,4297400.0,0.0,0.0,4772600.0,10413900.0,0.0,0.0,6361441.22,0.0,0.0,6425351.38,6394134.6,113.04,19181040.23808992
2022-11-09,0.0,0.0,4297400.0,0.0,0.0,4772600.0,10413900.0,0.0,0.0,6438794.42,0.0,0.0,6199130.14,6227512.2,113.04,18865549.798089918
2022-11-10,0.0,0.0,4297400.0,0.0,0.0,4772600.0,10413900.0,0.0,0.0,6493801.140000001,0.0,0.0,6254015.04,6310823.399999999,113.04,19058752.618089918
2022-11-11,0.0,0.0,4297400.0,0.0,0.0,4772600.0,10413900.0,0.0,0.0,6624871.840000001,0.0,0.0,6366171.140000001,6394134.6,113.04,19385290.618089918
2022-11-14,0.0,0.0,4297400.0,0.0,0.0,4772600.0,10413900.0,0.0,0.0,6647218.319999999,0.0,0.0,6112746.08,6175442.699999999,113.04,18935520.138089918
2022-11-15,0.0,0.0,4297400.0,0.0,0.0,4772600.0,10413900.0,0.0,0.0,6656242.859999999,0.0,0.0,6118950.46,6196270.5,113.04,18971576.85808992
2022-11-16,0.0,0.0,4297400.0,0.0,0.0,4772600.0,10413900.0,0.0,0.0,6685894.92,0.0,0.0,6022543.94,6123373.199999999,113.04,18831925.09808992
2022-11-17,0.0,0.0,4297400.0,0.0,0.0,4772600.0,10413900.0,0.0,0.0,6617136.5200000005,0.0,0.0,5909910.58,6029648.1,113.04,18556808.238089923
2022-11-18,0.0,0.0,4297400.0,0.0,0.0,4772600.0,10413900.0,0.0,0.0,6590062.9,0.0,0.0,5835458.02,5977578.6,113.04,18403212.55808992
2022-11-21,0.0,0.0,4297400.0,0.0,0.0,4772600.0,10413900.0,0.0,0.0,6531188.5200000005,0.0,0.0,5768641.62,5956750.8,113.04,18256693.97808992
2022-11-22,0.0,0.0,4297400.0,0.0,0.0,4772600.0,10413900.0,0.0,0.0,6492941.659999999,0.0,0.0,5963840.96,6071303.699999999,113.04,18528199.35808992
2022-11-23,0.0,0.0,4297400.0,0.0,0.0,4772600.0,10413900.0,0.0,0.0,6536775.14,0.0,0.0,5725688.22,5904681.3,113.04,18167257.69808992
2022-11-24,0.0,0.0,4297400.0,0.0,0.0,4772600.0,10413900.0,0.0,0.0,6549237.6,0.0,0.0,5729506.3,5894267.399999999,113.04,18173124.338089917
2022-11-25,0.0,0.0,4297400.0,0.0,0.0,4772600.0,10413900.0,0.0,0.0,6559981.1,0.0,0.0,5721870.140000001,5894267.399999999,113.04,18176231.67808992
2022-11-28,0.0,0.0,4297400.0,0.0,0.0,4772600.0,10413900.0,0.0,0.0,6488644.26,0.0,0.0,5684643.86,5873439.6,113.04,18046840.75808992
2022-11-29,0.0,0.0,4297400.0,0.0,0.0,4772600.0,10413900.0,0.0,0.0,6553105.26,0.0,0.0,5804436.12,5977578.6,113.04,18335233.018089917
2022-11-30,0.0,4162200.0,4055900.0,0.0,9022100.0,0.0,0.0,0.0,6197390.933999999,6197415.2,0.0,6180138.500000001,0.0,0.0,64.21,18575008.84019372
2022-12-01,0.0,4162200.0,4055900.0,0.0,9022100.0,0.0,0.0,0.0,6223321.44,6278533.2,0.0,6279381.6,0.0,0.0,64.21,18781300.44619372
2022-12-02,0.0,4162200.0,4055900.0,0.0,9022100.0,0.0,0.0,0.0,6261513.7872,6304490.96,0.0,6414713.1,0.0,0.0,64.21,18980782.053393718
2022-12-05,0.0,4162200.0,4055900.0,0.0,9022100.0,0.0,0.0,0.0,6203363.691,6360462.38,0.0,6504934.1,0.0,0.0,64.21,19068824.377193715
2022-12-06,0.0,4162200.0,4055900.0,0.0,9022100.0,0.0,0.0,0.0,6163439.8686,6360867.97,0.0,6396668.899999999,0.0,0.0,64.21,18921040.944793716
2022-12-07,0.0,4162200.0,4055900.0,0.0,9022100.0,0.0,0.0,0.0,6145837.924799999,6375874.8,0.0,6324492.1,0.0,0.0,64.21,18846269.03099372
2022-12-08,0.0,4162200.0,4055900.0,0.0,9022100.0,0.0,0.0,0.0,6161242.227,6404266.1,0.0,6369602.6,0.0,0.0,64.21,18935175.13319372
2022-12-09,0.0,4162200.0,4055900.0,0.0,9022100.0,0.0,0.0,0.0,6181045.974599999,6472810.8100000005,0.0,6486889.899999999,0.0,0.0,64.21,19140810.89079372
2022-12-12,0.0,4162200.0,4055900.0,0.0,9022100.0,0.0,0.0,0.0,6165325.3452,6408727.59,0.0,6550044.6,0.0,0.0,64.21,19124161.74139372
2022-12-13,0.0,4162200.0,4055900.0,0.0,9022100.0,0.0,0.0,0.0,6184975.091399999,6406294.05,0.0,6568088.8,0.0,0.0,64.21,19159422.147593718
2022-12-14,0.0,4162200.0,4055900.0,0.0,9022100.0,0.0,0.0,0.0,6245797.319999999,6424951.19,0.0,6676354.0,0.0,0.0,64.21,19347166.716193717
2022-12-15,0.0,4162200.0,4055900.0,0.0,9022100.0,0.0,0.0,0.0,6175701.7098,6371413.31,0.0,6622221.399999999,0.0,0.0,64.21,19169400.625993717
2022-12-16,0.0,4162200.0,4055900.0,0.0,9022100.0,0.0,0.0,0.0,6164855.0166,6343427.600000001,0.0,6441779.399999999,0.0,0.0,64.21,18950126.222793717
2022-12-19,0.0,4162200.0,4055900.0,0.0,9022100.0,0.0,0.0,0.0,6196762.441799999,6311385.99,0.0,6423735.199999999,0.0,0.0,64.21,18931947.83799372
2022-12-20,0.0,4162200.0,4055900.0,0.0,9022100.0,0.0,0.0,0.0,6196604.2782,6267987.86,0.0,6414713.1,0.0,0.0,64.21,18879369.44439372
2022-12-21,0.0,4162200.0,4055900.0,0.0,9022100.0,0.0,0.0,0.0,6260256.8028,6314225.12,0.0,6586133.0,0.0,0.0,64.21,19160679.12899372
2022-12-22,0.0,4162200.0,4055900.0,0.0,9022100.0,0.0,0.0,0.0,6259786.4742,6366546.23,0.0,6613199.3,0.0,0.0,64.21,19239596.21039372
2022-12-23,0.0,4162200.0,4055900.0,0.0,9022100.0,0.0,0.0,0.0,6245168.8278,6320714.56,0.0,6504934.1,0.0,0.0,64.21,19070881.69399372
2022-12-26,0.0,4162200.0,4055900.0,0.0,9022100.0,0.0,0.0,0.0,6222380.7828,6361679.15,0.0,6541022.5,0.0,0.0,64.21,19125146.63899372
2022-12-27,0.0,4162200.0,4055900.0,0.0,9022100.0,0.0,0.0,0.0,6229294.197,6441580.38,0.0,6586133.0,0.0,0.0,64.21,19257071.78319372
2022-12-28,0.0,4162200.0,4055900.0,0.0,9022100.0,0.0,0.0,0.0,6244698.4991999995,6501202.11,0.0,6604177.2,0.0,0.0,64.21,19350142.01539372
2022-12-29,0.0,4162200.0,4055900.0,0.0,9022100.0,0.0,0.0,0.0,6217348.683,6475649.94,0.0,6532000.399999999,0.0,0.0,64.21,19225063.229193717
2022-12-30,0.0,4162200.0,4055900.0,0.0,9022100.0,0.0,0.0,0.0,6267486.5442,6472810.8100000005,0.0,6595155.1,0.0,0.0,64.21,19335516.66039372
2022-12-31,3238100.0,0.0,0.0,4282500.0,0.0,5407100.0,0.0,6437342.8,0.0,0.0,6437454.0,0.0,6418768.41,0.0,40.89,19293606.099894878
2023-01-03,3238100.0,0.0,0.0,4282500.0,0.0,5407100.0,0.0,6510523.86,0.0,0.0,6476424.75,0.0,6270613.87,0.0,40.89,19257603.369894877
2023-01-04,3238100.0,0.0,0.0,4282500.0,0.0,5407100.0,0.0,6425038.02,0.0,0.0,6461007.75,0.0,5958083.49,0.0,40.89,18844170.149894875
2023-01-05,3238100.0,0.0,0.0,4282500.0,0.0,5407100.0,0.0,6347647.43,0.0,0.0,6379212.0,0.0,5981334.0200000005,0.0,40.89,18708234.339894876
2023-01-06,3238100.0,0.0,0.0,4282500.0,0.0,5407100.0,0.0,6278675.9,0.0,0.0,6352660.5,0.0,5998096.029999999,0.0,40.89,18629473.319894876
2023-01-09,3238100.0,0.0,0.0,4282500.0,0.0,5407100.0,0.0,6295514.02,0.0,0.0,6339813.0,0.0,6004584.55,0.0,40.89,18639952.459894877
2023-01-10,3238100.0,0.0,0.0,4282500.0,0.0,5407100.0,0.0,6252771.100000001,0.0,0.0,6335530.5,0.0,5951594.97,0.0,40.89,18539937.459894877
2023-01-11,3238100.0,0.0,0.0,4282500.0,0.0,5407100.0,0.0,6271228.2700000005,0.0,0.0,6356943.0,0.0,6126244.3,0.0,40.89,18754456.459894877
2023-01-12,3238100.0,0.0,0.0,4282500.0,0.0,5407100.0,0.0,6367076.03,0.0,0.0,6428032.499999999,0.0,6187885.24,0.0,40.89,18983034.659894876
2023-01-13,3238100.0,0.0,0.0,4282500.0,0.0,5407100.0,0.0,6436371.37,0.0,0.0,6493554.75,0.0,6242496.95,0.0,40.89,19172463.959894877
2023-01-16,3238100.0,0.0,0.0,4282500.0,0.0,5407100.0,0.0,6435399.94,0.0,0.0,6490985.25,0.0,6219246.419999999,0.0,40.89,19145672.499894876
2023-01-17,3238100.0,0.0,0.0,4282500.0,0.0,5407100.0,0.0,6409171.33,0.0,0.0,6523104.000000001,0.0,6296567.95,0.0,40.89,19228884.169894878
2023-01-18,3238100.0,0.0,0.0,4282500.0,0.0,5407100.0,0.0,6484942.87,0.0,0.0,6634020.75,0.0,6343069.01,0.0,40.89,19462073.51989488
2023-01-19,3238100.0,0.0,0.0,4282500.0,0.0,5407100.0,0.0,6438961.85,0.0,0.0,6721812.0,0.0,6312248.54,0.0,40.89,19473063.279894877
2023-01-20,3238100.0,0.0,0.0,4282500.0,0.0,5407100.0,0.0,6376466.5200000005,0.0,0.0,6788190.75,0.0,6413361.31,0.0,40.89,19578059.469894875
2023-01-30,3238100.0,0.0,0.0,4282500.0,0.0,5407100.0,0.0,6419533.25,0.0,0.0,6774486.75,0.0,6193833.05,0.0,40.89,19387893.939894877
2023-01-31,0.0,4212400.0,3912400.0,4125500.0,0.0,0.0,0.0,0.0,6462221.778,6449982.640000001,6462183.2,0.0,0.0,0.0,96.44,19374484.056056477
2023-02-01,0.0,4212400.0,3912400.0,4125500.0,0.0,0.0,0.0,0.0,6513280.2784,6471109.6,6456820.05,0.0,0.0,0.0,96.44,19441306.366456475
2023-02-02,0.0,4212400.0,3912400.0,4125500.0,0.0,0.0,0.0,0.0,6577544.6528,6427290.72,6381735.95,0.0,0.0,0.0,96.44,19386667.760856476
2023-02-03,0.0,4212400.0,3912400.0,4125500.0,0.0,0.0,0.0,0.0,6480351.947600001,6411641.12,6283549.05,0.0,0.0,0.0,96.44,19175638.555656478
2023-02-06,0.0,4212400.0,3912400.0,4125500.0,0.0,0.0,0.0,0.0,6396049.1864,6316178.5600000005,6294275.350000001,0.0,0.0,0.0,96.44,19006599.534456477
2023-02-07,0.0,4212400.0,3912400.0,4125500.0,0.0,0.0,0.0,0.0,6379983.0928,6258275.04,6286849.45,0.0,0.0,0.0,96.44,18925204.020856477
2023-02-08,0.0,4212400.0,3912400.0,4125500.0,0.0,0.0,0.0,0.0,6386824.0304000005,6279793.24,6260033.7,0.0,0.0,0.0,96.44,18926747.40845648
2023-02-09,0.0,4212400.0,3912400.0,4125500.0,0.0,0.0,0.0,0.0,6403366.1252,6281749.4399999995,6253845.45,0.0,0.0,0.0,96.44,18939057.453256477
2023-02-10,0.0,4212400.0,3912400.0,4125500.0,0.0,0.0,0.0,0.0,6374414.3,6302485.16,6146169.9,0.0,0.0,0.0,96.44,18823165.798056476
2023-02-13,0.0,4212400.0,3912400.0,4125500.0,0.0,0.0,0.0,0.0,6392388.6108,6240669.24,6110278.050000001,0.0,0.0,0.0,96.44,18743432.338856477
2023-02-14,0.0,4212400.0,3912400.0,4125500.0,0.0,0.0,0.0,0.0,6380779.2364,6234800.64,6071085.8,0.0,0.0,0.0,96.44,18686762.114456475
2023-02-15,0.0,4212400.0,3912400.0,4125500.0,0.0,0.0,0.0,0.0,6370437.7944,6234409.399999999,6081812.1,0.0,0.0,0.0,96.44,18686755.732456475
2023-02-16,0.0,4212400.0,3912400.0,4125500.0,0.0,0.0,0.0,0.0,6364237.1416,6178462.08,6103677.25,0.0,0.0,0.0,96.44,18646472.909656476
2023-02-17,0.0,4212400.0,3912400.0,4125500.0,0.0,0.0,0.0,0.0,6354215.842,6217977.319999999,6098314.1,0.0,0.0,0.0,96.44,18670603.70005648
2023-02-20,0.0,4212400.0,3912400.0,4125500.0,0.0,0.0,0.0,0.0,6381731.2388,6205848.88,6054583.8,0.0,0.0,0.0,96.44,18642260.356856477
2023-02-21,0.0,4212400.0,3912400.0,4125500.0,0.0,0.0,0.0,0.0,6361052.5672,6316178.5600000005,6168860.15,0.0,0.0,0.0,96.44,18846187.715256475
2023-02-22,0.0,4212400.0,3912400.0,4125500.0,0.0,0.0,0.0,0.0,6394777.0416,6368995.96,6224554.399999999,0.0,0.0,0.0,96.44,18988423.839656476
2023-02-23,0.0,4212400.0,3912400.0,4125500.0,0.0,0.0,0.0,0.0,6376006.5872,6325177.08,6257558.399999999,0.0,0.0,0.0,96.44,18958838.505256474
2023-02-24,0.0,4212400.0,3912400.0,4125500.0,0.0,0.0,0.0,0.0,6394301.0404,6246929.08,6249719.949999999,0.0,0.0,0.0,96.44,18891046.508456476
2023-02-27,0.0,4212400.0,3912400.0,4125500.0,0.0,0.0,0.0,0.0,6379347.0204,6178070.84,6244769.350000001,0.0,0.0,0.0,96.44,18802283.648456477
2023-02-28,0.0,0.0,0.0,0.0,0.0,5419400.0,0.0,0.0,0.0,0.0,0.0,0.0,6249652.08,0.0,12492107.44,18741759.52111347
2023-03-01,0.0,0.0,0.0,0.0,0.0,5419400.0,0.0,0.0,0.0,0.0,0.0,0.0,6285962.06,0.0,12492107.44,18778069.50111347
2023-03-02,0.0,0.0,0.0,0.0,0.0,5419400.0,0.0,0.0,0.0,0.0,0.0,0.0,6280000.720000001,0.0,12492107.44,18772108.16111347
2023-03-03,0.0,0.0,0.0,0.0,0.0,5419400.0,0.0,0.0,0.0,0.0,0.0,0.0,6368336.94,0.0,12492107.44,18860444.381113473
2023-03-06,0.0,0.0,0.0,0.0,0.0,5419400.0,0.0,0.0,0.0,0.0,0.0,0.0,6411692.140000001,0.0,12492107.44,18903799.581113473
2023-03-07,0.0,0.0,0.0,0.0,0.0,5419400.0,0.0,0.0,0.0,0.0,0.0,0.0,6325523.68,0.0,12492107.44,18817631.12111347
2023-03-08,0.0,0.0,0.0,0.0,0.0,5419400.0,0.0,0.0,0.0,0.0,0.0,0.0,6246942.38,0.0,12492107.44,18739049.82111347
2023-03-09,0.0,0.0,0.0,0.0,0.0,5419400.0,0.0,0.0,0.0,0.0,0.0,0.0,6220929.26,0.0,12492107.44,18713036.70111347
2023-03-10,0.0,0.0,0.0,0.0,0.0,5419400.0,0.0,0.0,0.0,0.0,0.0,0.0,6226890.600000001,0.0,12492107.44,18718998.041113473
2023-03-13,0.0,0.0,0.0,0.0,0.0,5419400.0,0.0,0.0,0.0,0.0,0.0,0.0,6119586.4799999995,0.0,12492107.44,18611693.921113472
2023-03-14,0.0,0.0,0.0,0.0,0.0,5419400.0,0.0,0.0,0.0,0.0,0.0,0.0,5910397.64,0.0,12492107.44,18402505.081113473
2023-03-15,0.0,0.0,0.0,0.0,0.0,5419400.0,0.0,0.0,0.0,0.0,0.0,0.0,5571143.2,0.0,12492107.44,18063250.64111347
2023-03-16,0.0,0.0,0.0,0.0,0.0,5419400.0,0.0,0.0,0.0,0.0,0.0,0.0,5610162.88,0.0,12492107.44,18102270.32111347
2023-03-17,0.0,0.0,0.0,0.0,0.0,5419400.0,0.0,0.0,0.0,0.0,0.0,0.0,5552717.239999999,0.0,12492107.44,18044824.68111347
2023-03-20,0.0,0.0,0.0,0.0,0.0,5419400.0,0.0,0.0,0.0,0.0,0.0,0.0,5501232.9399999995,0.0,12492107.44,17993340.38111347
2023-03-21,0.0,0.0,0.0,0.0,0.0,5419400.0,0.0,0.0,0.0,0.0,0.0,0.0,5601491.840000001,0.0,12492107.44,18093599.28111347
2023-03-22,0.0,0.0,0.0,0.0,0.0,5419400.0,0.0,0.0,0.0,0.0,0.0,0.0,5678989.260000001,0.0,12492107.44,18171096.701113474
2023-03-23,0.0,0.0,0.0,0.0,0.0,5419400.0,0.0,0.0,0.0,0.0,0.0,0.0,5690911.94,0.0,12492107.44,18183019.381113473
2023-03-24,0.0,0.0,0.0,0.0,0.0,5419400.0,0.0,0.0,0.0,0.0,0.0,0.0,5574394.84,0.0,12492107.44,18066502.28111347
2023-03-27,0.0,0.0,0.0,0.0,0.0,5419400.0,0.0,0.0,0.0,0.0,0.0,0.0,5753776.98,0.0,12492107.44,18245884.421113472
2023-03-28,0.0,0.0,0.0,0.0,0.0,5419400.0,0.0,0.0,0.0,0.0,0.0,0.0,5883300.64,0.0,12492107.44,18375408.081113473
2023-03-29,0.0,0.0,0.0,0.0,0.0,5419400.0,0.0,0.0,0.0,0.0,0.0,0.0,5913107.34,0.0,12492107.44,18405214.78111347
2023-03-30,0.0,0.0,0.0,0.0,0.0,5419400.0,0.0,0.0,0.0,0.0,0.0,0.0,5932075.24,0.0,12492107.44,18424182.681113474
2023-03-31,0.0,3813400.0,0.0,3867700.0,8675500.0,0.0,0.0,0.0,6159571.4695999995,0.0,6137653.13,6159605.0,0.0,0.0,23.04,18456852.63531359
2023-04-03,0.0,3813400.0,0.0,3867700.0,8675500.0,0.0,0.0,0.0,6087284.6592,0.0,6192961.24,6185631.5,0.0,0.0,23.04,18465900.43491359
2023-04-04,0.0,3813400.0,0.0,3867700.0,8675500.0,0.0,0.0,0.0,6142292.9542000005,0.0,6143067.91,6202982.5,0.0,0.0,23.04,18488366.39991359
2023-04-06,0.0,3813400.0,0.0,3867700.0,8675500.0,0.0,0.0,0.0,6242512.919600001,0.0,6148869.46,6419870.0,0.0,0.0,23.04,18811275.41531359
2023-04-07,0.0,3813400.0,0.0,3867700.0,8675500.0,0.0,0.0,0.0,6231427.3658,0.0,6114060.16,6445896.5,0.0,0.0,23.04,18791407.06151359
2023-04-10,0.0,3813400.0,0.0,3867700.0,8675500.0,0.0,0.0,0.0,6181460.3856,0.0,6081571.48,6437221.0,0.0,0.0,23.04,18700275.90131359
2023-04-11,0.0,3813400.0,0.0,3867700.0,8675500.0,0.0,0.0,0.0,6207380.0654,0.0,6080024.4,6445896.5,0.0,0.0,23.04,18733324.00111359
2023-04-12,0.0,3813400.0,0.0,3867700.0,8675500.0,0.0,0.0,0.0,6251298.993199999,0.0,6086212.720000001,6523976.0,0.0,0.0,23.04,18861510.74891359
2023-04-13,0.0,3813400.0,0.0,3867700.0,8675500.0,0.0,0.0,0.0,6258498.6924,0.0,6078477.32,6576029.0,0.0,0.0,23.04,18913028.048113592
2023-04-14,0.0,3813400.0,0.0,3867700.0,8675500.0,0.0,0.0,0.0,6279377.057399999,0.0,6155831.319999999,6680135.0,0.0,0.0,23.04,19115366.41311359
2023-04-17,0.0,3813400.0,0.0,3867700.0,8675500.0,0.0,0.0,0.0,6224513.6716,0.0,6194508.319999999,6602055.5,0.0,0.0,23.04,19021100.52731359
2023-04-18,0.0,3813400.0,0.0,3867700.0,8675500.0,0.0,0.0,0.0,6200180.3662,0.0,6205724.65,6515300.5,0.0,0.0,23.04,18921228.55191359
2023-04-19,0.0,3813400.0,0.0,3867700.0,8675500.0,0.0,0.0,0.0,6197732.1634,0.0,6213460.05,6532651.5,0.0,0.0,23.04,18943866.74911359
2023-04-20,0.0,3813400.0,0.0,3867700.0,8675500.0,0.0,0.0,0.0,6206369.5144,0.0,6163179.949999999,6567353.5,0.0,0.0,23.04,18936926.00011359
2023-04-21,0.0,3813400.0,0.0,3867700.0,8675500.0,0.0,0.0,0.0,6182612.0324,0.0,6193348.01,6558678.0,0.0,0.0,23.04,18934661.07811359
2023-04-24,0.0,3813400.0,0.0,3867700.0,8675500.0,0.0,0.0,0.0,6171236.6602,0.0,6127210.34,6506625.0,0.0,0.0,23.04,18805095.03591359
2023-04-25,0.0,3813400.0,0.0,3867700.0,8675500.0,0.0,0.0,0.0,6223792.939,0.0,6129144.19,6532651.5,0.0,0.0,23.04,18885611.66471359
2023-04-26,0.0,3813400.0,0.0,3867700.0,8675500.0,0.0,0.0,0.0,6230706.6332,0.0,6041734.17,6489274.0,0.0,0.0,23.04,18761737.83891359
2023-04-27,0.0,3813400.0,0.0,3867700.0,8675500.0,0.0,0.0,0.0,6241651.0912,0.0,6008085.18,6532651.5,0.0,0.0,23.04,18782410.806913592
2023-04-28,0.0,3818400.0,4038500.0,0.0,8303900.0,0.0,0.0,0.0,6202971.708,6196674.4,0.0,6203013.3,0.0,0.0,39.63,18602699.03879759
2023-05-04,0.0,3818400.0,4038500.0,0.0,8303900.0,0.0,0.0,0.0,6334473.5856,6223732.35,0.0,6410610.8,0.0,0.0,39.63,18968856.36639759
2023-05-05,0.0,3818400.0,4038500.0,0.0,8303900.0,0.0,0.0,0.0,6364176.919199999,6173251.1,0.0,6452130.3,0.0,0.0,39.63,18989597.94999759
2023-05-08,0.0,3818400.0,4038500.0,0.0,8303900.0,0.0,0.0,0.0,6299435.9472,6217270.75,0.0,6385699.100000001,0.0,0.0,39.63,18902445.427997593
2023-05-09,0.0,3818400.0,4038500.0,0.0,8303900.0,0.0,0.0,0.0,6311257.7136,6229790.1,0.0,6385699.100000001,0.0,0.0,39.63,18926786.544397593
2023-05-10,0.0,3818400.0,4038500.0,0.0,8303900.0,0.0,0.0,0.0,6331590.6936,6192635.9,0.0,6377395.2,0.0,0.0,39.63,18901661.42439759
2023-05-11,0.0,3818400.0,4038500.0,0.0,8303900.0,0.0,0.0,0.0,6335195.2632,6102173.5,0.0,6369091.3,0.0,0.0,39.63,18806499.69399759
2023-05-12,0.0,3818400.0,4038500.0,0.0,8303900.0,0.0,0.0,0.0,6300875.483999999,5965268.350000001,0.0,6095062.6,0.0,0.0,39.63,18361246.06479759
2023-05-15,0.0,3818400.0,4038500.0,0.0,8303900.0,0.0,0.0,0.0,6324813.0336,5995153.25,0.0,6012023.6,0.0,0.0,39.63,18332029.514397588
2023-05-16,0.0,3818400.0,4038500.0,0.0,8303900.0,0.0,0.0,0.0,6308374.8216,5970518.399999999,0.0,5995415.8,0.0,0.0,39.63,18274348.65239759
2023-05-17,0.0,3818400.0,4038500.0,0.0,8303900.0,0.0,0.0,0.0,6283287.9336,5926498.75,0.0,5970504.1,0.0,0.0,39.63,18180330.414397594
2023-05-18,0.0,3818400.0,4038500.0,0.0,8303900.0,0.0,0.0,0.0,6273913.7616,6011711.1,0.0,5962200.2,0.0,0.0,39.63,18247864.69239759
2023-05-19,0.0,3818400.0,4038500.0,0.0,8303900.0,0.0,0.0,0.0,6248968.1544,5966076.05,0.0,5962200.2,0.0,0.0,39.63,18177284.03519759
2023-05-22,0.0,3818400.0,4038500.0,0.0,8303900.0,0.0,0.0,0.0,6272760.6048,5965672.2,0.0,6003719.7,0.0,0.0,39.63,18242192.13559759
2023-05-23,0.0,3818400.0,4038500.0,0.0,8303900.0,0.0,0.0,0.0,6238876.1232,5918017.9,0.0,5995415.8,0.0,0.0,39.63,18152349.453997593
2023-05-24,0.0,3818400.0,4038500.0,0.0,8303900.0,0.0,0.0,0.0,6278816.5872,5833209.399999999,0.0,5962200.2,0.0,0.0,39.63,18074265.81799759
2023-05-25,0.0,3818400.0,4038500.0,0.0,8303900.0,0.0,0.0,0.0,6261225.2184,5797670.6,0.0,5879161.199999999,0.0,0.0,39.63,17938096.64919759
2023-05-26,0.0,3818400.0,4038500.0,0.0,8303900.0,0.0,0.0,0.0,6228207.5136,5844113.350000001,0.0,5837641.699999999,0.0,0.0,39.63,17910002.19439759
2023-05-29,0.0,3818400.0,4038500.0,0.0,8303900.0,0.0,0.0,0.0,6218111.664,5920441.0,0.0,5904072.899999999,0.0,0.0,39.63,18042665.19479759
2023-05-30,0.0,3818400.0,4038500.0,0.0,8303900.0,0.0,0.0,0.0,6207011.5752,5942248.9,0.0,5895769.0,0.0,0.0,39.63,18045069.105997592
2023-05-31,0.0,0.0,0.0,0.0,0.0,5688600.0,0.0,0.0,0.0,0.0,0.0,0.0,6035035.739999999,0.0,12062469.1,18097504.83954907
2023-06-01,0.0,0.0,0.0,0.0,0.0,5688600.0,0.0,0.0,0.0,0.0,0.0,0.0,6119227.0200000005,0.0,12062469.1,18181696.11954907
2023-06-02,0.0,0.0,0.0,0.0,0.0,5688600.0,0.0,0.0,0.0,0.0,0.0,0.0,6259166.58,0.0,12062469.1,18321635.67954907
2023-06-05,0.0,0.0,0.0,0.0,0.0,5688600.0,0.0,0.0,0.0,0.0,0.0,0.0,6349615.32,0.0,12062469.1,18412084.41954907
2023-06-06,0.0,0.0,0.0,0.0,0.0,5688600.0,0.0,0.0,0.0,0.0,0.0,0.0,6290453.879999999,0.0,12062469.1,18352922.97954907
2023-06-07,0.0,0.0,0.0,0.0,0.0,5688600.0,0.0,0.0,0.0,0.0,0.0,0.0,6351321.9,0.0,12062469.1,18413790.99954907
2023-06-08,0.0,0.0,0.0,0.0,0.0,5688600.0,0.0,0.0,0.0,0.0,0.0,0.0,6332549.52,0.0,12062469.1,18395018.61954907
2023-06-09,0.0,0.0,0.0,0.0,0.0,5688600.0,0.0,0.0,0.0,0.0,0.0,0.0,6284196.42,0.0,12062469.1,18346665.51954907
2023-06-12,0.0,0.0,0.0,0.0,0.0,5688600.0,0.0,0.0,0.0,0.0,0.0,0.0,6091352.88,0.0,12062469.1,18153821.97954907
2023-06-13,0.0,0.0,0.0,0.0,0.0,5688600.0,0.0,0.0,0.0,0.0,0.0,0.0,6162460.38,0.0,12062469.1,18224929.47954907
2023-06-14,0.0,0.0,0.0,0.0,0.0,5688600.0,0.0,0.0,0.0,0.0,0.0,0.0,6206262.6,0.0,12062469.1,18268731.69954907
2023-06-15,0.0,0.0,0.0,0.0,0.0,5688600.0,0.0,0.0,0.0,0.0,0.0,0.0,6250064.82,0.0,12062469.1,18312533.91954907
2023-06-16,0.0,0.0,0.0,0.0,0.0,5688600.0,0.0,0.0,0.0,0.0,0.0,0.0,6321172.319999999,0.0,12062469.1,18383641.41954907
2023-06-19,0.0,0.0,0.0,0.0,0.0,5688600.0,0.0,0.0,0.0,0.0,0.0,0.0,6310363.9799999995,0.0,12062469.1,18372833.07954907
2023-06-20,0.0,0.0,0.0,0.0,0.0,5688600.0,0.0,0.0,0.0,0.0,0.0,0.0,6302968.800000001,0.0,12062469.1,18365437.89954907
2023-06-21,0.0,0.0,0.0,0.0,0.0,5688600.0,0.0,0.0,0.0,0.0,0.0,0.0,6432100.0200000005,0.0,12062469.1,18494569.11954907
2023-06-26,0.0,0.0,0.0,0.0,0.0,5688600.0,0.0,0.0,0.0,0.0,0.0,0.0,6260873.16,0.0,12062469.1,18323342.25954907
2023-06-27,0.0,0.0,0.0,0.0,0.0,5688600.0,0.0,0.0,0.0,0.0,0.0,0.0,6243807.359999999,0.0,12062469.1,18306276.45954907
2023-06-28,0.0,0.0,0.0,0.0,0.0,5688600.0,0.0,0.0,0.0,0.0,0.0,0.0,6210244.619999999,0.0,12062469.1,18272713.719549067
2023-06-29,0.0,0.0,0.0,0.0,0.0,5688600.0,0.0,0.0,0.0,0.0,0.0,0.0,6287609.58,0.0,12062469.1,18350078.67954907
2023-06-30,3242600.0,0.0,4073800.0,4200900.0,0.0,0.0,0.0,6139538.84,0.0,6139623.98,6122391.66,0.0,0.0,0.0,115.92,18401670.40215907
2023-07-03,3242600.0,0.0,4073800.0,4200900.0,0.0,0.0,0.0,6388894.78,0.0,6219877.84,6154318.5,0.0,0.0,0.0,115.92,18763207.04215907
2023-07-04,3242600.0,0.0,4073800.0,4200900.0,0.0,0.0,0.0,6524759.72,0.0,6227210.68,6174482.82,0.0,0.0,0.0,115.92,18926569.142159067
2023-07-05,3242600.0,0.0,4073800.0,4200900.0,0.0,0.0,0.0,6541296.98,0.0,6206434.300000001,6149697.51,0.0,0.0,0.0,115.92,18897544.712159067
2023-07-06,3242600.0,0.0,4073800.0,4200900.0,0.0,0.0,0.0,6526705.279999999,0.0,6246764.920000001,6158939.49,0.0,0.0,0.0,115.92,18932525.612159066
2023-07-07,3242600.0,0.0,4073800.0,4200900.0,0.0,0.0,0.0,6510492.28,0.0,6256542.04,6237916.41,0.0,0.0,0.0,115.92,19005066.65215907
2023-07-10,3242600.0,0.0,4073800.0,4200900.0,0.0,0.0,0.0,6456989.38,0.0,6234950.899999999,6282866.04,0.0,0.0,0.0,115.92,18974922.24215907
2023-07-11,3242600.0,0.0,4073800.0,4200900.0,0.0,0.0,0.0,6581505.22,0.0,6267133.92,6400911.33,0.0,0.0,0.0,115.92,19249666.392159067
2023-07-12,3242600.0,0.0,4073800.0,4200900.0,0.0,0.0,0.0,6619443.64,0.0,6249209.2,6477367.71,0.0,0.0,0.0,115.92,19346136.47215907
2023-07-13,3242600.0,0.0,4073800.0,4200900.0,0.0,0.0,0.0,6606473.239999999,0.0,6339240.18,6471066.36,0.0,0.0,0.0,115.92,19416895.702159066
2023-07-14,3242600.0,0.0,4073800.0,4200900.0,0.0,0.0,0.0,6650896.859999999,0.0,6383644.6,6555924.54,0.0,0.0,0.0,115.92,19590581.92215907
2023-07-17,3242600.0,0.0,4073800.0,4200900.0,0.0,0.0,0.0,6667758.379999999,0.0,6359609.18,6500052.569999999,0.0,0.0,0.0,115.92,19527536.052159067
2023-07-18,3242600.0,0.0,4073800.0,4200900.0,0.0,0.0,0.0,6700508.64,0.0,6299724.32,6477367.71,0.0,0.0,0.0,115.92,19477716.59215907
2023-07-19,3242600.0,0.0,4073800.0,4200900.0,0.0,0.0,0.0,6790652.92,0.0,6316834.28,6515595.899999999,0.0,0.0,0.0,115.92,19623199.022159066
2023-07-20,3242600.0,0.0,4073800.0,4200900.0,0.0,0.0,0.0,6882418.5,0.0,6339240.18,6524417.79,0.0,0.0,0.0,115.92,19746192.392159067
2023-07-21,3242600.0,0.0,4073800.0,4200900.0,0.0,0.0,0.0,6827294.300000001,0.0,6360831.319999999,6500472.66,0.0,0.0,0.0,115.92,19688714.20215907
2023-07-24,3242600.0,0.0,4073800.0,4200900.0,0.0,0.0,0.0,6858747.5200000005,0.0,6345758.260000001,6450061.86,0.0,0.0,0.0,115.92,19654683.56215907
2023-07-25,3242600.0,0.0,4073800.0,4200900.0,0.0,0.0,0.0,6921005.4399999995,0.0,6397902.9,6471066.36,0.0,0.0,0.0,115.92,19790090.622159068
2023-07-26,3242600.0,0.0,4073800.0,4200900.0,0.0,0.0,0.0,6960565.159999999,0.0,6440677.8,6547102.65,0.0,0.0,0.0,115.92,19948461.532159068
2023-07-27,3242600.0,0.0,4073800.0,4200900.0,0.0,0.0,0.0,7098051.4,0.0,6459824.66,6551723.640000001,0.0,0.0,0.0,115.92,20109715.62215907
2023-07-28,3242600.0,0.0,4073800.0,4200900.0,0.0,0.0,0.0,7062382.8,0.0,6420716.180000001,6594992.91,0.0,0.0,0.0,115.92,20078207.81215907
2023-07-31,3116500.0,0.0,0.0,4229100.0,0.0,5158400.0,0.0,6684892.5,0.0,0.0,6684938.37,0.0,6452126.72,0.0,225662.37,20047619.959891066
2023-08-01,3116500.0,0.0,0.0,4229100.0,0.0,5158400.0,0.0,6743482.7,0.0,0.0,6760639.26,0.0,6454190.08,0.0,225662.37,20183974.409891065
2023-08-02,3116500.0,0.0,0.0,4229100.0,0.0,5158400.0,0.0,6762805.0,0.0,0.0,6790665.869999999,0.0,6383520.0,0.0,225662.37,20162653.239891063
2023-08-03,3116500.0,0.0,0.0,4229100.0,0.0,5158400.0,0.0,6715745.850000001,0.0,0.0,6687475.83,0.0,6421176.319999999,0.0,225662.37,20050060.369891066
2023-08-04,3116500.0,0.0,0.0,4229100.0,0.0,5158400.0,0.0,6764363.25,0.0,0.0,6697202.76,0.0,6507837.44,0.0,225662.37,20195065.819891065
2023-08-07,3116500.0,0.0,0.0,4229100.0,0.0,5158400.0,0.0,6750650.65,0.0,0.0,6613889.49,0.0,6520733.44,0.0,225662.37,20110935.949891068
2023-08-08,3116500.0,0.0,0.0,4229100.0,0.0,5158400.0,0.0,6681464.35,0.0,0.0,6608391.66,0.0,6514543.359999999,0.0,225662.37,20030061.739891063
2023-08-09,3116500.0,0.0,0.0,4229100.0,0.0,5158400.0,0.0,6781192.35,0.0,0.0,6634612.08,0.0,6613068.8,0.0,225662.37,20254535.599891067
2023-08-10,3116500.0,0.0,0.0,4229100.0,0.0,5158400.0,0.0,6795839.9,0.0,0.0,6673096.890000001,0.0,6646598.399999999,0.0,225662.37,20341197.559891067
2023-08-11,3116500.0,0.0,0.0,4229100.0,0.0,5158400.0,0.0,6858169.9,0.0,0.0,6733995.930000001,0.0,6619258.88,0.0,225662.37,20437087.079891067
2023-08-14,3116500.0,0.0,0.0,4229100.0,0.0,5158400.0,0.0,6844457.300000001,0.0,0.0,6693819.4799999995,0.0,6561484.8,0.0,225662.37,20325423.949891068
2023-08-15,3116500.0,0.0,0.0,4229100.0,0.0,5158400.0,0.0,6960391.100000001,0.0,0.0,6658717.95,0.0,6524344.319999999,0.0,225662.37,20369115.739891067
2023-08-16,3116500.0,0.0,0.0,4229100.0,0.0,5158400.0,0.0,6926732.899999999,0.0,0.0,6606700.0200000005,0.0,6490814.72,0.0,225662.37,20249910.009891067
2023-08-17,3116500.0,0.0,0.0,4229100.0,0.0,5158400.0,0.0,7021474.5,0.0,0.0,6565254.84,0.0,6471728.64,0.0,225662.37,20284120.349891067
2023-08-18,3116500.0,0.0,0.0,4229100.0,0.0,5158400.0,0.0,7096582.149999999,0.0,0.0,6706506.78,0.0,6486172.16,0.0,225662.37,20514923.459891066
2023-08-21,3116500.0,0.0,0.0,4229100.0,0.0,5158400.0,0.0,7250537.249999999,0.0,0.0,6822384.12,0.0,6546525.4399999995,0.0,225662.37,20845109.179891065
2023-08-22,3116500.0,0.0,0.0,4229100.0,0.0,5158400.0,0.0,7195375.2,0.0,0.0,6904851.57,0.0,6482045.4399999995,0.0,225662.37,20807934.579891067
2023-08-23,3116500.0,0.0,0.0,4229100.0,0.0,5158400.0,0.0,7118709.299999999,0.0,0.0,6950102.9399999995,0.0,6438714.88,0.0,225662.37,20733189.489891063
2023-08-24,3116500.0,0.0,0.0,4229100.0,0.0,5158400.0,0.0,7133356.85,0.0,0.0,6934455.27,0.0,6403637.760000001,0.0,225662.37,20697112.249891065
2023-08-25,3116500.0,0.0,0.0,4229100.0,0.0,5158400.0,0.0,7210022.75,0.0,0.0,6929380.350000001,0.0,6455737.600000001,0.0,225662.37,20820803.06989107
2023-08-28,3116500.0,0.0,0.0,4229100.0,0.0,5158400.0,0.0,7367717.65,0.0,0.0,6912463.95,0.0,6459864.32,0.0,225662.37,20965708.289891068
2023-08-29,3116500.0,0.0,0.0,4229100.0,0.0,5158400.0,0.0,7394831.199999999,0.0,0.0,6882860.25,0.0,6491846.399999999,0.0,225662.37,20995200.219891064
2023-08-30,3116500.0,0.0,0.0,4229100.0,0.0,5158400.0,0.0,7369899.199999999,0.0,0.0,7008887.43,0.0,6569738.24,0.0,225662.37,21174187.239891063
2023-08-31,3001800.0,0.0,0.0,4222400.0,9143200.0,0.0,0.0,7116067.08,0.0,0.0,7116010.72,7104266.4,0.0,0.0,70.7,21336414.89748107
2023-09-01,3001800.0,0.0,0.0,4222400.0,9143200.0,0.0,0.0,7056331.26,0.0,0.0,7197925.28,7049407.2,0.0,0.0,70.7,21303734.437481068
2023-09-04,3001800.0,0.0,0.0,4222400.0,9143200.0,0.0,0.0,7000197.6,0.0,0.0,7142189.6,7031120.8,0.0,0.0,70.7,21173578.697481066
2023-09-05,3001800.0,0.0,0.0,4222400.0,9143200.0,0.0,0.0,7000197.6,0.0,0.0,7101654.56,6967118.4,0.0,0.0,70.7,21069041.25748107
2023-09-06,3001800.0,0.0,0.0,4222400.0,9143200.0,0.0,0.0,7072540.98,0.0,0.0,7143878.56,6930545.6,0.0,0.0,70.7,21147035.837481067
2023-09-07,3001800.0,0.0,0.0,4222400.0,9143200.0,0.0,0.0,7117567.98,0.0,0.0,7099121.12,6866543.2,0.0,0.0,70.7,21083302.99748107
2023-09-08,3001800.0,0.0,0.0,4222400.0,9143200.0,0.0,0.0,7024812.359999999,0.0,0.0,6995672.32,6848256.8,0.0,0.0,70.7,20868812.17748107
2023-09-11,3001800.0,0.0,0.0,4222400.0,9143200.0,0.0,0.0,7039221.000000001,0.0,0.0,7070831.04,6875686.4,0.0,0.0,70.7,20985809.13748107
2023-09-12,3001800.0,0.0,0.0,4222400.0,9143200.0,0.0,0.0,7015206.600000001,0.0,0.0,7164146.08,6903116.0,0.0,0.0,70.7,21082539.377481066
2023-09-13,3001800.0,0.0,0.0,4222400.0,9143200.0,0.0,0.0,6878024.340000001,0.0,0.0,7177235.52,6893972.8,0.0,0.0,70.7,20949303.35748107
2023-09-14,3001800.0,0.0,0.0,4222400.0,9143200.0,0.0,0.0,6840501.84,0.0,0.0,7180613.4399999995,6985404.8,0.0,0.0,70.7,21006590.777481064
2023-09-15,3001800.0,0.0,0.0,4222400.0,9143200.0,0.0,0.0,6916147.199999999,0.0,0.0,7254927.68,7058550.4,0.0,0.0,70.7,21229695.977481067
2023-09-18,3001800.0,0.0,0.0,4222400.0,9143200.0,0.0,0.0,6933857.819999999,0.0,0.0,7203414.399999999,6976261.600000001,0.0,0.0,70.7,21113604.517481066
2023-09-19,3001800.0,0.0,0.0,4222400.0,9143200.0,0.0,0.0,6824292.12,0.0,0.0,7279839.84,6939688.8,0.0,0.0,70.7,21043891.45748107
2023-09-20,3001800.0,0.0,0.0,4222400.0,9143200.0,0.0,0.0,6819189.0600000005,0.0,0.0,7249016.32,6976261.600000001,0.0,0.0,70.7,21044537.67748107
2023-09-21,3001800.0,0.0,0.0,4222400.0,9143200.0,0.0,0.0,6803879.88,0.0,0.0,7163301.6,7012834.4,0.0,0.0,70.7,20980086.57748107
2023-09-22,3001800.0,0.0,0.0,4222400.0,9143200.0,0.0,0.0,6771460.4399999995,0.0,0.0,7142189.6,7003691.2,0.0,0.0,70.7,20917411.937481068
2023-09-25,3001800.0,0.0,0.0,4222400.0,9143200.0,0.0,0.0,6777464.04,0.0,0.0,7083076.0,7058550.4,0.0,0.0,70.7,20919161.137481064
2023-09-26,3001800.0,0.0,0.0,4222400.0,9143200.0,0.0,0.0,6830896.079999999,0.0,0.0,6994827.84,6976261.600000001,0.0,0.0,70.7,20802056.21748107
2023-09-27,3001800.0,0.0,0.0,4222400.0,9143200.0,0.0,0.0,6837800.22,0.0,0.0,6988494.24,6930545.6,0.0,0.0,70.7,20756910.75748107
2023-09-28,0.0,4215900.0,0.0,0.0,0.0,4966500.0,11593600.0,0.0,6894240.1905,0.0,0.0,0.0,6921314.399999999,6921379.199999999,120.53,20737054.32211992
2023-10-09,0.0,4215900.0,0.0,0.0,0.0,4966500.0,11593600.0,0.0,6754145.833500001,0.0,0.0,0.0,6436087.350000001,6689507.199999999,120.53,19879860.915119924
2023-10-10,0.0,4215900.0,0.0,0.0,0.0,4966500.0,11593600.0,0.0,6935952.3051,0.0,0.0,0.0,6496678.65,6735881.6,120.53,20168633.086719923
2023-10-11,0.0,4215900.0,0.0,0.0,0.0,4966500.0,11593600.0,0.0,6944228.1168,0.0,0.0,0.0,6450986.85,6735881.6,120.53,20131217.09841992
2023-10-12,0.0,4215900.0,0.0,0.0,0.0,4966500.0,11593600.0,0.0,6954257.7429,0.0,0.0,0.0,6415228.050000001,6701100.8,120.53,20070707.12451992
2023-10-13,0.0,4215900.0,0.0,0.0,0.0,4966500.0,11593600.0,0.0,6997082.8551,0.0,0.0,0.0,6553793.4,6828630.399999999,120.53,20379627.186719917
2023-10-16,0.0,4215900.0,0.0,0.0,0.0,4966500.0,11593600.0,0.0,7095148.904999999,0.0,0.0,0.0,6661069.8,6875004.8,120.53,20631344.036619917
2023-10-17,0.0,4215900.0,0.0,0.0,0.0,4966500.0,11593600.0,0.0,7130967.1914,0.0,0.0,0.0,6629284.2,6875004.8,120.53,20635376.72301992
2023-10-18,0.0,4215900.0,0.0,0.0,0.0,4966500.0,11593600.0,0.0,7183345.533,0.0,0.0,0.0,6754936.65,6967753.6,120.53,20906156.31461992
2023-10-19,0.0,4215900.0,0.0,0.0,0.0,4966500.0,11593600.0,0.0,7228396.6404,0.0,0.0,0.0,6759903.149999999,7002534.399999999,120.53,20990954.72201992
2023-10-20,0.0,4215900.0,0.0,0.0,0.0,4966500.0,11593600.0,0.0,7319460.0804,0.0,0.0,0.0,6878602.5,7037315.2,120.53,21235498.31201992
2023-10-23,0.0,4215900.0,0.0,0.0,0.0,4966500.0,11593600.0,0.0,7282048.1838,0.0,0.0,0.0,6754936.65,6967753.6,120.53,21004858.96541992
2023-10-24,0.0,4215900.0,0.0,0.0,0.0,4966500.0,11593600.0,0.0,7294308.021,0.0,0.0,0.0,6596008.65,6921379.199999999,120.53,20811816.40261992
2023-10-25,0.0,4215900.0,0.0,0.0,0.0,4966500.0,11593600.0,0.0,7259602.7322,0.0,0.0,0.0,6568692.9,6909785.6,120.53,20738201.763819918
2023-10-26,0.0,4215900.0,0.0,0.0,0.0,4966500.0,11593600.0,0.0,7306723.8465,0.0,0.0,0.0,6608424.9,6932972.8,120.53,20848242.07811992
2023-10-27,0.0,4215900.0,0.0,0.0,0.0,4966500.0,11593600.0,0.0,7331719.917599999,0.0,0.0,0.0,6636733.95,6944566.399999999,120.53,20913140.79921992
2023-10-30,0.0,4215900.0,0.0,0.0,0.0,4966500.0,11593600.0,0.0,7349388.7545,0.0,0.0,0.0,6564223.050000001,6921379.199999999,120.53,20835111.536119923
2023-10-31,0.0,3968900.0,0.0,0.0,9080000.0,0.0,11646300.0,0.0,6917903.8292000005,0.0,0.0,6906248.000000001,0.0,6917902.199999999,66.73,20742120.75760012
2023-11-01,0.0,3968900.0,0.0,0.0,9080000.0,0.0,11646300.0,0.0,6896773.405599999,0.0,0.0,6814539.999999999,0.0,6871317.0,66.73,20582697.134000115
2023-11-02,0.0,3968900.0,0.0,0.0,9080000.0,0.0,11646300.0,0.0,6909962.0603,0.0,0.0,6784576.0,0.0,6917902.199999999,66.73,20612506.988700118
2023-11-03,0.0,3968900.0,0.0,0.0,9080000.0,0.0,11646300.0,0.0,6918804.7695,0.0,0.0,6793656.0,0.0,6917902.199999999,66.73,20630429.697900116
2023-11-06,0.0,3968900.0,0.0,0.0,9080000.0,0.0,11646300.0,0.0,6885231.8444,0.0,0.0,6864480.0,0.0,6882963.3,66.73,20632741.87280012
2023-11-07,0.0,3968900.0,0.0,0.0,9080000.0,0.0,11646300.0,0.0,6839823.6595,0.0,0.0,6831792.0,0.0,6824731.8,66.73,20496414.18790012
2023-11-08,0.0,3968900.0,0.0,0.0,9080000.0,0.0,11646300.0,0.0,6819141.7216,0.0,0.0,6720108.0,0.0,6719915.1,66.73,20259231.550000116
2023-11-09,0.0,3968900.0,0.0,0.0,9080000.0,0.0,11646300.0,0.0,6786168.1004,0.0,0.0,6714660.0,0.0,6708268.8,66.73,20209163.62880012
2023-11-10,0.0,3968900.0,0.0,0.0,9080000.0,0.0,11646300.0,0.0,6810898.3163,0.0,0.0,6738268.0,0.0,6684976.199999999,66.73,20234209.24470012
2023-11-13,0.0,3968900.0,0.0,0.0,9080000.0,0.0,11646300.0,0.0,6802805.729200001,0.0,0.0,6661088.0,0.0,6719915.1,66.73,20183875.55760012
2023-11-14,0.0,3968900.0,0.0,0.0,9080000.0,0.0,11646300.0,0.0,6829329.8879,0.0,0.0,6643836.0,0.0,6778146.6,66.73,20251379.21630012
2023-11-15,0.0,3968900.0,0.0,0.0,9080000.0,0.0,11646300.0,0.0,6840573.781599999,0.0,0.0,6772772.0,0.0,6766500.3,66.73,20379912.810000118
2023-11-16,0.0,3968900.0,0.0,0.0,9080000.0,0.0,11646300.0,0.0,6830830.1321,0.0,0.0,6827252.0,0.0,6743207.699999999,66.73,20401356.56050012
2023-11-17,0.0,3968900.0,0.0,0.0,9080000.0,0.0,11646300.0,0.0,6841621.5712,0.0,0.0,6876284.0,0.0,6719915.1,66.73,20437887.39960012
2023-11-20,0.0,3968900.0,0.0,0.0,9080000.0,0.0,11646300.0,0.0,6766236.2846,0.0,0.0,6843596.0,0.0,6766500.3,66.73,20376399.31300012
2023-11-21,0.0,3968900.0,0.0,0.0,9080000.0,0.0,11646300.0,0.0,6770883.8665000005,0.0,0.0,6794564.0,0.0,6778146.6,66.73,20343661.194900118
2023-11-22,0.0,3968900.0,0.0,0.0,9080000.0,0.0,11646300.0,0.0,6755595.663699999,0.0,0.0,6847228.0,0.0,6754854.0,66.73,20357744.392100118
2023-11-23,0.0,3968900.0,0.0,0.0,9080000.0,0.0,11646300.0,0.0,6744955.0428,0.0,0.0,6821804.0,0.0,6754854.0,66.73,20321679.77120012
2023-11-24,0.0,3968900.0,0.0,0.0,9080000.0,0.0,11646300.0,0.0,6745252.7103,0.0,0.0,6824528.0,0.0,6754854.0,66.73,20324701.438700117
2023-11-27,0.0,3968900.0,0.0,0.0,9080000.0,0.0,11646300.0,0.0,6814196.4722,0.0,0.0,7016116.000000001,0.0,6743207.699999999,66.73,20573586.90060012
2023-11-28,0.0,3968900.0,0.0,0.0,9080000.0,0.0,11646300.0,0.0,6835775.3815,0.0,0.0,7124168.0,0.0,6789792.899999999,66.73,20749803.00990012
2023-11-29,0.0,3968900.0,0.0,0.0,9080000.0,0.0,11646300.0,0.0,6876992.408,0.0,0.0,7149592.0,0.0,6801439.199999999,66.73,20828090.336400118
2023-11-30,0.0,0.0,0.0,0.0,8834800.0,0.0,0.0,0.0,0.0,0.0,0.0,6930017.12,0.0,0.0,13859756.35,20789773.47021932
2023-12-01,0.0,0.0,0.0,0.0,8834800.0,0.0,0.0,0.0,0.0,0.0,0.0,6963589.36,0.0,0.0,13859756.35,20823345.71021932
2023-12-04,0.0,0.0,0.0,0.0,8834800.0,0.0,0.0,0.0,0.0,0.0,0.0,7019248.6,0.0,0.0,13859756.35,20879004.95021932
2023-12-05,0.0,0.0,0.0,0.0,8834800.0,0.0,0.0,0.0,0.0,0.0,0.0,6850503.92,0.0,0.0,13859756.35,20710260.27021932
2023-12-06,0.0,0.0,0.0,0.0,8834800.0,0.0,0.0,0.0,0.0,0.0,0.0,6723282.8,0.0,0.0,13859756.35,20583039.15021932
2023-12-07,0.0,0.0,0.0,0.0,8834800.0,0.0,0.0,0.0,0.0,0.0,0.0,6722399.32,0.0,0.0,13859756.35,20582155.67021932
2023-12-08,0.0,0.0,0.0,0.0,8834800.0,0.0,0.0,0.0,0.0,0.0,0.0,6710914.08,0.0,0.0,13859756.35,20570670.430219322
2023-12-11,0.0,0.0,0.0,0.0,8834800.0,0.0,0.0,0.0,0.0,0.0,0.0,6647303.52,0.0,0.0,13859756.35,20507059.87021932
2023-12-12,0.0,0.0,0.0,0.0,8834800.0,0.0,0.0,0.0,0.0,0.0,0.0,6568673.800000001,0.0,0.0,13859756.35,20428430.15021932
2023-12-13,0.0,0.0,0.0,0.0,8834800.0,0.0,0.0,0.0,0.0,0.0,0.0,6574858.16,0.0,0.0,13859756.35,20434614.51021932
2023-12-14,0.0,0.0,0.0,0.0,8834800.0,0.0,0.0,0.0,0.0,0.0,0.0,6667623.5600000005,0.0,0.0,13859756.35,20527379.91021932
2023-12-15,0.0,0.0,0.0,0.0,8834800.0,0.0,0.0,0.0,0.0,0.0,0.0,6755088.079999999,0.0,0.0,13859756.35,20614844.43021932
2023-12-18,0.0,0.0,0.0,0.0,8834800.0,0.0,0.0,0.0,0.0,0.0,0.0,6718865.399999999,0.0,0.0,13859756.35,20578621.75021932
2023-12-19,0.0,0.0,0.0,0.0,8834800.0,0.0,0.0,0.0,0.0,0.0,0.0,6716214.96,0.0,0.0,13859756.35,20575971.31021932
2023-12-20,0.0,0.0,0.0,0.0,8834800.0,0.0,0.0,0.0,0.0,0.0,0.0,6748903.720000001,0.0,0.0,13859756.35,20608660.070219323
2023-12-21,0.0,0.0,0.0,0.0,8834800.0,0.0,0.0,0.0,0.0,0.0,0.0,6779825.52,0.0,0.0,13859756.35,20639581.87021932
2023-12-22,0.0,0.0,0.0,0.0,8834800.0,0.0,0.0,0.0,0.0,0.0,0.0,6811630.8,0.0,0.0,13859756.35,20671387.15021932
2023-12-25,0.0,0.0,0.0,0.0,8834800.0,0.0,0.0,0.0,0.0,0.0,0.0,6823999.52,0.0,0.0,13859756.35,20683755.87021932
2023-12-26,0.0,0.0,0.0,0.0,8834800.0,0.0,0.0,0.0,0.0,0.0,0.0,6811630.8,0.0,0.0,13859756.35,20671387.15021932
2023-12-27,0.0,0.0,0.0,0.0,8834800.0,0.0,0.0,0.0,0.0,0.0,0.0,6820465.600000001,0.0,0.0,13859756.35,20680221.950219322
2023-12-28,0.0,0.0,0.0,0.0,8834800.0,0.0,0.0,0.0,0.0,0.0,0.0,6824883.0,0.0,0.0,13859756.35,20684639.35021932
2023-12-29,0.0,0.0,0.0,0.0,8834800.0,0.0,0.0,0.0,0.0,0.0,0.0,6733001.08,0.0,0.0,13859756.35,20592757.430219322
2023-12-31,0.0,0.0,4445900.0,4155600.0,0.0,0.0,11768300.0,0.0,0.0,6860912.88,6834299.760000001,0.0,0.0,6860918.899999999,117.77,20556249.30538932
2024-01-02,0.0,0.0,4445900.0,4155600.0,0.0,0.0,11768300.0,0.0,0.0,6850687.31,6810197.28,0.0,0.0,6837382.3,117.77,20498384.65538932
2024-01-03,0.0,0.0,4445900.0,4155600.0,0.0,0.0,11768300.0,0.0,0.0,6844907.640000001,6808535.04,0.0,0.0,6790309.1,117.77,20443869.54538932
2024-01-04,0.0,0.0,4445900.0,4155600.0,0.0,0.0,11768300.0,0.0,0.0,6817343.0600000005,6807703.920000001,0.0,0.0,6790309.1,117.77,20415473.845389318
2024-01-05,0.0,0.0,4445900.0,4155600.0,0.0,0.0,11768300.0,0.0,0.0,6782665.04,6749525.5200000005,0.0,0.0,6790309.1,117.77,20322617.42538932
2024-01-08,0.0,0.0,4445900.0,4155600.0,0.0,0.0,11768300.0,0.0,0.0,6775107.01,6714618.4799999995,0.0,0.0,6743235.899999999,117.77,20233079.155389316
2024-01-09,0.0,0.0,4445900.0,4155600.0,0.0,0.0,11768300.0,0.0,0.0,6761769.31,6655608.96,0.0,0.0,6743235.899999999,117.77,20160731.935389318
2024-01-10,0.0,0.0,4445900.0,4155600.0,0.0,0.0,11768300.0,0.0,0.0,6755100.46,6593274.96,0.0,0.0,6731467.6,117.77,20079960.78538932
2024-01-11,0.0,0.0,4445900.0,4155600.0,0.0,0.0,11768300.0,0.0,0.0,6779108.319999999,6530109.84,0.0,0.0,6731467.6,117.77,20040803.525389317
2024-01-12,0.0,0.0,4445900.0,4155600.0,0.0,0.0,11768300.0,0.0,0.0,6791112.25,6562523.52,0.0,0.0,6802077.399999999,117.77,20155830.935389318
2024-01-15,0.0,0.0,4445900.0,4155600.0,0.0,0.0,11768300.0,0.0,0.0,6763547.670000001,6572081.399999999,0.0,0.0,6802077.399999999,117.77,20137824.23538932
2024-01-16,0.0,0.0,4445900.0,4155600.0,0.0,0.0,11768300.0,0.0,0.0,6759990.95,6597015.0,0.0,0.0,6731467.6,117.77,20088591.315389317
2024-01-17,0.0,0.0,4445900.0,4155600.0,0.0,0.0,11768300.0,0.0,0.0,6776440.78,6594106.08,0.0,0.0,6649089.499999999,117.77,20019754.12538932
2024-01-18,0.0,0.0,4445900.0,4155600.0,0.0,0.0,11768300.0,0.0,0.0,6743096.529999999,6604079.52,0.0,0.0,6696162.699999999,117.77,20043456.51538932
2024-01-19,0.0,0.0,4445900.0,4155600.0,0.0,0.0,11768300.0,0.0,0.0,6739539.8100000005,6629844.239999999,0.0,0.0,6707930.999999999,117.77,20077432.81538932
2024-01-22,0.0,0.0,4445900.0,4155600.0,0.0,0.0,11768300.0,0.0,0.0,6755989.640000001,6714618.4799999995,0.0,0.0,6684394.399999999,117.77,20155120.28538932
2024-01-23,0.0,0.0,4445900.0,4155600.0,0.0,0.0,11768300.0,0.0,0.0,6765770.62,6756174.4799999995,0.0,0.0,6707930.999999999,117.77,20229993.865389317
2024-01-24,0.0,0.0,4445900.0,4155600.0,0.0,0.0,11768300.0,0.0,0.0,6820010.600000001,6818508.48,0.0,0.0,6649089.499999999,117.77,20287726.34538932
2024-01-25,0.0,0.0,4445900.0,4155600.0,0.0,0.0,11768300.0,0.0,0.0,6860912.88,6872115.72,0.0,0.0,6684394.399999999,117.77,20417540.76538932
2024-01-26,0.0,0.0,4445900.0,4155600.0,0.0,0.0,11768300.0,0.0,0.0,6888032.869999999,6865051.199999999,0.0,0.0,6684394.399999999,117.77,20437596.23538932
2024-01-29,0.0,0.0,4445900.0,4155600.0,0.0,0.0,11768300.0,0.0,0.0,6879585.66,6899958.24,0.0,0.0,6719699.3,117.77,20499360.96538932
2024-01-30,0.0,0.0,4445900.0,4155600.0,0.0,0.0,11768300.0,0.0,0.0,6862691.24,6889984.8,0.0,0.0,6731467.6,117.77,20484261.40538932
2024-01-31,0.0,0.0,4409600.0,4126200.0,0.0,5446800.0,0.0,0.0,0.0,6810627.2,6810705.720000001,0.0,6698474.64,0.0,104597.79,20424405.345310323
2024-02-01,0.0,0.0,4409600.0,4126200.0,0.0,5446800.0,0.0,0.0,0.0,6801808.0,6749637.96,0.0,6640193.880000001,0.0,104597.79,20296237.625310324
2024-02-02,0.0,0.0,4409600.0,4126200.0,0.0,5446800.0,0.0,0.0,0.0,6750656.64,6691458.54,0.0,6440296.319999999,0.0,104597.79,19987009.28531032
2024-02-05,0.0,0.0,4409600.0,4126200.0,0.0,5446800.0,0.0,0.0,0.0,6718466.5600000005,6700536.18,0.0,6395632.56,0.0,104597.79,19919233.08531032
2024-02-06,0.0,0.0,4409600.0,4126200.0,0.0,5446800.0,0.0,0.0,0.0,6678780.16,6687332.34,0.0,6458815.4399999995,0.0,104597.79,19929525.72531032
2024-02-07,0.0,0.0,4409600.0,4126200.0,0.0,5446800.0,0.0,0.0,0.0,6683189.760000001,6776458.260000001,0.0,6486594.12,0.0,104597.79,20050839.92531032
2024-02-08,0.0,0.0,4409600.0,4126200.0,0.0,5446800.0,0.0,0.0,0.0,6686276.4799999995,6811530.96,0.0,6575376.96,0.0,104597.79,20177782.18531032
2024-02-19,0.0,0.0,4409600.0,4126200.0,0.0,5446800.0,0.0,0.0,0.0,6704796.8,6820195.98,0.0,6719717.16,0.0,104597.79,20349307.725310322
2024-02-20,0.0,0.0,4409600.0,4126200.0,0.0,5446800.0,0.0,0.0,0.0,6687599.359999999,6731482.68,0.0,6637470.4799999995,0.0,104597.79,20161150.30531032
2024-02-21,0.0,0.0,4409600.0,4126200.0,0.0,5446800.0,0.0,0.0,0.0,6718907.5200000005,6698885.7,0.0,6636381.119999999,0.0,104597.79,20158772.12531032
2024-02-22,0.0,0.0,4409600.0,4126200.0,0.0,5446800.0,0.0,0.0,0.0,6747128.96,6729832.2,0.0,6674508.720000001,0.0,104597.79,20256067.665310323
2024-02-23,0.0,0.0,4409600.0,4126200.0,0.0,5446800.0,0.0,0.0,0.0,6777555.199999999,6765317.52,0.0,6608057.760000001,0.0,104597.79,20255528.26531032
2024-02-26,0.0,0.0,4409600.0,4126200.0,0.0,5446800.0,0.0,0.0,0.0,6766972.16,6721992.42,0.0,6591717.359999999,0.0,104597.79,20185279.72531032
2024-02-27,0.0,0.0,4409600.0,4126200.0,0.0,5446800.0,0.0,0.0,0.0,6759475.84,6745099.140000001,0.0,6684312.96,0.0,104597.79,20293485.725310322
2024-02-28,0.0,0.0,4409600.0,4126200.0,0.0,5446800.0,0.0,0.0,0.0,6770499.840000001,6802040.7,0.0,6687581.04,0.0,104597.79,20364719.365310322
2024-02-29,0.0,3852400.0,0.0,0.0,9108600.0,5509300.0,0.0,0.0,6763720.3184,0.0,0.0,6746740.0200000005,6763767.61,0.0,27.55,20274255.494683802
2024-03-01,0.0,3852400.0,0.0,0.0,9108600.0,5509300.0,0.0,0.0,6798052.9072,0.0,0.0,6783174.42,6860731.29,0.0,27.55,20441986.1634838
2024-03-04,0.0,3852400.0,0.0,0.0,9108600.0,5509300.0,0.0,0.0,6876607.195599999,0.0,0.0,6848756.34,6849161.760000001,0.0,27.55,20574552.8418838
2024-03-05,0.0,3852400.0,0.0,0.0,9108600.0,5509300.0,0.0,0.0,6982074.3504,0.0,0.0,6974455.0200000005,6837592.23,0.0,27.55,20794149.1466838
2024-03-06,0.0,3852400.0,0.0,0.0,9108600.0,5509300.0,0.0,0.0,7027752.2572,0.0,0.0,7032750.0600000005,6864587.8,0.0,27.55,20925117.663483802
2024-03-07,0.0,3852400.0,0.0,0.0,9108600.0,5509300.0,0.0,0.0,7102669.88,0.0,0.0,7051878.12,6844203.39,0.0,27.55,20998778.9362838
2024-03-08,0.0,3852400.0,0.0,0.0,9108600.0,5509300.0,0.0,0.0,7112998.1644,0.0,0.0,7066451.880000001,6839245.0200000005,0.0,27.55,21018722.610683803
2024-03-11,0.0,3852400.0,0.0,0.0,9108600.0,5509300.0,0.0,0.0,7133219.4120000005,0.0,0.0,7058254.140000001,6816656.890000001,0.0,27.55,21008157.9882838
2024-03-12,0.0,3852400.0,0.0,0.0,9108600.0,5509300.0,0.0,0.0,7104561.4084,0.0,0.0,7075560.48,6845856.18,0.0,27.55,21026005.6146838
2024-03-13,0.0,3852400.0,0.0,0.0,9108600.0,5509300.0,0.0,0.0,7098016.1808,0.0,0.0,7035482.64,6890481.51,0.0,27.55,21024007.877083797
2024-03-14,0.0,3852400.0,0.0,0.0,9108600.0,5509300.0,0.0,0.0,7103833.3048,0.0,0.0,7188507.12,6994607.28,0.0,27.55,21286975.251083802
2024-03-15,0.0,3852400.0,0.0,0.0,9108600.0,5509300.0,0.0,0.0,7130457.2412,0.0,0.0,7242247.86,7047496.56,0.0,27.55,21420229.2074838
2024-03-18,0.0,3852400.0,0.0,0.0,9108600.0,5509300.0,0.0,0.0,7076342.5784,0.0,0.0,7314205.800000001,7097080.26,0.0,27.55,21487656.184683803
2024-03-19,0.0,3852400.0,0.0,0.0,9108600.0,5509300.0,0.0,0.0,7087395.114,0.0,0.0,7277771.4,7181372.550000001,0.0,27.55,21546566.610283803
2024-03-20,0.0,3852400.0,0.0,0.0,9108600.0,5509300.0,0.0,0.0,7103251.5923999995,0.0,0.0,7244069.58,7098182.12,0.0,27.55,21445530.8386838
2024-03-21,0.0,3852400.0,0.0,0.0,9108600.0,5509300.0,0.0,0.0,7239707.4528,0.0,0.0,7363392.24,7089918.17,0.0,27.55,21693045.409083802
2024-03-22,0.0,3852400.0,0.0,0.0,9108600.0,5509300.0,0.0,0.0,7186752.3624,0.0,0.0,7316027.5200000005,7053556.79,0.0,27.55,21556364.2186838
2024-03-25,0.0,3852400.0,0.0,0.0,9108600.0,5509300.0,0.0,0.0,7185881.72,0.0,0.0,7329690.42,7126830.48,0.0,27.55,21642430.1662838
2024-03-26,0.0,3852400.0,0.0,0.0,9108600.0,5509300.0,0.0,0.0,7205082.0816,0.0,0.0,7329690.42,7133992.569999999,0.0,27.55,21668792.6178838
2024-03-27,0.0,3852400.0,0.0,0.0,9108600.0,5509300.0,0.0,0.0,7253090.6904,0.0,0.0,7308740.64,7082205.15,0.0,27.55,21644064.0266838
2024-03-28,0.0,3852400.0,0.0,0.0,9108600.0,5509300.0,0.0,0.0,7293094.012,0.0,0.0,7318760.1,7163191.86,0.0,27.55,21775073.5182838
2024-03-29,0.0,3852400.0,0.0,0.0,9108600.0,5509300.0,0.0,0.0,7415873.8524,0.0,0.0,7390718.04,7187983.71,0.0,27.55,21994603.1486838
2024-03-31,0.0,3808700.0,0.0,0.0,9034600.0,5555200.0,0.0,0.0,7331606.5781,0.0,0.0,7331577.9,7247313.92,0.0,84093.47,21994591.87157687
2024-04-01,0.0,3808700.0,0.0,0.0,9034600.0,5555200.0,0.0,0.0,7417466.1022,0.0,0.0,7391206.260000001,7263979.5200000005,0.0,84093.47,22156745.35567687
2024-04-02,0.0,3808700.0,0.0,0.0,9034600.0,5555200.0,0.0,0.0,7418185.9465,0.0,0.0,7381268.199999999,7374527.999999999,0.0,84093.47,22258075.61997687
2024-04-03,0.0,3808700.0,0.0,0.0,9034600.0,5555200.0,0.0,0.0,7469675.7618,0.0,0.0,7566477.5,7441745.919999999,0.0,84093.47,22561992.655276872
2024-04-08,0.0,3808700.0,0.0,0.0,9034600.0,5555200.0,0.0,0.0,7699645.067799999,0.0,0.0,7950448.0,7472855.04,0.0,84093.47,23207041.58127687
2024-04-09,0.0,3808700.0,0.0,0.0,9034600.0,5555200.0,0.0,0.0,7718917.089800001,0.0,0.0,8063380.5,7490076.16,0.0,84093.47,23356467.223276872
2024-04-10,0.0,3808700.0,0.0,0.0,9034600.0,5555200.0,0.0,0.0,7752140.3799,0.0,0.0,8131140.0,7459522.56,0.0,84093.47,23426896.41337687
2024-04-11,0.0,3808700.0,0.0,0.0,9034600.0,5555200.0,0.0,0.0,7699789.7984,0.0,0.0,8104036.2,7505630.72,0.0,84093.47,23393550.19187687
2024-04-12,0.0,3808700.0,0.0,0.0,9034600.0,5555200.0,0.0,0.0,7881003.9357,0.0,0.0,8225099.84,7551738.88,0.0,84093.47,23741936.12917687
2024-04-15,0.0,3808700.0,0.0,0.0,9034600.0,5555200.0,0.0,0.0,7762640.965799999,0.0,0.0,8431088.72,7488409.600000001,0.0,84093.47,23766232.759276874
2024-04-16,0.0,3808700.0,0.0,0.0,9034600.0,5555200.0,0.0,0.0,7815421.930399999,0.0,0.0,8316349.3,7535073.28,0.0,84093.47,23750937.983876873
2024-04-17,0.0,3808700.0,0.0,0.0,9034600.0,5555200.0,0.0,0.0,7842459.8917,0.0,0.0,8249493.26,7449523.2,0.0,84093.47,23625569.825176872
2024-04-18,0.0,3808700.0,0.0,0.0,9034600.0,5555200.0,0.0,0.0,7827072.7437,0.0,0.0,8313638.92,7308421.12,0.0,84093.47,23533226.257176872
2024-04-19,0.0,3808700.0,0.0,0.0,9034600.0,5555200.0,0.0,0.0,7857420.4653,0.0,0.0,8311832.0,7341752.32,0.0,84093.47,23595098.258776873
2024-04-22,0.0,3808700.0,0.0,0.0,9034600.0,5555200.0,0.0,0.0,7732437.9748,0.0,0.0,8233230.98,7263424.000000001,0.0,84093.47,23313186.428276874
2024-04-23,0.0,3808700.0,0.0,0.0,9034600.0,5555200.0,0.0,0.0,7558125.2019,0.0,0.0,7868233.14,7311198.720000001,0.0,84093.47,22821650.53537687
2024-04-24,0.0,3808700.0,0.0,0.0,9034600.0,5555200.0,0.0,0.0,7617380.9565,0.0,0.0,7879074.66,7365084.16,0.0,84093.47,22945633.249976873
2024-04-25,0.0,3808700.0,0.0,0.0,9034600.0,5555200.0,0.0,0.0,7614360.6574,0.0,0.0,7882688.500000001,7345085.44,0.0,84093.47,22926228.070876874
2024-04-26,0.0,3808700.0,0.0,0.0,9034600.0,5555200.0,0.0,0.0,7680662.507,0.0,0.0,7929668.42,7441745.919999999,0.0,84093.47,23136170.32047687
2024-04-29,0.0,3808700.0,0.0,0.0,9034600.0,5555200.0,0.0,0.0,7626152.392600001,0.0,0.0,7921537.28,7368972.8,0.0,84093.47,23000755.946076874
2024-04-30,3361100.0,0.0,4307400.0,0.0,8747400.0,0.0,0.0,7349717.37,0.0,7612037.28,0.0,7611987.4799999995,0.0,0.0,249638.18,22823380.31080793
2024-05-06,3361100.0,0.0,4307400.0,0.0,8747400.0,0.0,0.0,7555080.579999999,0.0,7573701.42,0.0,7568250.4799999995,0.0,0.0,249638.18,22946670.66080793
2024-05-07,3361100.0,0.0,4307400.0,0.0,8747400.0,0.0,0.0,7724480.0200000005,0.0,7606437.66,0.0,7686340.38,0.0,0.0,249638.18,23266896.24080793
2024-05-08,3361100.0,0.0,4307400.0,0.0,8747400.0,0.0,0.0,7792038.129999999,0.0,7533642.600000001,0.0,7672344.54,0.0,0.0,249638.18,23247663.45080793
2024-05-09,3361100.0,0.0,4307400.0,0.0,8747400.0,0.0,0.0,7781282.61,0.0,7508659.680000001,0.0,7695962.5200000005,0.0,0.0,249638.18,23235542.990807932
2024-05-10,3361100.0,0.0,4307400.0,0.0,8747400.0,0.0,0.0,7681794.05,0.0,7564655.88,0.0,7861288.380000001,0.0,0.0,249638.18,23357376.490807932
2024-05-13,3361100.0,0.0,4307400.0,0.0,8747400.0,0.0,0.0,7695574.5600000005,0.0,7581885.4799999995,0.0,7884031.62,0.0,0.0,249638.18,23411129.84080793
2024-05-14,3361100.0,0.0,4307400.0,0.0,8747400.0,0.0,0.0,7732546.660000001,0.0,7689139.739999999,0.0,7888405.32,0.0,0.0,249638.18,23559729.90080793
2024-05-15,3361100.0,0.0,4307400.0,0.0,8747400.0,0.0,0.0,7711035.62,0.0,7688709.0,0.0,7925144.4,0.0,0.0,249638.18,23574527.200807933
2024-05-16,3361100.0,0.0,4307400.0,0.0,8747400.0,0.0,0.0,7739604.970000001,0.0,7735228.92,0.0,8095718.7,0.0,0.0,249638.18,23820190.77080793
2024-05-17,3361100.0,0.0,4307400.0,0.0,8747400.0,0.0,0.0,7759099.35,0.0,7810177.68,0.0,8177069.52,0.0,0.0,249638.18,23995984.730807927
2024-05-20,3361100.0,0.0,4307400.0,0.0,8747400.0,0.0,0.0,7774896.5200000005,0.0,8040192.84,0.0,8504222.28,0.0,0.0,249638.18,24568949.82080793
2024-05-21,3361100.0,0.0,4307400.0,0.0,8747400.0,0.0,0.0,7825313.02,0.0,8081974.62,0.0,8884734.18,0.0,0.0,249638.18,25041660.00080793
2024-05-22,3361100.0,0.0,4307400.0,0.0,8747400.0,0.0,0.0,7810188.07,0.0,8075944.26,0.0,8958212.34,0.0,0.0,249638.18,25093982.85080793
2024-05-23,3361100.0,0.0,4307400.0,0.0,8747400.0,0.0,0.0,7851865.71,0.0,7876080.9,0.0,8610940.56,0.0,0.0,249638.18,24588525.35080793
2024-05-24,3361100.0,0.0,4307400.0,0.0,8747400.0,0.0,0.0,7875729.52,0.0,7870050.54,0.0,8498099.1,0.0,0.0,249638.18,24493517.340807926
2024-05-27,3361100.0,0.0,4307400.0,0.0,8747400.0,0.0,0.0,7822288.03,0.0,7884264.96,0.0,8582074.14,0.0,0.0,249638.18,24538265.310807932
2024-05-28,3361100.0,0.0,4307400.0,0.0,8747400.0,0.0,0.0,7800776.99,0.0,7985488.86,0.0,8851494.06,0.0,0.0,249638.18,24887398.090807933
2024-05-29,3361100.0,0.0,4307400.0,0.0,8747400.0,0.0,0.0,7613899.829999999,0.0,8013056.220000001,0.0,8951214.420000002,0.0,0.0,249638.18,24827808.650807932
2024-05-30,3361100.0,0.0,4307400.0,0.0,8747400.0,0.0,0.0,7577263.84,0.0,7969982.220000001,0.0,8897855.280000001,0.0,0.0,249638.18,24694739.520807933
2024-05-31,0.0,0.0,4475100.0,4801100.0,8118700.0,0.0,0.0,0.0,0.0,8144682.0,8136424.170000001,8144679.840000001,0.0,0.0,6.15,24425792.16165093
2024-06-03,0.0,0.0,4475100.0,4801100.0,8118700.0,0.0,0.0,0.0,0.0,8082478.11,8011115.46,7975810.880000001,0.0,0.0,6.15,24069410.60165093
2024-06-04,0.0,0.0,4475100.0,4801100.0,8118700.0,0.0,0.0,0.0,0.0,8071290.36,7921334.89,7938464.86,0.0,0.0,6.15,23931096.261650927
2024-06-05,0.0,0.0,4475100.0,4801100.0,8118700.0,0.0,0.0,0.0,0.0,7953147.72,7932377.42,7735497.359999999,0.0,0.0,6.15,23621028.651650928
2024-06-06,0.0,0.0,4475100.0,4801100.0,8118700.0,0.0,0.0,0.0,0.0,7948672.62,7970306.109999999,7858089.7299999995,0.0,0.0,6.15,23777074.61165093
2024-06-07,0.0,0.0,4475100.0,4801100.0,8118700.0,0.0,0.0,0.0,0.0,8021169.24,7970306.109999999,8086225.2,0.0,0.0,6.15,24077706.70165093
2024-06-11,0.0,0.0,4475100.0,4801100.0,8118700.0,0.0,0.0,0.0,0.0,7874385.96,7969345.89,7681913.94,0.0,0.0,6.15,23525651.941650927
2024-06-12,0.0,0.0,4475100.0,4801100.0,8118700.0,0.0,0.0,0.0,0.0,7835452.59,7974627.100000001,7676230.85,0.0,0.0,6.15,23486316.691650927
2024-06-13,0.0,0.0,4475100.0,4801100.0,8118700.0,0.0,0.0,0.0,0.0,7871700.899999999,7943419.95,7739556.71,0.0,0.0,6.15,23554683.711650927
2024-06-14,0.0,0.0,4475100.0,4801100.0,8118700.0,0.0,0.0,0.0,0.0,7828292.430000001,7928536.54,7603974.42,0.0,0.0,6.15,23360809.54165093
2024-06-17,0.0,0.0,4475100.0,4801100.0,8118700.0,0.0,0.0,0.0,0.0,7738790.430000001,7859400.7,7664052.8,0.0,0.0,6.15,23262250.081650928
2024-06-18,0.0,0.0,4475100.0,4801100.0,8118700.0,0.0,0.0,0.0,0.0,7731630.2700000005,7844517.289999999,7707081.91,0.0,0.0,6.15,23283235.621650927
2024-06-19,0.0,0.0,4475100.0,4801100.0,8118700.0,0.0,0.0,0.0,0.0,7738342.92,7874284.109999999,7710329.39,0.0,0.0,6.15,23322962.571650926
2024-06-20,0.0,0.0,4475100.0,4801100.0,8118700.0,0.0,0.0,0.0,0.0,7820237.25,7881005.649999999,7878386.48,0.0,0.0,6.15,23579635.531650927
2024-06-21,0.0,0.0,4475100.0,4801100.0,8118700.0,0.0,0.0,0.0,0.0,7837690.140000001,7869483.01,8031829.909999999,0.0,0.0,6.15,23739009.211650927
2024-06-24,0.0,0.0,4475100.0,4801100.0,8118700.0,0.0,0.0,0.0,0.0,7758480.87,7798906.840000001,7845099.8100000005,0.0,0.0,6.15,23402493.67165093
2024-06-25,0.0,0.0,4475100.0,4801100.0,8118700.0,0.0,0.0,0.0,0.0,7760270.91,7849798.5,7788268.91,0.0,0.0,6.15,23398344.47165093
2024-06-26,0.0,0.0,4475100.0,4801100.0,8118700.0,0.0,0.0,0.0,0.0,7705227.18,7832994.649999999,7649439.140000001,0.0,0.0,6.15,23187667.121650927
2024-06-27,0.0,0.0,4475100.0,4801100.0,8118700.0,0.0,0.0,0.0,0.0,7730287.74,7840196.3,7584489.54,0.0,0.0,6.15,23154979.731650926
2024-06-28,0.0,0.0,4475100.0,4801100.0,8118700.0,0.0,0.0,0.0,0.0,7759823.4,7901170.27,7664864.670000001,0.0,0.0,6.15,23325864.491650928
2024-06-30,0.0,0.0,0.0,0.0,0.0,5836300.0,0.0,0.0,0.0,0.0,0.0,0.0,7766948.04,0.0,15525877.44,23292825.483769927
2024-07-01,0.0,0.0,0.0,0.0,0.0,5836300.0,0.0,0.0,0.0,0.0,0.0,0.0,7837567.27,0.0,15525877.44,23363444.713769928
2024-07-02,0.0,0.0,0.0,0.0,0.0,5836300.0,0.0,0.0,0.0,0.0,0.0,0.0,7909353.76,0.0,15525877.44,23435231.20376993
2024-07-03,0.0,0.0,0.0,0.0,0.0,5836300.0,0.0,0.0,0.0,0.0,0.0,0.0,7894179.38,0.0,15525877.44,23420056.823769927
2024-07-04,0.0,0.0,0.0,0.0,0.0,5836300.0,0.0,0.0,0.0,0.0,0.0,0.0,7930948.07,0.0,15525877.44,23456825.51376993
2024-07-05,0.0,0.0,0.0,0.0,0.0,5836300.0,0.0,0.0,0.0,0.0,0.0,0.0,7944955.1899999995,0.0,15525877.44,23470832.63376993
2024-07-08,0.0,0.0,0.0,0.0,0.0,5836300.0,0.0,0.0,0.0,0.0,0.0,0.0,7845738.09,0.0,15525877.44,23371615.533769928
2024-07-09,0.0,0.0,0.0,0.0,0.0,5836300.0,0.0,0.0,0.0,0.0,0.0,0.0,7793211.39,0.0,15525877.44,23319088.83376993
2024-07-10,0.0,0.0,0.0,0.0,0.0,5836300.0,0.0,0.0,0.0,0.0,0.0,0.0,7766948.04,0.0,15525877.44,23292825.483769927
2024-07-11,0.0,0.0,0.0,0.0,0.0,5836300.0,0.0,0.0,0.0,0.0,0.0,0.0,7831147.340000001,0.0,15525877.44,23357024.783769928
2024-07-12,0.0,0.0,0.0,0.0,0.0,5836300.0,0.0,0.0,0.0,0.0,0.0,0.0,7822392.890000001,0.0,15525877.44,23348270.33376993
2024-07-15,0.0,0.0,0.0,0.0,0.0,5836300.0,0.0,0.0,0.0,0.0,0.0,0.0,7801382.21,0.0,15525877.44,23327259.65376993
2024-07-16,0.0,0.0,0.0,0.0,0.0,5836300.0,0.0,0.0,0.0,0.0,0.0,0.0,7725510.3100000005,0.0,15525877.44,23251387.753769927
2024-07-17,0.0,0.0,0.0,0.0,0.0,5836300.0,0.0,0.0,0.0,0.0,0.0,0.0,7707417.78,0.0,15525877.44,23233295.22376993
2024-07-18,0.0,0.0,0.0,0.0,0.0,5836300.0,0.0,0.0,0.0,0.0,0.0,0.0,7800798.58,0.0,15525877.44,23326676.02376993
2024-07-19,0.0,0.0,0.0,0.0,0.0,5836300.0,0.0,0.0,0.0,0.0,0.0,0.0,7735432.02,0.0,15525877.44,23261309.463769928
2024-07-22,0.0,0.0,0.0,0.0,0.0,5836300.0,0.0,0.0,0.0,0.0,0.0,0.0,7587190.0,0.0,15525877.44,23113067.443769928
2024-07-23,0.0,0.0,0.0,0.0,0.0,5836300.0,0.0,0.0,0.0,0.0,0.0,0.0,7488556.529999999,0.0,15525877.44,23014433.973769926
2024-07-24,0.0,0.0,0.0,0.0,0.0,5836300.0,0.0,0.0,0.0,0.0,0.0,0.0,7483303.86,0.0,15525877.44,23009181.303769927
2024-07-25,0.0,0.0,0.0,0.0,0.0,5836300.0,0.0,0.0,0.0,0.0,0.0,0.0,7492058.3100000005,0.0,15525877.44,23017935.753769927
2024-07-26,0.0,0.0,0.0,0.0,0.0,5836300.0,0.0,0.0,0.0,0.0,0.0,0.0,7475716.67,0.0,15525877.44,23001594.113769926
2024-07-29,0.0,0.0,0.0,0.0,0.0,5836300.0,0.0,0.0,0.0,0.0,0.0,0.0,7413851.89,0.0,15525877.44,22939729.33376993
2024-07-30,0.0,0.0,0.0,0.0,0.0,5836300.0,0.0,0.0,0.0,0.0,0.0,0.0,7350819.850000001,0.0,15525877.44,22876697.29376993
2024-07-31,0.0,3743400.0,0.0,0.0,0.0,0.0,11299900.0,0.0,7678316.0874,0.0,0.0,0.0,0.0,7678282.05,7658691.98,23015290.118008707
2024-08-01,0.0,3743400.0,0.0,0.0,0.0,0.0,11299900.0,0.0,7751117.7306,0.0,0.0,0.0,0.0,7657942.2299999995,7658691.98,23067751.94120871
2024-08-02,0.0,3743400.0,0.0,0.0,0.0,0.0,11299900.0,0.0,7785890.1732,0.0,0.0,0.0,0.0,7634212.4399999995,7658691.98,23078794.593808707
2024-08-05,0.0,3743400.0,0.0,0.0,0.0,0.0,11299900.0,0.0,7642836.1422,0.0,0.0,0.0,0.0,7535903.3100000005,7658691.98,22837431.43280871
2024-08-06,0.0,3743400.0,0.0,0.0,0.0,0.0,11299900.0,0.0,7555195.6614,0.0,0.0,0.0,0.0,7478273.82,7658691.98,22692161.462008707
2024-08-07,0.0,3743400.0,0.0,0.0,0.0,0.0,11299900.0,0.0,7560851.938800001,0.0,0.0,0.0,0.0,7472623.87,7658691.98,22692167.78940871
2024-08-08,0.0,3743400.0,0.0,0.0,0.0,0.0,11299900.0,0.0,7567069.7262,0.0,0.0,0.0,0.0,7590142.829999999,7658691.98,22815904.536808707
2024-08-09,0.0,3743400.0,0.0,0.0,0.0,0.0,11299900.0,0.0,7645666.1526,0.0,0.0,0.0,0.0,7609352.66,7658691.98,22913710.793208707
2024-08-12,0.0,3743400.0,0.0,0.0,0.0,0.0,11299900.0,0.0,7688355.8862000005,0.0,0.0,0.0,0.0,7728001.609999999,7658691.98,23075049.47680871
2024-08-13,0.0,3743400.0,0.0,0.0,0.0,0.0,11299900.0,0.0,7739382.171599999,0.0,0.0,0.0,0.0,7730261.590000001,7658691.98,23128335.742208708
2024-08-14,0.0,3743400.0,0.0,0.0,0.0,0.0,11299900.0,0.0,7723835.8314000005,0.0,0.0,0.0,0.0,7665852.16,7658691.98,23048379.97200871
2024-08-15,0.0,3743400.0,0.0,0.0,0.0,0.0,11299900.0,0.0,7709416.2546,0.0,0.0,0.0,0.0,7689581.95,7658691.98,23057690.185208708
2024-08-16,0.0,3743400.0,0.0,0.0,0.0,0.0,11299900.0,0.0,7715918.540399999,0.0,0.0,0.0,0.0,7839870.62,7658691.98,23214481.14100871
2024-08-19,0.0,3743400.0,0.0,0.0,0.0,0.0,11299900.0,0.0,7798752.495599999,0.0,0.0,0.0,0.0,7839870.62,7658691.98,23297315.096208706
2024-08-20,0.0,3743400.0,0.0,0.0,0.0,0.0,11299900.0,0.0,7805254.781400001,0.0,0.0,0.0,0.0,7856820.470000001,7658691.98,23320767.23200871
2024-08-21,0.0,3743400.0,0.0,0.0,0.0,0.0,11299900.0,0.0,7829002.911,0.0,0.0,0.0,0.0,7852300.51,7658691.98,23339995.40160871
2024-08-22,0.0,3743400.0,0.0,0.0,0.0,0.0,11299900.0,0.0,7806950.5416,0.0,0.0,0.0,0.0,7748341.43,7658691.98,23213983.95220871
2024-08-23,0.0,3743400.0,0.0,0.0,0.0,0.0,11299900.0,0.0,7788574.191,0.0,0.0,0.0,0.0,7850040.53,7658691.98,23297306.70160871
2024-08-26,0.0,3743400.0,0.0,0.0,0.0,0.0,11299900.0,0.0,7833244.1832,0.0,0.0,0.0,0.0,7850040.53,7658691.98,23341976.69380871
2024-08-27,0.0,3743400.0,0.0,0.0,0.0,0.0,11299900.0,0.0,7820947.1142,0.0,0.0,0.0,0.0,7873770.319999999,7658691.98,23353409.41480871
2024-08-28,0.0,3743400.0,0.0,0.0,0.0,0.0,11299900.0,0.0,7811899.3164,0.0,0.0,0.0,0.0,7817270.819999999,7658691.98,23287862.11700871
2024-08-29,0.0,3743400.0,0.0,0.0,0.0,0.0,11299900.0,0.0,7833101.933999999,0.0,0.0,0.0,0.0,7863600.409999999,7658691.98,23355394.324608706
2024-08-30,0.0,0.0,4678200.0,0.0,8565900.0,0.0,11239100.0,0.0,0.0,7735871.52,0.0,7753852.68,0.0,7753855.09,34.02,23243613.310350988
2024-09-02,0.0,0.0,4678200.0,0.0,8565900.0,0.0,11239100.0,0.0,0.0,7683943.5,0.0,7583391.27,0.0,7735872.53,34.02,23003241.32035099
2024-09-03,0.0,0.0,4678200.0,0.0,8565900.0,0.0,11239100.0,0.0,0.0,7644646.62,0.0,7454046.18,0.0,7692040.04,34.02,22790766.86035099
2024-09-04,0.0,0.0,4678200.0,0.0,8565900.0,0.0,11239100.0,0.0,0.0,7525352.5200000005,0.0,7325557.68,0.0,7696535.68,34.02,22547479.900350988
2024-09-05,0.0,0.0,4678200.0,0.0,8565900.0,0.0,11239100.0,0.0,0.0,7486523.46,0.0,7339263.12,0.0,7734748.62,34.02,22560569.22035099
2024-09-06,0.0,0.0,4678200.0,0.0,8565900.0,0.0,11239100.0,0.0,0.0,7490266.02,0.0,7424065.53,0.0,7676305.300000001,34.02,22590670.87035099
2024-09-09,0.0,0.0,4678200.0,0.0,8565900.0,0.0,11239100.0,0.0,0.0,7442548.38,0.0,7245038.22,0.0,7703279.14,34.02,22390899.760350987
2024-09-10,0.0,0.0,4678200.0,0.0,8565900.0,0.0,11239100.0,0.0,0.0,7483248.72,0.0,7221053.7,0.0,7744863.8100000005,34.02,22449200.25035099
2024-09-11,0.0,0.0,4678200.0,0.0,8565900.0,0.0,11239100.0,0.0,0.0,7469214.12,0.0,7245038.22,0.0,7739244.26,34.02,22453530.62035099
2024-09-12,0.0,0.0,4678200.0,0.0,8565900.0,0.0,11239100.0,0.0,0.0,7558099.92,0.0,7319561.550000001,0.0,7875237.37,34.02,22752932.86035099
2024-09-13,0.0,0.0,4678200.0,0.0,8565900.0,0.0,11239100.0,0.0,0.0,7641839.7,0.0,7528569.51,0.0,7931432.87,34.02,23101876.10035099
2024-09-18,0.0,0.0,4678200.0,0.0,8565900.0,0.0,11239100.0,0.0,0.0,7662423.779999999,0.0,7651918.47,0.0,7833652.699999999,34.02,23148028.97035099
2024-09-19,0.0,0.0,4678200.0,0.0,8565900.0,0.0,11239100.0,0.0,0.0,7697510.28,0.0,7594526.94,0.0,7944919.79,34.02,23236991.03035099
2024-09-20,0.0,0.0,4678200.0,0.0,8565900.0,0.0,11239100.0,0.0,0.0,7783121.34,0.0,7697317.739999999,0.0,8003363.109999999,34.02,23483836.210350987
2024-09-23,0.0,0.0,4678200.0,0.0,8565900.0,0.0,11239100.0,0.0,0.0,7726982.9399999995,0.0,7709310.0,0.0,8005610.930000001,34.02,23441937.89035099
2024-09-24,0.0,0.0,4678200.0,0.0,8565900.0,0.0,11239100.0,0.0,0.0,7786863.9,0.0,7707596.82,0.0,8100019.37,34.02,23594514.11035099
2024-09-25,0.0,0.0,4678200.0,0.0,8565900.0,0.0,11239100.0,0.0,0.0,7911771.84,0.0,7948298.609999999,0.0,8059558.609999999,34.02,23919663.080350988
2024-09-26,0.0,0.0,4678200.0,0.0,8565900.0,0.0,11239100.0,0.0,0.0,7895865.96,0.0,8037383.97,0.0,8102267.1899999995,34.02,24035551.140350986
2024-09-27,0.0,0.0,4678200.0,0.0,8565900.0,0.0,11239100.0,0.0,0.0,7996915.08,0.0,8072504.16,0.0,8015726.119999999,34.02,24085179.38035099
2024-09-30,0.0,3700900.0,0.0,0.0,8558300.0,0.0,11290800.0,0.0,8013891.851,0.0,0.0,8013992.12,0.0,8000660.88,7159.83,24035704.678407688
2024-10-08,0.0,3700900.0,0.0,0.0,8558300.0,0.0,11290800.0,0.0,7988314.9311,0.0,0.0,7984038.069999999,0.0,8019855.24,7159.83,23999368.068507686
2024-10-09,0.0,3700900.0,0.0,0.0,8558300.0,0.0,11290800.0,0.0,7923752.730599999,0.0,0.0,7710172.470000001,0.0,7982595.6,7159.83,23623680.628007688
2024-10-10,0.0,3700900.0,0.0,0.0,8558300.0,0.0,11290800.0,0.0,7953937.271,0.0,0.0,7667380.970000001,0.0,8051469.4799999995,7159.83,23679947.54840769
2024-10-11,0.0,3700900.0,0.0,0.0,8558300.0,0.0,11290800.0,0.0,8040023.905900001,0.0,0.0,7812016.239999999,0.0,8130505.079999999,7159.83,23989705.053307686
2024-10-14,0.0,3700900.0,0.0,0.0,8558300.0,0.0,11290800.0,0.0,8086980.9251,0.0,0.0,7912148.35,0.0,8114697.96,7159.83,24120987.06250769
2024-10-15,0.0,3700900.0,0.0,0.0,8558300.0,0.0,11290800.0,0.0,8119541.4433,0.0,0.0,7877915.149999999,0.0,8150828.52,7159.83,24155444.940707687
2024-10-16,0.0,3700900.0,0.0,0.0,8558300.0,0.0,11290800.0,0.0,8209543.630399999,0.0,0.0,7979758.92,0.0,8227605.96,7159.83,24424068.33780769
2024-10-17,0.0,3700900.0,0.0,0.0,8558300.0,0.0,11290800.0,0.0,8245879.0666,0.0,0.0,8069621.069999999,0.0,8280672.720000001,7159.83,24603332.68400769
2024-10-18,0.0,3700900.0,0.0,0.0,8558300.0,0.0,11290800.0,0.0,8302058.728599999,0.0,0.0,8045657.83,0.0,8373257.28,7159.83,24728133.666007686
2024-10-21,0.0,3700900.0,0.0,0.0,8558300.0,0.0,11290800.0,0.0,8398766.946500001,0.0,0.0,8297271.850000001,0.0,8346159.359999999,7159.83,25049357.98390769
2024-10-22,0.0,3700900.0,0.0,0.0,8558300.0,0.0,11290800.0,0.0,8411342.6047,0.0,0.0,8432492.99,0.0,8448905.639999999,7159.83,25299901.06210769
2024-10-23,0.0,3700900.0,0.0,0.0,8558300.0,0.0,11290800.0,0.0,8460816.2359,0.0,0.0,8509517.69,0.0,8357450.159999999,7159.83,25334943.913307685
2024-10-24,0.0,3700900.0,0.0,0.0,8558300.0,0.0,11290800.0,0.0,8384370.4455,0.0,0.0,8286146.06,0.0,8395838.88,7159.83,25073515.212907687
2024-10-25,0.0,3700900.0,0.0,0.0,8558300.0,0.0,11290800.0,0.0,8363408.547900001,0.0,0.0,8285290.2299999995,0.0,8387935.32,7159.83,25043793.925307687
2024-10-28,0.0,3700900.0,0.0,0.0,8558300.0,0.0,11290800.0,0.0,8405332.3431,0.0,0.0,8292992.7,0.0,8407129.68,7159.83,25112614.550507687
2024-10-29,0.0,3700900.0,0.0,0.0,8558300.0,0.0,11290800.0,0.0,8470457.0804,0.0,0.0,8373440.720000001,0.0,8478261.72,7159.83,25329319.34780769
2024-10-30,0.0,3700900.0,0.0,0.0,8558300.0,0.0,11290800.0,0.0,8567864.7684,0.0,0.0,8447897.93,0.0,8525683.08,7159.83,25548605.605807684
2024-10-31,0.0,3649300.0,0.0,0.0,8670200.0,0.0,11314000.0,0.0,8411888.3017,0.0,0.0,8411828.04,0.0,8411959.0,26.68,25235702.022665568
2024-11-01,0.0,3649300.0,0.0,0.0,8670200.0,0.0,11314000.0,0.0,8327691.6521000005,0.0,0.0,8226285.76,0.0,8370097.2,26.68,24924101.29306557
2024-11-04,0.0,3649300.0,0.0,0.0,8670200.0,0.0,11314000.0,0.0,8271605.5604,0.0,0.0,8208078.34,0.0,8383674.0,26.68,24863384.581365567
2024-11-05,0.0,3649300.0,0.0,0.0,8670200.0,0.0,11314000.0,0.0,8275327.846399999,0.0,0.0,8202876.220000001,0.0,8379148.4,26.68,24857379.147365566
2024-11-06,0.0,3649300.0,0.0,0.0,8670200.0,0.0,11314000.0,0.0,8287315.7968999995,0.0,0.0,8185535.82,0.0,8174365.0,26.68,24647243.29786557
2024-11-07,0.0,3649300.0,0.0,0.0,8670200.0,0.0,11314000.0,0.0,8092600.0968,0.0,0.0,7874275.64,0.0,8345206.4,26.68,24312108.817765567
2024-11-08,0.0,3649300.0,0.0,0.0,8670200.0,0.0,11314000.0,0.0,8130220.7305000005,0.0,0.0,7997392.4799999995,0.0,8276191.0,26.68,24403830.89146557
2024-11-11,0.0,3649300.0,0.0,0.0,8670200.0,0.0,11314000.0,0.0,8135731.1735,0.0,0.0,8010397.78,0.0,8134766.0,26.68,24280921.634465568
2024-11-12,0.0,3649300.0,0.0,0.0,8670200.0,0.0,11314000.0,0.0,7996966.541,0.0,0.0,7854334.180000001,0.0,8073670.4,26.68,23924997.80196557
2024-11-13,0.0,3649300.0,0.0,0.0,8670200.0,0.0,11314000.0,0.0,7999860.4359,0.0,0.0,7850866.1,0.0,8017100.4,26.68,23867853.61686557
2024-11-14,0.0,3649300.0,0.0,0.0,8670200.0,0.0,11314000.0,0.0,7841247.2607,0.0,0.0,7815318.28,0.0,7991078.2,26.68,23647670.421665568
2024-11-15,0.0,3649300.0,0.0,0.0,8670200.0,0.0,11314000.0,0.0,7852133.1226,0.0,0.0,7759829.0,0.0,7971844.4,26.68,23583833.20356557
2024-11-18,0.0,3649300.0,0.0,0.0,8670200.0,0.0,11314000.0,0.0,7942672.255600001,0.0,0.0,7820520.4,0.0,8100824.0,26.68,23864043.33656557
2024-11-19,0.0,3649300.0,0.0,0.0,8670200.0,0.0,11314000.0,0.0,8054705.7656000005,0.0,0.0,7942770.220000001,0.0,8165313.8,26.68,24162816.46656557
2024-11-20,0.0,3649300.0,0.0,0.0,8670200.0,0.0,11314000.0,0.0,8064212.1921,0.0,0.0,7957509.56,0.0,8217358.199999999,26.68,24239106.633065566
2024-11-21,0.0,3649300.0,0.0,0.0,8670200.0,0.0,11314000.0,0.0,8175420.960299999,0.0,0.0,7957509.56,0.0,8279585.2,26.68,24412542.40126557
2024-11-22,0.0,3649300.0,0.0,0.0,8670200.0,0.0,11314000.0,0.0,8274638.1287,0.0,0.0,7943637.24,0.0,8378017.000000001,26.68,24596319.04966557
2024-11-25,0.0,3649300.0,0.0,0.0,8670200.0,0.0,11314000.0,0.0,8175972.004600001,0.0,0.0,7934100.0200000005,0.0,8159656.8,26.68,24269755.50556557
2024-11-26,0.0,3649300.0,0.0,0.0,8670200.0,0.0,11314000.0,0.0,8049742.7176,0.0,0.0,7767632.180000001,0.0,8159656.8,26.68,23977058.37856557
2024-11-27,0.0,3649300.0,0.0,0.0,8670200.0,0.0,11314000.0,0.0,8139453.459499999,0.0,0.0,7791041.72,0.0,8185679.0,26.68,24116200.860465568
2024-11-28,0.0,3649300.0,0.0,0.0,8670200.0,0.0,11314000.0,0.0,8112444.9902,0.0,0.0,7729483.3,0.0,8180022.0,26.68,24021976.971165568
2024-11-29,0.0,0.0,0.0,0.0,0.0,0.0,0.0,0.0,0.0,0.0,0.0,0.0,0.0,0.0,24138412.78,24138412.78295064
2024-12-02,0.0,0.0,0.0,0.0,0.0,0.0,0.0,0.0,0.0,0.0,0.0,0.0,0.0,0.0,24138412.78,24138412.78295064
2024-12-03,0.0,0.0,0.0,0.0,0.0,0.0,0.0,0.0,0.0,0.0,0.0,0.0,0.0,0.0,24138412.78,24138412.78295064
2024-12-04,0.0,0.0,0.0,0.0,0.0,0.0,0.0,0.0,0.0,0.0,0.0,0.0,0.0,0.0,24138412.78,24138412.78295064
2024-12-05,0.0,0.0,0.0,0.0,0.0,0.0,0.0,0.0,0.0,0.0,0.0,0.0,0.0,0.0,24138412.78,24138412.78295064
2024-12-06,0.0,0.0,0.0,0.0,0.0,0.0,0.0,0.0,0.0,0.0,0.0,0.0,0.0,0.0,24138412.78,24138412.78295064
2024-12-09,0.0,0.0,0.0,0.0,0.0,0.0,0.0,0.0,0.0,0.0,0.0,0.0,0.0,0.0,24138412.78,24138412.78295064
2024-12-10,0.0,0.0,0.0,0.0,0.0,0.0,0.0,0.0,0.0,0.0,0.0,0.0,0.0,0.0,24138412.78,24138412.78295064
2024-12-11,0.0,0.0,0.0,0.0,0.0,0.0,0.0,0.0,0.0,0.0,0.0,0.0,0.0,0.0,24138412.78,24138412.78295064
2024-12-12,0.0,0.0,0.0,0.0,0.0,0.0,0.0,0.0,0.0,0.0,0.0,0.0,0.0,0.0,24138412.78,24138412.78295064
2024-12-13,0.0,0.0,0.0,0.0,0.0,0.0,0.0,0.0,0.0,0.0,0.0,0.0,0.0,0.0,24138412.78,24138412.78295064
2024-12-16,0.0,0.0,0.0,0.0,0.0,0.0,0.0,0.0,0.0,0.0,0.0,0.0,0.0,0.0,24138412.78,24138412.78295064
2024-12-17,0.0,0.0,0.0,0.0,0.0,0.0,0.0,0.0,0.0,0.0,0.0,0.0,0.0,0.0,24138412.78,24138412.78295064
2024-12-18,0.0,0.0,0.0,0.0,0.0,0.0,0.0,0.0,0.0,0.0,0.0,0.0,0.0,0.0,24138412.78,24138412.78295064
2024-12-19,0.0,0.0,0.0,0.0,0.0,0.0,0.0,0.0,0.0,0.0,0.0,0.0,0.0,0.0,24138412.78,24138412.78295064
2024-12-20,0.0,0.0,0.0,0.0,0.0,0.0,0.0,0.0,0.0,0.0,0.0,0.0,0.0,0.0,24138412.78,24138412.78295064
2024-12-23,0.0,0.0,0.0,0.0,0.0,0.0,0.0,0.0,0.0,0.0,0.0,0.0,0.0,0.0,24138412.78,24138412.78295064
2024-12-24,0.0,0.0,0.0,0.0,0.0,0.0,0.0,0.0,0.0,0.0,0.0,0.0,0.0,0.0,24138412.78,24138412.78295064
2024-12-25,0.0,0.0,0.0,0.0,0.0,0.0,0.0,0.0,0.0,0.0,0.0,0.0,0.0,0.0,24138412.78,24138412.78295064
2024-12-26,0.0,0.0,0.0,0.0,0.0,0.0,0.0,0.0,0.0,0.0,0.0,0.0,0.0,0.0,24138412.78,24138412.78295064
2024-12-27,0.0,0.0,0.0,0.0,0.0,0.0,0.0,0.0,0.0,0.0,0.0,0.0,0.0,0.0,24138412.78,24138412.78295064
2024-12-30,0.0,0.0,0.0,0.0,0.0,0.0,0.0,0.0,0.0,0.0,0.0,0.0,0.0,0.0,24138412.78,24138412.78295064
2024-12-31,0.0,0.0,0.0,5569400.0,0.0,6409700.0,0.0,0.0,0.0,0.0,8046112.180000001,0.0,8046096.41,0.0,8029397.43,24121606.020373635
2025-01-02,0.0,0.0,0.0,5569400.0,0.0,6409700.0,0.0,0.0,0.0,0.0,8139678.100000001,0.0,8131345.42,0.0,8029397.43,24300420.950373635
2025-01-03,0.0,0.0,0.0,5569400.0,0.0,6409700.0,0.0,0.0,0.0,0.0,8121299.08,0.0,8161471.010000001,0.0,8029397.43,24312167.520373635
2025-01-06,0.0,0.0,0.0,5569400.0,0.0,6409700.0,0.0,0.0,0.0,0.0,8072845.3,0.0,8264667.180000001,0.0,8029397.43,24366909.910373636
2025-01-07,0.0,0.0,0.0,5569400.0,0.0,6409700.0,0.0,0.0,0.0,0.0,7977608.56,0.0,8284537.25,0.0,8029397.43,24291543.240373634
2025-01-08,0.0,0.0,0.0,5569400.0,0.0,6409700.0,0.0,0.0,0.0,0.0,7928597.84,0.0,8288383.069999999,0.0,8029397.43,24246378.340373635
2025-01-09,0.0,0.0,0.0,5569400.0,0.0,6409700.0,0.0,0.0,0.0,0.0,7984848.78,0.0,8262744.27,0.0,8029397.43,24276990.480373636
2025-01-10,0.0,0.0,0.0,5569400.0,0.0,6409700.0,0.0,0.0,0.0,0.0,8043327.4799999995,0.0,8435806.17,0.0,8029397.43,24508531.080373637
2025-01-13,0.0,0.0,0.0,5569400.0,0.0,6409700.0,0.0,0.0,0.0,0.0,8196485.98,0.0,8544130.1,0.0,8029397.43,24770013.510373637
2025-01-14,0.0,0.0,0.0,5569400.0,0.0,6409700.0,0.0,0.0,0.0,0.0,8220991.34,0.0,8573614.719999999,0.0,8029397.43,24824003.490373634
2025-01-15,0.0,0.0,0.0,5569400.0,0.0,6409700.0,0.0,0.0,0.0,0.0,8264989.6,0.0,8687707.379999999,0.0,8029397.43,24982094.410373636
2025-01-16,0.0,0.0,0.0,5569400.0,0.0,6409700.0,0.0,0.0,0.0,0.0,8315671.140000001,0.0,8692194.17,0.0,8029397.43,25037262.74037364
2025-01-17,0.0,0.0,0.0,5569400.0,0.0,6409700.0,0.0,0.0,0.0,0.0,8296178.24,0.0,8689630.29,0.0,8029397.43,25015205.96037364
2025-01-20,0.0,0.0,0.0,5569400.0,0.0,6409700.0,0.0,0.0,0.0,0.0,8224332.9799999995,0.0,8608227.1,0.0,8029397.43,24861957.510373637
2025-01-21,0.0,0.0,0.0,5569400.0,0.0,6409700.0,0.0,0.0,0.0,0.0,8219320.52,0.0,8540284.28,0.0,8029397.43,24789002.230373636
2025-01-22,0.0,0.0,0.0,5569400.0,0.0,6409700.0,0.0,0.0,0.0,0.0,8150259.96,0.0,8503748.99,0.0,8029397.43,24683406.380373634
2025-01-23,0.0,0.0,0.0,5569400.0,0.0,6409700.0,0.0,0.0,0.0,0.0,8092338.2,0.0,8440933.93,0.0,8029397.43,24562669.560373634
2025-01-24,0.0,0.0,0.0,5569400.0,0.0,6409700.0,0.0,0.0,0.0,0.0,8051681.58,0.0,8403757.67,0.0,8029397.43,24484836.68037364
2025-01-27,4256700.0,0.0,0.0,0.0,0.0,6253700.0,10620300.0,8114121.539999999,0.0,0.0,0.0,0.0,8114175.750000001,7891944.93,202216.39,24322458.614928637
2025-02-05,4256700.0,0.0,0.0,0.0,0.0,6253700.0,10620300.0,8392084.05,0.0,0.0,0.0,0.0,7976594.350000001,8170196.79,202216.39,24741091.58492864
2025-02-06,4256700.0,0.0,0.0,0.0,0.0,6253700.0,10620300.0,8395063.74,0.0,0.0,0.0,0.0,7940948.260000001,8147894.16,202216.39,24686122.554928638
2025-02-07,4256700.0,0.0,0.0,0.0,0.0,6253700.0,10620300.0,8357604.78,0.0,0.0,0.0,0.0,7943449.74,8162762.579999999,202216.39,24666033.494928636
2025-02-10,4256700.0,0.0,0.0,0.0,0.0,6253700.0,10620300.0,8424434.97,0.0,0.0,0.0,0.0,8034753.76,8284896.03,202216.39,24946301.15492864
2025-02-11,4256700.0,0.0,0.0,0.0,0.0,6253700.0,10620300.0,8366969.5200000005,0.0,0.0,0.0,0.0,8089786.32,8267903.55,202216.39,24926875.78492864
2025-02-12,4256700.0,0.0,0.0,0.0,0.0,6253700.0,10620300.0,8280558.51,0.0,0.0,0.0,0.0,8113550.380000001,8261531.37,202216.39,24857856.65492864
2025-02-13,4256700.0,0.0,0.0,0.0,0.0,6253700.0,10620300.0,8193721.83,0.0,0.0,0.0,0.0,7977219.720000001,8325253.170000001,202216.39,24698411.11492864
2025-02-14,4256700.0,0.0,0.0,0.0,0.0,6253700.0,10620300.0,8286517.890000001,0.0,0.0,0.0,0.0,7958458.62,8211615.96,202216.39,24658808.86492864
2025-02-17,4256700.0,0.0,0.0,0.0,0.0,6253700.0,10620300.0,8283963.87,0.0,0.0,0.0,0.0,7962210.840000001,8210553.93,202216.39,24658945.03492864
2025-02-18,4256700.0,0.0,0.0,0.0,0.0,6253700.0,10620300.0,8260977.69,0.0,0.0,0.0,0.0,8032252.28,8331625.35,202216.39,24827071.71492864
2025-02-19,4256700.0,0.0,0.0,0.0,0.0,6253700.0,10620300.0,8333341.59,0.0,0.0,0.0,0.0,8083532.62,8340121.59,202216.39,24959212.19492864
2025-02-20,4256700.0,0.0,0.0,0.0,0.0,6253700.0,10620300.0,8402725.8,0.0,0.0,0.0,0.0,8091662.430000001,8357114.07,202216.39,25053718.69492864
2025-02-21,4256700.0,0.0,0.0,0.0,0.0,6253700.0,10620300.0,8535534.84,0.0,0.0,0.0,0.0,8023497.1,8334811.44,202216.39,25096059.774928637
2025-02-24,4256700.0,0.0,0.0,0.0,0.0,6253700.0,10620300.0,8475089.700000001,0.0,0.0,0.0,0.0,8013491.180000001,8366672.34,202216.39,25057469.61492864
2025-02-25,4256700.0,0.0,0.0,0.0,0.0,6253700.0,10620300.0,8403151.47,0.0,0.0,0.0,0.0,7841514.43,8255159.1899999995,202216.39,24702041.484928638
2025-02-26,4256700.0,0.0,0.0,0.0,0.0,6253700.0,10620300.0,8331213.24,0.0,0.0,0.0,0.0,7764593.92,8265779.49,202216.39,24563803.044928636
2025-02-27,4256700.0,0.0,0.0,0.0,0.0,6253700.0,10620300.0,8403577.14,0.0,0.0,0.0,0.0,7814623.5200000005,8167010.7,202216.39,24587427.754928637
2025-02-28,0.0,3367400.0,4870800.0,0.0,0.0,0.0,10716500.0,0.0,8193790.0306,8180508.6,0.0,0.0,0.0,8193835.899999999,64.61,24568199.140134457
2025-03-03,0.0,3367400.0,4870800.0,0.0,0.0,0.0,10716500.0,0.0,8204218.8684,8180021.5200000005,0.0,0.0,0.0,8275281.3,64.61,24659586.297934458
2025-03-04,0.0,3367400.0,4870800.0,0.0,0.0,0.0,10716500.0,0.0,8301873.4684,8207785.08,0.0,0.0,0.0,8322433.899999999,64.61,24832157.057934456
2025-03-05,0.0,3367400.0,4870800.0,0.0,0.0,0.0,10716500.0,0.0,8324381.17,8200478.88,0.0,0.0,0.0,8326720.5,64.61,24851645.159534458
2025-03-06,0.0,3367400.0,4870800.0,0.0,0.0,0.0,10716500.0,0.0,8300603.9586000005,8273540.880000001,0.0,0.0,0.0,8291356.050000001,64.61,24865565.49813446
2025-03-07,0.0,3367400.0,4870800.0,0.0,0.0,0.0,10716500.0,0.0,8297677.687999999,8348551.2,0.0,0.0,0.0,8305287.5,64.61,24951580.997534458
2025-03-10,0.0,3367400.0,4870800.0,0.0,0.0,0.0,10716500.0,0.0,8327940.5118,8340757.92,0.0,0.0,0.0,8246346.75,64.61,24915109.791334458
2025-03-11,0.0,3367400.0,4870800.0,0.0,0.0,0.0,10716500.0,0.0,8264363.999799999,8301304.4399999995,0.0,0.0,0.0,8318147.3,64.61,24883880.349334456
2025-03-12,0.0,3367400.0,4870800.0,0.0,0.0,0.0,10716500.0,0.0,8297041.2494,8382159.720000001,0.0,0.0,0.0,8351368.45,64.61,25030634.028934456
2025-03-13,0.0,3367400.0,4870800.0,0.0,0.0,0.0,10716500.0,0.0,8350195.658399999,8441096.4,0.0,0.0,0.0,8478894.8,64.61,25270251.467934456
2025-03-14,0.0,3367400.0,4870800.0,0.0,0.0,0.0,10716500.0,0.0,8460057.0834,8521464.6,0.0,0.0,0.0,8496041.2,64.61,25477627.492934454
2025-03-17,0.0,3367400.0,4870800.0,0.0,0.0,0.0,10716500.0,0.0,8491084.307,8522925.84,0.0,0.0,0.0,8534620.6,64.61,25548695.35653446
2025-03-18,0.0,3367400.0,4870800.0,0.0,0.0,0.0,10716500.0,0.0,8556317.5798,8494675.2,0.0,0.0,0.0,8625710.85,64.61,25676768.239334457
2025-03-19,0.0,3367400.0,4870800.0,0.0,0.0,0.0,10716500.0,0.0,8639859.406399999,8501007.24,0.0,0.0,0.0,8654645.4,64.61,25795576.655934453
2025-03-20,0.0,3367400.0,4870800.0,0.0,0.0,0.0,10716500.0,0.0,8658551.843799999,8538025.32,0.0,0.0,0.0,8655717.049999999,64.61,25852358.823334455
2025-03-21,0.0,3367400.0,4870800.0,0.0,0.0,0.0,10716500.0,0.0,8626507.665399998,8510748.84,0.0,0.0,0.0,8590346.4,64.61,25727667.514934458
2025-03-24,0.0,3367400.0,4870800.0,0.0,0.0,0.0,10716500.0,0.0,8618244.0658,8497597.68,0.0,0.0,0.0,8568913.4,64.61,25684819.75533446
2025-03-25,0.0,3367400.0,4870800.0,0.0,0.0,0.0,10716500.0,0.0,8602221.976599999,8528283.719999999,0.0,0.0,0.0,8601062.9,64.61,25731633.206134453
2025-03-26,0.0,3367400.0,4870800.0,0.0,0.0,0.0,10716500.0,0.0,8640623.8062,8591604.120000001,0.0,0.0,0.0,8594633.0,64.61,25826925.53573446
2025-03-27,0.0,3367400.0,4870800.0,0.0,0.0,0.0,10716500.0,0.0,8658043.3664,8560431.0,0.0,0.0,0.0,8686794.9,64.61,25905333.87593446
2025-03-28,0.0,3367400.0,4870800.0,0.0,0.0,0.0,10716500.0,0.0,8802238.8018,8498084.76,0.0,0.0,0.0,8736090.8,64.61,26036478.971334457
2025-03-31,0.0,3299800.0,0.0,0.0,8826500.0,0.0,10587600.0,0.0,8741170.2,0.0,0.0,8729408.5,0.0,8741122.56,26.17,26211727.434812456
2025-04-01,0.0,3299800.0,0.0,0.0,8826500.0,0.0,10587600.0,0.0,8801978.9144,0.0,0.0,8678214.799999999,0.0,8730534.96,26.17,26210754.84921246
2025-04-02,0.0,3299800.0,0.0,0.0,8826500.0,0.0,10587600.0,0.0,8762727.7934,0.0,0.0,8665857.7,0.0,8742181.32,26.17,26170792.98821246
2025-04-03,0.0,3299800.0,0.0,0.0,8826500.0,0.0,10587600.0,0.0,8836244.0376,0.0,0.0,8632317.0,0.0,8679714.48,26.17,26148301.69241246
2025-04-07,0.0,3299800.0,0.0,0.0,8826500.0,0.0,10587600.0,0.0,8549775.2004,0.0,0.0,7871472.7,0.0,8422435.8,26.17,24843709.87521246
2025-04-08,0.0,3299800.0,0.0,0.0,8826500.0,0.0,10587600.0,0.0,8581925.151800001,0.0,0.0,7882947.15,0.0,8435140.92,26.17,24900039.396612458
2025-04-09,0.0,3299800.0,0.0,0.0,8826500.0,0.0,10587600.0,0.0,8714877.3936,0.0,0.0,7919135.8,0.0,8626776.48,26.17,25260815.848412454
2025-04-10,0.0,3299800.0,0.0,0.0,8826500.0,0.0,10587600.0,0.0,8865526.4628,0.0,0.0,8048885.350000001,0.0,8800413.120000001,26.17,25714851.10761246
2025-04-11,0.0,3299800.0,0.0,0.0,8826500.0,0.0,10587600.0,0.0,9054552.206,0.0,0.0,8130089.15,0.0,8969814.719999999,26.17,26154482.250812456
2025-04-14,0.0,3299800.0,0.0,0.0,8826500.0,0.0,10587600.0,0.0,9116730.3374,0.0,0.0,8288083.499999999,0.0,8916876.719999999,26.17,26321716.732212454
2025-04-15,0.0,3299800.0,0.0,0.0,8826500.0,0.0,10587600.0,0.0,9122709.575000001,0.0,0.0,8305736.5,0.0,8969814.719999999,26.17,26398286.96981246
2025-04-16,0.0,3299800.0,0.0,0.0,8826500.0,0.0,10587600.0,0.0,9345752.9564,0.0,0.0,8373700.55,0.0,9260973.72,26.17,26980453.40121246
2025-04-17,0.0,3299800.0,0.0,0.0,8826500.0,0.0,10587600.0,0.0,9399833.3786,0.0,0.0,8402828.0,0.0,9217564.56,26.17,27020252.113412462
2025-04-18,0.0,3299800.0,0.0,0.0,8826500.0,0.0,10587600.0,0.0,9430736.0056,0.0,0.0,8326037.45,0.0,9215447.04,26.17,26972246.67041246
2025-04-21,0.0,3299800.0,0.0,0.0,8826500.0,0.0,10587600.0,0.0,9614901.1434,0.0,0.0,8386940.300000001,0.0,9427199.04,26.17,27429066.65821246
2025-04-22,0.0,3299800.0,0.0,0.0,8826500.0,0.0,10587600.0,0.0,9873456.9724,0.0,0.0,8395766.8,0.0,9378496.08,26.17,27647746.027212456
2025-04-23,0.0,3299800.0,0.0,0.0,8826500.0,0.0,10587600.0,0.0,9411422.2762,0.0,0.0,8420481.0,0.0,9138157.56,26.17,26970087.011012457
2025-04-24,0.0,3299800.0,0.0,0.0,8826500.0,0.0,10587600.0,0.0,9476091.7566,0.0,0.0,8489327.7,0.0,9271561.32,26.17,27237006.951412454
2025-04-25,0.0,3299800.0,0.0,0.0,8826500.0,0.0,10587600.0,0.0,9394474.5034,0.0,0.0,8494623.6,0.0,9155097.72,26.17,27044221.998212457
2025-04-28,0.0,3299800.0,0.0,0.0,8826500.0,0.0,10587600.0,0.0,9307376.282399999,0.0,0.0,8402828.0,0.0,9281090.16,26.17,26991320.617212452
2025-04-29,0.0,3299800.0,0.0,0.0,8826500.0,0.0,10587600.0,0.0,9327686.5514,0.0,0.0,8414302.450000001,0.0,9192154.32,26.17,26934169.49621246
2025-04-30,0.0,3172700.0,0.0,0.0,9381400.0,0.0,10388000.0,0.0,8969124.5463,0.0,0.0,8967680.26,0.0,8968999.2,39.44,26905843.449619487
2025-05-06,0.0,3172700.0,0.0,0.0,9381400.0,0.0,10388000.0,0.0,9106182.0136,0.0,0.0,8977061.66,0.0,9286872.0,39.44,27370155.116919488
2025-05-07,0.0,3172700.0,0.0,0.0,9381400.0,0.0,10388000.0,0.0,9178544.9552,0.0,0.0,8975185.38,0.0,9170526.4,39.44,27324296.17851949
2025-05-08,0.0,3172700.0,0.0,0.0,9381400.0,0.0,10388000.0,0.0,9041608.0505,0.0,0.0,8893567.2,0.0,9011590.0,39.44,26946804.69381949
2025-05-09,0.0,3172700.0,0.0,0.0,9381400.0,0.0,10388000.0,0.0,9027591.061900001,0.0,0.0,8876680.68,0.0,9068724.0,39.44,26973035.18521949
2025-05-12,0.0,3172700.0,0.0,0.0,9381400.0,0.0,10388000.0,0.0,8726041.7904,0.0,0.0,8913268.139999999,0.0,8793442.0,39.44,26432791.373719487
2025-05-13,0.0,3172700.0,0.0,0.0,9381400.0,0.0,10388000.0,0.0,8778515.0757,0.0,0.0,8888876.5,0.0,8819412.0,39.44,26486843.01901949
2025-05-14,0.0,3172700.0,0.0,0.0,9381400.0,0.0,10388000.0,0.0,8716815.5788,0.0,0.0,8907639.3,0.0,8635544.4,39.44,26260038.72211949
2025-05-15,0.0,3172700.0,0.0,0.0,9381400.0,0.0,10388000.0,0.0,8457675.7882,0.0,0.0,8748155.5,0.0,8753967.6,39.44,25959838.33151949
2025-05-16,0.0,3172700.0,0.0,0.0,9381400.0,0.0,10388000.0,0.0,8579037.9086,0.0,0.0,8807258.32,0.0,8663592.0,39.44,26049927.67191949
2025-05-19,0.0,3172700.0,0.0,0.0,9381400.0,0.0,10388000.0,0.0,8670332.3511,0.0,0.0,8792248.08,0.0,8764355.6,39.44,26226975.474419486
2025-05-20,0.0,3172700.0,0.0,0.0,9381400.0,0.0,10388000.0,0.0,8659069.266099999,0.0,0.0,8810072.74,0.0,8907710.0,39.44,26376891.449419487
2025-05-21,0.0,3172700.0,0.0,0.0,9381400.0,0.0,10388000.0,0.0,8891970.8277,0.0,0.0,8926402.1,0.0,8979387.2,39.44,26797799.571019486
2025-05-22,0.0,3172700.0,0.0,0.0,9381400.0,0.0,10388000.0,0.0,8944685.2382,0.0,0.0,9011772.84,0.0,8909787.6,39.44,26866285.121519487
2025-05-23,0.0,3172700.0,0.0,0.0,9381400.0,0.0,10388000.0,0.0,8920366.4927,0.0,0.0,8952670.02,0.0,9082228.4,39.44,26955304.356019486
2025-05-26,0.0,3172700.0,0.0,0.0,9381400.0,0.0,10388000.0,0.0,8892329.342799999,0.0,0.0,8984566.78,0.0,9070801.6,39.44,26947737.16611949
2025-05-27,0.0,3172700.0,0.0,0.0,9381400.0,0.0,10388000.0,0.0,8832907.8445,0.0,0.0,8967680.26,0.0,8932641.2,39.44,26733268.747819487
2025-05-28,0.0,3172700.0,0.0,0.0,9381400.0,0.0,10388000.0,0.0,8843809.2417,0.0,0.0,8934845.36,0.0,8921214.4,39.44,26699908.445019487
2025-05-29,0.0,3172700.0,0.0,0.0,9381400.0,0.0,10388000.0,0.0,8766293.8353,0.0,0.0,8921711.4,0.0,8966921.6,39.44,26654966.278619487
2025-05-30,4601100.0,0.0,0.0,6904600.0,0.0,7978400.0,0.0,8852516.4,0.0,0.0,8880006.06,0.0,8879959.2,0.0,76.26,26612557.91951161
2025-06-03,4601100.0,0.0,0.0,6904600.0,0.0,7978400.0,0.0,8772457.26,0.0,0.0,8857220.879999999,0.0,9230210.96,0.0,76.26,26859965.35951161
2025-06-04,4601100.0,0.0,0.0,6904600.0,0.0,7978400.0,0.0,8769696.6,0.0,0.0,8880006.06,0.0,9188723.28,0.0,76.26,26838502.199511606
2025-06-05,4601100.0,0.0,0.0,6904600.0,0.0,7978400.0,0.0,8817548.040000001,0.0,0.0,8851006.74,0.0,9234998.0,0.0,76.26,26903629.03951161
2025-06-06,4601100.0,0.0,0.0,6904600.0,0.0,7978400.0,0.0,8927974.44,0.0,0.0,8929028.719999999,0.0,9329940.959999999,0.0,76.26,27187020.379511606
2025-06-09,4601100.0,0.0,0.0,6904600.0,0.0,7978400.0,0.0,8987788.74,0.0,0.0,8911076.76,0.0,9416107.68,0.0,76.26,27315049.43951161
2025-06-10,4601100.0,0.0,0.0,6904600.0,0.0,7978400.0,0.0,9011714.459999999,0.0,0.0,8920743.200000001,0.0,9503870.08,0.0,76.26,27436403.99951161
2025-06-11,4601100.0,0.0,0.0,6904600.0,0.0,7978400.0,0.0,9074749.53,0.0,0.0,8891053.42,0.0,9578867.04,0.0,76.26,27544746.249511607
2025-06-12,4601100.0,0.0,0.0,6904600.0,0.0,7978400.0,0.0,9092693.82,0.0,0.0,8934552.4,0.0,9752796.16,0.0,76.26,27780118.639511608
2025-06-13,4601100.0,0.0,0.0,6904600.0,0.0,7978400.0,0.0,9098675.25,0.0,0.0,9205212.719999999,0.0,10304103.600000001,0.0,76.26,28608067.82951161
2025-06-16,4601100.0,0.0,0.0,6904600.0,0.0,7978400.0,0.0,9072448.98,0.0,0.0,9301186.66,0.0,10190012.479999999,0.0,76.26,28563724.379511606
2025-06-17,4601100.0,0.0,0.0,6904600.0,0.0,7978400.0,0.0,9138244.709999999,0.0,0.0,9263901.819999998,0.0,10395057.36,0.0,76.26,28797280.149511606
2025-06-18,4601100.0,0.0,0.0,6904600.0,0.0,7978400.0,0.0,9168151.86,0.0,0.0,9507634.2,0.0,10500372.24,0.0,76.26,29176234.559511606
2025-06-19,4601100.0,0.0,0.0,6904600.0,0.0,7978400.0,0.0,9144226.14,0.0,0.0,9591870.32,0.0,10714991.2,0.0,76.26,29451163.91951161
2025-06-20,4601100.0,0.0,0.0,6904600.0,0.0,7978400.0,0.0,9165391.2,0.0,0.0,9696820.24,0.0,10604889.28,0.0,76.26,29467176.979511607
2025-06-23,4601100.0,0.0,0.0,6904600.0,0.0,7978400.0,0.0,9082111.29,0.0,0.0,9631226.540000001,0.0,10570582.16,0.0,76.26,29283996.249511607
2025-06-24,4601100.0,0.0,0.0,6904600.0,0.0,7978400.0,0.0,9043462.05,0.0,0.0,9339852.42,0.0,9536581.52,0.0,76.26,27919972.249511607
2025-06-25,4601100.0,0.0,0.0,6904600.0,0.0,7978400.0,0.0,8984107.86,0.0,0.0,9245259.4,0.0,9574877.84,0.0,76.26,27804321.359511606
2025-06-26,4601100.0,0.0,0.0,6904600.0,0.0,7978400.0,0.0,8811106.5,0.0,0.0,9252164.0,0.0,9548549.120000001,0.0,76.26,27611895.87951161
2025-06-27,4601100.0,0.0,0.0,6904600.0,0.0,7978400.0,0.0,8772457.26,0.0,0.0,9268735.040000001,0.0,9525411.76,0.0,76.26,27566680.31951161
2025-06-30,0.0,0.0,0.0,6834600.0,9099100.0,7745300.0,0.0,0.0,0.0,0.0,9195954.299999999,9183721.63,9195994.69,0.0,51.44,27575722.058165606
2025-07-01,0.0,0.0,0.0,6834600.0,9099100.0,7745300.0,0.0,0.0,0.0,0.0,9133759.44,9211928.84,9240917.43,0.0,51.44,27586657.14816561
2025-07-02,0.0,0.0,0.0,6834600.0,9099100.0,7745300.0,0.0,0.0,0.0,0.0,9167932.44,9253784.7,9334635.56,0.0,51.44,27756404.13816561
2025-07-03,0.0,0.0,0.0,6834600.0,9099100.0,7745300.0,0.0,0.0,0.0,0.0,9192537.0,9358424.35,9433000.87,0.0,51.44,27984013.658165608
2025-07-04,0.0,0.0,0.0,6834600.0,9099100.0,7745300.0,0.0,0.0,0.0,0.0,9172033.200000001,9396640.57,9395048.9,0.0,51.44,27963774.10816561
2025-07-07,0.0,0.0,0.0,6834600.0,9099100.0,7745300.0,0.0,0.0,0.0,0.0,9100269.899999999,9384811.74,9450815.06,0.0,51.44,27935948.13816561
2025-07-08,0.0,0.0,0.0,6834600.0,9099100.0,7745300.0,0.0,0.0,0.0,0.0,9087967.620000001,9367523.450000001,9586357.81,0.0,51.44,28041900.31816561
2025-07-09,0.0,0.0,0.0,6834600.0,9099100.0,7745300.0,0.0,0.0,0.0,0.0,9068830.74,9352964.89,9624309.78,0.0,51.44,28046156.848165613
2025-07-10,0.0,0.0,0.0,6834600.0,9099100.0,7745300.0,0.0,0.0,0.0,0.0,9154946.7,9337496.42,9532915.239999998,0.0,51.44,28025409.798165604
2025-07-11,0.0,0.0,0.0,6834600.0,9099100.0,7745300.0,0.0,0.0,0.0,0.0,9140594.04,9476712.65,9599524.82,0.0,51.44,28216882.948165607
2025-07-14,0.0,0.0,0.0,6834600.0,9099100.0,7745300.0,0.0,0.0,0.0,0.0,9164515.14,9641406.360000001,9559249.26,0.0,51.44,28365222.198165607
2025-07-15,0.0,0.0,0.0,6834600.0,9099100.0,7745300.0,0.0,0.0,0.0,0.0,9150845.94,9644136.09,9478698.14,0.0,51.44,28273731.60816561
2025-07-16,0.0,0.0,0.0,6834600.0,9099100.0,7745300.0,0.0,0.0,0.0,0.0,9114622.559999999,9619568.52,9429128.22,0.0,51.44,28163370.738165606
2025-07-17,0.0,0.0,0.0,6834600.0,9099100.0,7745300.0,0.0,0.0,0.0,0.0,9115989.48,9607739.690000001,9493414.21,0.0,51.44,28217194.81816561
2025-07-18,0.0,0.0,0.0,6834600.0,9099100.0,7745300.0,0.0,0.0,0.0,0.0,9176133.96,9647775.73,9578612.51,0.0,51.44,28402573.63816561
2025-07-21,0.0,0.0,0.0,6834600.0,9099100.0,7745300.0,0.0,0.0,0.0,0.0,9280703.34,9714199.16,9551503.96,0.0,51.44,28546457.89816561
2025-07-22,0.0,0.0,0.0,6834600.0,9099100.0,7745300.0,0.0,0.0,0.0,0.0,9366819.3,9847046.02,9467080.19,0.0,51.44,28680996.948165607
2025-07-23,0.0,0.0,0.0,6834600.0,9099100.0,7745300.0,0.0,0.0,0.0,0.0,9425596.86,9935307.290000001,9441520.700000001,0.0,51.44,28802476.28816561
2025-07-24,0.0,0.0,0.0,6834600.0,9099100.0,7745300.0,0.0,0.0,0.0,0.0,9517863.96,9882532.51,9544533.19,0.0,51.44,28944981.098165605
2025-07-25,0.0,0.0,0.0,6834600.0,9099100.0,7745300.0,0.0,0.0,0.0,0.0,9726319.26,9837946.92,9501934.04,0.0,51.44,29066251.658165608
2025-07-28,0.0,0.0,0.0,6834600.0,9099100.0,7745300.0,0.0,0.0,0.0,0.0,9534267.0,9685991.95,9592554.049999999,0.0,51.44,28812864.43816561
2025-07-29,0.0,0.0,0.0,6834600.0,9099100.0,7745300.0,0.0,0.0,0.0,0.0,9397575.0,9651415.37,9762950.65,0.0,51.44,28811992.458165605
2025-07-30,0.0,0.0,0.0,6834600.0,9099100.0,7745300.0,0.0,0.0,0.0,0.0,9483007.5,9670523.48,9981368.11,0.0,51.44,29134950.52816561
2025-07-31,4911700.0,0.0,0.0,7001300.0,9181700.0,0.0,0.0,9585673.72,0.0,0.0,9593881.39,9593958.33,0.0,0.0,193.43,28773706.873011604
2025-08-01,4911700.0,0.0,0.0,7001300.0,9181700.0,0.0,0.0,9576832.66,0.0,0.0,9462256.95,9457151.0,0.0,0.0,193.43,28496434.043011606
2025-08-04,4911700.0,0.0,0.0,7001300.0,9181700.0,0.0,0.0,9628896.68,0.0,0.0,9370539.92,9540704.469999999,0.0,0.0,193.43,28540334.503011607
2025-08-05,4911700.0,0.0,0.0,7001300.0,9181700.0,0.0,0.0,9676540.17,0.0,0.0,9329232.25,9615076.239999998,0.0,0.0,193.43,28621042.09301161
2025-08-06,4911700.0,0.0,0.0,7001300.0,9181700.0,0.0,0.0,9682434.21,0.0,0.0,9385942.78,9702302.39,0.0,0.0,193.43,28770872.81301161
2025-08-07,4911700.0,0.0,0.0,7001300.0,9181700.0,0.0,0.0,9670154.96,0.0,0.0,9381742.0,9747292.72,0.0,0.0,193.43,28799383.113011606
2025-08-08,4911700.0,0.0,0.0,7001300.0,9181700.0,0.0,0.0,9733024.72,0.0,0.0,9323631.21,9820746.32,0.0,0.0,193.43,28877595.683011606
2025-08-11,4911700.0,0.0,0.0,7001300.0,9181700.0,0.0,0.0,9674084.32,0.0,0.0,9334133.16,9784937.690000001,0.0,0.0,193.43,28793348.603011608
2025-08-12,4911700.0,0.0,0.0,7001300.0,9181700.0,0.0,0.0,9689801.76,0.0,0.0,9380341.74,9713320.43,0.0,0.0,193.43,28783657.363011606
2025-08-13,4911700.0,0.0,0.0,7001300.0,9181700.0,0.0,0.0,9913284.11,0.0,0.0,9375440.83,9763819.78,0.0,0.0,193.43,29052738.153011605
2025-08-14,4911700.0,0.0,0.0,7001300.0,9181700.0,0.0,0.0,9973206.85,0.0,0.0,9262719.9,9862982.14,0.0,0.0,193.43,29099102.323011607
2025-08-15,4911700.0,0.0,0.0,7001300.0,9181700.0,0.0,0.0,9888725.610000001,0.0,0.0,9240315.74,9748210.89,0.0,0.0,193.43,28877445.67301161
2025-08-18,4911700.0,0.0,0.0,7001300.0,9181700.0,0.0,0.0,9920651.66,0.0,0.0,9209510.02,9748210.89,0.0,0.0,193.43,28878566.003011607
2025-08-19,4911700.0,0.0,0.0,7001300.0,9181700.0,0.0,0.0,9983521.42,0.0,0.0,9204609.11,9749129.06,0.0,0.0,193.43,28937453.02301161
2025-08-20,4911700.0,0.0,0.0,7001300.0,9181700.0,0.0,0.0,9917704.64,0.0,0.0,9194107.16,9638030.49,0.0,0.0,193.43,28750035.723011605
2025-08-21,4911700.0,0.0,0.0,7001300.0,9181700.0,0.0,0.0,9861220.09,0.0,0.0,9294225.75,9699547.88,0.0,0.0,193.43,28855187.153011605
2025-08-22,4911700.0,0.0,0.0,7001300.0,9181700.0,0.0,0.0,9754145.03,0.0,0.0,9311729.0,9761983.44,0.0,0.0,193.43,28828050.903011605
2025-08-25,4911700.0,0.0,0.0,7001300.0,9181700.0,0.0,0.0,9804735.54,0.0,0.0,9366339.14,9894199.92,0.0,0.0,193.43,29065468.033011608
2025-08-26,4911700.0,0.0,0.0,7001300.0,9181700.0,0.0,0.0,9763968.43,0.0,0.0,9349536.02,9906136.129999999,0.0,0.0,193.43,29019834.013011605
2025-08-27,4911700.0,0.0,0.0,7001300.0,9181700.0,0.0,0.0,9631843.700000001,0.0,0.0,9272521.72,9874918.35,0.0,0.0,193.43,28779477.20301161
2025-08-28,4911700.0,0.0,0.0,7001300.0,9181700.0,0.0,0.0,9603847.01,0.0,0.0,9183605.21,9881345.540000001,0.0,0.0,193.43,28668991.193011604
2025-08-29,4893100.0,0.0,5573900.0,0.0,8839400.0,0.0,0.0,9570414.29,0.0,9525237.71,0.0,9570418.38,0.0,0.0,36379.23,28702449.61433561
2025-09-01,4893100.0,0.0,5573900.0,0.0,8839400.0,0.0,0.0,9612005.639999999,0.0,9557008.94,0.0,9796707.020000001,0.0,0.0,36379.23,29002100.83433561
2025-09-02,4893100.0,0.0,5573900.0,0.0,8839400.0,0.0,0.0,9599283.58,0.0,9570943.69,0.0,10013272.32,0.0,0.0,36379.23,29219878.82433561
2025-09-03,4893100.0,0.0,5573900.0,0.0,8839400.0,0.0,0.0,9602708.75,0.0,9587108.0,0.0,9960235.92,0.0,0.0,36379.23,29186431.90433561
2025-09-04,4893100.0,0.0,5573900.0,0.0,8839400.0,0.0,0.0,9621791.84,0.0,9557008.94,0.0,10008852.620000001,0.0,0.0,36379.23,29224032.63433561
2025-09-05,4893100.0,0.0,5573900.0,0.0,8839400.0,0.0,0.0,9606133.92,0.0,9551435.040000001,0.0,9938137.42,0.0,0.0,36379.23,29132085.61433561
2025-09-08,4893100.0,0.0,5573900.0,0.0,8839400.0,0.0,0.0,9672680.08,0.0,9543074.19,0.0,9983218.36,0.0,0.0,36379.23,29235351.864335608
2025-09-09,4893100.0,0.0,5573900.0,0.0,8839400.0,0.0,0.0,9663383.190000001,0.0,9536385.51,0.0,10042442.340000002,0.0,0.0,36379.23,29278590.274335615
2025-09-10,4893100.0,0.0,5573900.0,0.0,8839400.0,0.0,0.0,9625706.32,0.0,9531926.39,0.0,9946976.82,0.0,0.0,36379.23,29140988.76433561
2025-09-11,4893100.0,0.0,5573900.0,0.0,8839400.0,0.0,0.0,9660447.33,0.0,9570943.69,0.0,9977030.780000001,0.0,0.0,36379.23,29244801.03433561
2025-09-12,4893100.0,0.0,5573900.0,0.0,8839400.0,0.0,0.0,9698124.2,0.0,9635600.93,0.0,10118461.18,0.0,0.0,36379.23,29488565.544335607
2025-09-15,4893100.0,0.0,5573900.0,0.0,8839400.0,0.0,0.0,9585582.9,0.0,9665699.99,0.0,10207739.120000001,0.0,0.0,36379.23,29495401.24433561
2025-09-16,4893100.0,0.0,5573900.0,0.0,8839400.0,0.0,0.0,9569924.98,0.0,9680192.129999999,0.0,10266079.16,0.0,0.0,36379.23,29552575.50433561
2025-09-17,4893100.0,0.0,5573900.0,0.0,8839400.0,0.0,0.0,9485274.35,0.0,9649535.68,0.0,10188292.440000001,0.0,0.0,36379.23,29359481.70433561
2025-09-18,4893100.0,0.0,5573900.0,0.0,8839400.0,0.0,0.0,9429003.700000001,0.0,9555894.16,0.0,10064540.84,0.0,0.0,36379.23,29085817.934335608
2025-09-19,4893100.0,0.0,5573900.0,0.0,8839400.0,0.0,0.0,9438300.59,0.0,9555336.77,0.0,10095478.739999998,0.0,0.0,36379.23,29125495.334335607
2025-09-22,4893100.0,0.0,5573900.0,0.0,8839400.0,0.0,0.0,9520504.67,0.0,9575960.2,0.0,10323535.26,0.0,0.0,36379.23,29456379.364335604
2025-09-23,4893100.0,0.0,5573900.0,0.0,8839400.0,0.0,0.0,9282210.7,0.0,9548090.700000001,0.0,10460545.96,0.0,0.0,36379.23,29327226.59433561
2025-09-24,4893100.0,0.0,5573900.0,0.0,8839400.0,0.0,0.0,9181902.15,0.0,9556451.549999999,0.0,10551591.78,0.0,0.0,36379.23,29326324.714335606
2025-09-25,4893100.0,0.0,5573900.0,0.0,8839400.0,0.0,0.0,9304229.65,0.0,9707504.24,0.0,10544520.26,0.0,0.0,36379.23,29592633.384335607
2025-09-26,4893100.0,0.0,5573900.0,0.0,8839400.0,0.0,0.0,9267042.09,0.0,9729242.450000001,0.0,10672691.56,0.0,0.0,36379.23,29705355.33433561
2025-09-29,4893100.0,0.0,5573900.0,0.0,8839400.0,0.0,0.0,9229365.22,0.0,9674060.84,0.0,10970579.340000002,0.0,0.0,36379.23,29910384.634335615
2025-09-30,0.0,3175000.0,0.0,0.0,8013100.0,0.0,10215400.0,0.0,10003704.275,0.0,0.0,10024388.1,0.0,10024372.02,171.4,30052635.790702105
2025-10-09,0.0,3175000.0,0.0,0.0,8013100.0,0.0,10215400.0,0.0,10457018.075000001,0.0,0.0,10286416.47,0.0,10280778.56,171.4,31024384.50070211
2025-10-10,0.0,3175000.0,0.0,0.0,8013100.0,0.0,10215400.0,0.0,10298042.65,0.0,0.0,10286416.47,0.0,10327769.399999999,171.4,30912399.915702105
2025-10-13,0.0,3175000.0,0.0,0.0,8013100.0,0.0,10215400.0,0.0,10630744.55,0.0,0.0,10312859.7,0.0,10522883.540000001,171.4,31466659.185702104
2025-10-14,0.0,3175000.0,0.0,0.0,8013100.0,0.0,10215400.0,0.0,10791637.675,0.0,0.0,10699091.12,0.0,10617886.760000002,171.4,32108786.95070211
2025-10-15,0.0,3175000.0,0.0,0.0,8013100.0,0.0,10215400.0,0.0,11001092.424999999,0.0,0.0,10674250.51,0.0,10781333.159999998,171.4,32456847.490702104
2025-10-16,0.0,3175000.0,0.0,0.0,8013100.0,0.0,10215400.0,0.0,11105518.174999999,0.0,0.0,10948298.530000001,0.0,11025481.219999999,171.4,33079469.320702102
2025-10-17,0.0,3175000.0,0.0,0.0,8013100.0,0.0,10215400.0,0.0,11438220.075,0.0,0.0,11144619.48,0.0,10931499.540000001,171.4,33514510.490702104
2025-10-20,0.0,3175000.0,0.0,0.0,8013100.0,0.0,10215400.0,0.0,11175533.275,0.0,0.0,10797652.25,0.0,11158281.42,171.4,33131638.340702105
2025-10-21,0.0,3175000.0,0.0,0.0,8013100.0,0.0,10215400.0,0.0,11322643.725000001,0.0,0.0,10864962.290000001,0.0,10639339.100000001,171.4,32827116.510702107
2025-10-22,0.0,3175000.0,0.0,0.0,8013100.0,0.0,10215400.0,0.0,10882757.0,0.0,0.0,10366547.47,0.0,10549443.58,171.4,31798919.445702102
2025-10-23,0.0,3175000.0,0.0,0.0,8013100.0,0.0,10215400.0,0.0,10795234.95,0.0,0.0,10391388.08,0.0,10581111.32,171.4,31767905.745702107
2025-10-24,0.0,3175000.0,0.0,0.0,8013100.0,0.0,10215400.0,0.0,10730852.299999999,0.0,0.0,10485942.66,0.0,10539228.18,171.4,31756194.535702106
2025-10-27,0.0,3175000.0,0.0,0.0,8013100.0,0.0,10215400.0,0.0,10675102.475,0.0,0.0,10470717.77,0.0,10282821.639999999,171.4,31428813.280702103
2025-10-28,0.0,3175000.0,0.0,0.0,8013100.0,0.0,10215400.0,0.0,10283653.549999999,0.0,0.0,10196669.75,0.0,10180667.64,171.4,30661162.335702103
2025-10-29,0.0,3175000.0,0.0,0.0,8013100.0,0.0,10215400.0,0.0,10469606.95,0.0,0.0,10268787.65,0.0,10177603.02,171.4,30916169.015702106
2025-10-30,0.0,3175000.0,0.0,0.0,8013100.0,0.0,10215400.0,0.0,10400668.175,0.0,0.0,10343309.48,0.0,10330834.020000001,171.4,31074983.07070211
2025-10-31,0.0,3136500.0,5669700.0,0.0,7987500.0,0.0,0.0,0.0,10439774.3835,10268960.639999999,0.0,10439662.5,0.0,0.0,161644.69,31310042.212629654
2025-11-03,0.0,3136500.0,5669700.0,0.0,7987500.0,0.0,0.0,0.0,10422363.672,10286536.71,0.0,10421291.25,0.0,0.0,161644.69,31291836.321129654
2025-11-04,0.0,3136500.0,5669700.0,0.0,7987500.0,0.0,0.0,0.0,10382448.572999999,10232674.56,0.0,10390140.0,0.0,0.0,161644.69,31166907.822129656
2025-11-05,0.0,3136500.0,5669700.0,0.0,7987500.0,0.0,0.0,0.0,10308662.4105,10157267.55,0.0,10250358.75,0.0,0.0,161644.69,30877933.399629656
2025-11-06,0.0,3136500.0,5669700.0,0.0,7987500.0,0.0,0.0,0.0,10398912.0615,10207160.91,0.0,10382152.5,0.0,0.0,161644.69,31149870.160629656
2025-11-07,0.0,3136500.0,5669700.0,0.0,7987500.0,0.0,0.0,0.0,10399266.486000001,10218500.31,0.0,10429278.75,0.0,0.0,161644.69,31208690.235129658
2025-11-10,0.0,3136500.0,5669700.0,0.0,7987500.0,0.0,0.0,0.0,10588532.3055,10249683.66,0.0,10545896.25,0.0,0.0,161644.69,31545756.904629655
2025-11-11,0.0,3136500.0,5669700.0,0.0,7987500.0,0.0,0.0,0.0,10724499.5805,10283134.89,0.0,10833446.25,0.0,0.0,161644.69,32002725.409629654
2025-11-12,0.0,3136500.0,5669700.0,0.0,7987500.0,0.0,0.0,0.0,10702233.567,10300710.959999999,0.0,10927698.75,0.0,0.0,161644.69,32092287.966129653
2025-11-13,0.0,3136500.0,5669700.0,0.0,7987500.0,0.0,0.0,0.0,10863782.136,10382354.639999999,0.0,11303910.0,0.0,0.0,161644.69,32711691.465129655
2025-11-14,0.0,3136500.0,5669700.0,0.0,7987500.0,0.0,0.0,0.0,10738237.4505,10347202.5,0.0,11361420.0,0.0,0.0,161644.69,32608504.639629655
2025-11-17,0.0,3136500.0,5669700.0,0.0,7987500.0,0.0,0.0,0.0,10549090.818,10238911.23,0.0,10957252.5,0.0,0.0,161644.69,31906899.237129655
2025-11-18,0.0,3136500.0,5669700.0,0.0,7987500.0,0.0,0.0,0.0,10385290.242,10168606.950000001,0.0,10844628.75,0.0,0.0,161644.69,31560170.631129656
2025-11-19,0.0,3136500.0,5669700.0,0.0,7987500.0,0.0,0.0,0.0,10592794.809,10186183.02,0.0,10917315.0,0.0,0.0,161644.69,31857937.518129654
2025-11-20,0.0,3136500.0,5669700.0,0.0,7987500.0,0.0,0.0,0.0,10532037.6675,10221335.16,0.0,11067480.0,0.0,0.0,161644.69,31982497.516629655
2025-11-21,0.0,3136500.0,5669700.0,0.0,7987500.0,0.0,0.0,0.0,10469382.9435,10172575.74,0.0,10881371.25,0.0,0.0,161644.69,31684974.622629654
2025-11-24,0.0,3136500.0,5669700.0,0.0,7987500.0,0.0,0.0,0.0,10486439.2305,10184482.11,0.0,10759162.5,0.0,0.0,161644.69,31591728.52962965
2025-11-25,0.0,3136500.0,5669700.0,0.0,7987500.0,0.0,0.0,0.0,10661964.0435,10219067.28,0.0,10962045.0,0.0,0.0,161644.69,32004721.012629654
2025-11-26,0.0,3136500.0,5669700.0,0.0,7987500.0,0.0,0.0,0.0,10657582.353,10243446.99,0.0,11054700.0,0.0,0.0,161644.69,32117374.032129657
2025-11-27,0.0,3136500.0,5669700.0,0.0,7987500.0,0.0,0.0,0.0,10689204.546,10288804.59,0.0,11242406.25,0.0,0.0,161644.69,32382060.075129654
2025-11-28,0.0,3172700.0,0.0,0.0,7597300.0,0.0,10336300.0,0.0,10860256.7991,0.0,0.0,10874775.22,0.0,10874821.23,296.71,32610149.95996828
2025-12-01,0.0,3172700.0,0.0,0.0,7597300.0,0.0,10336300.0,0.0,10977906.8605,0.0,0.0,11384554.049999999,0.0,10924435.469999999,296.71,33287193.091368273
2025-12-02,0.0,3172700.0,0.0,0.0,7597300.0,0.0,10336300.0,0.0,10936931.44,0.0,0.0,11707439.299999999,0.0,10858283.15,296.71,33502950.600868277
2025-12-03,0.0,3172700.0,0.0,0.0,7597300.0,0.0,10336300.0,0.0,10881583.6885,0.0,0.0,11824437.72,0.0,10854148.63,296.71,33560466.74936828
2025-12-04,0.0,3172700.0,0.0,0.0,7597300.0,0.0,10336300.0,0.0,10872836.5546,0.0,0.0,11827476.64,0.0,10854148.63,296.71,33554758.53546828
2025-12-05,0.0,3172700.0,0.0,0.0,7597300.0,0.0,10336300.0,0.0,10954663.6603,0.0,0.0,11671731.99,0.0,10841745.07,296.71,33468437.431168277
2025-12-08,0.0,3172700.0,0.0,0.0,7597300.0,0.0,10336300.0,0.0,10926750.2457,0.0,0.0,11894332.88,0.0,10816937.95,296.71,33638317.78656828
2025-12-09,0.0,3172700.0,0.0,0.0,7597300.0,0.0,10336300.0,0.0,10846839.4508,0.0,0.0,11847989.350000001,0.0,10863451.299999999,296.71,33558576.81166828
2025-12-10,0.0,3172700.0,0.0,0.0,7597300.0,0.0,10336300.0,0.0,10889969.1346,0.0,0.0,12214179.209999999,0.0,10889292.05,296.71,33993737.10546828
2025-12-11,0.0,3172700.0,0.0,0.0,7597300.0,0.0,10336300.0,0.0,10906743.1995,0.0,0.0,12480084.71,0.0,10986453.27,296.71,34373577.890368275
2025-12-12,0.0,3172700.0,0.0,0.0,7597300.0,0.0,10336300.0,0.0,11042122.3085,0.0,0.0,12806768.61,0.0,11029865.729999999,296.71,34879053.35936827
2025-12-15,0.0,3172700.0,0.0,0.0,7597300.0,0.0,10336300.0,0.0,11185410.9586,0.0,0.0,12770301.57,0.0,11056740.110000001,296.71,35012749.349468276
2025-12-16,0.0,3172700.0,0.0,0.0,7597300.0,0.0,10336300.0,0.0,11048949.9589,0.0,0.0,12811326.99,0.0,11038134.770000001,296.71,34898708.42976828
2025-12-17,0.0,3172700.0,0.0,0.0,7597300.0,0.0,10336300.0,0.0,11138086.9654,0.0,0.0,13040005.719999999,0.0,11116690.649999999,296.71,35295080.04626828
2025-12-18,0.0,3172700.0,0.0,0.0,7597300.0,0.0,10336300.0,0.0,11170315.252,0.0,0.0,13381884.22,0.0,11108421.61,296.71,35660917.79286828
2025-12-19,0.0,3172700.0,0.0,0.0,7597300.0,0.0,10336300.0,0.0,11169715.6117,0.0,0.0,13251210.66,0.0,11109455.24,296.71,35530678.22256828
2025-12-22,0.0,3172700.0,0.0,0.0,7597300.0,0.0,10336300.0,0.0,11366676.8277,0.0,0.0,13665263.51,0.0,11321349.389999999,296.71,36353586.43856828
2025-12-23,0.0,3172700.0,0.0,0.0,7597300.0,0.0,10336300.0,0.0,11527932.4779,0.0,0.0,14075517.71,0.0,11427813.28,296.71,37031560.17876828
2025-12-24,0.0,3172700.0,0.0,0.0,7597300.0,0.0,10336300.0,0.0,11537279.2521,0.0,0.0,14646074.94,0.0,11405073.42,296.71,37588724.322968274
2025-12-25,0.0,3172700.0,0.0,0.0,7597300.0,0.0,10336300.0,0.0,11482765.9207,0.0,0.0,14791183.370000001,0.0,11398871.64,296.71,37673117.64156828
2025-12-26,0.0,3172700.0,0.0,0.0,7597300.0,0.0,10336300.0,0.0,11528773.2434,0.0,0.0,15561549.589999998,0.0,11468124.85,296.71,38558744.394268274
2025-12-29,0.0,3172700.0,0.0,0.0,7597300.0,0.0,10336300.0,0.0,11493908.4431,0.0,0.0,16180729.54,0.0,11138396.879999999,296.71,38813331.57396827
2025-12-30,0.0,3172700.0,0.0,0.0,7597300.0,0.0,10336300.0,0.0,11240641.3202,0.0,0.0,15285007.87,0.0,11144598.66,296.71,37670544.561068274
2025-12-31,0.0,3564600.0,6266300.0,0.0,6177100.0,0.0,0.0,0.0,12538794.184799999,12552025.53,0.0,12551867.2,0.0,0.0,4.79,37642691.70078912
2026-01-05,0.0,3564600.0,6266300.0,0.0,6177100.0,0.0,0.0,0.0,12777715.0644,12795157.97,0.0,12661201.870000001,0.0,0.0,4.79,38234079.69038912
2026-01-06,0.0,3564600.0,6266300.0,0.0,6177100.0,0.0,0.0,0.0,12898993.4502,13121632.2,0.0,13168959.49,0.0,0.0,4.79,39189589.92618912
2026-01-07,0.0,3564600.0,6266300.0,0.0,6177100.0,0.0,0.0,0.0,12856054.2786,13347845.63,0.0,13650155.58,0.0,0.0,4.79,39854060.274589114
2026-01-08,0.0,3564600.0,6266300.0,0.0,6177100.0,0.0,0.0,0.0,12811232.9982,13085287.66,0.0,13164017.81,0.0,0.0,4.79,39060543.25418911
2026-01-09,0.0,3564600.0,6266300.0,0.0,6177100.0,0.0,0.0,0.0,12904379.5608,12895418.77,0.0,12771771.96,0.0,0.0,4.79,38571575.07678911
2026-01-12,0.0,3564600.0,6266300.0,0.0,6177100.0,0.0,0.0,0.0,13163761.2444,13245704.94,0.0,13820643.540000001,0.0,0.0,4.79,40230114.51038911
2026-01-13,0.0,3564600.0,6266300.0,0.0,6177100.0,0.0,0.0,0.0,13180586.156399999,13333433.14,0.0,14687290.67,0.0,0.0,4.79,41201314.75238911
2026-01-14,0.0,3564600.0,6266300.0,0.0,6177100.0,0.0,0.0,0.0,13346956.7322,13493223.790000001,0.0,15532317.95,0.0,0.0,4.79,42372503.25818912
2026-01-15,0.0,3564600.0,6266300.0,0.0,6177100.0,0.0,0.0,0.0,13298902.3596,13591604.700000001,0.0,15878853.260000002,0.0,0.0,4.79,42769365.105589114
2026-01-16,0.0,3564600.0,6266300.0,0.0,6177100.0,0.0,0.0,0.0,13277635.956,13382936.91,0.0,15728132.02,0.0,0.0,4.79,42388709.67198911
2026-01-19,0.0,3564600.0,6266300.0,0.0,6177100.0,0.0,0.0,0.0,13445218.4958,13130405.020000001,0.0,15516875.2,0.0,0.0,4.79,42092503.501789115
2026-01-20,0.0,3564600.0,6266300.0,0.0,6177100.0,0.0,0.0,0.0,13582648.084199999,13214373.44,0.0,16119142.450000001,0.0,0.0,4.79,42916168.760189116
2026-01-21,0.0,3564600.0,6266300.0,0.0,6177100.0,0.0,0.0,0.0,13985790.0858,13160483.26,0.0,16048105.799999999,0.0,0.0,4.79,43194383.93178911
2026-01-22,0.0,3564600.0,6266300.0,0.0,6177100.0,0.0,0.0,0.0,13932755.967,13228785.93,0.0,16016602.590000002,0.0,0.0,4.79,43178149.27298912
2026-01-23,0.0,3564600.0,6266300.0,0.0,6177100.0,0.0,0.0,0.0,14274112.7568,13313380.98,0.0,16785033.83,0.0,0.0,4.79,44372532.35278911
2026-01-26,0.0,3564600.0,6266300.0,0.0,6177100.0,0.0,0.0,0.0,14712383.8914,13602884.04,0.0,18342280.74,0.0,0.0,4.79,46657553.45738911
2026-01-27,0.0,3564600.0,6266300.0,0.0,6177100.0,0.0,0.0,0.0,14708345.1996,13547113.97,0.0,19697536.48,0.0,0.0,4.79,47953000.43558911
2026-01-28,0.0,3564600.0,6266300.0,0.0,6177100.0,0.0,0.0,0.0,15232091.877600001,13613536.75,0.0,19732128.24,0.0,0.0,4.79,48577761.65358911
2026-01-29,0.0,3564600.0,6266300.0,0.0,6177100.0,0.0,0.0,0.0,15979278.377400002,13995781.049999999,0.0,20430758.25,0.0,0.0,4.79,50405822.46338911
2026-01-30,0.0,3912800.0,0.0,0.0,5001900.0,0.0,13861200.0,0.0,16425237.921600001,0.0,0.0,16425239.219999999,0.0,16403344.08,113.07,49253934.29538399
2026-02-02,0.0,3912800.0,0.0,0.0,5001900.0,0.0,13861200.0,0.0,14534737.2992,0.0,0.0,11251273.86,0.0,15789292.92,113.07,41575417.15298399
2026-02-03,0.0,3912800.0,0.0,0.0,5001900.0,0.0,13861200.0,0.0,15489221.818400001,0.0,0.0,11623415.219999999,0.0,16601559.24,113.07,43714309.352184
2026-02-04,0.0,3912800.0,0.0,0.0,5001900.0,0.0,13861200.0,0.0,16087031.140800001,0.0,0.0,12558770.520000001,0.0,16586311.920000002,113.07,45232226.654584
2026-02-05,0.0,3912800.0,0.0,0.0,5001900.0,0.0,13861200.0,0.0,15596342.544,0.0,0.0,12041073.870000001,0.0,16224534.600000001,113.07,43862064.08778399
2026-02-06,0.0,3912800.0,0.0,0.0,5001900.0,0.0,13861200.0,0.0,15431449.3264,0.0,0.0,10399950.48,0.0,16615420.440000001,113.07,42446933.32018399
2026-02-09,0.0,3912800.0,0.0,0.0,5001900.0,0.0,13861200.0,0.0,15744093.7848,0.0,0.0,10882133.64,0.0,16978583.880000003,113.07,43604924.378584
2026-02-10,0.0,3912800.0,0.0,0.0,5001900.0,0.0,13861200.0,0.0,15753551.0224,0.0,0.0,11261277.66,0.0,16816407.84,113.07,43831349.59618399
2026-02-11,0.0,3912800.0,0.0,0.0,5001900.0,0.0,13861200.0,0.0,15842352.0184,0.0,0.0,11312297.040000001,0.0,16977197.76,113.07,44131959.892184
2026-02-12,0.0,3912800.0,0.0,0.0,5001900.0,0.0,13861200.0,0.0,15835113.3384,0.0,0.0,11637420.54,0.0,16501758.599999998,113.07,43974405.552183986
2026-02-13,0.0,3912800.0,0.0,0.0,5001900.0,0.0,13861200.0,0.0,15642885.3,0.0,0.0,11057200.139999999,0.0,16797002.16,113.07,43497200.67378399
2026-02-24,0.0,3912800.0,0.0,0.0,5001900.0,0.0,13861200.0,0.0,16186467.1272,0.0,0.0,12321680.46,0.0,17171254.56,113.07,45679515.220984
2026-02-25,0.0,3912800.0,0.0,0.0,5001900.0,0.0,13861200.0,0.0,16157211.1216,0.0,0.0,12615291.99,0.0,17147690.52,113.07,45920306.70538399
2026-02-26,0.0,3912800.0,0.0,0.0,5001900.0,0.0,13861200.0,0.0,16141106.0368,0.0,0.0,12832374.450000001,0.0,17215610.4,113.07,46189203.96058399
2026-02-27,6793000.0,0.0,0.0,0.0,0.0,12131900.0,12225600.0,13273522.0,0.0,0.0,0.0,0.0,15355345.83,15355353.6,2052138.15,46036359.58486779
2026-03-02,6793000.0,0.0,0.0,0.0,0.0,12131900.0,12225600.0,13252463.700000001,0.0,0.0,0.0,0.0,16363506.72,15539960.159999998,2052138.15,47208068.73486779
2026-03-03,6793000.0,0.0,0.0,0.0,0.0,12131900.0,12225600.0,13344169.2,0.0,0.0,0.0,0.0,16904589.46,14911564.32,2052138.15,47212461.134867795
2026-03-04,6793000.0,0.0,0.0,0.0,0.0,12131900.0,12225600.0,13306128.4,0.0,0.0,0.0,0.0,16945837.92,15014259.36,2052138.15,47318363.83486779
2026-03-05,6793000.0,0.0,0.0,0.0,0.0,12131900.0,12225600.0,13315638.6,0.0,0.0,0.0,0.0,17462656.86,14822317.44,2052138.15,47652751.05486779
2026-03-06,6793000.0,0.0,0.0,0.0,0.0,12131900.0,12225600.0,13571055.4,0.0,0.0,0.0,0.0,18662501.77,15009369.120000001,2052138.15,49295064.4448678
2026-03-09,6793000.0,0.0,0.0,0.0,0.0,12131900.0,12225600.0,14089361.3,0.0,0.0,0.0,0.0,19876904.96,15002033.760000002,2052138.15,51020438.1748678
2026-03-10,6793000.0,0.0,0.0,0.0,0.0,12131900.0,12225600.0,13876740.4,0.0,0.0,0.0,0.0,18876023.21,15131625.120000001,2052138.15,49936526.884867795
2026-03-11,6793000.0,0.0,0.0,0.0,0.0,12131900.0,12225600.0,14180387.5,0.0,0.0,0.0,0.0,19090757.84,15066829.44,2052138.15,50390112.93486779
2026-03-12,6793000.0,0.0,0.0,0.0,0.0,12131900.0,12225600.0,14369912.200000001,0.0,0.0,0.0,0.0,20654559.75,14835765.6,2052138.15,51912375.704867795
2026-03-13,6793000.0,0.0,0.0,0.0,0.0,12131900.0,12225600.0,14621932.499999998,0.0,0.0,0.0,0.0,21080389.44,14668274.879999999,2052138.15,52422734.97486778
2026-03-16,6793000.0,0.0,0.0,0.0,0.0,12131900.0,12225600.0,14401160.0,0.0,0.0,0.0,0.0,21036714.6,14643823.68,2052138.15,52133836.43486779
2026-03-17,6793000.0,0.0,0.0,0.0,0.0,12131900.0,12225600.0,14226579.9,0.0,0.0,0.0,0.0,21167739.119999997,14597366.399999999,2052138.15,52043823.574867785
2026-03-18,6793000.0,0.0,0.0,0.0,0.0,12131900.0,12225600.0,14259186.299999999,0.0,0.0,0.0,0.0,21531696.12,14195144.16,2052138.15,52038164.73486779
2026-03-19,6793000.0,0.0,0.0,0.0,0.0,12131900.0,12225600.0,14264620.7,0.0,0.0,0.0,0.0,21703969.099999998,13669443.360000001,2052138.15,51690171.31486779
2026-03-20,6793000.0,0.0,0.0,0.0,0.0,12131900.0,12225600.0,14168160.100000001,0.0,0.0,0.0,0.0,21895653.12,13313678.4,2052138.15,51429629.77486779
2026-03-23,6793000.0,0.0,0.0,0.0,0.0,12131900.0,12225600.0,14088002.700000001,0.0,0.0,0.0,0.0,20783157.89,13012928.64,2052138.15,49936227.384867795
2026-03-24,6793000.0,0.0,0.0,0.0,0.0,12131900.0,12225600.0,13946029.0,0.0,0.0,0.0,0.0,20830472.3,13014151.2,2052138.15,49842790.65486779
2026-03-25,6793000.0,0.0,0.0,0.0,0.0,12131900.0,12225600.0,13801338.1,0.0,0.0,0.0,0.0,20425266.84,13369916.159999998,2052138.15,49648659.254867785
2026-03-26,6793000.0,0.0,0.0,0.0,0.0,12131900.0,12225600.0,13839378.9,0.0,0.0,0.0,0.0,21236890.95,12945687.84,2052138.15,50074095.84486779
2026-03-27,6793000.0,0.0,0.0,0.0,0.0,12131900.0,12225600.0,13768052.4,0.0,0.0,0.0,0.0,21814369.39,13355245.440000001,2052138.15,50989805.384867795
2026-03-30,6793000.0,0.0,0.0,0.0,0.0,12131900.0,12225600.0,13771448.899999999,0.0,0.0,0.0,0.0,22373649.98,13379696.64,2052138.15,51576933.67486779
2026-03-31,8529800.0,0.0,0.0,10090400.0,0.0,9446200.0,0.0,17185841.040000003,0.0,0.0,17208168.16,0.0,17208142.54,0.0,125.94,51602277.677168794
2026-04-01,8529800.0,0.0,0.0,10090400.0,0.0,9446200.0,0.0,17083483.44,0.0,0.0,16764190.56,0.0,16373098.46,0.0,125.94,50220898.39716879
2026-04-02,8529800.0,0.0,0.0,10090400.0,0.0,9446200.0,0.0,16956389.42,0.0,0.0,16834823.36,0.0,17257262.78,0.0,125.94,51048601.497168794
2026-04-03,8529800.0,0.0,0.0,10090400.0,0.0,9446200.0,0.0,16912887.439999998,0.0,0.0,17259629.2,0.0,17241204.24,0.0,125.94,51413846.81716879
2026-04-07,8529800.0,0.0,0.0,10090400.0,0.0,9446200.0,0.0,16847207.98,0.0,0.0,17782311.919999998,0.0,17567098.14,0.0,125.94,52196743.97716879
2026-04-08,8529800.0,0.0,0.0,10090400.0,0.0,9446200.0,0.0,16889004.0,0.0,0.0,17002324.0,0.0,15891342.26,0.0,125.94,49782796.19716879
2026-04-09,8529800.0,0.0,0.0,10090400.0,0.0,9446200.0,0.0,16933358.96,0.0,0.0,16566418.719999999,0.0,16261633.3,0.0,125.94,49761536.917168796
2026-04-10,8529800.0,0.0,0.0,10090400.0,0.0,9446200.0,0.0,17003303.32,0.0,0.0,16390845.76,0.0,16145445.040000001,0.0,125.94,49539720.05716879
2026-04-13,8529800.0,0.0,0.0,10090400.0,0.0,9446200.0,0.0,17010127.16,0.0,0.0,16208209.520000001,0.0,16702770.84,0.0,125.94,49921233.45716879
2026-04-14,8529800.0,0.0,0.0,10090400.0,0.0,9446200.0,0.0,16976007.96,0.0,0.0,16253616.32,0.0,16161503.58,0.0,125.94,49391253.79716879
2026-04-15,8529800.0,0.0,0.0,10090400.0,0.0,9446200.0,0.0,16936770.88,0.0,0.0,16385800.559999999,0.0,16110494.1,0.0,125.94,49433191.47716879
2026-04-16,8529800.0,0.0,0.0,10090400.0,0.0,9446200.0,0.0,16999891.400000002,0.0,0.0,16611825.520000001,0.0,16379710.8,0.0,125.94,49991553.65716879
2026-04-17,8529800.0,0.0,0.0,10090400.0,0.0,9446200.0,0.0,16936770.88,0.0,0.0,16755109.200000001,0.0,15364244.3,0.0,125.94,49056250.31716879
2026-04-20,8529800.0,0.0,0.0,10090400.0,0.0,9446200.0,0.0,16858296.72,0.0,0.0,16468541.840000002,0.0,15932905.540000001,0.0,125.94,49259870.03716879
2026-04-21,8529800.0,0.0,0.0,10090400.0,0.0,9446200.0,0.0,16949565.580000002,0.0,0.0,16370664.96,0.0,16420329.459999999,0.0,125.94,49740685.93716879
2026-04-22,8529800.0,0.0,0.0,10090400.0,0.0,9446200.0,0.0,17183282.1,0.0,0.0,16533120.4,0.0,16698992.360000001,0.0,125.94,50415520.79716879
2026-04-23,8529800.0,0.0,0.0,10090400.0,0.0,9446200.0,0.0,17115043.7,0.0,0.0,16770244.799999999,0.0,17144853.0,0.0,125.94,51030267.43716879
2026-04-24,8529800.0,0.0,0.0,10090400.0,0.0,9446200.0,0.0,17029745.7,0.0,0.0,16842895.68,0.0,17200585.58,0.0,125.94,51073352.897168785
2026-04-27,8529800.0,0.0,0.0,10090400.0,0.0,9446200.0,0.0,17019509.94,0.0,0.0,16998287.84,0.0,17445242.16,0.0,125.94,51463165.87716879
2026-04-28,8529800.0,0.0,0.0,10090400.0,0.0,9446200.0,0.0,17104807.94,0.0,0.0,17250547.84,0.0,17830647.12,0.0,125.94,52186128.8371688
2026-04-29,8529800.0,0.0,0.0,10090400.0,0.0,9446200.0,0.0,17208018.52,0.0,0.0,17418048.48,0.0,18711977.580000002,0.0,125.94,53338170.51716879
2026-04-30,8801100.0,0.0,8327300.0,0.0,0.0,8977400.0,0.0,17796704.31,0.0,17402391.54,0.0,0.0,17796797.759999998,0.0,379602.54,53375496.146451786
2026-05-06,8801100.0,0.0,8327300.0,0.0,0.0,8977400.0,0.0,17744777.82,0.0,17717163.48,0.0,0.0,16656667.959999999,0.0,379602.54,52498211.79645179
2026-05-07,8801100.0,0.0,8327300.0,0.0,0.0,8977400.0,0.0,17633883.96,0.0,17763796.36,0.0,0.0,16347845.4,0.0,379602.54,52125128.25645179
2026-05-08,8801100.0,0.0,8327300.0,0.0,0.0,8977400.0,0.0,17604840.330000002,0.0,17840407.52,0.0,0.0,16501358.940000001,0.0,379602.54,52326209.3264518
2026-05-11,8801100.0,0.0,8327300.0,0.0,0.0,8977400.0,0.0,17793183.87,0.0,17899531.35,0.0,0.0,16987036.28,0.0,379602.54,53059354.036451794
2026-05-12,8801100.0,0.0,8327300.0,0.0,0.0,8977400.0,0.0,17864472.779999997,0.0,18171834.06,0.0,0.0,17493361.64,0.0,379602.54,53909271.01645179
2026-05-13,8801100.0,0.0,8327300.0,0.0,0.0,8977400.0,0.0,17964805.32,0.0,18330052.76,0.0,0.0,17319200.080000002,0.0,379602.54,53993660.69645179
2026-05-14,8801100.0,0.0,8327300.0,0.0,0.0,8977400.0,0.0,17958644.55,0.0,18304238.130000003,0.0,0.0,17247380.88,0.0,379602.54,53889866.0964518
2026-05-15,8801100.0,0.0,8327300.0,0.0,0.0,8977400.0,0.0,17647085.61,0.0,18011117.17,0.0,0.0,17698046.36,0.0,379602.54,53735851.676451795
2026-05-18,8801100.0,0.0,8327300.0,0.0,0.0,8977400.0,0.0,17536191.75,0.0,17728821.7,0.0,0.0,17952106.78,0.0,379602.54,53596722.7664518
2026-05-19,8801100.0,0.0,8327300.0,0.0,0.0,8977400.0,0.0,17759739.69,0.0,17802934.67,0.0,0.0,18118188.680000003,0.0,379602.54,54060465.5764518
2026-05-20,8801100.0,0.0,8327300.0,0.0,0.0,8977400.0,0.0,17837189.37,0.0,17721327.13,0.0,0.0,17427826.62,0.0,379602.54,53365945.6564518
2026-05-21,8801100.0,0.0,8327300.0,0.0,0.0,8977400.0,0.0,17695491.66,0.0,17919516.87,0.0,0.0,17543635.08,0.0,379602.54,53538246.14645179
2026-05-22,8801100.0,0.0,8327300.0,0.0,0.0,8977400.0,0.0,17602200.0,0.0,17884542.21,0.0,0.0,17231221.56,0.0,379602.54,53097566.30645179
2026-05-25,8801100.0,0.0,8327300.0,0.0,0.0,8977400.0,0.0,17596919.34,0.0,17981138.89,0.0,0.0,17103742.48,0.0,379602.54,53061403.2464518
2026-05-26,8801100.0,0.0,8327300.0,0.0,0.0,8977400.0,0.0,17491306.14,0.0,17951993.34,0.0,0.0,16694373.04,0.0,379602.54,52517275.0564518
2026-05-27,8801100.0,0.0,8327300.0,0.0,0.0,8977400.0,0.0,17508908.34,0.0,17966982.48,0.0,0.0,16185354.459999999,0.0,379602.54,52040847.816451795
2026-05-28,8801100.0,0.0,8327300.0,0.0,0.0,8977400.0,0.0,17544992.85,0.0,17808763.779999997,0.0,0.0,16192536.38,0.0,379602.54,51925895.54645179
2026-05-29,0.0,0.0,8024000.0,0.0,0.0,0.0,0.0,0.0,0.0,17274869.599999998,0.0,0.0,0.0,0.0,34549434.38,51824303.98452178
2026-06-01,0.0,0.0,8024000.0,0.0,0.0,0.0,0.0,0.0,0.0,17245180.8,0.0,0.0,0.0,0.0,34549434.38,51794615.18452178
2026-06-02,0.0,0.0,8024000.0,0.0,0.0,0.0,0.0,0.0,0.0,17459421.599999998,0.0,0.0,0.0,0.0,34549434.38,52008855.98452178
2026-06-03,0.0,0.0,8024000.0,0.0,0.0,0.0,0.0,0.0,0.0,17589410.4,0.0,0.0,0.0,0.0,34549434.38,52138844.78452178
2026-06-04,0.0,0.0,8024000.0,0.0,0.0,0.0,0.0,0.0,0.0,17365540.8,0.0,0.0,0.0,0.0,34549434.38,51914975.18452178
2026-06-05,0.0,0.0,8024000.0,0.0,0.0,0.0,0.0,0.0,0.0,17282091.2,0.0,0.0,0.0,0.0,34549434.38,51831525.584521785
2026-06-08,0.0,0.0,8024000.0,0.0,0.0,0.0,0.0,0.0,0.0,17009275.2,0.0,0.0,0.0,0.0,34549434.38,51558709.584521785
2026-06-09,0.0,0.0,8024000.0,0.0,0.0,0.0,0.0,0.0,0.0,16997239.2,0.0,0.0,0.0,0.0,34549434.38,51546673.584521785
2026-06-10,0.0,0.0,8024000.0,0.0,0.0,0.0,0.0,0.0,0.0,16961131.2,0.0,0.0,0.0,0.0,34549434.38,51510565.584521785
2026-06-11,0.0,0.0,8024000.0,0.0,0.0,0.0,0.0,0.0,0.0,16831142.4,0.0,0.0,0.0,0.0,34549434.38,51380576.78452178
2026-06-12,0.0,0.0,8024000.0,0.0,0.0,0.0,0.0,0.0,0.0,16955514.400000002,0.0,0.0,0.0,0.0,34549434.38,51504948.78452179
2026-06-15,0.0,0.0,8024000.0,0.0,0.0,0.0,0.0,0.0,0.0,17136054.400000002,0.0,0.0,0.0,0.0,34549434.38,51685488.78452179
2026-06-16,0.0,0.0,8024000.0,0.0,0.0,0.0,0.0,0.0,0.0,17083898.400000002,0.0,0.0,0.0,0.0,34549434.38,51633332.78452179
2026-06-17,0.0,0.0,8024000.0,0.0,0.0,0.0,0.0,0.0,0.0,17116796.8,0.0,0.0,0.0,0.0,34549434.38,51666231.18452178
2026-06-18,0.0,0.0,8024000.0,0.0,0.0,0.0,0.0,0.0,0.0,17087108.0,0.0,0.0,0.0,0.0,34549434.38,51636542.38452178
2026-06-22,0.0,0.0,8024000.0,0.0,0.0,0.0,0.0,0.0,0.0,17044580.8,0.0,0.0,0.0,0.0,34549434.38,51594015.18452178
2026-06-23,0.0,0.0,8024000.0,0.0,0.0,0.0,0.0,0.0,0.0,16925023.200000003,0.0,0.0,0.0,0.0,34549434.38,51474457.584521785
2026-06-24,0.0,0.0,8024000.0,0.0,0.0,0.0,0.0,0.0,0.0,16701153.6,0.0,0.0,0.0,0.0,34549434.38,51250587.984521784
2026-06-25,0.0,0.0,8024000.0,0.0,0.0,0.0,0.0,0.0,0.0,16387415.2,0.0,0.0,0.0,0.0,34549434.38,50936849.584521785
2026-06-26,0.0,0.0,8024000.0,0.0,0.0,0.0,0.0,0.0,0.0,16413092.0,0.0,0.0,0.0,0.0,34549434.38,50962526.38452178
2026-06-29,0.0,0.0,8024000.0,0.0,0.0,0.0,0.0,0.0,0.0,16532649.6,0.0,0.0,0.0,0.0,34549434.38,51082083.984521784
2026-06-30,8609700.0,0.0,0.0,0.0,0.0,0.0,0.0,16992103.92,0.0,0.0,0.0,0.0,0.0,0.0,33970238.46,50962342.38198578
2026-07-01,8609700.0,0.0,0.0,0.0,0.0,0.0,0.0,17004157.5,0.0,0.0,0.0,0.0,0.0,0.0,33970238.46,50974395.96198578
2026-07-02,8609700.0,0.0,0.0,0.0,0.0,0.0,0.0,17159132.1,0.0,0.0,0.0,0.0,0.0,0.0,33970238.46,51129370.56198578
2026-07-03,8609700.0,0.0,0.0,0.0,0.0,0.0,0.0,17110917.78,0.0,0.0,0.0,0.0,0.0,0.0,33970238.46,51081156.24198578
2026-07-06,8609700.0,0.0,0.0,0.0,0.0,0.0,0.0,17314967.669999998,0.0,0.0,0.0,0.0,0.0,0.0,33970238.46,51285206.13198578
2026-07-07,8609700.0,0.0,0.0,0.0,0.0,0.0,0.0,17501798.16,0.0,0.0,0.0,0.0,0.0,0.0,33970238.46,51472036.62198578
2026-07-08,8609700.0,0.0,0.0,0.0,0.0,0.0,0.0,17546568.599999998,0.0,0.0,0.0,0.0,0.0,0.0,33970238.46,51516807.061985776
2026-07-09,8609700.0,0.0,0.0,0.0,0.0,0.0,0.0,17568092.85,0.0,0.0,0.0,0.0,0.0,0.0,33970238.46,51538331.31198578
2026-07-10,8609700.0,0.0,0.0,0.0,0.0,0.0,0.0,17562066.06,0.0,0.0,0.0,0.0,0.0,0.0,33970238.46,51532304.521985784
2026-07-13,8609700.0,0.0,0.0,0.0,0.0,0.0,0.0,17651606.939999998,0.0,0.0,0.0,0.0,0.0,0.0,33970238.46,51621845.40198578
2026-07-14,8609700.0,0.0,0.0,0.0,0.0,0.0,0.0,17598226.8,0.0,0.0,0.0,0.0,0.0,0.0,33970238.46,51568465.26198578
2026-07-15,8609700.0,0.0,0.0,0.0,0.0,0.0,0.0,17644719.18,0.0,0.0,0.0,0.0,0.0,0.0,33970238.46,51614957.64198578
2026-07-16,8609700.0,0.0,0.0,0.0,0.0,0.0,0.0,17728233.27,0.0,0.0,0.0,0.0,0.0,0.0,33970238.46,51698471.73198578
2026-07-17,8609700.0,0.0,0.0,0.0,0.0,0.0,0.0,17690350.59,0.0,0.0,0.0,0.0,0.0,0.0,33970238.46,51660589.051985785
2026-07-20,8609700.0,0.0,0.0,0.0,0.0,0.0,0.0,17842742.28,0.0,0.0,0.0,0.0,0.0,0.0,33970238.46,51812980.74198578
2026-07-21,8609700.0,0.0,0.0,0.0,0.0,0.0,0.0,18081230.97,0.0,0.0,0.0,0.0,0.0,0.0,33970238.46,52051469.43198578
2026-07-22,8609700.0,0.0,0.0,0.0,0.0,0.0,0.0,18113947.83,0.0,0.0,0.0,0.0,0.0,0.0,33970238.46,52084186.29198578
2026-07-23,8609700.0,0.0,0.0,0.0,0.0,0.0,0.0,18337800.03,0.0,0.0,0.0,0.0,0.0,0.0,33970238.46,52308038.49198578
2026-07-24,8609700.0,0.0,0.0,0.0,0.0,0.0,0.0,18374821.74,0.0,0.0,0.0,0.0,0.0,0.0,33970238.46,52345060.20198578
2026-07-27,8609700.0,0.0,0.0,0.0,0.0,0.0,0.0,18299056.38,0.0,0.0,0.0,0.0,0.0,0.0,33970238.46,52269294.84198578
2026-07-28,8609700.0,0.0,0.0,0.0,0.0,0.0,0.0,17989107.18,0.0,0.0,0.0,0.0,0.0,0.0,33970238.46,51959345.64198578
2026-07-29,8609700.0,0.0,0.0,0.0,0.0,0.0,0.0,17921090.55,0.0,0.0,0.0,0.0,0.0,0.0,33970238.46,51891329.01198578
2026-07-30,8609700.0,0.0,0.0,0.0,0.0,0.0,0.0,17753201.4,0.0,0.0,0.0,0.0,0.0,0.0,33970238.46,51723439.86198578
2026-07-31,8370700.0,0.0,0.0,11217000.0,0.0,9922300.0,0.0,17231085.95,0.0,0.0,16707721.5,0.0,17231066.18,0.0,491724.75,51661598.381231785
2026-08-03,8370700.0,0.0,0.0,11217000.0,0.0,9922300.0,0.0,17177513.47,0.0,0.0,16724547.000000002,0.0,16540474.1,0.0,491724.75,50934259.32123178
2026-08-04,8370700.0,0.0,0.0,11217000.0,0.0,9922300.0,0.0,17221878.18,0.0,0.0,16862516.1,0.0,15989786.45,0.0,491724.75,50565905.48123179
2026-08-05,8370700.0,0.0,0.0,11217000.0,0.0,9922300.0,0.0,17151564.3,0.0,0.0,16504693.8,0.0,15832021.879999999,0.0,491724.75,49980004.73123179
2026-08-06,8370700.0,0.0,0.0,11217000.0,0.0,9922300.0,0.0,17180861.75,0.0,0.0,16222025.399999999,0.0,16229906.11,0.0,491724.75,50124518.01123178
2026-08-07,8370700.0,0.0,0.0,11217000.0,0.0,9922300.0,0.0,17306422.25,0.0,0.0,16429539.899999999,0.0,16364849.39,0.0,491724.75,50592536.29123178
2026-08-10,8370700.0,0.0,0.0,11217000.0,0.0,9922300.0,0.0,17317304.16,0.0,0.0,16482259.8,0.0,17108029.66,0.0,491724.75,51399318.37123179
2026-08-11,8370700.0,0.0,0.0,11217000.0,0.0,9922300.0,0.0,17279636.009999998,0.0,0.0,16676313.899999999,0.0,17313421.27,0.0,491724.75,51761095.931231774
2026-08-12,8370700.0,0.0,0.0,11217000.0,0.0,9922300.0,0.0,17235271.3,0.0,0.0,16753711.200000001,0.0,17409667.58,0.0,491724.75,51890374.83123178
2026-08-13,8370700.0,0.0,0.0,11217000.0,0.0,9922300.0,0.0,17362505.939999998,0.0,0.0,16805309.4,0.0,17255871.93,0.0,491724.75,51915412.02123178
2026-08-14,8370700.0,0.0,0.0,11217000.0,0.0,9922300.0,0.0,17362505.939999998,0.0,0.0,16887193.5,0.0,17293576.669999998,0.0,491724.75,52035000.86123178
2026-08-17,8370700.0,0.0,0.0,11217000.0,0.0,9922300.0,0.0,17472999.18,0.0,0.0,17253989.4,0.0,17578346.68,0.0,491724.75,52797060.01123178
2026-08-18,8370700.0,0.0,0.0,11217000.0,0.0,9922300.0,0.0,17715749.48,0.0,0.0,17492911.5,0.0,17969285.3,0.0,491724.75,53669671.03123178
2026-08-19,8370700.0,0.0,0.0,11217000.0,0.0,9922300.0,0.0,17870607.43,0.0,0.0,17643219.3,0.0,17986153.21,0.0,491724.75,53991704.69123179
2026-08-20,8370700.0,0.0,0.0,11217000.0,0.0,9922300.0,0.0,17969381.69,0.0,0.0,17511980.4,0.0,18198490.43,0.0,491724.75,54171577.271231785
2026-08-21,8370700.0,0.0,0.0,11217000.0,0.0,9922300.0,0.0,17859725.52,0.0,0.0,17676870.3,0.0,18297713.43,0.0,491724.75,54326034.00123178
2026-08-24,8370700.0,0.0,0.0,11217000.0,0.0,9922300.0,0.0,17838798.77,0.0,0.0,17632002.3,0.0,17998059.970000003,0.0,491724.75,53960585.79123179
2026-08-25,8370700.0,0.0,0.0,11217000.0,0.0,9922300.0,0.0,17772670.240000002,0.0,0.0,17925887.7,0.0,17457294.62,0.0,491724.75,53647577.311231785
2026-08-26,8370700.0,0.0,0.0,11217000.0,0.0,9922300.0,0.0,17981937.740000002,0.0,0.0,17269693.2,0.0,17426535.49,0.0,491724.75,53169891.181231774
2026-08-27,8370700.0,0.0,0.0,11217000.0,0.0,9922300.0,0.0,18301698.48,0.0,0.0,17126115.599999998,0.0,17571401.07,0.0,491724.75,53490939.90123178
2026-08-28,8370700.0,0.0,0.0,11217000.0,0.0,9922300.0,0.0,18412191.720000003,0.0,0.0,17292127.2,0.0,17625973.72,0.0,491724.75,53822017.39123178
2026-08-31,0.0,5269800.0,0.0,0.0,9674100.0,10078300.0,0.0,0.0,18214215.262199998,0.0,0.0,18214395.48,18188308.009999998,0.0,9.58,54616928.334473126
2026-09-01,0.0,5269800.0,0.0,0.0,9674100.0,10078300.0,0.0,0.0,18136406.665200002,0.0,0.0,17780995.8,18902859.48,0.0,9.58,54820271.52747314
2026-09-02,0.0,5269800.0,0.0,0.0,9674100.0,10078300.0,0.0,0.0,17749160.682,0.0,0.0,17176364.55,19181020.56,0.0,9.58,54106555.37427312
2026-09-03,0.0,5269800.0,0.0,0.0,9674100.0,10078300.0,0.0,0.0,18127253.0226,0.0,0.0,17462717.91,19192106.69,0.0,9.58,54782087.20487313
2026-09-04,0.0,5269800.0,0.0,0.0,9674100.0,10078300.0,0.0,0.0,18287244.1506,0.0,0.0,17836138.169999998,19190091.029999997,0.0,9.58,55313482.93287313
2026-09-07,0.0,5269800.0,0.0,0.0,9674100.0,10078300.0,0.0,0.0,17976810.7722,0.0,0.0,17519795.099999998,19398711.84,0.0,9.58,54895327.29447313
2026-09-08,0.0,5269800.0,0.0,0.0,9674100.0,10078300.0,0.0,0.0,18013030.1076,0.0,0.0,17721983.79,19670825.94,0.0,9.58,55405849.41987312
2026-09-09,0.0,5269800.0,0.0,0.0,9674100.0,10078300.0,0.0,0.0,18017008.8066,0.0,0.0,17655232.5,20134427.74,0.0,9.58,55806678.628873125
2026-09-10,0.0,5269800.0,0.0,0.0,9674100.0,10078300.0,0.0,0.0,18040090.5306,0.0,0.0,17966738.52,20912472.5,0.0,9.58,56919311.132873125
2026-09-11,8245500.0,0.0,0.0,10438900.0,0.0,8961400.0,0.0,18563094.150000002,0.0,0.0,18594812.57,0.0,18594905.0,0.0,108.27,55752919.99410634
